freq_hz,psd,condicao
0.0,6.943397304438257e-07,sadio
4.8828125,5.515942758388181e-07,sadio
9.765625,3.089061429105094e-07,sadio
14.6484375,2.584433738994788e-07,sadio
19.53125,5.179787505127799e-07,sadio
24.4140625,0.004613086354229469,sadio
29.296875,0.01706100673744673,sadio
34.1796875,0.003932891054587865,sadio
39.0625,4.639660171510879e-07,sadio
43.9453125,4.346732064443698e-07,sadio
48.828125,5.076772653781613e-07,sadio
53.7109375,0.000453682186304526,sadio
58.59375,0.001541433635653568,sadio
63.4765625,0.00033200501909441563,sadio
68.359375,2.452620099394993e-07,sadio
73.2421875,3.2463553665258714e-07,sadio
78.125,4.4828115044104114e-07,sadio
83.0078125,5.5367722210082835e-05,sadio
87.890625,0.00016861988717023653,sadio
92.7734375,3.289048517832153e-05,sadio
97.65625,3.539215484381757e-07,sadio
102.5390625,3.948071834390069e-07,sadio
107.421875,2.2330681024219163e-07,sadio
112.3046875,1.972951298613668e-07,sadio
117.1875,2.2968394842857745e-07,sadio
122.0703125,2.4969090885964036e-07,sadio
126.953125,2.3134933132358408e-07,sadio
131.8359375,2.3650110599315422e-07,sadio
136.71875,2.3549164752419123e-07,sadio
141.6015625,1.868794929961512e-07,sadio
146.484375,2.418800108788601e-07,sadio
151.3671875,2.3596672246210066e-07,sadio
156.25,1.9214418256558103e-07,sadio
161.1328125,2.1742232036103545e-07,sadio
166.015625,2.468545562503735e-07,sadio
170.8984375,2.663559229554443e-07,sadio
175.78125,2.3632018695151867e-07,sadio
180.6640625,3.0703661066372063e-07,sadio
185.546875,3.9326975575976016e-07,sadio
190.4296875,2.7986245751098595e-07,sadio
195.3125,2.6541176557350593e-07,sadio
200.1953125,3.4147007683987225e-07,sadio
205.078125,2.524231232026766e-07,sadio
209.9609375,1.8673874233455745e-07,sadio
214.84375,2.923032002764825e-07,sadio
219.7265625,2.6611527403168196e-07,sadio
224.609375,2.08796560419533e-07,sadio
229.4921875,2.4447104306062256e-07,sadio
234.375,2.2257933307833783e-07,sadio
239.2578125,2.3874324083465793e-07,sadio
244.140625,2.162613846964912e-07,sadio
249.0234375,1.9821782967128848e-07,sadio
253.90625,2.905946063851915e-07,sadio
258.7890625,2.2578584260693631e-07,sadio
263.671875,2.475545284212795e-07,sadio
268.5546875,2.3993108146894143e-07,sadio
273.4375,2.2516420487964434e-07,sadio
278.3203125,2.1262953518401087e-07,sadio
283.203125,2.5975912667505805e-07,sadio
288.0859375,2.7213131465595787e-07,sadio
292.96875,3.064286342429382e-07,sadio
297.8515625,4.0820154153716706e-07,sadio
302.734375,3.257572529984207e-07,sadio
307.6171875,1.5342530422992448e-07,sadio
312.5,1.2637996643115288e-07,sadio
317.3828125,1.6945287509068155e-07,sadio
322.265625,2.3323638047639532e-07,sadio
327.1484375,2.1183726236190763e-07,sadio
332.03125,1.3224168680836404e-07,sadio
336.9140625,1.8275175731295632e-07,sadio
341.796875,3.0092218919346473e-07,sadio
346.6796875,2.3622290957728146e-07,sadio
351.5625,1.760152562053808e-07,sadio
356.4453125,2.3713908415492664e-07,sadio
361.328125,2.3141423285271538e-07,sadio
366.2109375,1.6791898220654946e-07,sadio
371.09375,1.8989357923268683e-07,sadio
375.9765625,2.3220394484923607e-07,sadio
380.859375,2.2767219495871222e-07,sadio
385.7421875,2.67712776929162e-07,sadio
390.625,2.9284575665461643e-07,sadio
395.5078125,1.9394341246172384e-07,sadio
400.390625,2.3593388062730422e-07,sadio
405.2734375,1.9951883010536277e-07,sadio
410.15625,2.3715896986994009e-07,sadio
415.0390625,2.7021129902421284e-07,sadio
419.921875,1.9340014655092164e-07,sadio
424.8046875,1.552823148651762e-07,sadio
429.6875,2.0443499913954673e-07,sadio
434.5703125,1.2489328483707502e-07,sadio
439.453125,2.418342943883222e-07,sadio
444.3359375,2.0540033984559758e-07,sadio
449.21875,2.35159504957381e-07,sadio
454.1015625,2.5597145903724185e-07,sadio
458.984375,2.0387489588299948e-07,sadio
463.8671875,2.6071765264122906e-07,sadio
468.75,1.506035775446631e-07,sadio
473.6328125,1.725570300779706e-07,sadio
478.515625,1.6911236510424822e-07,sadio
483.3984375,2.8613155699888437e-07,sadio
488.28125,1.962446445390863e-07,sadio
493.1640625,2.2616783128878324e-07,sadio
498.046875,2.8349728205206394e-07,sadio
502.9296875,2.5131826243329843e-07,sadio
507.8125,2.5030700822286646e-07,sadio
512.6953125,2.541401791290789e-07,sadio
517.578125,2.83182249126034e-07,sadio
522.4609375,3.431381090593135e-07,sadio
527.34375,2.438188535493164e-07,sadio
532.2265625,2.3345557494641137e-07,sadio
537.109375,2.7533522438171573e-07,sadio
541.9921875,2.984013305221998e-07,sadio
546.875,2.311763431293229e-07,sadio
551.7578125,2.16911750663816e-07,sadio
556.640625,2.402226073452409e-07,sadio
561.5234375,2.2475352036155742e-07,sadio
566.40625,2.9582533322610606e-07,sadio
571.2890625,1.2359641475427255e-07,sadio
576.171875,1.5873267305556563e-07,sadio
581.0546875,2.2987729678820273e-07,sadio
585.9375,1.6463725066673648e-07,sadio
590.8203125,1.5270712383040457e-07,sadio
595.703125,1.7629074843020453e-07,sadio
600.5859375,2.417651874412736e-07,sadio
605.46875,2.507084551473155e-07,sadio
610.3515625,2.0573221587617736e-07,sadio
615.234375,2.905550373269514e-07,sadio
620.1171875,3.1679616565204156e-07,sadio
625.0,3.3057828907382705e-07,sadio
629.8828125,2.4522319000468155e-07,sadio
634.765625,2.2738869677168842e-07,sadio
639.6484375,2.4845870178697475e-07,sadio
644.53125,2.6914920787920843e-07,sadio
649.4140625,2.587267472498728e-07,sadio
654.296875,3.24071461125811e-07,sadio
659.1796875,2.7066584504828553e-07,sadio
664.0625,2.9254690336485695e-07,sadio
668.9453125,2.8871574694055045e-07,sadio
673.828125,2.2471890281074577e-07,sadio
678.7109375,2.3444089243848644e-07,sadio
683.59375,2.4244281339975665e-07,sadio
688.4765625,2.4072321787951224e-07,sadio
693.359375,3.2132995657684614e-07,sadio
698.2421875,3.242566686514996e-07,sadio
703.125,2.5358038406966167e-07,sadio
708.0078125,2.2724158090156371e-07,sadio
712.890625,2.360770486815164e-07,sadio
717.7734375,3.286147316544658e-07,sadio
722.65625,2.7414700803660665e-07,sadio
727.5390625,1.5833353476449623e-07,sadio
732.421875,1.9485701881666493e-07,sadio
737.3046875,2.1821737725444398e-07,sadio
742.1875,1.603707941321039e-07,sadio
747.0703125,1.6075187812169173e-07,sadio
751.953125,2.114502791375705e-07,sadio
756.8359375,2.1071942294107742e-07,sadio
761.71875,2.2157029775471947e-07,sadio
766.6015625,2.4546800791625286e-07,sadio
771.484375,2.2552697268326904e-07,sadio
776.3671875,2.5614837447833423e-07,sadio
781.25,1.4966908569882114e-07,sadio
786.1328125,1.4159616644125653e-07,sadio
791.015625,2.1085263503710151e-07,sadio
795.8984375,2.578929529963032e-07,sadio
800.78125,2.3102657389509956e-07,sadio
805.6640625,3.5462606122335195e-07,sadio
810.546875,4.152353813269142e-07,sadio
815.4296875,2.106813584961676e-07,sadio
820.3125,2.3085165297645804e-07,sadio
825.1953125,1.974586865912982e-07,sadio
830.078125,1.9071535327475288e-07,sadio
834.9609375,2.4743844165730197e-07,sadio
839.84375,2.3916929200515665e-07,sadio
844.7265625,1.6368122891674927e-07,sadio
849.609375,2.201136249920791e-07,sadio
854.4921875,2.8191426271040126e-07,sadio
859.375,2.0842589842670575e-07,sadio
864.2578125,2.4737130456494206e-07,sadio
869.140625,2.8867790028999694e-07,sadio
874.0234375,1.7618527021916076e-07,sadio
878.90625,2.0721374598151027e-07,sadio
883.7890625,2.4866396922894025e-07,sadio
888.671875,2.0366744639207082e-07,sadio
893.5546875,2.0779863522806007e-07,sadio
898.4375,2.3505412151725403e-07,sadio
903.3203125,2.399710999563485e-07,sadio
908.203125,2.7489429787624676e-07,sadio
913.0859375,2.4695202490764626e-07,sadio
917.96875,2.1434284287155424e-07,sadio
922.8515625,2.7399325232861233e-07,sadio
927.734375,2.2903574850148099e-07,sadio
932.6171875,2.1191825362511968e-07,sadio
937.5,3.1717746518316643e-07,sadio
942.3828125,3.4674249479890796e-07,sadio
947.265625,3.1436785651742657e-07,sadio
952.1484375,2.6666607419343616e-07,sadio
957.03125,2.2787175131368218e-07,sadio
961.9140625,2.4360931243201755e-07,sadio
966.796875,1.7143505553007773e-07,sadio
971.6796875,2.1583220283975835e-07,sadio
976.5625,2.33316476810742e-07,sadio
981.4453125,1.8765049220442995e-07,sadio
986.328125,1.801663577721822e-07,sadio
991.2109375,2.7592590495314026e-07,sadio
996.09375,2.3041348789108285e-07,sadio
1000.9765625,3.158012188979492e-07,sadio
1005.859375,2.6645909883204113e-07,sadio
1010.7421875,3.077095930352443e-07,sadio
1015.625,3.014780643536285e-07,sadio
1020.5078125,2.6438590916733177e-07,sadio
1025.390625,1.9331320112915767e-07,sadio
1030.2734375,1.242755376822038e-07,sadio
1035.15625,2.0582326143225216e-07,sadio
1040.0390625,2.2100897363139583e-07,sadio
1044.921875,2.544917412871688e-07,sadio
1049.8046875,2.824243648217846e-07,sadio
1054.6875,2.564093341013783e-07,sadio
1059.5703125,2.2833076668987271e-07,sadio
1064.453125,2.8128120630506005e-07,sadio
1069.3359375,2.2303906236919877e-07,sadio
1074.21875,2.2988553946310454e-07,sadio
1079.1015625,2.487421358936147e-07,sadio
1083.984375,1.7118790748398374e-07,sadio
1088.8671875,1.8859663308009903e-07,sadio
1093.75,2.6649523720208966e-07,sadio
1098.6328125,2.721969217549851e-07,sadio
1103.515625,2.64406256790683e-07,sadio
1108.3984375,1.4475831989992758e-07,sadio
1113.28125,1.9460678089722718e-07,sadio
1118.1640625,2.3838263480784528e-07,sadio
1123.046875,3.9712631037873735e-07,sadio
1127.9296875,2.950920146331339e-07,sadio
1132.8125,3.030248527413743e-07,sadio
1137.6953125,2.913792748375778e-07,sadio
1142.578125,2.973763981369643e-07,sadio
1147.4609375,1.72021030801693e-07,sadio
1152.34375,2.0420292395545158e-07,sadio
1157.2265625,1.7904997021384003e-07,sadio
1162.109375,2.8696145029049576e-07,sadio
1166.9921875,2.729553946323675e-07,sadio
1171.875,2.1158630752704029e-07,sadio
1176.7578125,1.384286840753981e-07,sadio
1181.640625,1.5678945220601566e-07,sadio
1186.5234375,1.796947159336297e-07,sadio
1191.40625,2.614768968164721e-07,sadio
1196.2890625,2.895301588805332e-07,sadio
1201.171875,2.1731968934370408e-07,sadio
1206.0546875,2.20334881811985e-07,sadio
1210.9375,2.651778780121772e-07,sadio
1215.8203125,2.2872656759847888e-07,sadio
1220.703125,2.6117439159032807e-07,sadio
1225.5859375,2.3118641085638776e-07,sadio
1230.46875,2.540366547232573e-07,sadio
1235.3515625,1.8914422548817459e-07,sadio
1240.234375,2.6792879801837985e-07,sadio
1245.1171875,2.989878249934338e-07,sadio
1250.0,3.1322257573087717e-07,sadio
1254.8828125,2.8792689225264453e-07,sadio
1259.765625,3.4113149152814854e-07,sadio
1264.6484375,3.7981440156718865e-07,sadio
1269.53125,3.521478136712486e-07,sadio
1274.4140625,4.436018711272529e-07,sadio
1279.296875,3.278068318955044e-07,sadio
1284.1796875,2.4522596428011803e-07,sadio
1289.0625,3.364027205212306e-07,sadio
1293.9453125,2.7329509331035905e-07,sadio
1298.828125,2.7983554048119536e-07,sadio
1303.7109375,2.422766236412404e-07,sadio
1308.59375,3.035680803912037e-07,sadio
1313.4765625,2.421864698927079e-07,sadio
1318.359375,3.2750174456062793e-07,sadio
1323.2421875,3.8371807507880313e-07,sadio
1328.125,2.802966049543818e-07,sadio
1333.0078125,2.261731505108724e-07,sadio
1337.890625,2.803461308973459e-07,sadio
1342.7734375,2.6175925022757516e-07,sadio
1347.65625,3.2661040814283e-07,sadio
1352.5390625,3.211956855636786e-07,sadio
1357.421875,3.4899170684985335e-07,sadio
1362.3046875,3.216740560150279e-07,sadio
1367.1875,2.681516149124441e-07,sadio
1372.0703125,2.4171047720907446e-07,sadio
1376.953125,1.846394169884087e-07,sadio
1381.8359375,1.9606581640268963e-07,sadio
1386.71875,2.242775555452722e-07,sadio
1391.6015625,2.2840358215921515e-07,sadio
1396.484375,1.8022402378236928e-07,sadio
1401.3671875,2.8568914401637095e-07,sadio
1406.25,1.922981400098374e-07,sadio
1411.1328125,2.5797771770338216e-07,sadio
1416.015625,3.631939910548105e-07,sadio
1420.8984375,2.6727135819001806e-07,sadio
1425.78125,1.7793776738178813e-07,sadio
1430.6640625,1.9475490327720775e-07,sadio
1435.546875,3.0380149894426295e-07,sadio
1440.4296875,3.1527507577572927e-07,sadio
1445.3125,2.7560466132205466e-07,sadio
1450.1953125,2.2649649904733204e-07,sadio
1455.078125,1.833837554022048e-07,sadio
1459.9609375,1.9151623784991748e-07,sadio
1464.84375,2.456413283555925e-07,sadio
1469.7265625,2.729892896870807e-07,sadio
1474.609375,2.749273376509129e-07,sadio
1479.4921875,4.367798121631186e-07,sadio
1484.375,2.2964586562060688e-07,sadio
1489.2578125,2.1964618663685257e-07,sadio
1494.140625,2.7625771461177286e-07,sadio
1499.0234375,2.8532572730288367e-07,sadio
1503.90625,2.032391681309962e-07,sadio
1508.7890625,1.4210062004219556e-07,sadio
1513.671875,2.0294051115606605e-07,sadio
1518.5546875,2.8288264434022996e-07,sadio
1523.4375,2.06783860006305e-07,sadio
1528.3203125,1.907655525230136e-07,sadio
1533.203125,1.80123409514272e-07,sadio
1538.0859375,2.0054547667647943e-07,sadio
1542.96875,2.8800195546633455e-07,sadio
1547.8515625,2.094551598821361e-07,sadio
1552.734375,1.1773383075681084e-07,sadio
1557.6171875,1.6589447059696632e-07,sadio
1562.5,1.9324858910465857e-07,sadio
1567.3828125,1.4686510677965142e-07,sadio
1572.265625,2.3758255331921896e-07,sadio
1577.1484375,2.3508603588092042e-07,sadio
1582.03125,2.53517012447831e-07,sadio
1586.9140625,2.424827621215902e-07,sadio
1591.796875,1.9718722639815673e-07,sadio
1596.6796875,2.02624538496987e-07,sadio
1601.5625,2.308895448755085e-07,sadio
1606.4453125,3.034787901081125e-07,sadio
1611.328125,2.969067904235998e-07,sadio
1616.2109375,2.2974491403133967e-07,sadio
1621.09375,2.0261999057658257e-07,sadio
1625.9765625,1.7190050199355386e-07,sadio
1630.859375,1.4124591059782665e-07,sadio
1635.7421875,2.345034023462781e-07,sadio
1640.625,3.3876729218151385e-07,sadio
1645.5078125,2.867388278274112e-07,sadio
1650.390625,2.115265677899306e-07,sadio
1655.2734375,2.1351525107374886e-07,sadio
1660.15625,2.54502160305088e-07,sadio
1665.0390625,2.400897107048864e-07,sadio
1669.921875,3.3335072804294404e-07,sadio
1674.8046875,3.7307713868499353e-07,sadio
1679.6875,3.2337947731886765e-07,sadio
1684.5703125,3.291365204246225e-07,sadio
1689.453125,2.4404817690851157e-07,sadio
1694.3359375,2.1952442913536415e-07,sadio
1699.21875,2.318142795404295e-07,sadio
1704.1015625,2.974410795976731e-07,sadio
1708.984375,3.6171076138671515e-07,sadio
1713.8671875,3.072290257966955e-07,sadio
1718.75,1.88827355424248e-07,sadio
1723.6328125,2.4580191822790773e-07,sadio
1728.515625,4.471824156164096e-07,sadio
1733.3984375,3.6043041045415944e-07,sadio
1738.28125,2.622478075096935e-07,sadio
1743.1640625,2.7138740757312935e-07,sadio
1748.046875,2.2136091558389669e-07,sadio
1752.9296875,1.9787723838646284e-07,sadio
1757.8125,1.788953171762729e-07,sadio
1762.6953125,2.1069896137411793e-07,sadio
1767.578125,3.758503176089133e-07,sadio
1772.4609375,2.7222447110486676e-07,sadio
1777.34375,2.5119700514661565e-07,sadio
1782.2265625,3.9626697444789003e-07,sadio
1787.109375,3.3547036074818146e-07,sadio
1791.9921875,3.8338249307522216e-07,sadio
1796.875,2.0078880547796324e-07,sadio
1801.7578125,1.3693786238380027e-07,sadio
1806.640625,1.699339377478645e-07,sadio
1811.5234375,1.8877707199771825e-07,sadio
1816.40625,1.9725998806197125e-07,sadio
1821.2890625,2.4813371185088033e-07,sadio
1826.171875,2.3568702404374792e-07,sadio
1831.0546875,3.2618720706386106e-07,sadio
1835.9375,2.7152182551397e-07,sadio
1840.8203125,2.468297167331432e-07,sadio
1845.703125,2.4661473193748984e-07,sadio
1850.5859375,1.9693554240097316e-07,sadio
1855.46875,1.3091444078242467e-07,sadio
1860.3515625,1.6372695406504955e-07,sadio
1865.234375,2.3236037369720166e-07,sadio
1870.1171875,1.8308580981639973e-07,sadio
1875.0,1.9241691226206865e-07,sadio
1879.8828125,2.2765706879430855e-07,sadio
1884.765625,2.1299565139325123e-07,sadio
1889.6484375,1.764007889712915e-07,sadio
1894.53125,1.9110203335468605e-07,sadio
1899.4140625,1.9219924684567338e-07,sadio
1904.296875,3.061873543261711e-07,sadio
1909.1796875,3.1057714995489963e-07,sadio
1914.0625,1.6471717257864446e-07,sadio
1918.9453125,2.7569589208775403e-07,sadio
1923.828125,3.8083498939668903e-07,sadio
1928.7109375,3.87079878478596e-07,sadio
1933.59375,3.495266322831813e-07,sadio
1938.4765625,2.50810404955986e-07,sadio
1943.359375,2.3603662898142037e-07,sadio
1948.2421875,2.981753442431687e-07,sadio
1953.125,2.7487088095197767e-07,sadio
1958.0078125,3.2354128238577453e-07,sadio
1962.890625,3.6662303238601205e-07,sadio
1967.7734375,2.938489363840846e-07,sadio
1972.65625,1.8856603113538345e-07,sadio
1977.5390625,2.8258622417681713e-07,sadio
1982.421875,3.403174342303842e-07,sadio
1987.3046875,3.146575131131125e-07,sadio
1992.1875,2.468513342225028e-07,sadio
1997.0703125,2.7627774986441546e-07,sadio
2001.953125,2.0381016353866264e-07,sadio
2006.8359375,1.8560605292030212e-07,sadio
2011.71875,1.7701020322605548e-07,sadio
2016.6015625,2.152753954090379e-07,sadio
2021.484375,1.7228423614019636e-07,sadio
2026.3671875,2.484588736436712e-07,sadio
2031.25,3.129118313203255e-07,sadio
2036.1328125,3.064716205735765e-07,sadio
2041.015625,2.87826297542839e-07,sadio
2045.8984375,3.308861483771927e-07,sadio
2050.78125,3.8138850688416415e-07,sadio
2055.6640625,2.799920231939978e-07,sadio
2060.546875,3.27434240797877e-07,sadio
2065.4296875,2.3174457433045146e-07,sadio
2070.3125,1.5914204980297998e-07,sadio
2075.1953125,1.703453940693459e-07,sadio
2080.078125,1.4312135136132462e-07,sadio
2084.9609375,1.5574039320568394e-07,sadio
2089.84375,1.934790619061393e-07,sadio
2094.7265625,2.709902657029839e-07,sadio
2099.609375,2.307907530632815e-07,sadio
2104.4921875,1.942348085545386e-07,sadio
2109.375,2.654939568282988e-07,sadio
2114.2578125,2.4144957643237774e-07,sadio
2119.140625,2.8647758372628324e-07,sadio
2124.0234375,2.629955113636294e-07,sadio
2128.90625,2.84035478951075e-07,sadio
2133.7890625,3.8639367121042166e-07,sadio
2138.671875,3.700470879356511e-07,sadio
2143.5546875,2.2360861419630876e-07,sadio
2148.4375,2.957354691870677e-07,sadio
2153.3203125,3.208208782631787e-07,sadio
2158.203125,2.1066167603416333e-07,sadio
2163.0859375,1.5572197736394077e-07,sadio
2167.96875,2.519342429972859e-07,sadio
2172.8515625,3.521789931105659e-07,sadio
2177.734375,2.114492175699325e-07,sadio
2182.6171875,3.198599574087702e-07,sadio
2187.5,2.601421714369399e-07,sadio
2192.3828125,2.306531746186558e-07,sadio
2197.265625,2.561847256194901e-07,sadio
2202.1484375,3.2645408551837883e-07,sadio
2207.03125,2.4312038517097163e-07,sadio
2211.9140625,2.1649554786263639e-07,sadio
2216.796875,3.1102238438580795e-07,sadio
2221.6796875,4.2723118270866344e-07,sadio
2226.5625,3.32190827859204e-07,sadio
2231.4453125,3.860108472981928e-07,sadio
2236.328125,3.419497706077489e-07,sadio
2241.2109375,2.362284463824124e-07,sadio
2246.09375,2.486667215574699e-07,sadio
2250.9765625,3.261414930102615e-07,sadio
2255.859375,2.6115402542306037e-07,sadio
2260.7421875,1.8970721434480644e-07,sadio
2265.625,1.6832105458710916e-07,sadio
2270.5078125,1.9271244356447748e-07,sadio
2275.390625,2.2348957432092672e-07,sadio
2280.2734375,2.8047338056244163e-07,sadio
2285.15625,4.0078760000191954e-07,sadio
2290.0390625,4.1607929689971394e-07,sadio
2294.921875,2.7137601893035335e-07,sadio
2299.8046875,2.6220567799915965e-07,sadio
2304.6875,2.1842881525091807e-07,sadio
2309.5703125,1.8463499436344642e-07,sadio
2314.453125,2.4755790781749903e-07,sadio
2319.3359375,1.9641808469499577e-07,sadio
2324.21875,2.9298606376117016e-07,sadio
2329.1015625,3.2036576444795516e-07,sadio
2333.984375,2.4706416774642964e-07,sadio
2338.8671875,2.2543757697903872e-07,sadio
2343.75,2.9369218487220143e-07,sadio
2348.6328125,2.535047621980206e-07,sadio
2353.515625,2.2173584479831668e-07,sadio
2358.3984375,2.146047037361331e-07,sadio
2363.28125,1.8042677720009072e-07,sadio
2368.1640625,1.7497945507464057e-07,sadio
2373.046875,2.2732569763874153e-07,sadio
2377.9296875,1.6033358961662532e-07,sadio
2382.8125,2.668216603999228e-07,sadio
2387.6953125,2.4127477895925365e-07,sadio
2392.578125,2.4036984830420247e-07,sadio
2397.4609375,2.748507865783984e-07,sadio
2402.34375,3.1866117137944486e-07,sadio
2407.2265625,2.917778408469942e-07,sadio
2412.109375,2.507358601646605e-07,sadio
2416.9921875,2.4969726463146655e-07,sadio
2421.875,2.4875216413120706e-07,sadio
2426.7578125,2.538705197945022e-07,sadio
2431.640625,3.094049867259827e-07,sadio
2436.5234375,2.5775660689706636e-07,sadio
2441.40625,2.5032205766745284e-07,sadio
2446.2890625,1.824269378990262e-07,sadio
2451.171875,3.086697154559373e-07,sadio
2456.0546875,3.2642083180491257e-07,sadio
2460.9375,2.4041162928133246e-07,sadio
2465.8203125,2.886018009866575e-07,sadio
2470.703125,3.747716236128638e-07,sadio
2475.5859375,2.485554861143284e-07,sadio
2480.46875,2.845768659538364e-07,sadio
2485.3515625,4.1879761339232336e-07,sadio
2490.234375,4.099468913520981e-07,sadio
2495.1171875,3.72387613857036e-07,sadio
2500.0,2.4193911793914596e-07,sadio
2504.8828125,2.2433013673519616e-07,sadio
2509.765625,2.7226510596646647e-07,sadio
2514.6484375,3.558646354155609e-07,sadio
2519.53125,2.6196773730781824e-07,sadio
2524.4140625,2.3117814688666327e-07,sadio
2529.296875,2.6971625787792735e-07,sadio
2534.1796875,1.8374872857795412e-07,sadio
2539.0625,2.0076049940824806e-07,sadio
2543.9453125,2.0838000804666434e-07,sadio
2548.828125,2.738066046289605e-07,sadio
2553.7109375,3.042239195917212e-07,sadio
2558.59375,1.937151371632266e-07,sadio
2563.4765625,2.419000845311701e-07,sadio
2568.359375,3.2058434457435034e-07,sadio
2573.2421875,2.3432849446980812e-07,sadio
2578.125,2.340311440028812e-07,sadio
2583.0078125,3.121515295296393e-07,sadio
2587.890625,2.121245028269353e-07,sadio
2592.7734375,3.4247951635681954e-07,sadio
2597.65625,3.585592589934437e-07,sadio
2602.5390625,2.484192464213694e-07,sadio
2607.421875,2.3608347383887547e-07,sadio
2612.3046875,3.01745444771511e-07,sadio
2617.1875,2.4108023109925996e-07,sadio
2622.0703125,2.3429220008926497e-07,sadio
2626.953125,2.1040702973653285e-07,sadio
2631.8359375,2.374170887469072e-07,sadio
2636.71875,1.9484074230444813e-07,sadio
2641.6015625,1.8461124846394897e-07,sadio
2646.484375,2.548865676456133e-07,sadio
2651.3671875,2.5831665660796657e-07,sadio
2656.25,3.249791173863944e-07,sadio
2661.1328125,3.438423881136905e-07,sadio
2666.015625,2.3370933919750318e-07,sadio
2670.8984375,1.7455114665029688e-07,sadio
2675.78125,1.567293608652078e-07,sadio
2680.6640625,2.6175066940389344e-07,sadio
2685.546875,2.3550933635623807e-07,sadio
2690.4296875,1.9648841329430588e-07,sadio
2695.3125,1.70616091960407e-07,sadio
2700.1953125,2.1015037271805528e-07,sadio
2705.078125,2.2943235904039407e-07,sadio
2709.9609375,3.328702500202848e-07,sadio
2714.84375,2.683513350339416e-07,sadio
2719.7265625,2.1946594855250062e-07,sadio
2724.609375,2.429786244819288e-07,sadio
2729.4921875,2.4811129272038436e-07,sadio
2734.375,2.558559603554988e-07,sadio
2739.2578125,2.744300321993646e-07,sadio
2744.140625,3.259264800999569e-07,sadio
2749.0234375,3.408638260421976e-07,sadio
2753.90625,3.3200702675603326e-07,sadio
2758.7890625,3.1436243283712414e-07,sadio
2763.671875,2.1097754811341049e-07,sadio
2768.5546875,1.926643090459768e-07,sadio
2773.4375,2.1086919367012995e-07,sadio
2778.3203125,2.902795440610567e-07,sadio
2783.203125,4.0642011451449247e-07,sadio
2788.0859375,2.539752751337944e-07,sadio
2792.96875,2.377484199746057e-07,sadio
2797.8515625,1.6373915762363038e-07,sadio
2802.734375,1.7529394653163364e-07,sadio
2807.6171875,1.6754997994388269e-07,sadio
2812.5,1.6582476745998957e-07,sadio
2817.3828125,1.722322294070299e-07,sadio
2822.265625,2.47573082468957e-07,sadio
2827.1484375,2.7537740391694675e-07,sadio
2832.03125,2.0808253768649258e-07,sadio
2836.9140625,2.0156972728552124e-07,sadio
2841.796875,2.4578725665341453e-07,sadio
2846.6796875,2.2591199789902532e-07,sadio
2851.5625,1.9808210210397095e-07,sadio
2856.4453125,1.79662938760875e-07,sadio
2861.328125,2.3324504548074655e-07,sadio
2866.2109375,2.9905440544483837e-07,sadio
2871.09375,2.7533298531425e-07,sadio
2875.9765625,1.5929794055903864e-07,sadio
2880.859375,2.1729121216865396e-07,sadio
2885.7421875,2.728654968211091e-07,sadio
2890.625,2.7597747172755567e-07,sadio
2895.5078125,1.8429255074370663e-07,sadio
2900.390625,1.8500928500546004e-07,sadio
2905.2734375,2.49828056105522e-07,sadio
2910.15625,2.1541773129776012e-07,sadio
2915.0390625,1.7162274024444236e-07,sadio
2919.921875,1.5243479746591935e-07,sadio
2924.8046875,2.0197488068240529e-07,sadio
2929.6875,3.024074142371699e-07,sadio
2934.5703125,4.363199070026225e-07,sadio
2939.453125,3.805681261061306e-07,sadio
2944.3359375,2.875127395547069e-07,sadio
2949.21875,2.6827510491880193e-07,sadio
2954.1015625,2.814138585596757e-07,sadio
2958.984375,2.941481985374943e-07,sadio
2963.8671875,3.556281490493003e-07,sadio
2968.75,2.376220698352976e-07,sadio
2973.6328125,2.787511703062131e-07,sadio
2978.515625,3.203417142636179e-07,sadio
2983.3984375,2.5222541987409235e-07,sadio
2988.28125,2.571882277374794e-07,sadio
2993.1640625,2.8615375378751074e-07,sadio
2998.046875,3.4388598635141405e-07,sadio
3002.9296875,1.8389714231786948e-07,sadio
3007.8125,1.5790868309751816e-07,sadio
3012.6953125,2.8063095660270324e-07,sadio
3017.578125,2.3058489662991558e-07,sadio
3022.4609375,1.664168972337886e-07,sadio
3027.34375,1.7483052050629374e-07,sadio
3032.2265625,2.0013768894100815e-07,sadio
3037.109375,1.3667426194768719e-07,sadio
3041.9921875,2.8160613595702536e-07,sadio
3046.875,3.071067917355508e-07,sadio
3051.7578125,2.2799318077498955e-07,sadio
3056.640625,3.2309360950234044e-07,sadio
3061.5234375,2.7576497831819897e-07,sadio
3066.40625,1.823228342811877e-07,sadio
3071.2890625,2.2886715732348574e-07,sadio
3076.171875,2.4521589748542194e-07,sadio
3081.0546875,1.7048544293808591e-07,sadio
3085.9375,1.982947759914446e-07,sadio
3090.8203125,1.737954687782113e-07,sadio
3095.703125,2.0538977447640226e-07,sadio
3100.5859375,2.8333917304872966e-07,sadio
3105.46875,2.928189629562823e-07,sadio
3110.3515625,2.894728885975314e-07,sadio
3115.234375,3.6677970012779713e-07,sadio
3120.1171875,2.6551052502054124e-07,sadio
3125.0,2.9444631572806433e-07,sadio
3129.8828125,2.7491067036843843e-07,sadio
3134.765625,2.035269368489467e-07,sadio
3139.6484375,3.4560765310407107e-07,sadio
3144.53125,3.671113930402446e-07,sadio
3149.4140625,3.2100008138667896e-07,sadio
3154.296875,2.675873799233972e-07,sadio
3159.1796875,2.3655772655170607e-07,sadio
3164.0625,2.567199300211632e-07,sadio
3168.9453125,2.3236197988780245e-07,sadio
3173.828125,3.0477932738692703e-07,sadio
3178.7109375,4.324361108045525e-07,sadio
3183.59375,3.6530118052992675e-07,sadio
3188.4765625,2.9279875295285733e-07,sadio
3193.359375,2.0434027200210358e-07,sadio
3198.2421875,2.1446754521934535e-07,sadio
3203.125,2.4254643632250753e-07,sadio
3208.0078125,1.9362321103958456e-07,sadio
3212.890625,2.2569109026451025e-07,sadio
3217.7734375,2.004138769351399e-07,sadio
3222.65625,1.4791760870478308e-07,sadio
3227.5390625,2.2472227469292987e-07,sadio
3232.421875,2.496895880734679e-07,sadio
3237.3046875,2.7274443386509797e-07,sadio
3242.1875,2.5395047042863714e-07,sadio
3247.0703125,1.9990701789810906e-07,sadio
3251.953125,2.1549589435873256e-07,sadio
3256.8359375,2.1625054188949865e-07,sadio
3261.71875,2.164318287869154e-07,sadio
3266.6015625,2.8335088641882374e-07,sadio
3271.484375,3.3237348858196966e-07,sadio
3276.3671875,3.480203670832267e-07,sadio
3281.25,3.2035933004978775e-07,sadio
3286.1328125,1.9432962792019589e-07,sadio
3291.015625,2.0811800471099662e-07,sadio
3295.8984375,1.9838114628381327e-07,sadio
3300.78125,2.0992327058363926e-07,sadio
3305.6640625,2.0236219337122247e-07,sadio
3310.546875,2.0322974666462025e-07,sadio
3315.4296875,1.884198496800158e-07,sadio
3320.3125,2.6713934224175373e-07,sadio
3325.1953125,2.918267767080446e-07,sadio
3330.078125,2.774350565143955e-07,sadio
3334.9609375,2.6029896084253743e-07,sadio
3339.84375,1.755367981586135e-07,sadio
3344.7265625,1.7420048707800372e-07,sadio
3349.609375,1.6334832712793203e-07,sadio
3354.4921875,2.8498136543469824e-07,sadio
3359.375,2.9672373403911923e-07,sadio
3364.2578125,2.762568108350652e-07,sadio
3369.140625,2.3259106122295348e-07,sadio
3374.0234375,2.9087113982629463e-07,sadio
3378.90625,2.5193847642635165e-07,sadio
3383.7890625,2.422199643505917e-07,sadio
3388.671875,2.672577023750177e-07,sadio
3393.5546875,2.4776433289753314e-07,sadio
3398.4375,2.7158124696930466e-07,sadio
3403.3203125,2.4299806200739407e-07,sadio
3408.203125,2.3682204193368306e-07,sadio
3413.0859375,2.799012873091086e-07,sadio
3417.96875,2.539453541737458e-07,sadio
3422.8515625,1.9388718662394218e-07,sadio
3427.734375,2.2484287605794952e-07,sadio
3432.6171875,2.5089278124156514e-07,sadio
3437.5,2.3699529602912438e-07,sadio
3442.3828125,2.0484489440506875e-07,sadio
3447.265625,2.4405902755379474e-07,sadio
3452.1484375,3.045273417610634e-07,sadio
3457.03125,1.746335352755472e-07,sadio
3461.9140625,1.8453028035603736e-07,sadio
3466.796875,3.1643724197023637e-07,sadio
3471.6796875,2.6620982487017664e-07,sadio
3476.5625,3.0746373270089347e-07,sadio
3481.4453125,3.299177079837616e-07,sadio
3486.328125,2.8330983174178173e-07,sadio
3491.2109375,2.6528551657685273e-07,sadio
3496.09375,2.1185455911273842e-07,sadio
3500.9765625,1.314496359547302e-07,sadio
3505.859375,2.093882070638746e-07,sadio
3510.7421875,1.9014917211331147e-07,sadio
3515.625,2.1522410238640923e-07,sadio
3520.5078125,2.9615368472341154e-07,sadio
3525.390625,3.5114269662957676e-07,sadio
3530.2734375,2.785312844478845e-07,sadio
3535.15625,2.5605980514583674e-07,sadio
3540.0390625,2.007964206763578e-07,sadio
3544.921875,2.2723366708246738e-07,sadio
3549.8046875,2.96332331636032e-07,sadio
3554.6875,2.2761661736788166e-07,sadio
3559.5703125,2.519172970272126e-07,sadio
3564.453125,1.9667188779046347e-07,sadio
3569.3359375,1.6239354641490772e-07,sadio
3574.21875,1.5697157439436242e-07,sadio
3579.1015625,2.4784796543275423e-07,sadio
3583.984375,3.447781484800981e-07,sadio
3588.8671875,2.449844810229148e-07,sadio
3593.75,1.5144544103587653e-07,sadio
3598.6328125,2.547962222104194e-07,sadio
3603.515625,2.7391055213894775e-07,sadio
3608.3984375,2.4939657815673876e-07,sadio
3613.28125,3.118632351746945e-07,sadio
3618.1640625,2.850266838812354e-07,sadio
3623.046875,3.025258242093483e-07,sadio
3627.9296875,2.1638696393587452e-07,sadio
3632.8125,1.8980096694320436e-07,sadio
3637.6953125,2.6759697684885447e-07,sadio
3642.578125,3.39784846718302e-07,sadio
3647.4609375,2.881269582584187e-07,sadio
3652.34375,2.785762939241356e-07,sadio
3657.2265625,2.7152848608111723e-07,sadio
3662.109375,2.5270092890007914e-07,sadio
3666.9921875,3.829620090466427e-07,sadio
3671.875,2.2216132272739664e-07,sadio
3676.7578125,1.8444143854715812e-07,sadio
3681.640625,1.882147720538533e-07,sadio
3686.5234375,1.2579949874946447e-07,sadio
3691.40625,1.7259767022782403e-07,sadio
3696.2890625,1.6377610766061395e-07,sadio
3701.171875,1.8917166984949298e-07,sadio
3706.0546875,1.6860653042929026e-07,sadio
3710.9375,2.1504467117513574e-07,sadio
3715.8203125,2.923819511216531e-07,sadio
3720.703125,2.481307071206349e-07,sadio
3725.5859375,1.844208470916677e-07,sadio
3730.46875,1.718217081442322e-07,sadio
3735.3515625,1.8810005194256537e-07,sadio
3740.234375,1.9075627150848615e-07,sadio
3745.1171875,1.72671395880265e-07,sadio
3750.0,2.0052625234165224e-07,sadio
3754.8828125,2.455626003436561e-07,sadio
3759.765625,3.2023716704916545e-07,sadio
3764.6484375,3.358611422354389e-07,sadio
3769.53125,3.063809907869577e-07,sadio
3774.4140625,3.9158080162996017e-07,sadio
3779.296875,3.650943924525207e-07,sadio
3784.1796875,3.625361581828322e-07,sadio
3789.0625,2.2728132925401008e-07,sadio
3793.9453125,2.756042334314413e-07,sadio
3798.828125,2.564478259712242e-07,sadio
3803.7109375,1.6059671907244088e-07,sadio
3808.59375,1.905517745464793e-07,sadio
3813.4765625,2.2266135273416297e-07,sadio
3818.359375,3.114229264114598e-07,sadio
3823.2421875,2.2813980341707297e-07,sadio
3828.125,2.0768756825745884e-07,sadio
3833.0078125,1.8073284060639344e-07,sadio
3837.890625,1.6399383674569993e-07,sadio
3842.7734375,2.0660159093985832e-07,sadio
3847.65625,2.9028855193903473e-07,sadio
3852.5390625,3.085507008923542e-07,sadio
3857.421875,2.84024841802732e-07,sadio
3862.3046875,3.063699969422212e-07,sadio
3867.1875,2.8947534725405226e-07,sadio
3872.0703125,2.3672023595328182e-07,sadio
3876.953125,2.354702020416714e-07,sadio
3881.8359375,3.030917098266536e-07,sadio
3886.71875,3.276095298481459e-07,sadio
3891.6015625,2.10199055694882e-07,sadio
3896.484375,1.6519363107703272e-07,sadio
3901.3671875,2.598622860607753e-07,sadio
3906.25,3.560070450050646e-07,sadio
3911.1328125,4.235021113413442e-07,sadio
3916.015625,2.7322219493508745e-07,sadio
3920.8984375,1.9448771256922094e-07,sadio
3925.78125,1.741929985023068e-07,sadio
3930.6640625,2.3338425285935273e-07,sadio
3935.546875,1.6205645807893002e-07,sadio
3940.4296875,1.7262769244489524e-07,sadio
3945.3125,3.065552200454496e-07,sadio
3950.1953125,3.623987357972621e-07,sadio
3955.078125,3.4817631394604353e-07,sadio
3959.9609375,3.8501580217406777e-07,sadio
3964.84375,3.490186941892331e-07,sadio
3969.7265625,2.868881499854704e-07,sadio
3974.609375,2.6092083241902364e-07,sadio
3979.4921875,2.227629866501606e-07,sadio
3984.375,2.179372339334513e-07,sadio
3989.2578125,1.510981587471915e-07,sadio
3994.140625,2.079347987251019e-07,sadio
3999.0234375,2.2662207757503388e-07,sadio
4003.90625,2.6031597883167953e-07,sadio
4008.7890625,1.857492546356964e-07,sadio
4013.671875,1.989413823647611e-07,sadio
4018.5546875,2.834204741786274e-07,sadio
4023.4375,2.435460032703611e-07,sadio
4028.3203125,2.561813560658493e-07,sadio
4033.203125,2.6072551264492904e-07,sadio
4038.0859375,2.1844152023430122e-07,sadio
4042.96875,2.3673979629528806e-07,sadio
4047.8515625,2.7682221287252905e-07,sadio
4052.734375,3.069874040997394e-07,sadio
4057.6171875,2.4594216910013245e-07,sadio
4062.5,2.1804485874162227e-07,sadio
4067.3828125,1.6718611316585677e-07,sadio
4072.265625,2.5012053864364537e-07,sadio
4077.1484375,2.589264515994957e-07,sadio
4082.03125,2.466267148355762e-07,sadio
4086.9140625,2.3121470240266385e-07,sadio
4091.796875,2.7335029585631146e-07,sadio
4096.6796875,2.6927388051867673e-07,sadio
4101.5625,2.2222334843239977e-07,sadio
4106.4453125,1.650167806948551e-07,sadio
4111.328125,2.1931566628488136e-07,sadio
4116.2109375,2.3399897377024204e-07,sadio
4121.09375,2.5986063241156e-07,sadio
4125.9765625,2.5086887460915874e-07,sadio
4130.859375,1.8787747044463125e-07,sadio
4135.7421875,1.8666132743404457e-07,sadio
4140.625,1.8538501413178172e-07,sadio
4145.5078125,2.1593226208087907e-07,sadio
4150.390625,2.985751814005156e-07,sadio
4155.2734375,3.3490815632006644e-07,sadio
4160.15625,2.5273515106669327e-07,sadio
4165.0390625,1.4024479201777587e-07,sadio
4169.921875,1.4940535653518414e-07,sadio
4174.8046875,1.8298401266896556e-07,sadio
4179.6875,1.7157568948394673e-07,sadio
4184.5703125,1.9951797114305574e-07,sadio
4189.453125,2.533592505358868e-07,sadio
4194.3359375,3.5788073098834507e-07,sadio
4199.21875,3.0667601052465096e-07,sadio
4204.1015625,2.1720323146376428e-07,sadio
4208.984375,2.1209177964694826e-07,sadio
4213.8671875,2.5530037882065736e-07,sadio
4218.75,2.956599465486682e-07,sadio
4223.6328125,2.46432318755091e-07,sadio
4228.515625,1.8269103599392662e-07,sadio
4233.3984375,1.7573776510792264e-07,sadio
4238.28125,2.1837027802142228e-07,sadio
4243.1640625,1.9533038500027567e-07,sadio
4248.046875,1.9661342039147605e-07,sadio
4252.9296875,1.634243878557168e-07,sadio
4257.8125,1.740774932046321e-07,sadio
4262.6953125,1.6985778704561734e-07,sadio
4267.578125,1.4952604930335824e-07,sadio
4272.4609375,1.7053672105702332e-07,sadio
4277.34375,2.499642820195149e-07,sadio
4282.2265625,1.9297491972159802e-07,sadio
4287.109375,2.3468427715299595e-07,sadio
4291.9921875,2.93446423814992e-07,sadio
4296.875,2.6130031802872054e-07,sadio
4301.7578125,2.818630560887987e-07,sadio
4306.640625,1.908097941400032e-07,sadio
4311.5234375,2.2624827774284438e-07,sadio
4316.40625,3.2424461689894094e-07,sadio
4321.2890625,3.328869484918628e-07,sadio
4326.171875,2.0959690665443224e-07,sadio
4331.0546875,1.5899689974124352e-07,sadio
4335.9375,2.0326693580932544e-07,sadio
4340.8203125,1.8388429338592257e-07,sadio
4345.703125,1.7960624836178199e-07,sadio
4350.5859375,2.479056458391533e-07,sadio
4355.46875,1.8424671582714633e-07,sadio
4360.3515625,1.7689974719671854e-07,sadio
4365.234375,1.5893640462843902e-07,sadio
4370.1171875,1.96101532728016e-07,sadio
4375.0,3.5975039527549374e-07,sadio
4379.8828125,3.76851590227667e-07,sadio
4384.765625,1.6825144665218286e-07,sadio
4389.6484375,1.606358161061489e-07,sadio
4394.53125,2.1175164974112106e-07,sadio
4399.4140625,3.0804626781410266e-07,sadio
4404.296875,3.908459781551218e-07,sadio
4409.1796875,3.182225658509743e-07,sadio
4414.0625,2.78458463760601e-07,sadio
4418.9453125,1.9454624504499345e-07,sadio
4423.828125,2.546300872540718e-07,sadio
4428.7109375,2.6721951183092143e-07,sadio
4433.59375,2.3277428231130087e-07,sadio
4438.4765625,2.5740471438348365e-07,sadio
4443.359375,2.440711077905431e-07,sadio
4448.2421875,2.482815842230027e-07,sadio
4453.125,2.8972721546703395e-07,sadio
4458.0078125,2.5647750194353644e-07,sadio
4462.890625,2.473407355797755e-07,sadio
4467.7734375,1.602787181440071e-07,sadio
4472.65625,2.2266279494094008e-07,sadio
4477.5390625,3.228273966215021e-07,sadio
4482.421875,2.107195992064892e-07,sadio
4487.3046875,2.2254630862561742e-07,sadio
4492.1875,2.714466952165594e-07,sadio
4497.0703125,3.569203052601637e-07,sadio
4501.953125,3.386540649576898e-07,sadio
4506.8359375,1.8882198551935396e-07,sadio
4511.71875,2.4279088348877723e-07,sadio
4516.6015625,1.9335062490273562e-07,sadio
4521.484375,2.1504764492018643e-07,sadio
4526.3671875,2.5985731397110945e-07,sadio
4531.25,2.0123031206938804e-07,sadio
4536.1328125,1.9108836478956647e-07,sadio
4541.015625,1.7009621318278298e-07,sadio
4545.8984375,1.9201018153071914e-07,sadio
4550.78125,2.553749086402457e-07,sadio
4555.6640625,2.5629197609901407e-07,sadio
4560.546875,2.1070767416634596e-07,sadio
4565.4296875,1.9637964528010082e-07,sadio
4570.3125,1.3349939368972285e-07,sadio
4575.1953125,2.3181141092944239e-07,sadio
4580.078125,2.9752807201280204e-07,sadio
4584.9609375,2.3548479663367246e-07,sadio
4589.84375,2.488223474906216e-07,sadio
4594.7265625,2.3395607277195023e-07,sadio
4599.609375,2.0974441685805843e-07,sadio
4604.4921875,2.0063992982580734e-07,sadio
4609.375,1.8631880401661979e-07,sadio
4614.2578125,1.66137402479586e-07,sadio
4619.140625,2.1100261402337734e-07,sadio
4624.0234375,1.6035399438154868e-07,sadio
4628.90625,1.5042691025040922e-07,sadio
4633.7890625,1.8401472547333655e-07,sadio
4638.671875,2.817514811553632e-07,sadio
4643.5546875,3.841635880170035e-07,sadio
4648.4375,2.872967300900398e-07,sadio
4653.3203125,2.3498904624309546e-07,sadio
4658.203125,2.314318123154803e-07,sadio
4663.0859375,2.3797056770589944e-07,sadio
4667.96875,2.4721687454395016e-07,sadio
4672.8515625,3.0806829287458484e-07,sadio
4677.734375,2.330243478120423e-07,sadio
4682.6171875,1.8954349512249593e-07,sadio
4687.5,1.790999911367398e-07,sadio
4692.3828125,1.924933096230362e-07,sadio
4697.265625,1.9020470841029498e-07,sadio
4702.1484375,2.488637130136285e-07,sadio
4707.03125,3.035143308531172e-07,sadio
4711.9140625,2.3750342822445515e-07,sadio
4716.796875,2.534764596705598e-07,sadio
4721.6796875,2.1026777917749804e-07,sadio
4726.5625,1.979072039785845e-07,sadio
4731.4453125,2.4620302455586456e-07,sadio
4736.328125,2.3587621745844508e-07,sadio
4741.2109375,2.4465907138431996e-07,sadio
4746.09375,2.983928131118004e-07,sadio
4750.9765625,2.3330209238962533e-07,sadio
4755.859375,2.5320097647955475e-07,sadio
4760.7421875,2.8476624494153907e-07,sadio
4765.625,2.529406880232527e-07,sadio
4770.5078125,2.941416773172779e-07,sadio
4775.390625,2.83892228658143e-07,sadio
4780.2734375,2.848140443509463e-07,sadio
4785.15625,2.3198222230728042e-07,sadio
4790.0390625,2.3147050999462403e-07,sadio
4794.921875,2.5284030733821214e-07,sadio
4799.8046875,1.5779093929946736e-07,sadio
4804.6875,1.0725292250707005e-07,sadio
4809.5703125,1.917866084330154e-07,sadio
4814.453125,1.7819732251006288e-07,sadio
4819.3359375,2.72752587448788e-07,sadio
4824.21875,2.9651632439869197e-07,sadio
4829.1015625,1.6921626998412626e-07,sadio
4833.984375,2.4949191170872474e-07,sadio
4838.8671875,3.3803570195682536e-07,sadio
4843.75,2.9526806659176823e-07,sadio
4848.6328125,3.302617131674916e-07,sadio
4853.515625,2.323175978316379e-07,sadio
4858.3984375,1.9076462226765006e-07,sadio
4863.28125,2.431192180665751e-07,sadio
4868.1640625,2.1870861008388354e-07,sadio
4873.046875,1.803635379113908e-07,sadio
4877.9296875,2.7756596597204997e-07,sadio
4882.8125,2.830511960892356e-07,sadio
4887.6953125,1.7404703891802932e-07,sadio
4892.578125,1.8145037568877613e-07,sadio
4897.4609375,1.6679049852591165e-07,sadio
4902.34375,3.128146326620398e-07,sadio
4907.2265625,2.722357356290369e-07,sadio
4912.109375,2.087566534609927e-07,sadio
4916.9921875,1.897389660455479e-07,sadio
4921.875,2.2168264621931843e-07,sadio
4926.7578125,2.7912932776879885e-07,sadio
4931.640625,2.809732900163433e-07,sadio
4936.5234375,2.44495819524315e-07,sadio
4941.40625,3.5813464048283884e-07,sadio
4946.2890625,3.541868663800302e-07,sadio
4951.171875,1.9105538667067043e-07,sadio
4956.0546875,1.7487940933517138e-07,sadio
4960.9375,1.9792315605014798e-07,sadio
4965.8203125,2.231294029338445e-07,sadio
4970.703125,3.9373002386597636e-07,sadio
4975.5859375,2.222320944453258e-07,sadio
4980.46875,1.719943582239818e-07,sadio
4985.3515625,1.1930013898828394e-07,sadio
4990.234375,1.6939985403468652e-07,sadio
4995.1171875,2.896995405379885e-07,sadio
5000.0,2.6293767098889764e-07,sadio
5004.8828125,2.1219086537580825e-07,sadio
5009.765625,1.807125733982839e-07,sadio
5014.6484375,1.6050272596414563e-07,sadio
5019.53125,2.2192556154628934e-07,sadio
5024.4140625,2.6781672396823685e-07,sadio
5029.296875,2.8013183247578135e-07,sadio
5034.1796875,3.7733057732423313e-07,sadio
5039.0625,3.3863999214111187e-07,sadio
5043.9453125,2.84625126143005e-07,sadio
5048.828125,3.000692078682771e-07,sadio
5053.7109375,2.3168470254054305e-07,sadio
5058.59375,1.8854609152978172e-07,sadio
5063.4765625,2.0907578335227522e-07,sadio
5068.359375,2.4333036324907596e-07,sadio
5073.2421875,3.1670062748004123e-07,sadio
5078.125,2.9744656392103237e-07,sadio
5083.0078125,2.1058142167995206e-07,sadio
5087.890625,2.137042032715824e-07,sadio
5092.7734375,2.8213021848814937e-07,sadio
5097.65625,3.2626588148881685e-07,sadio
5102.5390625,2.5868945467872684e-07,sadio
5107.421875,2.65024031811217e-07,sadio
5112.3046875,2.622491122797268e-07,sadio
5117.1875,3.1891141142351883e-07,sadio
5122.0703125,3.8687913684521746e-07,sadio
5126.953125,2.453033226812131e-07,sadio
5131.8359375,2.3340630967408232e-07,sadio
5136.71875,2.1247168795302094e-07,sadio
5141.6015625,1.6672641261448425e-07,sadio
5146.484375,2.454710376554349e-07,sadio
5151.3671875,1.9983509077514552e-07,sadio
5156.25,2.904139793598189e-07,sadio
5161.1328125,2.767488911778866e-07,sadio
5166.015625,2.5361615363117516e-07,sadio
5170.8984375,3.019359234058018e-07,sadio
5175.78125,2.7196302282933526e-07,sadio
5180.6640625,2.0292056034104645e-07,sadio
5185.546875,2.9789971181438263e-07,sadio
5190.4296875,3.395691539387685e-07,sadio
5195.3125,3.8893365654516793e-07,sadio
5200.1953125,3.332343732733523e-07,sadio
5205.078125,2.0924884560654948e-07,sadio
5209.9609375,2.947077864199e-07,sadio
5214.84375,2.7637539860397343e-07,sadio
5219.7265625,1.729943027010201e-07,sadio
5224.609375,2.0212113011418466e-07,sadio
5229.4921875,2.0330482112610284e-07,sadio
5234.375,2.2384713032650621e-07,sadio
5239.2578125,2.3242472395755451e-07,sadio
5244.140625,2.2145416175094894e-07,sadio
5249.0234375,2.5659291949899674e-07,sadio
5253.90625,2.432971170384312e-07,sadio
5258.7890625,2.2740727058618303e-07,sadio
5263.671875,2.284915445351039e-07,sadio
5268.5546875,2.7672123094705173e-07,sadio
5273.4375,2.786883621649745e-07,sadio
5278.3203125,1.87505763683113e-07,sadio
5283.203125,2.2763496714684436e-07,sadio
5288.0859375,2.8849558863139583e-07,sadio
5292.96875,2.2837537581393894e-07,sadio
5297.8515625,1.5245825677637862e-07,sadio
5302.734375,2.487291617507759e-07,sadio
5307.6171875,2.50848078454156e-07,sadio
5312.5,2.5498182320362176e-07,sadio
5317.3828125,2.320870949664942e-07,sadio
5322.265625,2.4222745111001553e-07,sadio
5327.1484375,2.4783465901477477e-07,sadio
5332.03125,3.2148054949401976e-07,sadio
5336.9140625,2.921031183634504e-07,sadio
5341.796875,2.0716506538786418e-07,sadio
5346.6796875,1.582951689371871e-07,sadio
5351.5625,1.767129047516248e-07,sadio
5356.4453125,2.524370711873423e-07,sadio
5361.328125,2.548227589847816e-07,sadio
5366.2109375,3.282468261713023e-07,sadio
5371.09375,3.3233376831152016e-07,sadio
5375.9765625,2.62177410582242e-07,sadio
5380.859375,2.6829887412366827e-07,sadio
5385.7421875,2.694290028945096e-07,sadio
5390.625,1.9872350033455857e-07,sadio
5395.5078125,2.8708641260272045e-07,sadio
5400.390625,2.971841234862749e-07,sadio
5405.2734375,3.129775275523527e-07,sadio
5410.15625,2.7325524054499565e-07,sadio
5415.0390625,2.091071680711204e-07,sadio
5419.921875,1.7452672706892305e-07,sadio
5424.8046875,2.2100883926715026e-07,sadio
5429.6875,2.8173972957245965e-07,sadio
5434.5703125,2.9790120534889543e-07,sadio
5439.453125,2.5126418135903425e-07,sadio
5444.3359375,2.778857601422184e-07,sadio
5449.21875,1.9250918530392747e-07,sadio
5454.1015625,2.315269623797493e-07,sadio
5458.984375,3.078640540160388e-07,sadio
5463.8671875,2.2599995383340945e-07,sadio
5468.75,2.6193402130382314e-07,sadio
5473.6328125,3.0459770525139446e-07,sadio
5478.515625,2.2062649651558555e-07,sadio
5483.3984375,2.1730289291160624e-07,sadio
5488.28125,2.605127148427945e-07,sadio
5493.1640625,2.191268593655734e-07,sadio
5498.046875,2.3357801678387177e-07,sadio
5502.9296875,2.498279977483766e-07,sadio
5507.8125,2.5882422020398406e-07,sadio
5512.6953125,4.07467169889091e-07,sadio
5517.578125,2.9176096228714116e-07,sadio
5522.4609375,1.7005090318934808e-07,sadio
5527.34375,2.3533393307729766e-07,sadio
5532.2265625,2.5317420441499065e-07,sadio
5537.109375,2.386598787135214e-07,sadio
5541.9921875,3.208884403252504e-07,sadio
5546.875,3.342043499314492e-07,sadio
5551.7578125,2.1053442720991878e-07,sadio
5556.640625,2.237626360818511e-07,sadio
5561.5234375,2.5845256896109884e-07,sadio
5566.40625,2.1089750539594583e-07,sadio
5571.2890625,3.1976535224347945e-07,sadio
5576.171875,3.686757488265004e-07,sadio
5581.0546875,3.9998160536128905e-07,sadio
5585.9375,5.549951151925656e-07,sadio
5590.8203125,3.8702327279832526e-07,sadio
5595.703125,2.5096687024041607e-07,sadio
5600.5859375,1.7718192021521506e-07,sadio
5605.46875,1.8105231729697977e-07,sadio
5610.3515625,2.0657546567928061e-07,sadio
5615.234375,2.0580920856416296e-07,sadio
5620.1171875,2.471681787219393e-07,sadio
5625.0,3.155079331572264e-07,sadio
5629.8828125,2.4611178561756425e-07,sadio
5634.765625,2.369981504898626e-07,sadio
5639.6484375,2.1293615023470466e-07,sadio
5644.53125,1.8713358578012157e-07,sadio
5649.4140625,1.828877064002461e-07,sadio
5654.296875,2.3434700085669283e-07,sadio
5659.1796875,2.8412355942519437e-07,sadio
5664.0625,2.5456909227409904e-07,sadio
5668.9453125,2.489144335922168e-07,sadio
5673.828125,3.8320451958557344e-07,sadio
5678.7109375,3.129444314074515e-07,sadio
5683.59375,2.890094894708867e-07,sadio
5688.4765625,2.384272188146365e-07,sadio
5693.359375,2.1357177490993243e-07,sadio
5698.2421875,2.770513459057909e-07,sadio
5703.125,3.238872729287798e-07,sadio
5708.0078125,3.614509599423946e-07,sadio
5712.890625,3.6285977877302434e-07,sadio
5717.7734375,2.820628341633445e-07,sadio
5722.65625,2.674785243779484e-07,sadio
5727.5390625,2.9727100237760765e-07,sadio
5732.421875,2.2416630909161602e-07,sadio
5737.3046875,2.846637069804073e-07,sadio
5742.1875,2.6706704547186463e-07,sadio
5747.0703125,2.1496892679637984e-07,sadio
5751.953125,2.7776013420493473e-07,sadio
5756.8359375,2.8678853863438853e-07,sadio
5761.71875,2.3917551562005404e-07,sadio
5766.6015625,2.3886926021954124e-07,sadio
5771.484375,2.825585772549798e-07,sadio
5776.3671875,2.1771723061361034e-07,sadio
5781.25,2.6347257270751204e-07,sadio
5786.1328125,2.6961746355764203e-07,sadio
5791.015625,1.796894981192774e-07,sadio
5795.8984375,2.743448665500871e-07,sadio
5800.78125,2.6675652823335355e-07,sadio
5805.6640625,2.446881565892889e-07,sadio
5810.546875,2.1444104340846494e-07,sadio
5815.4296875,2.717459196538564e-07,sadio
5820.3125,2.42258242764242e-07,sadio
5825.1953125,1.603168113604001e-07,sadio
5830.078125,2.1473994218010057e-07,sadio
5834.9609375,2.024901974496139e-07,sadio
5839.84375,2.297230839324724e-07,sadio
5844.7265625,3.115585398169371e-07,sadio
5849.609375,2.7040183028545625e-07,sadio
5854.4921875,2.340832370940666e-07,sadio
5859.375,1.899025725451309e-07,sadio
5864.2578125,1.7868359729306007e-07,sadio
5869.140625,2.911117453672294e-07,sadio
5874.0234375,2.5369460696206836e-07,sadio
5878.90625,1.9891811745762933e-07,sadio
5883.7890625,1.905089080398272e-07,sadio
5888.671875,1.9246655695350616e-07,sadio
5893.5546875,2.9381020559258257e-07,sadio
5898.4375,3.6266352660665196e-07,sadio
5903.3203125,3.5416582164410374e-07,sadio
5908.203125,2.9206631700181204e-07,sadio
5913.0859375,2.6651849608534416e-07,sadio
5917.96875,2.130829861137551e-07,sadio
5922.8515625,2.0694511521187915e-07,sadio
5927.734375,2.271272341014392e-07,sadio
5932.6171875,1.6943424275859168e-07,sadio
5937.5,2.1517554714620137e-07,sadio
5942.3828125,1.256268910426427e-07,sadio
5947.265625,2.4600073877603463e-07,sadio
5952.1484375,3.359187694900984e-07,sadio
5957.03125,2.456268672804304e-07,sadio
5961.9140625,2.1831232575468983e-07,sadio
5966.796875,2.049188998018035e-07,sadio
5971.6796875,1.759270249844173e-07,sadio
5976.5625,1.3000386390014867e-07,sadio
5981.4453125,2.1153576033014713e-07,sadio
5986.328125,2.3780261155627954e-07,sadio
5991.2109375,2.43266279667851e-07,sadio
5996.09375,2.544265927578131e-07,sadio
6000.9765625,2.8152871522760395e-07,sadio
6005.859375,2.7209817926480677e-07,sadio
6010.7421875,2.7941588752263395e-07,sadio
6015.625,2.2279980635830126e-07,sadio
6020.5078125,1.784614654035701e-07,sadio
6025.390625,2.191106660763831e-07,sadio
6030.2734375,1.9903729282562354e-07,sadio
6035.15625,2.5639764537225703e-07,sadio
6040.0390625,2.8166561663170763e-07,sadio
6044.921875,2.89559036072898e-07,sadio
6049.8046875,2.2170524645379619e-07,sadio
6054.6875,2.425827528176316e-07,sadio
6059.5703125,3.019709664956422e-07,sadio
6064.453125,2.384576864074987e-07,sadio
6069.3359375,2.3340658965927098e-07,sadio
6074.21875,2.42095437812664e-07,sadio
6079.1015625,3.046066036661592e-07,sadio
6083.984375,3.2512371418743893e-07,sadio
6088.8671875,2.702224148292501e-07,sadio
6093.75,2.5367195265327634e-07,sadio
6098.6328125,2.6624692216764555e-07,sadio
6103.515625,3.3282355582870984e-07,sadio
6108.3984375,2.7733200128838286e-07,sadio
6113.28125,2.7613458623376186e-07,sadio
6118.1640625,2.828961876317923e-07,sadio
6123.046875,2.846023809437142e-07,sadio
6127.9296875,2.2755882901851902e-07,sadio
6132.8125,1.8868037882336713e-07,sadio
6137.6953125,2.174366088707886e-07,sadio
6142.578125,3.243537770031728e-07,sadio
6147.4609375,2.5697375190807586e-07,sadio
6152.34375,1.5735130867529802e-07,sadio
6157.2265625,2.3132529315141708e-07,sadio
6162.109375,3.237850559690688e-07,sadio
6166.9921875,4.141050570319423e-07,sadio
6171.875,2.975704086208451e-07,sadio
6176.7578125,2.760306208753046e-07,sadio
6181.640625,2.866437959733331e-07,sadio
6186.5234375,1.8674747380883562e-07,sadio
6191.40625,2.1534837107802545e-07,sadio
6196.2890625,1.955486557376443e-07,sadio
6201.171875,1.551736616155288e-07,sadio
6206.0546875,2.19884568750443e-07,sadio
6210.9375,2.003127906482516e-07,sadio
6215.8203125,3.103931575640769e-07,sadio
6220.703125,3.206403163039602e-07,sadio
6225.5859375,2.0004256689946646e-07,sadio
6230.46875,2.717819898377254e-07,sadio
6235.3515625,2.679562317296387e-07,sadio
6240.234375,2.169190535647078e-07,sadio
6245.1171875,2.5154105828941905e-07,sadio
6250.0,3.300645383623613e-07,sadio
6254.8828125,3.250420765746265e-07,sadio
6259.765625,2.454459057952972e-07,sadio
6264.6484375,1.696080415516071e-07,sadio
6269.53125,2.2417062840015483e-07,sadio
6274.4140625,2.102890299933624e-07,sadio
6279.296875,1.8350040794963536e-07,sadio
6284.1796875,2.3729141936100323e-07,sadio
6289.0625,2.400709186098066e-07,sadio
6293.9453125,2.3152586081946576e-07,sadio
6298.828125,2.1923141370808098e-07,sadio
6303.7109375,2.55359334083637e-07,sadio
6308.59375,1.9543247753571883e-07,sadio
6313.4765625,2.3437776058694845e-07,sadio
6318.359375,2.4787543048329907e-07,sadio
6323.2421875,2.1952733458138203e-07,sadio
6328.125,2.6188512327160293e-07,sadio
6333.0078125,2.613352950612235e-07,sadio
6337.890625,1.8592953405835054e-07,sadio
6342.7734375,2.645124887852529e-07,sadio
6347.65625,2.740754833972293e-07,sadio
6352.5390625,2.1297553698581329e-07,sadio
6357.421875,2.506310495329339e-07,sadio
6362.3046875,3.22162082214234e-07,sadio
6367.1875,3.250749059484951e-07,sadio
6372.0703125,2.8878026179545575e-07,sadio
6376.953125,3.1014881626656386e-07,sadio
6381.8359375,3.077871990703687e-07,sadio
6386.71875,2.1584908052241523e-07,sadio
6391.6015625,1.459108926305205e-07,sadio
6396.484375,2.867913052308564e-07,sadio
6401.3671875,2.4297718187500135e-07,sadio
6406.25,2.930655243135193e-07,sadio
6411.1328125,2.36600505661237e-07,sadio
6416.015625,2.2921459720305733e-07,sadio
6420.8984375,3.1235436340001704e-07,sadio
6425.78125,3.575412846010851e-07,sadio
6430.6640625,3.541954240435899e-07,sadio
6435.546875,3.105242599246627e-07,sadio
6440.4296875,3.1832473304184176e-07,sadio
6445.3125,3.3429448777510755e-07,sadio
6450.1953125,2.5794511309462127e-07,sadio
6455.078125,2.523881345503443e-07,sadio
6459.9609375,2.366356410726176e-07,sadio
6464.84375,1.2972486011158182e-07,sadio
6469.7265625,1.3225895601303294e-07,sadio
6474.609375,2.1648928849280288e-07,sadio
6479.4921875,3.1628906456485634e-07,sadio
6484.375,2.223576755983144e-07,sadio
6489.2578125,2.3671201985867848e-07,sadio
6494.140625,2.1253637146050046e-07,sadio
6499.0234375,2.1800784011241337e-07,sadio
6503.90625,2.318610619348919e-07,sadio
6508.7890625,2.69244956592588e-07,sadio
6513.671875,2.461079518821712e-07,sadio
6518.5546875,2.0353285488283412e-07,sadio
6523.4375,1.779659416191851e-07,sadio
6528.3203125,2.1953504794582436e-07,sadio
6533.203125,3.0673752688614795e-07,sadio
6538.0859375,3.5787366569076497e-07,sadio
6542.96875,2.8934651309816713e-07,sadio
6547.8515625,3.6297474371941957e-07,sadio
6552.734375,3.3405872295134536e-07,sadio
6557.6171875,3.311763055249166e-07,sadio
6562.5,3.015565754039697e-07,sadio
6567.3828125,2.514420276835248e-07,sadio
6572.265625,2.8097559181906356e-07,sadio
6577.1484375,2.689402343443035e-07,sadio
6582.03125,2.1478727912169646e-07,sadio
6586.9140625,1.8561207584602041e-07,sadio
6591.796875,2.3614344068555525e-07,sadio
6596.6796875,2.775419630175488e-07,sadio
6601.5625,2.126622433879787e-07,sadio
6606.4453125,2.058379404652753e-07,sadio
6611.328125,1.7547951246549e-07,sadio
6616.2109375,1.8093838662439335e-07,sadio
6621.09375,1.724898660759507e-07,sadio
6625.9765625,2.8085140786440215e-07,sadio
6630.859375,2.671707056113105e-07,sadio
6635.7421875,2.2180219219041528e-07,sadio
6640.625,2.847858568218123e-07,sadio
6645.5078125,2.1995484770130237e-07,sadio
6650.390625,2.656640220495503e-07,sadio
6655.2734375,2.540938612544755e-07,sadio
6660.15625,2.5469821616306677e-07,sadio
6665.0390625,3.2452705261109865e-07,sadio
6669.921875,3.547281483226086e-07,sadio
6674.8046875,2.306241853569971e-07,sadio
6679.6875,1.5626507685599206e-07,sadio
6684.5703125,2.3502303584816582e-07,sadio
6689.453125,3.1555154537778213e-07,sadio
6694.3359375,4.0682558918669393e-07,sadio
6699.21875,3.3716562942518695e-07,sadio
6704.1015625,2.437193684224603e-07,sadio
6708.984375,1.792724573681066e-07,sadio
6713.8671875,1.4982033510803752e-07,sadio
6718.75,1.8123364969261068e-07,sadio
6723.6328125,2.5360919962914596e-07,sadio
6728.515625,2.2612832408218092e-07,sadio
6733.3984375,3.4559793769799295e-07,sadio
6738.28125,3.0182232955726077e-07,sadio
6743.1640625,2.585791657186132e-07,sadio
6748.046875,2.5518061629021545e-07,sadio
6752.9296875,2.9834034545951086e-07,sadio
6757.8125,3.3644586569749553e-07,sadio
6762.6953125,2.7028320772402375e-07,sadio
6767.578125,2.1866030219048067e-07,sadio
6772.4609375,3.308758130172137e-07,sadio
6777.34375,3.5070350992265944e-07,sadio
6782.2265625,2.3570959811989795e-07,sadio
6787.109375,2.0536394087325807e-07,sadio
6791.9921875,3.187244077082599e-07,sadio
6796.875,3.2947712609714474e-07,sadio
6801.7578125,3.4700263376765626e-07,sadio
6806.640625,2.242367037520363e-07,sadio
6811.5234375,2.0098594835139346e-07,sadio
6816.40625,2.169772454812333e-07,sadio
6821.2890625,2.8674719769353474e-07,sadio
6826.171875,3.361539392508998e-07,sadio
6831.0546875,2.854891060677912e-07,sadio
6835.9375,1.7761919955154122e-07,sadio
6840.8203125,1.6593447025230744e-07,sadio
6845.703125,1.9146034906338225e-07,sadio
6850.5859375,2.2311457090685486e-07,sadio
6855.46875,3.270144596903797e-07,sadio
6860.3515625,2.0073205820473212e-07,sadio
6865.234375,1.4964289356515462e-07,sadio
6870.1171875,2.1482002676183655e-07,sadio
6875.0,2.483424950255335e-07,sadio
6879.8828125,2.45583633346652e-07,sadio
6884.765625,2.2312173349224993e-07,sadio
6889.6484375,2.406096776856629e-07,sadio
6894.53125,2.4031948209613776e-07,sadio
6899.4140625,1.9803808779896906e-07,sadio
6904.296875,1.938898056208866e-07,sadio
6909.1796875,3.4177348551337885e-07,sadio
6914.0625,2.9533310811968357e-07,sadio
6918.9453125,1.5040541550171365e-07,sadio
6923.828125,1.900274772300239e-07,sadio
6928.7109375,2.3528616706989965e-07,sadio
6933.59375,2.445614295094252e-07,sadio
6938.4765625,2.3836550942819254e-07,sadio
6943.359375,2.4816905033244145e-07,sadio
6948.2421875,2.8856173141802353e-07,sadio
6953.125,2.7525781329469314e-07,sadio
6958.0078125,2.8658529669163883e-07,sadio
6962.890625,2.447709859116483e-07,sadio
6967.7734375,2.9448064179316755e-07,sadio
6972.65625,2.887305934863494e-07,sadio
6977.5390625,2.212612406295419e-07,sadio
6982.421875,2.7288632334904206e-07,sadio
6987.3046875,2.9049707558569077e-07,sadio
6992.1875,2.447748066037813e-07,sadio
6997.0703125,2.2139044202986475e-07,sadio
7001.953125,2.2321935179355694e-07,sadio
7006.8359375,1.4877072009327153e-07,sadio
7011.71875,2.0618942313137957e-07,sadio
7016.6015625,2.312734842536433e-07,sadio
7021.484375,1.92136646807344e-07,sadio
7026.3671875,1.5482861849478668e-07,sadio
7031.25,1.568376028179557e-07,sadio
7036.1328125,1.8058313376753978e-07,sadio
7041.015625,3.23241095261981e-07,sadio
7045.8984375,2.754672587139153e-07,sadio
7050.78125,2.4870238802576757e-07,sadio
7055.6640625,2.2972508734987098e-07,sadio
7060.546875,1.723661472636659e-07,sadio
7065.4296875,2.330831927628316e-07,sadio
7070.3125,2.5634402073547103e-07,sadio
7075.1953125,3.4696363964057814e-07,sadio
7080.078125,3.94831374319538e-07,sadio
7084.9609375,3.5851566026017733e-07,sadio
7089.84375,2.6262400981502976e-07,sadio
7094.7265625,3.0208644724029166e-07,sadio
7099.609375,1.9157787769368383e-07,sadio
7104.4921875,1.772500801601639e-07,sadio
7109.375,1.728627440628191e-07,sadio
7114.2578125,3.1376714350605353e-07,sadio
7119.140625,3.2650007236965223e-07,sadio
7124.0234375,2.932735020959248e-07,sadio
7128.90625,3.3829833182488583e-07,sadio
7133.7890625,3.5882545897343084e-07,sadio
7138.671875,2.632175240465559e-07,sadio
7143.5546875,3.9652758355618914e-07,sadio
7148.4375,3.241330712932413e-07,sadio
7153.3203125,3.021432243701729e-07,sadio
7158.203125,3.555542004016755e-07,sadio
7163.0859375,3.2390114454146364e-07,sadio
7167.96875,2.946880578666362e-07,sadio
7172.8515625,3.356157457295458e-07,sadio
7177.734375,2.4955860029282567e-07,sadio
7182.6171875,3.2730925013124915e-07,sadio
7187.5,3.689828879441749e-07,sadio
7192.3828125,3.3821370401540875e-07,sadio
7197.265625,3.496470302367413e-07,sadio
7202.1484375,2.4426249657813397e-07,sadio
7207.03125,2.2740709015435558e-07,sadio
7211.9140625,2.8885927982974605e-07,sadio
7216.796875,2.4378117908757025e-07,sadio
7221.6796875,2.8852691833580975e-07,sadio
7226.5625,3.5292207786090277e-07,sadio
7231.4453125,3.06915058841783e-07,sadio
7236.328125,2.000189208672577e-07,sadio
7241.2109375,1.2196078591900918e-07,sadio
7246.09375,1.7434628269913664e-07,sadio
7250.9765625,3.801139196375567e-07,sadio
7255.859375,2.97578188797706e-07,sadio
7260.7421875,1.5651012800381713e-07,sadio
7265.625,2.517973379312433e-07,sadio
7270.5078125,3.1003092670707473e-07,sadio
7275.390625,2.618131650372412e-07,sadio
7280.2734375,1.9830410292327282e-07,sadio
7285.15625,1.5207475651690626e-07,sadio
7290.0390625,2.2223429399265184e-07,sadio
7294.921875,1.8407595309308686e-07,sadio
7299.8046875,2.043174943559628e-07,sadio
7304.6875,3.3009192637708325e-07,sadio
7309.5703125,2.915899523703627e-07,sadio
7314.453125,2.5190586842920835e-07,sadio
7319.3359375,2.2144663825681602e-07,sadio
7324.21875,1.6182152641636644e-07,sadio
7329.1015625,2.327568242258408e-07,sadio
7333.984375,2.6974168416531875e-07,sadio
7338.8671875,2.422243953326901e-07,sadio
7343.75,2.4058455775139897e-07,sadio
7348.6328125,2.2205251296165703e-07,sadio
7353.515625,2.434285803049601e-07,sadio
7358.3984375,2.546217739085944e-07,sadio
7363.28125,1.8485354793664294e-07,sadio
7368.1640625,2.3520533457396547e-07,sadio
7373.046875,2.285087882898924e-07,sadio
7377.9296875,2.3625287373522633e-07,sadio
7382.8125,2.6768190321773945e-07,sadio
7387.6953125,2.2903770443080252e-07,sadio
7392.578125,2.3379829064600774e-07,sadio
7397.4609375,2.5018374032907563e-07,sadio
7402.34375,2.6687876197171596e-07,sadio
7407.2265625,2.73225940547741e-07,sadio
7412.109375,3.283868250140712e-07,sadio
7416.9921875,3.1895302964612e-07,sadio
7421.875,3.2552827400824413e-07,sadio
7426.7578125,2.8330428650144693e-07,sadio
7431.640625,3.0010261988428495e-07,sadio
7436.5234375,2.760594074903791e-07,sadio
7441.40625,2.2008588520054133e-07,sadio
7446.2890625,1.817619984438173e-07,sadio
7451.171875,2.099029537001501e-07,sadio
7456.0546875,2.5057772621396584e-07,sadio
7460.9375,2.6484697302462433e-07,sadio
7465.8203125,2.189762362399248e-07,sadio
7470.703125,2.516767640350955e-07,sadio
7475.5859375,2.1521665494743166e-07,sadio
7480.46875,2.949194644211952e-07,sadio
7485.3515625,3.1054717535602934e-07,sadio
7490.234375,2.422110455721981e-07,sadio
7495.1171875,1.8827085696324453e-07,sadio
7500.0,2.461905320975267e-07,sadio
7504.8828125,2.5480280323180865e-07,sadio
7509.765625,2.475380478001014e-07,sadio
7514.6484375,2.9193343961202697e-07,sadio
7519.53125,1.8968614500178427e-07,sadio
7524.4140625,1.5525291026654497e-07,sadio
7529.296875,2.1839908950297259e-07,sadio
7534.1796875,2.134890511463565e-07,sadio
7539.0625,1.7459419520139902e-07,sadio
7543.9453125,1.6912823078736267e-07,sadio
7548.828125,1.797831015279028e-07,sadio
7553.7109375,1.9504980527438065e-07,sadio
7558.59375,2.9714230704321576e-07,sadio
7563.4765625,3.2664120114851937e-07,sadio
7568.359375,2.1917809290054594e-07,sadio
7573.2421875,2.8422192744374064e-07,sadio
7578.125,2.2568817517493788e-07,sadio
7583.0078125,2.1140441159516795e-07,sadio
7587.890625,2.961343519278565e-07,sadio
7592.7734375,3.5763464931507686e-07,sadio
7597.65625,2.902388994263347e-07,sadio
7602.5390625,2.831480066497204e-07,sadio
7607.421875,2.8864991419048616e-07,sadio
7612.3046875,3.009793715976929e-07,sadio
7617.1875,3.482612511168651e-07,sadio
7622.0703125,1.8456196711879957e-07,sadio
7626.953125,1.9606993431141988e-07,sadio
7631.8359375,1.936472294330515e-07,sadio
7636.71875,2.3949060260918376e-07,sadio
7641.6015625,1.7245481441700142e-07,sadio
7646.484375,1.2934548160715342e-07,sadio
7651.3671875,1.463115811449924e-07,sadio
7656.25,1.6800138550657784e-07,sadio
7661.1328125,2.0942903824231794e-07,sadio
7666.015625,2.249428219650766e-07,sadio
7670.8984375,3.862648748259844e-07,sadio
7675.78125,3.3371040113284924e-07,sadio
7680.6640625,3.4585837116057735e-07,sadio
7685.546875,3.103381677772116e-07,sadio
7690.4296875,2.0873978845757342e-07,sadio
7695.3125,3.221844099556418e-07,sadio
7700.1953125,2.8170893423070536e-07,sadio
7705.078125,2.6461040045878635e-07,sadio
7709.9609375,2.910133795288505e-07,sadio
7714.84375,2.3751490345965832e-07,sadio
7719.7265625,2.8342832430928725e-07,sadio
7724.609375,2.6511399369213826e-07,sadio
7729.4921875,2.068079265603346e-07,sadio
7734.375,1.1946198118274807e-07,sadio
7739.2578125,2.234579472116282e-07,sadio
7744.140625,3.1446819711778777e-07,sadio
7749.0234375,2.938782607738679e-07,sadio
7753.90625,3.117519022815683e-07,sadio
7758.7890625,2.516635334333604e-07,sadio
7763.671875,2.6507859359788437e-07,sadio
7768.5546875,3.413159631051195e-07,sadio
7773.4375,2.526829223937219e-07,sadio
7778.3203125,2.0182497598017568e-07,sadio
7783.203125,2.469821260471959e-07,sadio
7788.0859375,2.541693454573796e-07,sadio
7792.96875,2.909520532465374e-07,sadio
7797.8515625,2.3733297994647446e-07,sadio
7802.734375,1.6948356150740702e-07,sadio
7807.6171875,2.133226592561629e-07,sadio
7812.5,1.7489715788546775e-07,sadio
7817.3828125,1.5148419789956827e-07,sadio
7822.265625,2.323402352972058e-07,sadio
7827.1484375,2.6989182049206635e-07,sadio
7832.03125,2.816763092751393e-07,sadio
7836.9140625,1.9550216879767057e-07,sadio
7841.796875,1.944771248899298e-07,sadio
7846.6796875,2.5714276858861375e-07,sadio
7851.5625,2.2912852850386496e-07,sadio
7856.4453125,2.1322711346765117e-07,sadio
7861.328125,2.621157521848516e-07,sadio
7866.2109375,2.1029345258334266e-07,sadio
7871.09375,2.617734198865515e-07,sadio
7875.9765625,2.54687167500508e-07,sadio
7880.859375,2.535344163715039e-07,sadio
7885.7421875,2.701182827224801e-07,sadio
7890.625,3.5525997306796516e-07,sadio
7895.5078125,3.55643248495111e-07,sadio
7900.390625,3.5986475103803535e-07,sadio
7905.2734375,2.600652846741835e-07,sadio
7910.15625,2.1230612742489121e-07,sadio
7915.0390625,2.8688946464991563e-07,sadio
7919.921875,3.075238387441018e-07,sadio
7924.8046875,3.752259299458724e-07,sadio
7929.6875,4.3938162287019063e-07,sadio
7934.5703125,3.174834299220098e-07,sadio
7939.453125,1.9142777937856537e-07,sadio
7944.3359375,1.8979850751779183e-07,sadio
7949.21875,2.1500561793423674e-07,sadio
7954.1015625,2.0981665512067125e-07,sadio
7958.984375,2.6006230701173714e-07,sadio
7963.8671875,2.4694537500402365e-07,sadio
7968.75,2.292823112552523e-07,sadio
7973.6328125,2.0183948731543513e-07,sadio
7978.515625,1.8257708686958888e-07,sadio
7983.3984375,1.8785622457257278e-07,sadio
7988.28125,2.3414358157817841e-07,sadio
7993.1640625,2.7121116400790064e-07,sadio
7998.046875,3.7433907816084006e-07,sadio
0.0,7.105458137668696e-07,defeito
4.8828125,6.197191577459214e-07,defeito
9.765625,3.0905967323301217e-07,defeito
14.6484375,2.1627853536798778e-07,defeito
19.53125,5.563196202138188e-07,defeito
24.4140625,0.004605181326296129,defeito
29.296875,0.01703838364713364,defeito
34.1796875,0.003924012913967574,defeito
39.0625,5.996124279143499e-07,defeito
43.9453125,4.1385318592421467e-07,defeito
48.828125,4.463604518193395e-07,defeito
53.7109375,0.00044498586245565134,defeito
58.59375,0.0015209218313956521,defeito
63.4765625,0.00032476940973165717,defeito
68.359375,3.4245239571955455e-07,defeito
73.2421875,3.102413609921858e-07,defeito
78.125,4.414881883346928e-07,defeito
83.0078125,5.5979596817861645e-05,defeito
87.890625,0.00016942240164371527,defeito
92.7734375,3.3459509724550565e-05,defeito
97.65625,1.4358551216607908e-06,defeito
102.5390625,1.614810322217131e-05,defeito
107.421875,1.274058366057065e-05,defeito
112.3046875,5.054200263260428e-07,defeito
117.1875,2.1790529246960385e-07,defeito
122.0703125,2.7089591906244495e-07,defeito
126.953125,2.560581544122177e-07,defeito
131.8359375,2.1355326002911977e-07,defeito
136.71875,2.1266953309466508e-07,defeito
141.6015625,1.8230502417818608e-07,defeito
146.484375,2.316429513717403e-07,defeito
151.3671875,2.424946995408208e-07,defeito
156.25,1.7575688674493074e-07,defeito
161.1328125,2.2157920559730088e-07,defeito
166.015625,2.874779891674955e-07,defeito
170.8984375,2.9027466585354007e-07,defeito
175.78125,2.5808757884372307e-07,defeito
180.6640625,3.261871867913063e-07,defeito
185.546875,3.666779927920631e-07,defeito
190.4296875,2.8514698850029214e-07,defeito
195.3125,3.0708389780827915e-07,defeito
200.1953125,3.131670909955072e-07,defeito
205.078125,7.759083123620293e-06,defeito
209.9609375,1.9293849149811247e-05,defeito
214.84375,3.295228105173225e-06,defeito
219.7265625,3.101065771037172e-07,defeito
224.609375,2.545201796572553e-07,defeito
229.4921875,3.116781549900697e-07,defeito
234.375,2.899882952836171e-07,defeito
239.2578125,2.602617668032427e-07,defeito
244.140625,2.4870324988583577e-07,defeito
249.0234375,2.2110327621589722e-07,defeito
253.90625,3.2331735380567703e-07,defeito
258.7890625,2.7885220487115897e-07,defeito
263.671875,2.2886327870873198e-07,defeito
268.5546875,2.489294323855911e-07,defeito
273.4375,2.645855615791195e-07,defeito
278.3203125,2.5363527159743906e-07,defeito
283.203125,2.5189243288605676e-07,defeito
288.0859375,2.46898417833065e-07,defeito
292.96875,3.3278479059887734e-07,defeito
297.8515625,4.4525011721972833e-07,defeito
302.734375,3.4492722564472675e-07,defeito
307.6171875,2.2629114090462422e-06,defeito
312.5,1.881202123801553e-05,defeito
317.3828125,9.461628922134586e-06,defeito
322.265625,2.4680331839235776e-07,defeito
327.1484375,1.911618407001407e-07,defeito
332.03125,1.610293917684893e-07,defeito
336.9140625,1.8492901752452564e-07,defeito
341.796875,3.258889143431582e-07,defeito
346.6796875,3.2264817181577984e-07,defeito
351.5625,2.4640964985621515e-07,defeito
356.4453125,1.9154436538358664e-07,defeito
361.328125,2.250976228261919e-07,defeito
366.2109375,2.1450279153968366e-07,defeito
371.09375,2.132245402339882e-07,defeito
375.9765625,2.210884618741232e-07,defeito
380.859375,2.523381192141165e-07,defeito
385.7421875,3.5661983597094525e-07,defeito
390.625,4.330317380941706e-07,defeito
395.5078125,3.373935412704637e-07,defeito
400.390625,3.704912763065405e-07,defeito
405.2734375,2.527351860552633e-07,defeito
410.15625,6.227861413713969e-07,defeito
415.0390625,1.2567739172701197e-05,defeito
419.921875,1.815954122161108e-05,defeito
424.8046875,1.5094934407606604e-06,defeito
429.6875,3.6726245972551315e-07,defeito
434.5703125,1.8592471483100514e-07,defeito
439.453125,2.406272724008557e-07,defeito
444.3359375,2.6209193020749125e-07,defeito
449.21875,3.0952427210549887e-07,defeito
454.1015625,3.5158557616897305e-07,defeito
458.984375,3.976957656225175e-07,defeito
463.8671875,3.285933093388946e-07,defeito
468.75,2.661280549855672e-07,defeito
473.6328125,3.0252825261575336e-07,defeito
478.515625,2.61087666174004e-07,defeito
483.3984375,3.427719291598149e-07,defeito
488.28125,3.599257306579353e-07,defeito
493.1640625,3.476440215175225e-07,defeito
498.046875,4.0968201030080484e-07,defeito
502.9296875,3.949780023527188e-07,defeito
507.8125,3.6600758118748174e-07,defeito
512.6953125,2.976409688725604e-07,defeito
517.578125,4.430658945659523e-06,defeito
522.4609375,1.9869768353409772e-05,defeito
527.34375,6.281774223235293e-06,defeito
532.2265625,3.8284717071575356e-07,defeito
537.109375,3.012379711805028e-07,defeito
541.9921875,3.627020491619551e-07,defeito
546.875,3.310519382561505e-07,defeito
551.7578125,3.7182999714782054e-07,defeito
556.640625,3.804127649028777e-07,defeito
561.5234375,4.4225382891426523e-07,defeito
566.40625,4.7344210277469976e-07,defeito
571.2890625,2.5481488267816916e-07,defeito
576.171875,3.0312278377743316e-07,defeito
581.0546875,4.1519536316427725e-07,defeito
585.9375,4.0738097765634226e-07,defeito
590.8203125,2.6880805962765314e-07,defeito
595.703125,2.638041741507986e-07,defeito
600.5859375,4.025933632807256e-07,defeito
605.46875,5.360615220236951e-07,defeito
610.3515625,4.374050904548769e-07,defeito
615.234375,4.249012400524403e-07,defeito
620.1171875,1.531425898920891e-06,defeito
625.0,1.6239805185338006e-05,defeito
629.8828125,1.4983256073141989e-05,defeito
634.765625,7.020269457604506e-07,defeito
639.6484375,4.3863669631634234e-07,defeito
644.53125,4.486947914358568e-07,defeito
649.4140625,4.3513281310315675e-07,defeito
654.296875,5.675668241749409e-07,defeito
659.1796875,4.534571468592108e-07,defeito
664.0625,4.4302365717734126e-07,defeito
668.9453125,4.5701542100428875e-07,defeito
673.828125,4.4138519973881894e-07,defeito
678.7109375,4.419299685260911e-07,defeito
683.59375,4.014822946717697e-07,defeito
688.4765625,4.149009904850785e-07,defeito
693.359375,6.206272105098015e-07,defeito
698.2421875,6.166595362059056e-07,defeito
703.125,3.4755019350911336e-07,defeito
708.0078125,3.450272120014108e-07,defeito
712.890625,4.932278524056077e-07,defeito
717.7734375,6.602778764971433e-07,defeito
722.65625,5.69317657402018e-07,defeito
727.5390625,7.261232964117769e-06,defeito
732.421875,1.9110676018698507e-05,defeito
737.3046875,3.5525141730190882e-06,defeito
742.1875,4.918459753306858e-07,defeito
747.0703125,4.525277352864631e-07,defeito
751.953125,5.130391412894592e-07,defeito
756.8359375,6.578630757602462e-07,defeito
761.71875,4.926407675015904e-07,defeito
766.6015625,4.103431786551849e-07,defeito
771.484375,5.582571962385202e-07,defeito
776.3671875,6.574268997502766e-07,defeito
781.25,5.387188418599071e-07,defeito
786.1328125,5.129804927891575e-07,defeito
791.015625,5.713069150341576e-07,defeito
795.8984375,5.475636088512903e-07,defeito
800.78125,5.327974108005095e-07,defeito
805.6640625,6.654081319965528e-07,defeito
810.546875,6.101928421087216e-07,defeito
815.4296875,4.998740051958084e-07,defeito
820.3125,6.03644838094552e-07,defeito
825.1953125,4.793745937915705e-07,defeito
830.078125,2.248374672254827e-06,defeito
834.9609375,1.6245101724525584e-05,defeito
839.84375,9.90300782413695e-06,defeito
844.7265625,5.451372848814291e-07,defeito
849.609375,6.349973509845511e-07,defeito
854.4921875,7.046267070565792e-07,defeito
859.375,6.349373204415692e-07,defeito
864.2578125,5.906927328626295e-07,defeito
869.140625,6.543535364163165e-07,defeito
874.0234375,4.6575463177496676e-07,defeito
878.90625,5.25734680870341e-07,defeito
883.7890625,7.826308018923603e-07,defeito
888.671875,7.051360812179844e-07,defeito
893.5546875,7.966932793223596e-07,defeito
898.4375,7.612608810046799e-07,defeito
903.3203125,6.055496551581588e-07,defeito
908.203125,6.246059008138298e-07,defeito
913.0859375,5.925265186351307e-07,defeito
917.96875,7.024093617046828e-07,defeito
922.8515625,9.226054934027455e-07,defeito
927.734375,7.10760645331807e-07,defeito
932.6171875,9.222773839167671e-07,defeito
937.5,1.0350854872119427e-05,defeito
942.3828125,1.7298222839719817e-05,defeito
947.265625,2.290341191022593e-06,defeito
952.1484375,9.28147358312478e-07,defeito
957.03125,8.550488493368104e-07,defeito
961.9140625,8.692283269842727e-07,defeito
966.796875,7.22932860692122e-07,defeito
971.6796875,5.365229863110652e-07,defeito
976.5625,5.287333875314199e-07,defeito
981.4453125,6.846843242796432e-07,defeito
986.328125,8.355115536508848e-07,defeito
991.2109375,1.0407661104970611e-06,defeito
996.09375,7.314534722271539e-07,defeito
1000.9765625,6.756598232765378e-07,defeito
1005.859375,7.419001872216187e-07,defeito
1010.7421875,7.791013134444652e-07,defeito
1015.625,5.56487195277946e-07,defeito
1020.5078125,4.6807266421993656e-07,defeito
1025.390625,5.678189214582902e-07,defeito
1030.2734375,7.290749391827923e-07,defeito
1035.15625,9.198813488849586e-07,defeito
1040.0390625,4.238274626813817e-06,defeito
1044.921875,1.711677709307801e-05,defeito
1049.8046875,6.820617693516192e-06,defeito
1054.6875,8.581886813195637e-07,defeito
1059.5703125,7.293483158634423e-07,defeito
1064.453125,6.451893088557151e-07,defeito
1069.3359375,9.083277815722537e-07,defeito
1074.21875,7.663918499506871e-07,defeito
1079.1015625,7.948213573278343e-07,defeito
1083.984375,7.466613559179526e-07,defeito
1088.8671875,7.892918651039397e-07,defeito
1093.75,1.029758698383257e-06,defeito
1098.6328125,1.13391975762342e-06,defeito
1103.515625,9.795840701020358e-07,defeito
1108.3984375,7.294811414995403e-07,defeito
1113.28125,8.359624720695754e-07,defeito
1118.1640625,7.775363651879407e-07,defeito
1123.046875,8.672784250940626e-07,defeito
1127.9296875,8.854985625911274e-07,defeito
1132.8125,9.417651012889407e-07,defeito
1137.6953125,8.15981099831181e-07,defeito
1142.578125,1.7502116842229323e-06,defeito
1147.4609375,1.2592809632725445e-05,defeito
1152.34375,1.3510178784574265e-05,defeito
1157.2265625,1.0687105316231882e-06,defeito
1162.109375,1.0056124506733232e-06,defeito
1166.9921875,9.113413887665343e-07,defeito
1171.875,1.256938439081825e-06,defeito
1176.7578125,1.1971806175923374e-06,defeito
1181.640625,7.673611337300079e-07,defeito
1186.5234375,8.542940553536182e-07,defeito
1191.40625,1.4758417402346033e-06,defeito
1196.2890625,1.0968330517530984e-06,defeito
1201.171875,1.0020557716314792e-06,defeito
1206.0546875,1.0341978588468388e-06,defeito
1210.9375,1.1890081220901791e-06,defeito
1215.8203125,9.671988603555365e-07,defeito
1220.703125,7.992291995461068e-07,defeito
1225.5859375,5.548511186577036e-07,defeito
1230.46875,7.054994581004848e-07,defeito
1235.3515625,1.252101018262506e-06,defeito
1240.234375,1.2054219227411115e-06,defeito
1245.1171875,1.3662879369360546e-06,defeito
1250.0,7.164174286206343e-06,defeito
1254.8828125,1.729798568617851e-05,defeito
1259.765625,4.1079305849252565e-06,defeito
1264.6484375,1.1669939606582464e-06,defeito
1269.53125,9.250121784740953e-07,defeito
1274.4140625,1.3214909746299433e-06,defeito
1279.296875,1.3652085204273049e-06,defeito
1284.1796875,1.0054438334285119e-06,defeito
1289.0625,1.1149332218186824e-06,defeito
1293.9453125,1.2361493104455127e-06,defeito
1298.828125,1.1303339486043046e-06,defeito
1303.7109375,8.562820117559509e-07,defeito
1308.59375,1.2632619902867653e-06,defeito
1313.4765625,1.2187279029748846e-06,defeito
1318.359375,1.1103888972337369e-06,defeito
1323.2421875,1.0981187227600156e-06,defeito
1328.125,8.917983151773577e-07,defeito
1333.0078125,8.869880847906271e-07,defeito
1337.890625,9.96885913107811e-07,defeito
1342.7734375,1.0212675814742924e-06,defeito
1347.65625,1.1238887098661697e-06,defeito
1352.5390625,3.0795057517646972e-06,defeito
1357.421875,1.4177714318960895e-05,defeito
1362.3046875,1.0373629092850831e-05,defeito
1367.1875,1.348670065487346e-06,defeito
1372.0703125,9.434551887077176e-07,defeito
1376.953125,8.778838905942596e-07,defeito
1381.8359375,1.4476839326475091e-06,defeito
1386.71875,1.2907585290928268e-06,defeito
1391.6015625,1.0439258070775912e-06,defeito
1396.484375,1.0230381970933165e-06,defeito
1401.3671875,1.4798485829557185e-06,defeito
1406.25,1.2499667982930488e-06,defeito
1411.1328125,1.5592098517386135e-06,defeito
1416.015625,1.817930212353323e-06,defeito
1420.8984375,1.5386368433676944e-06,defeito
1425.78125,1.3116993463353912e-06,defeito
1430.6640625,1.2161837694438594e-06,defeito
1435.546875,1.054704986961986e-06,defeito
1440.4296875,9.96442158783779e-07,defeito
1445.3125,1.5755474845641306e-06,defeito
1450.1953125,1.2329926920267858e-06,defeito
1455.078125,1.3583636857318973e-06,defeito
1459.9609375,8.034533474176734e-06,defeito
1464.84375,1.4684700582880852e-05,defeito
1469.7265625,2.5347418937560615e-06,defeito
1474.609375,1.5587872366771699e-06,defeito
1479.4921875,1.6632960016210406e-06,defeito
1484.375,1.4149933651719805e-06,defeito
1489.2578125,1.6024737421129257e-06,defeito
1494.140625,1.2364322049187439e-06,defeito
1499.0234375,1.3412583332990392e-06,defeito
1503.90625,1.602996796929838e-06,defeito
1508.7890625,1.408442317028785e-06,defeito
1513.671875,1.1922681909374434e-06,defeito
1518.5546875,8.891083444941985e-07,defeito
1523.4375,1.273586135923856e-06,defeito
1528.3203125,1.2619651684145096e-06,defeito
1533.203125,9.134974974454181e-07,defeito
1538.0859375,8.281630316277947e-07,defeito
1542.96875,9.87498969322966e-07,defeito
1547.8515625,1.6761925301767067e-06,defeito
1552.734375,1.7525854496594613e-06,defeito
1557.6171875,1.3788106439882598e-06,defeito
1562.5,4.65401569647423e-06,defeito
1567.3828125,1.541760912110293e-05,defeito
1572.265625,6.985224251195465e-06,defeito
1577.1484375,1.1338478208870706e-06,defeito
1582.03125,1.3234783826984507e-06,defeito
1586.9140625,1.4924891342511506e-06,defeito
1591.796875,2.068411304851161e-06,defeito
1596.6796875,1.3623601082767214e-06,defeito
1601.5625,1.2662052682811596e-06,defeito
1606.4453125,1.808458641476696e-06,defeito
1611.328125,2.101949311944307e-06,defeito
1616.2109375,1.4511733736809125e-06,defeito
1621.09375,1.3547636403005776e-06,defeito
1625.9765625,1.3453396450997036e-06,defeito
1630.859375,1.4256603865845697e-06,defeito
1635.7421875,1.3516972111381173e-06,defeito
1640.625,1.3694083568455246e-06,defeito
1645.5078125,1.0658824184319722e-06,defeito
1650.390625,1.3513988674083373e-06,defeito
1655.2734375,2.2976974175291304e-06,defeito
1660.15625,1.4918038523127136e-06,defeito
1665.0390625,2.0809628671122168e-06,defeito
1669.921875,1.0520130464382718e-05,defeito
1674.8046875,1.1917546408184694e-05,defeito
1679.6875,2.2442327725543262e-06,defeito
1684.5703125,2.1643775198184336e-06,defeito
1689.453125,1.702713297735172e-06,defeito
1694.3359375,2.1078722730179773e-06,defeito
1699.21875,2.130331146031026e-06,defeito
1704.1015625,1.9350830698531403e-06,defeito
1708.984375,2.2696614321948865e-06,defeito
1713.8671875,2.146778365069927e-06,defeito
1718.75,1.6651867000842088e-06,defeito
1723.6328125,1.7379563016349275e-06,defeito
1728.515625,2.0981884992123503e-06,defeito
1733.3984375,1.9818686354477406e-06,defeito
1738.28125,1.7068886937658119e-06,defeito
1743.1640625,1.8276854650357933e-06,defeito
1748.046875,1.6434180522410603e-06,defeito
1752.9296875,1.4435847062696729e-06,defeito
1757.8125,2.2094121350313047e-06,defeito
1762.6953125,2.6593164910077142e-06,defeito
1767.578125,1.9638409831795454e-06,defeito
1772.4609375,5.845679305400067e-06,defeito
1777.34375,1.456974259588228e-05,defeito
1782.2265625,4.842430942086896e-06,defeito
1787.109375,1.7991214264054838e-06,defeito
1791.9921875,2.472977744104436e-06,defeito
1796.875,2.800470384092275e-06,defeito
1801.7578125,2.931203518385088e-06,defeito
1806.640625,1.7275147200073794e-06,defeito
1811.5234375,1.9151591808946346e-06,defeito
1816.40625,2.0390673447366144e-06,defeito
1821.2890625,2.0016094552963943e-06,defeito
1826.171875,1.6110785328242708e-06,defeito
1831.0546875,1.841136915670987e-06,defeito
1835.9375,2.179107546510454e-06,defeito
1840.8203125,2.141086302970927e-06,defeito
1845.703125,2.2305520194292937e-06,defeito
1850.5859375,2.098342823072527e-06,defeito
1855.46875,1.2133333677475457e-06,defeito
1860.3515625,1.719227804465532e-06,defeito
1865.234375,3.0970924229859864e-06,defeito
1870.1171875,1.5702187661182734e-06,defeito
1875.0,3.1374282544313397e-06,defeito
1879.8828125,1.240285701963226e-05,defeito
1884.765625,1.0292341467386479e-05,defeito
1889.6484375,2.276296819788592e-06,defeito
1894.53125,2.4536423232123037e-06,defeito
1899.4140625,2.5680236701703747e-06,defeito
1904.296875,3.2495855592576856e-06,defeito
1909.1796875,2.518740264966744e-06,defeito
1914.0625,1.799876405375646e-06,defeito
1918.9453125,2.303839685814403e-06,defeito
1923.828125,3.683487338935249e-06,defeito
1928.7109375,2.4965328676850723e-06,defeito
1933.59375,2.388294814224909e-06,defeito
1938.4765625,2.066157145742136e-06,defeito
1943.359375,2.039156278356189e-06,defeito
1948.2421875,2.107017064723187e-06,defeito
1953.125,2.2590371331578647e-06,defeito
1958.0078125,2.07052582072294e-06,defeito
1962.890625,1.988675636012607e-06,defeito
1967.7734375,2.882359511706187e-06,defeito
1972.65625,2.5136448165643055e-06,defeito
1977.5390625,2.3684806316982694e-06,defeito
1982.421875,7.5265878471774624e-06,defeito
1987.3046875,1.2774017776889109e-05,defeito
1992.1875,3.793863136859862e-06,defeito
1997.0703125,2.39808753070678e-06,defeito
2001.953125,2.615515620711992e-06,defeito
2006.8359375,3.2241532254829854e-06,defeito
2011.71875,3.326222429597266e-06,defeito
2016.6015625,2.188776141680424e-06,defeito
2021.484375,2.4652981232790508e-06,defeito
2026.3671875,3.6948565979942214e-06,defeito
2031.25,2.7307682738648107e-06,defeito
2036.1328125,1.7104869712162505e-06,defeito
2041.015625,2.345466483402292e-06,defeito
2045.8984375,2.6086106902298842e-06,defeito
2050.78125,2.142455415294613e-06,defeito
2055.6640625,2.130463208535596e-06,defeito
2060.546875,2.773157261171538e-06,defeito
2065.4296875,2.1431861578968022e-06,defeito
2070.3125,2.974112665554293e-06,defeito
2075.1953125,3.7967905810336647e-06,defeito
2080.078125,2.439602522244097e-06,defeito
2084.9609375,5.837077716947228e-06,defeito
2089.84375,1.3553937751308822e-05,defeito
2094.7265625,8.221970358796187e-06,defeito
2099.609375,3.3398579230641694e-06,defeito
2104.4921875,3.3735805193357917e-06,defeito
2109.375,3.307199381746274e-06,defeito
2114.2578125,4.483055746953436e-06,defeito
2119.140625,3.0716762941407683e-06,defeito
2124.0234375,2.7876788739290693e-06,defeito
2128.90625,3.0150311090645765e-06,defeito
2133.7890625,4.300703905245876e-06,defeito
2138.671875,2.6371031750054887e-06,defeito
2143.5546875,2.5515070195313135e-06,defeito
2148.4375,3.223530287456493e-06,defeito
2153.3203125,3.3551100571618437e-06,defeito
2158.203125,3.042790891391677e-06,defeito
2163.0859375,3.186939571407774e-06,defeito
2167.96875,2.3870305063016705e-06,defeito
2172.8515625,2.6740042039156103e-06,defeito
2177.734375,4.210602487897292e-06,defeito
2182.6171875,3.3790178643320714e-06,defeito
2187.5,3.600710845631701e-06,defeito
2192.3828125,1.0129065211422002e-05,defeito
2197.265625,1.1580525235482363e-05,defeito
2202.1484375,4.310491563958607e-06,defeito
2207.03125,4.1720580511259926e-06,defeito
2211.9140625,3.980367185559786e-06,defeito
2216.796875,5.595333365561839e-06,defeito
2221.6796875,4.264249517508965e-06,defeito
2226.5625,3.3763069569681345e-06,defeito
2231.4453125,3.446881191013002e-06,defeito
2236.328125,4.804418963217896e-06,defeito
2241.2109375,3.262036199695485e-06,defeito
2246.09375,2.9119022404899066e-06,defeito
2250.9765625,3.284778406795173e-06,defeito
2255.859375,3.2979694206807113e-06,defeito
2260.7421875,3.439079087718017e-06,defeito
2265.625,3.858415262858631e-06,defeito
2270.5078125,3.665760420700197e-06,defeito
2275.390625,3.125513355311151e-06,defeito
2280.2734375,4.29323290483273e-06,defeito
2285.15625,4.48550264223024e-06,defeito
2290.0390625,3.2359379711762138e-06,defeito
2294.921875,8.390765729600332e-06,defeito
2299.8046875,1.4960154204195661e-05,defeito
2304.6875,6.930034811190719e-06,defeito
2309.5703125,4.564908704586755e-06,defeito
2314.453125,4.190576960239359e-06,defeito
2319.3359375,5.127929084707385e-06,defeito
2324.21875,6.569916501617343e-06,defeito
2329.1015625,3.95217948923196e-06,defeito
2333.984375,3.6044878711091187e-06,defeito
2338.8671875,4.1202765580224015e-06,defeito
2343.75,5.272703069326311e-06,defeito
2348.6328125,2.8833275093458026e-06,defeito
2353.515625,3.1576628548041083e-06,defeito
2358.3984375,4.308289279041602e-06,defeito
2363.28125,4.4569453687232966e-06,defeito
2368.1640625,3.896250429264083e-06,defeito
2373.046875,4.470973825365331e-06,defeito
2377.9296875,3.7311619146504794e-06,defeito
2382.8125,4.168876568961614e-06,defeito
2387.6953125,6.189711885002924e-06,defeito
2392.578125,4.315060559404947e-06,defeito
2397.4609375,6.2459223153396614e-06,defeito
2402.34375,1.3033973136927249e-05,defeito
2407.2265625,1.1869768767750686e-05,defeito
2412.109375,6.376384181272406e-06,defeito
2416.9921875,5.9932488367184146e-06,defeito
2421.875,6.373793583739316e-06,defeito
2426.7578125,9.60569071253194e-06,defeito
2431.640625,6.734250675753758e-06,defeito
2436.5234375,4.161394668934759e-06,defeito
2441.40625,4.522516675631246e-06,defeito
2446.2890625,6.686955153759056e-06,defeito
2451.171875,3.855197937866015e-06,defeito
2456.0546875,4.062188804584653e-06,defeito
2460.9375,4.503875507215056e-06,defeito
2465.8203125,5.142204869640187e-06,defeito
2470.703125,5.06904953912806e-06,defeito
2475.5859375,5.452062213221043e-06,defeito
2480.46875,5.977341204818915e-06,defeito
2485.3515625,4.7227195499980905e-06,defeito
2490.234375,6.425617237523908e-06,defeito
2495.1171875,5.748647063784715e-06,defeito
2500.0,5.742184154364397e-06,defeito
2504.8828125,1.2794323792488577e-05,defeito
2509.765625,1.6190587135650854e-05,defeito
2514.6484375,8.460624706103537e-06,defeito
2519.53125,7.178062174834327e-06,defeito
2524.4140625,7.252448504459274e-06,defeito
2529.296875,9.204423931001586e-06,defeito
2534.1796875,8.387088881288849e-06,defeito
2539.0625,5.158777531462924e-06,defeito
2543.9453125,5.5434122416508576e-06,defeito
2548.828125,7.632735742693689e-06,defeito
2553.7109375,7.149015419420042e-06,defeito
2558.59375,3.851933291945151e-06,defeito
2563.4765625,4.957627304867242e-06,defeito
2568.359375,5.617202240260096e-06,defeito
2573.2421875,5.331841115074292e-06,defeito
2578.125,5.974563269532129e-06,defeito
2583.0078125,7.190577360793799e-06,defeito
2587.890625,6.070546508690745e-06,defeito
2592.7734375,7.915526952949864e-06,defeito
2597.65625,9.612725528233788e-06,defeito
2602.5390625,6.262553969811797e-06,defeito
2607.421875,1.019195259791059e-05,defeito
2612.3046875,1.6006796001424008e-05,defeito
2617.1875,1.2581679106296312e-05,defeito
2622.0703125,9.681560972937737e-06,defeito
2626.953125,8.63549944073875e-06,defeito
2631.8359375,9.875479359592266e-06,defeito
2636.71875,1.2162023629982893e-05,defeito
2641.6015625,7.113914497240178e-06,defeito
2646.484375,6.950687657180695e-06,defeito
2651.3671875,7.086831482602065e-06,defeito
2656.25,9.919967654244138e-06,defeito
2661.1328125,5.678041063281011e-06,defeito
2666.015625,5.880781214009996e-06,defeito
2670.8984375,7.377959229861754e-06,defeito
2675.78125,7.511594868563413e-06,defeito
2680.6640625,7.649951978711538e-06,defeito
2685.546875,8.848032297436502e-06,defeito
2690.4296875,8.603724519911726e-06,defeito
2695.3125,8.376930513210144e-06,defeito
2700.1953125,1.0897117359764977e-05,defeito
2705.078125,8.143699651644476e-06,defeito
2709.9609375,9.894812296379076e-06,defeito
2714.84375,1.7069661315533268e-05,defeito
2719.7265625,1.7563640789646924e-05,defeito
2724.609375,1.2350028788014343e-05,defeito
2729.4921875,1.1362851524494871e-05,defeito
2734.375,1.0162148774967513e-05,defeito
2739.2578125,1.4027313668085173e-05,defeito
2744.140625,1.1955494948432318e-05,defeito
2749.0234375,8.968900489028251e-06,defeito
2753.90625,9.612145347285645e-06,defeito
2758.7890625,1.2164106109839803e-05,defeito
2763.671875,8.577326591014814e-06,defeito
2768.5546875,6.6487603401800516e-06,defeito
2773.4375,8.753647691281966e-06,defeito
2778.3203125,8.018982843498014e-06,defeito
2783.203125,7.912439316845285e-06,defeito
2788.0859375,1.0571225408850362e-05,defeito
2792.96875,1.2396192890918998e-05,defeito
2797.8515625,9.549534612690776e-06,defeito
2802.734375,1.2160193660276096e-05,defeito
2807.6171875,1.3525504554423378e-05,defeito
2812.5,9.678671487563281e-06,defeito
2817.3828125,1.8071952929791273e-05,defeito
2822.265625,2.150159292549639e-05,defeito
2827.1484375,1.6878597719502443e-05,defeito
2832.03125,1.457811356511745e-05,defeito
2836.9140625,1.3563465598827175e-05,defeito
2841.796875,1.717316973066657e-05,defeito
2846.6796875,2.0166532573468043e-05,defeito
2851.5625,1.1534039593535409e-05,defeito
2856.4453125,1.2835840514491007e-05,defeito
2861.328125,1.2331017375207074e-05,defeito
2866.2109375,1.3304244841598613e-05,defeito
2871.09375,7.005269090775892e-06,defeito
2875.9765625,9.601644474988174e-06,defeito
2880.859375,1.2605768143880316e-05,defeito
2885.7421875,1.2699531645169391e-05,defeito
2890.625,1.2625840367128697e-05,defeito
2895.5078125,1.4981865269187254e-05,defeito
2900.390625,1.4687474067296708e-05,defeito
2905.2734375,1.288087049709196e-05,defeito
2910.15625,1.7410363196757226e-05,defeito
2915.0390625,1.2119475593564324e-05,defeito
2919.921875,1.985683434154934e-05,defeito
2924.8046875,2.6543477807287632e-05,defeito
2929.6875,2.5072598129183657e-05,defeito
2934.5703125,2.3176997563548496e-05,defeito
2939.453125,2.2138483210473534e-05,defeito
2944.3359375,2.0642493661070023e-05,defeito
2949.21875,2.9522181878989906e-05,defeito
2954.1015625,2.053311978447301e-05,defeito
2958.984375,1.6821929460021498e-05,defeito
2963.8671875,1.649264841202872e-05,defeito
2968.75,2.177162597628817e-05,defeito
2973.6328125,1.372361429366926e-05,defeito
2978.515625,1.2391974562678584e-05,defeito
2983.3984375,1.573613341316475e-05,defeito
2988.28125,1.578158098555083e-05,defeito
2993.1640625,1.668812893232459e-05,defeito
2998.046875,2.04062897437724e-05,defeito
3002.9296875,2.183102775723467e-05,defeito
3007.8125,1.8817959468571328e-05,defeito
3012.6953125,2.2046337608256264e-05,defeito
3017.578125,2.0459373401156036e-05,defeito
3022.4609375,2.0227057531053426e-05,defeito
3027.34375,3.781646081089944e-05,defeito
3032.2265625,3.414192997367203e-05,defeito
3037.109375,3.023784200664686e-05,defeito
3041.9921875,2.873033179674996e-05,defeito
3046.875,2.6233073457819208e-05,defeito
3051.7578125,3.696247290037621e-05,defeito
3056.640625,3.8833990873013745e-05,defeito
3061.5234375,2.397706838370906e-05,defeito
3066.40625,2.4818736239679108e-05,defeito
3071.2890625,2.7825735304662473e-05,defeito
3076.171875,2.8627257282612206e-05,defeito
3081.0546875,1.5720291605447727e-05,defeito
3085.9375,2.3426014208511103e-05,defeito
3090.8203125,2.3809062444842776e-05,defeito
3095.703125,2.1206321263913296e-05,defeito
3100.5859375,2.7906951407607482e-05,defeito
3105.46875,3.553780712207943e-05,defeito
3110.3515625,3.098221541881431e-05,defeito
3115.234375,3.110592644540589e-05,defeito
3120.1171875,3.7332112795139156e-05,defeito
3125.0,2.562506552325287e-05,defeito
3129.8828125,4.866858795387501e-05,defeito
3134.765625,5.07366392620744e-05,defeito
3139.6484375,4.7412962342648216e-05,defeito
3144.53125,4.9287377125888654e-05,defeito
3149.4140625,4.803570082206735e-05,defeito
3154.296875,5.102010665754955e-05,defeito
3159.1796875,6.837289523033164e-05,defeito
3164.0625,4.387212963224321e-05,defeito
3168.9453125,4.421337947945327e-05,defeito
3173.828125,4.0763514183944326e-05,defeito
3178.7109375,5.410380715086745e-05,defeito
3183.59375,2.9435546085529866e-05,defeito
3188.4765625,3.1323267842708094e-05,defeito
3193.359375,3.7732096254817035e-05,defeito
3198.2421875,3.558874806796796e-05,defeito
3203.125,4.3211013724729405e-05,defeito
3208.0078125,5.4503724744503516e-05,defeito
3212.890625,5.667869873559356e-05,defeito
3217.7734375,5.0747441505027694e-05,defeito
3222.65625,6.3256457512681e-05,defeito
3227.5390625,5.105367203192194e-05,defeito
3232.421875,6.476394740734957e-05,defeito
3237.3046875,9.148172432424239e-05,defeito
3242.1875,7.49014354754565e-05,defeito
3247.0703125,8.343312799454291e-05,defeito
3251.953125,8.556730915173843e-05,defeito
3256.8359375,7.961074573366256e-05,defeito
3261.71875,0.00011266494634261232,defeito
3266.6015625,9.932982044555551e-05,defeito
3271.484375,7.555741492141994e-05,defeito
3276.3671875,7.759846889017766e-05,defeito
3281.25,8.63946615277041e-05,defeito
3286.1328125,7.491022902078022e-05,defeito
3291.015625,5.070443556083236e-05,defeito
3295.8984375,7.297235030410994e-05,defeito
3300.78125,7.131480373621387e-05,defeito
3305.6640625,7.227948091506987e-05,defeito
3310.546875,0.00010314983788059334,defeito
3315.4296875,0.0001165791517011126,defeito
3320.3125,0.00010294311918480134,defeito
3325.1953125,0.00011091270146918531,defeito
3330.078125,0.00012121365499906729,defeito
3334.9609375,9.195412784336042e-05,defeito
3339.84375,0.0001825858003784957,defeito
3344.7265625,0.00014826988758153946,defeito
3349.609375,0.00015702193039878636,defeito
3354.4921875,0.00018208637239167149,defeito
3359.375,0.00016798364487282766,defeito
3364.2578125,0.00019690961589156918,defeito
3369.140625,0.00024350220512070673,defeito
3374.0234375,0.00016485109165347063,defeito
3378.90625,0.0001780417827712283,defeito
3383.7890625,0.00015893862188542606,defeito
3388.671875,0.00019784530692528983,defeito
3393.5546875,0.00010756988107855224,defeito
3398.4375,0.0001497479140034708,defeito
3403.3203125,0.00016593376908480574,defeito
3408.203125,0.00014557169617851923,defeito
3413.0859375,0.0002044303809765869,defeito
3417.96875,0.00024391102784892345,defeito
3422.8515625,0.0002486145435949172,defeito
3427.734375,0.00022171473186866433,defeito
3432.6171875,0.0002651597405248639,defeito
3437.5,0.00019684925733174697,defeito
3442.3828125,0.0003220149967844757,defeito
3447.265625,0.00033897835107697254,defeito
3452.1484375,0.00028602112481818575,defeito
3457.03125,0.00036539131420410833,defeito
3461.9140625,0.0003717434809656881,defeito
3466.796875,0.0003467072938649808,defeito
3471.6796875,0.0004710140316785881,defeito
3476.5625,0.0003770559543584106,defeito
3481.4453125,0.00033282747446859197,defeito
3486.328125,0.0002892813779720862,defeito
3491.2109375,0.00032108775267142205,defeito
3496.09375,0.00024598796474037263,defeito
3500.9765625,0.0001993786043010627,defeito
3505.859375,0.00026281974691850146,defeito
3510.7421875,0.00022980194456588337,defeito
3515.625,0.00024922409267983466,defeito
3520.5078125,0.00032657779802485056,defeito
3525.390625,0.0003331234768636975,defeito
3530.2734375,0.00028687794908450093,defeito
3535.15625,0.0002943280475659626,defeito
3540.0390625,0.0002695852001098803,defeito
3544.921875,0.000246761445554257,defeito
3549.8046875,0.0003925079017944933,defeito
3554.6875,0.0002506141951583625,defeito
3559.5703125,0.00029660241484178357,defeito
3564.453125,0.0003282922926801811,defeito
3569.3359375,0.000282744679663399,defeito
3574.21875,0.0003155208657109189,defeito
3579.1015625,0.00032223546449769235,defeito
3583.984375,0.00022471919577271235,defeito
3588.8671875,0.00022722169098747535,defeito
3593.75,0.0001804756843205607,defeito
3598.6328125,0.00019452073248509542,defeito
3603.515625,0.00011375576866960413,defeito
3608.3984375,0.0001492468250196003,defeito
3613.28125,0.00014344804126056475,defeito
3618.1640625,0.00011606098407565657,defeito
3623.046875,0.00016204798171430898,defeito
3627.9296875,0.00016525774689557981,defeito
3632.8125,0.0001568451788573731,defeito
3637.6953125,0.0001362294205657705,defeito
3642.578125,0.00013951818208860568,defeito
3647.4609375,9.591587071429562e-05,defeito
3652.34375,0.00017311135227621315,defeito
3657.2265625,0.0001293303453072413,defeito
3662.109375,0.00011585681212644024,defeito
3666.9921875,0.00014889001342809524,defeito
3671.875,0.0001382751655435071,defeito
3676.7578125,0.00012737721220693453,defeito
3681.640625,0.00015265832004724073,defeito
3686.5234375,0.00011379006523476526,defeito
3691.40625,0.00011045538652343847,defeito
3696.2890625,8.230750620701764e-05,defeito
3701.171875,8.735190495155748e-05,defeito
3706.0546875,6.295141423359897e-05,defeito
3710.9375,6.003508295950969e-05,defeito
3715.8203125,6.81131904407116e-05,defeito
3720.703125,5.472364422856724e-05,defeito
3725.5859375,6.666974734931557e-05,defeito
3730.46875,7.63157334089483e-05,defeito
3735.3515625,7.414815781327925e-05,defeito
3740.234375,6.502897834542089e-05,defeito
3745.1171875,6.538935301141977e-05,defeito
3750.0,5.152569446354132e-05,defeito
3754.8828125,6.170525702306466e-05,defeito
3759.765625,7.816459419464396e-05,defeito
3764.6484375,4.798711547127781e-05,defeito
3769.53125,6.703120091346038e-05,defeito
3774.4140625,7.374566479581228e-05,defeito
3779.296875,6.233948459174057e-05,defeito
3784.1796875,6.896523106204323e-05,defeito
3789.0625,6.361082016244697e-05,defeito
3793.9453125,5.2993344444877635e-05,defeito
3798.828125,4.722497708956249e-05,defeito
3803.7109375,4.01873515072003e-05,defeito
3808.59375,4.214746062038289e-05,defeito
3813.4765625,2.963492429490644e-05,defeito
3818.359375,3.722241739058675e-05,defeito
3823.2421875,3.299919393871967e-05,defeito
3828.125,3.099792000435876e-05,defeito
3833.0078125,4.3354905343056395e-05,defeito
3837.890625,3.889778248586545e-05,defeito
3842.7734375,3.770930868772005e-05,defeito
3847.65625,3.526685083099627e-05,defeito
3852.5390625,3.382017693656374e-05,defeito
3857.421875,2.4838642163218317e-05,defeito
3862.3046875,4.66987805811401e-05,defeito
3867.1875,2.8323573303471316e-05,defeito
3872.0703125,3.075373275512166e-05,defeito
3876.953125,4.221064464950567e-05,defeito
3881.8359375,3.730309196138987e-05,defeito
3886.71875,3.783437493596618e-05,defeito
3891.6015625,4.155892425166042e-05,defeito
3896.484375,3.158228162627169e-05,defeito
3901.3671875,3.2227441280372935e-05,defeito
3906.25,2.4165516525889124e-05,defeito
3911.1328125,2.729056942874595e-05,defeito
3916.015625,1.7312627647523838e-05,defeito
3920.8984375,2.0418237209400546e-05,defeito
3925.78125,2.1395134034662656e-05,defeito
3930.6640625,1.6673875613445372e-05,defeito
3935.546875,2.346246459748214e-05,defeito
3940.4296875,2.5323260550279554e-05,defeito
3945.3125,2.526265068067197e-05,defeito
3950.1953125,2.4110424136888105e-05,defeito
3955.078125,2.10303832062867e-05,defeito
3959.9609375,1.4711892093253346e-05,defeito
3964.84375,2.464009273844892e-05,defeito
3969.7265625,2.340769877739588e-05,defeito
3974.609375,1.6322303491809192e-05,defeito
3979.4921875,2.491682855403803e-05,defeito
3984.375,2.513344524751651e-05,defeito
3989.2578125,2.2146611016692474e-05,defeito
3994.140625,2.4103268769820764e-05,defeito
3999.0234375,2.2063889832645907e-05,defeito
4003.90625,2.1736880124839955e-05,defeito
4008.7890625,1.668484034913486e-05,defeito
4013.671875,1.4846297982805489e-05,defeito
4018.5546875,1.596540148770605e-05,defeito
4023.4375,1.2239298496660333e-05,defeito
4028.3203125,1.601481959902312e-05,defeito
4033.203125,1.327337650787829e-05,defeito
4038.0859375,1.3623695803592884e-05,defeito
4042.96875,1.7014459454856322e-05,defeito
4047.8515625,1.5481779992488173e-05,defeito
4052.734375,1.5912598626662457e-05,defeito
4057.6171875,1.5474730173776353e-05,defeito
4062.5,1.3570286768190285e-05,defeito
4067.3828125,1.2815332053786036e-05,defeito
4072.265625,2.0168705545566138e-05,defeito
4077.1484375,9.884785161799478e-06,defeito
4082.03125,1.3176329818565527e-05,defeito
4086.9140625,1.7476127766875066e-05,defeito
4091.796875,1.5226659071821866e-05,defeito
4096.6796875,1.5286349837549526e-05,defeito
4101.5625,1.604900914630406e-05,defeito
4106.4453125,1.4925303269656067e-05,defeito
4111.328125,1.5278543607264673e-05,defeito
4116.2109375,1.0153086730814473e-05,defeito
4121.09375,1.066872825841802e-05,defeito
4125.9765625,8.515320150861472e-06,defeito
4130.859375,1.0371624624492218e-05,defeito
4135.7421875,1.0314239146403765e-05,defeito
4140.625,8.661294633513642e-06,defeito
4145.5078125,1.1371326432149478e-05,defeito
4150.390625,1.0364046489100065e-05,defeito
4155.2734375,1.0839313451863292e-05,defeito
4160.15625,1.149773389322906e-05,defeito
4165.0390625,1.0467778807254676e-05,defeito
4169.921875,7.723330713404203e-06,defeito
4174.8046875,1.3329691430430264e-05,defeito
4179.6875,8.72907801493795e-06,defeito
4184.5703125,8.450644535310823e-06,defeito
4189.453125,1.2873946188503318e-05,defeito
4194.3359375,1.1561713243438145e-05,defeito
4199.21875,1.1325484433434055e-05,defeito
4204.1015625,1.1665949894652977e-05,defeito
4208.984375,1.1453212624370673e-05,defeito
4213.8671875,1.2013109978143361e-05,defeito
4218.75,7.568823894459946e-06,defeito
4223.6328125,7.505928245924772e-06,defeito
4228.515625,7.559286808029324e-06,defeito
4233.3984375,7.131732190898984e-06,defeito
4238.28125,8.78385349466658e-06,defeito
4243.1640625,7.228398688960488e-06,defeito
4248.046875,7.955740102470179e-06,defeito
4252.9296875,9.412653014303829e-06,defeito
4257.8125,8.220412246149895e-06,defeito
4262.6953125,8.432552738429657e-06,defeito
4267.578125,8.365160856468282e-06,defeito
4272.4609375,6.5805479785467734e-06,defeito
4277.34375,7.858419524556336e-06,defeito
4282.2265625,8.989308146743661e-06,defeito
4287.109375,4.672983696266737e-06,defeito
4291.9921875,8.17529291233024e-06,defeito
4296.875,9.607092528127248e-06,defeito
4301.7578125,8.477490032067808e-06,defeito
4306.640625,7.767032873306587e-06,defeito
4311.5234375,7.432654402170679e-06,defeito
4316.40625,8.667917842379198e-06,defeito
4321.2890625,7.70478297826908e-06,defeito
4326.171875,5.189236266257525e-06,defeito
4331.0546875,6.251882658449076e-06,defeito
4335.9375,4.867498989585511e-06,defeito
4340.8203125,5.958972206685808e-06,defeito
4345.703125,6.440053924182675e-06,defeito
4350.5859375,5.56988011220513e-06,defeito
4355.46875,7.222779168911964e-06,defeito
4360.3515625,5.997133116921827e-06,defeito
4365.234375,6.505716634768176e-06,defeito
4370.1171875,6.7884529749091876e-06,defeito
4375.0,5.276672791489024e-06,defeito
4379.8828125,3.872953612348464e-06,defeito
4384.765625,7.758438462103853e-06,defeito
4389.6484375,4.183150520225535e-06,defeito
4394.53125,4.758297467317081e-06,defeito
4399.4140625,7.522097298417014e-06,defeito
4404.296875,7.175307187327821e-06,defeito
4409.1796875,6.7436031856544195e-06,defeito
4414.0625,6.7232682380641075e-06,defeito
4418.9453125,7.340449730739973e-06,defeito
4423.828125,7.365513262316158e-06,defeito
4428.7109375,4.4957954024204335e-06,defeito
4433.59375,4.504650755960115e-06,defeito
4438.4765625,4.209044867066763e-06,defeito
4443.359375,4.612072977429359e-06,defeito
4448.2421875,5.7309801873329425e-06,defeito
4453.125,4.914127767764356e-06,defeito
4458.0078125,6.094832915442723e-06,defeito
4462.890625,5.881682580874991e-06,defeito
4467.7734375,5.584085886890541e-06,defeito
4472.65625,5.4583191203502115e-06,defeito
4477.5390625,4.598334546573113e-06,defeito
4482.421875,3.6190701192311607e-06,defeito
4487.3046875,5.499906350214457e-06,defeito
4492.1875,4.988060484676983e-06,defeito
4497.0703125,3.373130689556445e-06,defeito
4501.953125,6.2916341547214875e-06,defeito
4506.8359375,6.054118755917719e-06,defeito
4511.71875,4.921934700775121e-06,defeito
4516.6015625,4.601063599450979e-06,defeito
4521.484375,4.942564873694747e-06,defeito
4526.3671875,5.940825818862386e-06,defeito
4531.25,4.485551595593355e-06,defeito
4536.1328125,3.10569081263847e-06,defeito
4541.015625,3.938201883854772e-06,defeito
4545.8984375,2.788593732458964e-06,defeito
4550.78125,3.881216560422167e-06,defeito
4555.6640625,4.269845441037006e-06,defeito
4560.546875,4.410404579817207e-06,defeito
4565.4296875,5.542411327561131e-06,defeito
4570.3125,4.712449204585317e-06,defeito
4575.1953125,4.8471501193167776e-06,defeito
4580.078125,4.079822190656367e-06,defeito
4584.9609375,3.227242273403705e-06,defeito
4589.84375,3.5879907721666704e-06,defeito
4594.7265625,5.0761180928587105e-06,defeito
4599.609375,2.508967507496126e-06,defeito
4604.4921875,3.4786624332624466e-06,defeito
4609.375,5.041643844725272e-06,defeito
4614.2578125,4.1281146822773915e-06,defeito
4619.140625,4.18778636724583e-06,defeito
4624.0234375,4.09343515604896e-06,defeito
4628.90625,4.599213900767693e-06,defeito
4633.7890625,4.103040514471003e-06,defeito
4638.671875,2.8600174591615983e-06,defeito
4643.5546875,3.067740477396017e-06,defeito
4648.4375,2.7357925580690442e-06,defeito
4653.3203125,3.3490498547305916e-06,defeito
4658.203125,4.0876045679429135e-06,defeito
4663.0859375,3.4069618012203437e-06,defeito
4667.96875,3.905491344178284e-06,defeito
4672.8515625,3.1478667102101613e-06,defeito
4677.734375,4.138593708715066e-06,defeito
4682.6171875,3.864274203936399e-06,defeito
4687.5,2.911375498499098e-06,defeito
4692.3828125,2.5550038469161943e-06,defeito
4697.265625,4.186054957579095e-06,defeito
4702.1484375,3.159787069482402e-06,defeito
4707.03125,2.2921715814819444e-06,defeito
4711.9140625,3.889756407811731e-06,defeito
4716.796875,3.896671713236563e-06,defeito
4721.6796875,3.166979903841925e-06,defeito
4726.5625,3.077265962164221e-06,defeito
4731.4453125,4.007753909386298e-06,defeito
4736.328125,4.3695131603328184e-06,defeito
4741.2109375,2.8100412594639865e-06,defeito
4746.09375,2.2794097486617444e-06,defeito
4750.9765625,3.0029778238392364e-06,defeito
4755.859375,3.2373772015259426e-06,defeito
4760.7421875,3.927034324962059e-06,defeito
4765.625,3.1415609923000865e-06,defeito
4770.5078125,3.3058962976940046e-06,defeito
4775.390625,4.119760893899964e-06,defeito
4780.2734375,3.1407229668892914e-06,defeito
4785.15625,3.702746652748365e-06,defeito
4790.0390625,2.8934689549324526e-06,defeito
4794.921875,1.955976612973296e-06,defeito
4799.8046875,2.5646868743245396e-06,defeito
4804.6875,3.2008557557064096e-06,defeito
4809.5703125,1.642231119572553e-06,defeito
4814.453125,2.733185727675724e-06,defeito
4819.3359375,3.4829279919059214e-06,defeito
4824.21875,3.0111812060376115e-06,defeito
4829.1015625,2.942614999104802e-06,defeito
4833.984375,2.7996478128213366e-06,defeito
4838.8671875,3.753232415729999e-06,defeito
4843.75,3.0389706697248042e-06,defeito
4848.6328125,2.014359476671895e-06,defeito
4853.515625,2.6475718857995235e-06,defeito
4858.3984375,2.4418513713843376e-06,defeito
4863.28125,2.9830716444267614e-06,defeito
4868.1640625,3.17010683308048e-06,defeito
4873.046875,2.5444733021408585e-06,defeito
4877.9296875,3.0963844946803788e-06,defeito
4882.8125,2.7783162018891397e-06,defeito
4887.6953125,2.834441118644059e-06,defeito
4892.578125,2.837170202910362e-06,defeito
4897.4609375,1.8646879988066218e-06,defeito
4902.34375,1.929420525061008e-06,defeito
4907.2265625,3.62351315651887e-06,defeito
4912.109375,2.2103961482991374e-06,defeito
4916.9921875,1.5121348854459028e-06,defeito
4921.875,2.6818627454887532e-06,defeito
4926.7578125,2.996490877940984e-06,defeito
4931.640625,2.7089585523896985e-06,defeito
4936.5234375,1.926132298875971e-06,defeito
4941.40625,3.1111424121812158e-06,defeito
4946.2890625,3.2937146426579573e-06,defeito
4951.171875,2.070327394636944e-06,defeito
4956.0546875,1.9041850026233304e-06,defeito
4960.9375,1.7982741582197185e-06,defeito
4965.8203125,2.1055678785081803e-06,defeito
4970.703125,2.4779863413140313e-06,defeito
4975.5859375,2.2825459443779334e-06,defeito
4980.46875,2.4072108241121682e-06,defeito
4985.3515625,2.6892297921930313e-06,defeito
4990.234375,2.5327151912105297e-06,defeito
4995.1171875,2.913713436666696e-06,defeito
5000.0,1.8447398950146362e-06,defeito
5004.8828125,1.7098209377285842e-06,defeito
5009.765625,2.390742388236582e-06,defeito
5014.6484375,2.223803167360868e-06,defeito
5019.53125,1.2575051365549453e-06,defeito
5024.4140625,2.487894876266865e-06,defeito
5029.296875,2.5016247500044563e-06,defeito
5034.1796875,1.9549509963582187e-06,defeito
5039.0625,2.052537680222887e-06,defeito
5043.9453125,1.9709291224133762e-06,defeito
5048.828125,2.6249990414763117e-06,defeito
5053.7109375,1.687403187694724e-06,defeito
5058.59375,1.2293212560702295e-06,defeito
5063.4765625,1.657843773518568e-06,defeito
5068.359375,1.6027089033380647e-06,defeito
5073.2421875,2.6346724851459573e-06,defeito
5078.125,2.6221763759703555e-06,defeito
5083.0078125,2.1966471188906267e-06,defeito
5087.890625,2.537992665126504e-06,defeito
5092.7734375,2.1798467978713785e-06,defeito
5097.65625,2.574795381579038e-06,defeito
5102.5390625,2.0862459281794856e-06,defeito
5107.421875,1.2336204861937102e-06,defeito
5112.3046875,1.2586824011166044e-06,defeito
5117.1875,2.154126929518888e-06,defeito
5122.0703125,9.793222408540562e-07,defeito
5126.953125,1.6017480962991854e-06,defeito
5131.8359375,2.4974197965759572e-06,defeito
5136.71875,1.8563999730045068e-06,defeito
5141.6015625,2.09776429618125e-06,defeito
5146.484375,1.8331797131339698e-06,defeito
5151.3671875,2.197476949881323e-06,defeito
5156.25,2.114687934673052e-06,defeito
5161.1328125,1.5337744354064102e-06,defeito
5166.015625,1.5945734309165599e-06,defeito
5170.8984375,1.882935764760073e-06,defeito
5175.78125,2.048168141882663e-06,defeito
5180.6640625,2.235448219536017e-06,defeito
5185.546875,2.2477972788918787e-06,defeito
5190.4296875,2.0798426367813176e-06,defeito
5195.3125,1.9249491076137837e-06,defeito
5200.1953125,1.8890935298629101e-06,defeito
5205.078125,2.020450908042076e-06,defeito
5209.9609375,1.58143439487371e-06,defeito
5214.84375,1.351789017561547e-06,defeito
5219.7265625,1.9152858012835855e-06,defeito
5224.609375,1.7790870159512718e-06,defeito
5229.4921875,1.0611877374499176e-06,defeito
5234.375,1.8991812358257383e-06,defeito
5239.2578125,2.1613324891227185e-06,defeito
5244.140625,1.8281268047709867e-06,defeito
5249.0234375,1.601444405520717e-06,defeito
5253.90625,2.0281541488819142e-06,defeito
5258.7890625,2.5681961613896726e-06,defeito
5263.671875,1.7864352405713882e-06,defeito
5268.5546875,8.937984723397125e-07,defeito
5273.4375,1.1962764588969537e-06,defeito
5278.3203125,1.310192203668076e-06,defeito
5283.203125,1.7294866993645908e-06,defeito
5288.0859375,2.100631786916358e-06,defeito
5292.96875,1.9040938057012721e-06,defeito
5297.8515625,2.2874276703673448e-06,defeito
5302.734375,2.0676968665422108e-06,defeito
5307.6171875,2.0821143698736216e-06,defeito
5312.5,1.451551504760302e-06,defeito
5317.3828125,1.146670522177975e-06,defeito
5322.265625,1.1952110235762658e-06,defeito
5327.1484375,1.7328215344003249e-06,defeito
5332.03125,1.0445322866334304e-06,defeito
5336.9140625,1.428026461480809e-06,defeito
5341.796875,1.6260754112386266e-06,defeito
5346.6796875,1.326905385505719e-06,defeito
5351.5625,1.1308340508398955e-06,defeito
5356.4453125,1.2859350564572493e-06,defeito
5361.328125,2.093943802308064e-06,defeito
5366.2109375,1.6015464213556011e-06,defeito
5371.09375,1.0232696353425444e-06,defeito
5375.9765625,1.0575572844875959e-06,defeito
5380.859375,1.3562110378628794e-06,defeito
5385.7421875,1.7756945272774572e-06,defeito
5390.625,1.6434881275911547e-06,defeito
5395.5078125,1.5471232100679747e-06,defeito
5400.390625,2.0740679995806875e-06,defeito
5405.2734375,2.0505333426015663e-06,defeito
5410.15625,2.18136091433713e-06,defeito
5415.0390625,1.7355303805311496e-06,defeito
5419.921875,1.2318637321880228e-06,defeito
5424.8046875,1.2574933340259412e-06,defeito
5429.6875,1.7383719147267618e-06,defeito
5434.5703125,1.2399560333102348e-06,defeito
5439.453125,1.1425381759558887e-06,defeito
5444.3359375,2.0052347882738727e-06,defeito
5449.21875,1.6245784825527567e-06,defeito
5454.1015625,1.1165900577382325e-06,defeito
5458.984375,1.0746972365673638e-06,defeito
5463.8671875,1.716844162931016e-06,defeito
5468.75,1.8142503281622822e-06,defeito
5473.6328125,8.683569591737562e-07,defeito
5478.515625,6.909469453276134e-07,defeito
5483.3984375,1.0675769702430854e-06,defeito
5488.28125,1.482417469099759e-06,defeito
5493.1640625,1.9032856139496557e-06,defeito
5498.046875,1.8892396647751787e-06,defeito
5502.9296875,1.8517922143400915e-06,defeito
5507.8125,1.6388459547094372e-06,defeito
5512.6953125,1.3562509679724302e-06,defeito
5517.578125,1.678570123495456e-06,defeito
5522.4609375,1.2555376219593233e-06,defeito
5527.34375,1.232908980747317e-06,defeito
5532.2265625,1.3569159916293402e-06,defeito
5537.109375,1.4380505483696524e-06,defeito
5541.9921875,6.427553806947786e-07,defeito
5546.875,1.2682584062662914e-06,defeito
5551.7578125,1.5840757569070403e-06,defeito
5556.640625,1.1282312853214148e-06,defeito
5561.5234375,8.955125110956799e-07,defeito
5566.40625,1.1646784305446144e-06,defeito
5571.2890625,1.941374242606703e-06,defeito
5576.171875,1.2438905254332964e-06,defeito
5581.0546875,1.137298662030321e-06,defeito
5585.9375,1.2175146312162732e-06,defeito
5590.8203125,1.0364906583029862e-06,defeito
5595.703125,1.5704735959023574e-06,defeito
5600.5859375,1.7950171236161772e-06,defeito
5605.46875,1.63103306969549e-06,defeito
5610.3515625,1.5294704158158247e-06,defeito
5615.234375,1.3612018919019327e-06,defeito
5620.1171875,1.7227782063172138e-06,defeito
5625.0,1.7685952557523327e-06,defeito
5629.8828125,9.511133754228638e-07,defeito
5634.765625,7.631373574207393e-07,defeito
5639.6484375,1.2778755847899698e-06,defeito
5644.53125,7.735138841042212e-07,defeito
5649.4140625,1.0255813787509571e-06,defeito
5654.296875,1.6355389067139932e-06,defeito
5659.1796875,1.180018608468779e-06,defeito
5664.0625,1.1093024632048353e-06,defeito
5668.9453125,1.0942780180059054e-06,defeito
5673.828125,1.7171803864441873e-06,defeito
5678.7109375,1.5118887914076392e-06,defeito
5683.59375,9.821904970822495e-07,defeito
5688.4765625,8.902985911954834e-07,defeito
5693.359375,7.211989296847518e-07,defeito
5698.2421875,9.142759603314164e-07,defeito
5703.125,1.2390109982468159e-06,defeito
5708.0078125,1.2241171054331489e-06,defeito
5712.890625,1.6527509331746356e-06,defeito
5717.7734375,1.4731132934538608e-06,defeito
5722.65625,1.1318904877985446e-06,defeito
5727.5390625,1.213469579766477e-06,defeito
5732.421875,7.382622108618852e-07,defeito
5737.3046875,6.770661357703808e-07,defeito
5742.1875,1.059160346564057e-06,defeito
5747.0703125,7.685146545350626e-07,defeito
5751.953125,5.76609111586509e-07,defeito
5756.8359375,1.0284188859961514e-06,defeito
5761.71875,1.2488888416585608e-06,defeito
5766.6015625,1.0734923286845071e-06,defeito
5771.484375,1.1694591834122383e-06,defeito
5776.3671875,1.1761573848222e-06,defeito
5781.25,1.4090238962312968e-06,defeito
5786.1328125,8.490094242378611e-07,defeito
5791.015625,7.457339224347491e-07,defeito
5795.8984375,1.008160909869908e-06,defeito
5800.78125,1.1422000336931093e-06,defeito
5805.6640625,1.2906455695809837e-06,defeito
5810.546875,1.0832955158009453e-06,defeito
5815.4296875,1.2020531173186292e-06,defeito
5820.3125,1.6614628094319849e-06,defeito
5825.1953125,1.4246834007720458e-06,defeito
5830.078125,1.4425802366287941e-06,defeito
5834.9609375,1.1404699428870865e-06,defeito
5839.84375,6.334744520317074e-07,defeito
5844.7265625,9.219303937951984e-07,defeito
5849.609375,1.4395373865431743e-06,defeito
5854.4921875,6.748850329279318e-07,defeito
5859.375,8.757018717858061e-07,defeito
5864.2578125,1.3712198804382646e-06,defeito
5869.140625,1.016442010858112e-06,defeito
5874.0234375,7.299857105679555e-07,defeito
5878.90625,8.521338175911272e-07,defeito
5883.7890625,1.292288441049795e-06,defeito
5888.671875,1.042182645379597e-06,defeito
5893.5546875,6.219800189380024e-07,defeito
5898.4375,8.145921696931021e-07,defeito
5903.3203125,1.2429900317831126e-06,defeito
5908.203125,1.4550189129457255e-06,defeito
5913.0859375,1.2611241405478484e-06,defeito
5917.96875,1.1186669429129297e-06,defeito
5922.8515625,1.4033665008529232e-06,defeito
5927.734375,1.3758104509089426e-06,defeito
5932.6171875,1.5016846934581303e-06,defeito
5937.5,1.217902608246488e-06,defeito
5942.3828125,7.614055822346458e-07,defeito
5947.265625,7.239249003727747e-07,defeito
5952.1484375,1.1501411209043221e-06,defeito
5957.03125,8.562986918026034e-07,defeito
5961.9140625,5.64776168117737e-07,defeito
5966.796875,9.383967301278854e-07,defeito
5971.6796875,1.000512321349129e-06,defeito
5976.5625,6.65931105354175e-07,defeito
5981.4453125,8.447063502667289e-07,defeito
5986.328125,1.1401298804967065e-06,defeito
5991.2109375,1.1483208061923893e-06,defeito
5996.09375,6.254480304765435e-07,defeito
6000.9765625,5.485672824253202e-07,defeito
6005.859375,7.349892546622576e-07,defeito
6010.7421875,8.723157144385926e-07,defeito
6015.625,1.1187293203524096e-06,defeito
6020.5078125,9.59817950305301e-07,defeito
6025.390625,1.1643623766496193e-06,defeito
6030.2734375,1.3212582985186608e-06,defeito
6035.15625,1.1624411353297784e-06,defeito
6040.0390625,1.332185565051569e-06,defeito
6044.921875,8.688307988820724e-07,defeito
6049.8046875,6.120305226950427e-07,defeito
6054.6875,7.488114253156842e-07,defeito
6059.5703125,1.0071902377337928e-06,defeito
6064.453125,8.440331892119093e-07,defeito
6069.3359375,8.813754380451636e-07,defeito
6074.21875,8.451879626598616e-07,defeito
6079.1015625,8.709413224917272e-07,defeito
6083.984375,7.278547979534502e-07,defeito
6088.8671875,9.811413895493721e-07,defeito
6093.75,1.246355688242061e-06,defeito
6098.6328125,8.935340703817277e-07,defeito
6103.515625,7.052230318512799e-07,defeito
6108.3984375,8.414063203160542e-07,defeito
6113.28125,9.104074967800049e-07,defeito
6118.1640625,1.162581234765544e-06,defeito
6123.046875,1.0455250186982517e-06,defeito
6127.9296875,1.049190196797147e-06,defeito
6132.8125,8.96339409469984e-07,defeito
6137.6953125,1.025116199122744e-06,defeito
6142.578125,1.144832166002376e-06,defeito
6147.4609375,8.246653252252584e-07,defeito
6152.34375,4.842455508170995e-07,defeito
6157.2265625,5.095381796408425e-07,defeito
6162.109375,7.145929061021693e-07,defeito
6166.9921875,8.012256903314296e-07,defeito
6171.875,8.235535744582529e-07,defeito
6176.7578125,9.192894009234827e-07,defeito
6181.640625,7.993807085752683e-07,defeito
6186.5234375,6.377224918394766e-07,defeito
6191.40625,9.238851498521426e-07,defeito
6196.2890625,9.805361266480795e-07,defeito
6201.171875,7.416679705908972e-07,defeito
6206.0546875,5.111584110429315e-07,defeito
6210.9375,4.999099708496041e-07,defeito
6215.8203125,5.931469901240414e-07,defeito
6220.703125,8.268583884098365e-07,defeito
6225.5859375,7.644758934803646e-07,defeito
6230.46875,1.1665187529348508e-06,defeito
6235.3515625,9.534967954092097e-07,defeito
6240.234375,9.806542483478782e-07,defeito
6245.1171875,1.2447876026519666e-06,defeito
6250.0,9.457521260370882e-07,defeito
6254.8828125,4.854642499726515e-07,defeito
6259.765625,4.4597295179457384e-07,defeito
6264.6484375,4.956409129475545e-07,defeito
6269.53125,7.158949336926837e-07,defeito
6274.4140625,7.399845601061921e-07,defeito
6279.296875,8.515114482132203e-07,defeito
6284.1796875,8.419250233343989e-07,defeito
6289.0625,5.592917823204789e-07,defeito
6293.9453125,7.221743001708659e-07,defeito
6298.828125,8.351413195507027e-07,defeito
6303.7109375,9.7889824531155e-07,defeito
6308.59375,7.846609759467601e-07,defeito
6313.4765625,5.222264698070635e-07,defeito
6318.359375,4.981590915204061e-07,defeito
6323.2421875,5.556990120751211e-07,defeito
6328.125,7.351965363835725e-07,defeito
6333.0078125,6.614663253403421e-07,defeito
6337.890625,9.277823422855635e-07,defeito
6342.7734375,1.2237950770559854e-06,defeito
6347.65625,1.1392175068419692e-06,defeito
6352.5390625,1.2731430275450143e-06,defeito
6357.421875,9.098435527025187e-07,defeito
6362.3046875,6.207295847686886e-07,defeito
6367.1875,7.856412201321183e-07,defeito
6372.0703125,7.731225289751046e-07,defeito
6376.953125,5.41047559446378e-07,defeito
6381.8359375,7.19203705868919e-07,defeito
6386.71875,8.40174574059513e-07,defeito
6391.6015625,4.858554424314915e-07,defeito
6396.484375,6.559434149227376e-07,defeito
6401.3671875,9.443663637014091e-07,defeito
6406.25,1.1690248184335237e-06,defeito
6411.1328125,7.395203171722719e-07,defeito
6416.015625,3.682603339543149e-07,defeito
6420.8984375,6.345577854484809e-07,defeito
6425.78125,8.991083992864628e-07,defeito
6430.6640625,1.0930452510980243e-06,defeito
6435.546875,9.981461789975257e-07,defeito
6440.4296875,9.773011796951183e-07,defeito
6445.3125,1.0010634807662268e-06,defeito
6450.1953125,9.322606405437426e-07,defeito
6455.078125,1.145293044337453e-06,defeito
6459.9609375,7.535352653772641e-07,defeito
6464.84375,3.8064356087109937e-07,defeito
6469.7265625,5.930732684251788e-07,defeito
6474.609375,8.329669553938182e-07,defeito
6479.4921875,6.344517890345883e-07,defeito
6484.375,6.146306877799431e-07,defeito
6489.2578125,1.0228213708513346e-06,defeito
6494.140625,9.957000266053117e-07,defeito
6499.0234375,5.33492137275272e-07,defeito
6503.90625,7.062026215176059e-07,defeito
6508.7890625,8.897564974438734e-07,defeito
6513.671875,6.628970261163538e-07,defeito
6518.5546875,4.605143610978449e-07,defeito
6523.4375,3.4912377219120505e-07,defeito
6528.3203125,5.276769623851046e-07,defeito
6533.203125,9.217110452334934e-07,defeito
6538.0859375,1.2921597761691655e-06,defeito
6542.96875,9.074496461301021e-07,defeito
6547.8515625,1.04951226560757e-06,defeito
6552.734375,8.497001926897431e-07,defeito
6557.6171875,9.205000030730879e-07,defeito
6562.5,9.660100319355504e-07,defeito
6567.3828125,6.902491400855816e-07,defeito
6572.265625,6.843262775521032e-07,defeito
6577.1484375,7.550723606361969e-07,defeito
6582.03125,6.156799035349643e-07,defeito
6586.9140625,4.7652559697358407e-07,defeito
6591.796875,6.911475444100708e-07,defeito
6596.6796875,1.0298192100324777e-06,defeito
6601.5625,6.799735969822036e-07,defeito
6606.4453125,6.059201187958855e-07,defeito
6611.328125,7.385858334093475e-07,defeito
6616.2109375,7.749649232147413e-07,defeito
6621.09375,5.031440521104484e-07,defeito
6625.9765625,5.648453349540623e-07,defeito
6630.859375,6.203673114618163e-07,defeito
6635.7421875,4.851477879203812e-07,defeito
6640.625,6.849489920373794e-07,defeito
6645.5078125,8.254662466582595e-07,defeito
6650.390625,9.578056852777943e-07,defeito
6655.2734375,9.115776525328135e-07,defeito
6660.15625,9.812977370373003e-07,defeito
6665.0390625,1.0155403798960053e-06,defeito
6669.921875,8.637493230899136e-07,defeito
6674.8046875,4.98338265999975e-07,defeito
6679.6875,5.426681260557358e-07,defeito
6684.5703125,7.518177295010692e-07,defeito
6689.453125,8.143421060198301e-07,defeito
6694.3359375,8.251880477540035e-07,defeito
6699.21875,5.017228873893151e-07,defeito
6704.1015625,4.014680284198049e-07,defeito
6708.984375,4.0099187366211704e-07,defeito
6713.8671875,6.712652120139115e-07,defeito
6718.75,8.284359908181215e-07,defeito
6723.6328125,7.469123802714654e-07,defeito
6728.515625,5.115275539744597e-07,defeito
6733.3984375,6.389906907608266e-07,defeito
6738.28125,5.781486427488684e-07,defeito
6743.1640625,5.039364667979257e-07,defeito
6748.046875,6.757007848678852e-07,defeito
6752.9296875,9.92830192187058e-07,defeito
6757.8125,1.3527671660221267e-06,defeito
6762.6953125,9.55452454799914e-07,defeito
6767.578125,9.620907266153003e-07,defeito
6772.4609375,9.825356055122584e-07,defeito
6777.34375,7.198305462063216e-07,defeito
6782.2265625,6.044705113838505e-07,defeito
6787.109375,5.314979271690015e-07,defeito
6791.9921875,5.833775672148093e-07,defeito
6796.875,5.147461803921445e-07,defeito
6801.7578125,6.499375491383204e-07,defeito
6806.640625,6.259810093727664e-07,defeito
6811.5234375,4.09054892441818e-07,defeito
6816.40625,6.00915482257563e-07,defeito
6821.2890625,8.305953903000831e-07,defeito
6826.171875,9.688437254646307e-07,defeito
6831.0546875,6.754354383185529e-07,defeito
6835.9375,4.020430040930015e-07,defeito
6840.8203125,4.96858503249646e-07,defeito
6845.703125,5.29105728633604e-07,defeito
6850.5859375,6.018816475218986e-07,defeito
6855.46875,7.538325866477147e-07,defeito
6860.3515625,6.653696955057761e-07,defeito
6865.234375,7.69018398685447e-07,defeito
6870.1171875,8.941440626496006e-07,defeito
6875.0,9.269627869799757e-07,defeito
6879.8828125,6.298599658146739e-07,defeito
6884.765625,4.904506903069176e-07,defeito
6889.6484375,6.33280191286717e-07,defeito
6894.53125,7.20374459748166e-07,defeito
6899.4140625,5.750173676382839e-07,defeito
6904.296875,5.766136731145979e-07,defeito
6909.1796875,8.708738850696499e-07,defeito
6914.0625,7.381537029454983e-07,defeito
6918.9453125,4.811957912041379e-07,defeito
6923.828125,6.99085085370136e-07,defeito
6928.7109375,7.694148845369991e-07,defeito
6933.59375,6.116618738309973e-07,defeito
6938.4765625,3.813855083979813e-07,defeito
6943.359375,4.372263246372442e-07,defeito
6948.2421875,4.4305692196024684e-07,defeito
6953.125,5.685619151806012e-07,defeito
6958.0078125,6.784019680528582e-07,defeito
6962.890625,9.101685816701936e-07,defeito
6967.7734375,1.013972516827783e-06,defeito
6972.65625,8.889104748817482e-07,defeito
6977.5390625,8.572246470160789e-07,defeito
6982.421875,5.520421051456195e-07,defeito
6987.3046875,5.657068250138485e-07,defeito
6992.1875,5.226024189158912e-07,defeito
6997.0703125,5.121136190384777e-07,defeito
7001.953125,5.311953982775613e-07,defeito
7006.8359375,3.787602838858618e-07,defeito
7011.71875,3.8123469066016837e-07,defeito
7016.6015625,4.855708094416065e-07,defeito
7021.484375,3.5577081295247023e-07,defeito
7026.3671875,4.7321870298189346e-07,defeito
7031.25,4.92783094621116e-07,defeito
7036.1328125,4.854366622568774e-07,defeito
7041.015625,4.97915443642611e-07,defeito
7045.8984375,5.170982388166176e-07,defeito
7050.78125,4.877125682876611e-07,defeito
7055.6640625,6.146112881056099e-07,defeito
7060.546875,5.885111893989299e-07,defeito
7065.4296875,6.027082202412343e-07,defeito
7070.3125,7.891411226772955e-07,defeito
7075.1953125,9.128361459506884e-07,defeito
7080.078125,9.829364525746352e-07,defeito
7084.9609375,1.124286915499276e-06,defeito
7089.84375,6.847622593978561e-07,defeito
7094.7265625,5.970096150725196e-07,defeito
7099.609375,5.122113984898225e-07,defeito
7104.4921875,4.6401668239631854e-07,defeito
7109.375,4.053242731919193e-07,defeito
7114.2578125,6.715385795088192e-07,defeito
7119.140625,7.553534193117972e-07,defeito
7124.0234375,6.545989943468807e-07,defeito
7128.90625,7.721484647298506e-07,defeito
7133.7890625,8.041796805684484e-07,defeito
7138.671875,5.360172679057143e-07,defeito
7143.5546875,6.209280643100279e-07,defeito
7148.4375,5.239402148333132e-07,defeito
7153.3203125,5.348156489488697e-07,defeito
7158.203125,5.924689002326381e-07,defeito
7163.0859375,8.180184982399855e-07,defeito
7167.96875,8.528194288713331e-07,defeito
7172.8515625,7.047243613482476e-07,defeito
7177.734375,7.22290482604567e-07,defeito
7182.6171875,9.692137484128609e-07,defeito
7187.5,1.0724864685897206e-06,defeito
7192.3828125,7.49481711428461e-07,defeito
7197.265625,5.759996233553197e-07,defeito
7202.1484375,5.548564827534725e-07,defeito
7207.03125,6.036923494340001e-07,defeito
7211.9140625,5.438517676357127e-07,defeito
7216.796875,5.401275303198969e-07,defeito
7221.6796875,6.35780586334026e-07,defeito
7226.5625,6.238978479527181e-07,defeito
7231.4453125,4.872303612609115e-07,defeito
7236.328125,6.843259714270768e-07,defeito
7241.2109375,5.575120933110333e-07,defeito
7246.09375,5.59180235015131e-07,defeito
7250.9765625,5.778804410154613e-07,defeito
7255.859375,3.838190835896729e-07,defeito
7260.7421875,3.4300331083083225e-07,defeito
7265.625,3.541808679976914e-07,defeito
7270.5078125,4.5671040032853294e-07,defeito
7275.390625,7.355320619756618e-07,defeito
7280.2734375,7.191986035239407e-07,defeito
7285.15625,6.597643475788477e-07,defeito
7290.0390625,6.664494944222091e-07,defeito
7294.921875,5.774453427997657e-07,defeito
7299.8046875,4.856168884345145e-07,defeito
7304.6875,6.816148523571456e-07,defeito
7309.5703125,7.934688547214048e-07,defeito
7314.453125,5.654027620638755e-07,defeito
7319.3359375,5.303222445890586e-07,defeito
7324.21875,4.289639705691812e-07,defeito
7329.1015625,7.454517622067213e-07,defeito
7333.984375,4.7546960487218035e-07,defeito
7338.8671875,4.784361393206501e-07,defeito
7343.75,5.697490769019366e-07,defeito
7348.6328125,5.788357181638525e-07,defeito
7353.515625,4.880684176650298e-07,defeito
7358.3984375,5.400279409007056e-07,defeito
7363.28125,4.3775750536259567e-07,defeito
7368.1640625,4.892240652189317e-07,defeito
7373.046875,6.30335103715561e-07,defeito
7377.9296875,5.1824965435094e-07,defeito
7382.8125,6.834775504852814e-07,defeito
7387.6953125,6.278237290892481e-07,defeito
7392.578125,7.181876707329533e-07,defeito
7397.4609375,7.494218744690807e-07,defeito
7402.34375,5.47827443701866e-07,defeito
7407.2265625,5.659571865634367e-07,defeito
7412.109375,7.075366710972022e-07,defeito
7416.9921875,7.03960061221877e-07,defeito
7421.875,5.597362435682286e-07,defeito
7426.7578125,4.4791346604957855e-07,defeito
7431.640625,4.673249279625381e-07,defeito
7436.5234375,5.081343242467977e-07,defeito
7441.40625,4.879722975299531e-07,defeito
7446.2890625,5.671344893759273e-07,defeito
7451.171875,5.314980110107034e-07,defeito
7456.0546875,4.671035916044027e-07,defeito
7460.9375,4.987048499343693e-07,defeito
7465.8203125,4.78627457629752e-07,defeito
7470.703125,4.316970407855148e-07,defeito
7475.5859375,4.631235249051615e-07,defeito
7480.46875,5.959314986196589e-07,defeito
7485.3515625,6.675345057044492e-07,defeito
7490.234375,7.72438416685472e-07,defeito
7495.1171875,6.881330460813357e-07,defeito
7500.0,6.535291193919971e-07,defeito
7504.8828125,5.67142270542889e-07,defeito
7509.765625,4.523554157846885e-07,defeito
7514.6484375,5.867953341478012e-07,defeito
7519.53125,4.851743723464762e-07,defeito
7524.4140625,4.7035169950656646e-07,defeito
7529.296875,7.433315590468175e-07,defeito
7534.1796875,6.407115491138586e-07,defeito
7539.0625,5.029323196116446e-07,defeito
7543.9453125,4.940275236443952e-07,defeito
7548.828125,5.41285113765363e-07,defeito
7553.7109375,4.220225348940144e-07,defeito
7558.59375,6.002361854880836e-07,defeito
7563.4765625,6.363825933060472e-07,defeito
7568.359375,4.26467939832256e-07,defeito
7573.2421875,4.29265658632329e-07,defeito
7578.125,4.711592095629517e-07,defeito
7583.0078125,5.737582266707353e-07,defeito
7587.890625,5.399170120877485e-07,defeito
7592.7734375,8.116653460401413e-07,defeito
7597.65625,7.66482196045864e-07,defeito
7602.5390625,8.033102401794236e-07,defeito
7607.421875,5.380262450956785e-07,defeito
7612.3046875,5.256223347806376e-07,defeito
7617.1875,7.413015742055034e-07,defeito
7622.0703125,5.253601871251258e-07,defeito
7626.953125,5.030520652699567e-07,defeito
7631.8359375,5.82144449104615e-07,defeito
7636.71875,5.872233641485002e-07,defeito
7641.6015625,4.637180927880685e-07,defeito
7646.484375,3.6418727058840994e-07,defeito
7651.3671875,3.657824596086125e-07,defeito
7656.25,4.716794918131478e-07,defeito
7661.1328125,5.792086184384272e-07,defeito
7666.015625,5.486951985694266e-07,defeito
7670.8984375,5.958404040768112e-07,defeito
7675.78125,4.0816675164385087e-07,defeito
7680.6640625,5.185439829564443e-07,defeito
7685.546875,6.105177623572085e-07,defeito
7690.4296875,5.001851264514805e-07,defeito
7695.3125,6.727311593709804e-07,defeito
7700.1953125,7.011316681511769e-07,defeito
7705.078125,5.66981208036614e-07,defeito
7709.9609375,7.890203798816485e-07,defeito
7714.84375,4.820625008528623e-07,defeito
7719.7265625,5.123997139122484e-07,defeito
7724.609375,5.76391349690685e-07,defeito
7729.4921875,4.4746387245091034e-07,defeito
7734.375,2.7471125454834393e-07,defeito
7739.2578125,4.863580146872668e-07,defeito
7744.140625,5.160072083045818e-07,defeito
7749.0234375,4.7279862814136265e-07,defeito
7753.90625,4.2471182161466003e-07,defeito
7758.7890625,4.4889344531882976e-07,defeito
7763.671875,5.800668401455486e-07,defeito
7768.5546875,6.0337787893257e-07,defeito
7773.4375,4.845944522247513e-07,defeito
7778.3203125,3.604353415094999e-07,defeito
7783.203125,3.7335743563565017e-07,defeito
7788.0859375,5.620674303680219e-07,defeito
7792.96875,6.520778315815963e-07,defeito
7797.8515625,5.880507149383862e-07,defeito
7802.734375,4.7296133442337284e-07,defeito
7807.6171875,5.524795755753313e-07,defeito
7812.5,6.620877522809191e-07,defeito
7817.3828125,4.3523763369073913e-07,defeito
7822.265625,4.775294274802793e-07,defeito
7827.1484375,4.440292789325839e-07,defeito
7832.03125,4.2641369341456087e-07,defeito
7836.9140625,4.3427041232054977e-07,defeito
7841.796875,3.9664612495770587e-07,defeito
7846.6796875,4.357824757543652e-07,defeito
7851.5625,4.986564121373439e-07,defeito
7856.4453125,5.507959864251596e-07,defeito
7861.328125,5.301972209157435e-07,defeito
7866.2109375,4.044315191587797e-07,defeito
7871.09375,3.451602588558763e-07,defeito
7875.9765625,3.176415684743095e-07,defeito
7880.859375,4.515814413060898e-07,defeito
7885.7421875,5.602207219679978e-07,defeito
7890.625,7.024568169495296e-07,defeito
7895.5078125,6.028927183128291e-07,defeito
7900.390625,4.003059370220477e-07,defeito
7905.2734375,5.183280053593199e-07,defeito
7910.15625,6.00727484364546e-07,defeito
7915.0390625,6.210433642255906e-07,defeito
7919.921875,5.839230836342035e-07,defeito
7924.8046875,6.423972741469734e-07,defeito
7929.6875,6.724516384165942e-07,defeito
7934.5703125,5.18117809980071e-07,defeito
7939.453125,3.9701982987124264e-07,defeito
7944.3359375,4.3765414518855166e-07,defeito
7949.21875,4.5472997503395846e-07,defeito
7954.1015625,4.794031289567751e-07,defeito
7958.984375,6.360610009660347e-07,defeito
7963.8671875,5.792660246274782e-07,defeito
7968.75,5.111704563200407e-07,defeito
7973.6328125,4.1251011834164225e-07,defeito
7978.515625,3.238370435747485e-07,defeito
7983.3984375,4.7734006665546e-07,defeito
7988.28125,5.147308117332501e-07,defeito
7993.1640625,5.405203938629762e-07,defeito
7998.046875,7.395090927622286e-07,defeito
