freq_hz,amp,condicao,painel
0.0,0.00016806511686670277,sadio,envelope 20 kHz
0.5,0.00019254457817985483,sadio,envelope 20 kHz
1.0,0.00017584568045175998,sadio,envelope 20 kHz
1.5,6.951822809522944e-05,sadio,envelope 20 kHz
2.0,0.00017192217782054827,sadio,envelope 20 kHz
2.5,0.0002952539015159329,sadio,envelope 20 kHz
3.0,0.0002173256858059825,sadio,envelope 20 kHz
3.5,9.519255574118034e-05,sadio,envelope 20 kHz
4.0,0.0001326105409781874,sadio,envelope 20 kHz
4.5,0.00025181520035614586,sadio,envelope 20 kHz
5.0,0.00029806955634876603,sadio,envelope 20 kHz
5.5,0.00017069870208132073,sadio,envelope 20 kHz
6.0,0.0001189933330039738,sadio,envelope 20 kHz
6.5,0.0002124716852086132,sadio,envelope 20 kHz
7.0,0.0001511802583418719,sadio,envelope 20 kHz
7.5,0.0002557571201849635,sadio,envelope 20 kHz
8.0,0.00039722643549000304,sadio,envelope 20 kHz
8.5,0.0005082040163954134,sadio,envelope 20 kHz
9.0,0.000431204533858176,sadio,envelope 20 kHz
9.5,0.0002407584005289067,sadio,envelope 20 kHz
10.0,0.0002785743444781394,sadio,envelope 20 kHz
10.5,0.00023550867363963168,sadio,envelope 20 kHz
11.0,0.00023784134726432944,sadio,envelope 20 kHz
11.5,0.00023070056644557173,sadio,envelope 20 kHz
12.0,0.00022524794178443956,sadio,envelope 20 kHz
12.5,0.000104055299844568,sadio,envelope 20 kHz
13.0,0.0003691056494380673,sadio,envelope 20 kHz
13.5,0.0002907702933950203,sadio,envelope 20 kHz
14.0,0.0001328150240669951,sadio,envelope 20 kHz
14.5,0.0001475808316159654,sadio,envelope 20 kHz
15.0,0.0001712022938069434,sadio,envelope 20 kHz
15.5,0.00019618316568393508,sadio,envelope 20 kHz
16.0,0.0001193263722423052,sadio,envelope 20 kHz
16.5,0.0001518128902566028,sadio,envelope 20 kHz
17.0,0.00020017546315661213,sadio,envelope 20 kHz
17.5,0.0002306492626937593,sadio,envelope 20 kHz
18.0,0.00033034841214823145,sadio,envelope 20 kHz
18.5,0.00027662990313322735,sadio,envelope 20 kHz
19.0,0.00020836450298118643,sadio,envelope 20 kHz
19.5,7.023085110873546e-05,sadio,envelope 20 kHz
20.0,0.0004652520865213508,sadio,envelope 20 kHz
20.5,0.0004992509594320898,sadio,envelope 20 kHz
21.0,0.0002450375882125146,sadio,envelope 20 kHz
21.5,0.00011419861769273707,sadio,envelope 20 kHz
22.0,0.00016606835429634878,sadio,envelope 20 kHz
22.5,0.00019867016303211626,sadio,envelope 20 kHz
23.0,0.0004282376819047844,sadio,envelope 20 kHz
23.5,0.0006330103526817244,sadio,envelope 20 kHz
24.0,0.0003133924599305005,sadio,envelope 20 kHz
24.5,8.891407776722655e-05,sadio,envelope 20 kHz
25.0,0.00015884492051001963,sadio,envelope 20 kHz
25.5,0.00016586862588905253,sadio,envelope 20 kHz
26.0,3.6763932820595426e-05,sadio,envelope 20 kHz
26.5,0.00012853940681825776,sadio,envelope 20 kHz
27.0,0.00025747439907030853,sadio,envelope 20 kHz
27.5,0.00032186591458264417,sadio,envelope 20 kHz
28.0,0.0002523016285499145,sadio,envelope 20 kHz
28.5,0.00031782122648557046,sadio,envelope 20 kHz
29.0,0.00026874735677489056,sadio,envelope 20 kHz
29.5,0.00029333379277903703,sadio,envelope 20 kHz
30.0,0.00028542432570170475,sadio,envelope 20 kHz
30.5,0.00015056282860391896,sadio,envelope 20 kHz
31.0,3.68009999293407e-05,sadio,envelope 20 kHz
31.5,0.00018437802896314613,sadio,envelope 20 kHz
32.0,0.00036024076559924086,sadio,envelope 20 kHz
32.5,0.00047727650624658616,sadio,envelope 20 kHz
33.0,0.0004104340610318693,sadio,envelope 20 kHz
33.5,0.0003799553447344632,sadio,envelope 20 kHz
34.0,0.00048240912958114003,sadio,envelope 20 kHz
34.5,0.0005387529973530672,sadio,envelope 20 kHz
35.0,0.00034708011072551994,sadio,envelope 20 kHz
35.5,0.00018858234381459164,sadio,envelope 20 kHz
36.0,2.4551393733882526e-05,sadio,envelope 20 kHz
36.5,7.96054487263473e-05,sadio,envelope 20 kHz
37.0,0.00024409650906921635,sadio,envelope 20 kHz
37.5,0.0003474340088246564,sadio,envelope 20 kHz
38.0,0.0002519086455560285,sadio,envelope 20 kHz
38.5,0.0002067519349460365,sadio,envelope 20 kHz
39.0,0.00029598089004951347,sadio,envelope 20 kHz
39.5,0.00014765617869217463,sadio,envelope 20 kHz
40.0,0.00019010971153838466,sadio,envelope 20 kHz
40.5,0.00021349372328384027,sadio,envelope 20 kHz
41.0,0.00019880970538397471,sadio,envelope 20 kHz
41.5,0.00019837542343250644,sadio,envelope 20 kHz
42.0,0.00015225126149462275,sadio,envelope 20 kHz
42.5,0.00015870738686647197,sadio,envelope 20 kHz
43.0,0.00024122849426419312,sadio,envelope 20 kHz
43.5,0.00027053946419144107,sadio,envelope 20 kHz
44.0,0.00014373912964990012,sadio,envelope 20 kHz
44.5,0.0001415696928270546,sadio,envelope 20 kHz
45.0,0.00017793278001346276,sadio,envelope 20 kHz
45.5,0.0004479942872531965,sadio,envelope 20 kHz
46.0,0.0002883180408563828,sadio,envelope 20 kHz
46.5,0.00015076362400478572,sadio,envelope 20 kHz
47.0,0.00030737290387670144,sadio,envelope 20 kHz
47.5,0.00020671414881461497,sadio,envelope 20 kHz
48.0,0.00015760637637163855,sadio,envelope 20 kHz
48.5,5.092589915646304e-05,sadio,envelope 20 kHz
49.0,0.00012275636776173796,sadio,envelope 20 kHz
49.5,0.00022104078201788942,sadio,envelope 20 kHz
50.0,0.0003164670328886678,sadio,envelope 20 kHz
50.5,0.00013709617061434044,sadio,envelope 20 kHz
51.0,0.00035060993999885386,sadio,envelope 20 kHz
51.5,1.9376055279645352e-05,sadio,envelope 20 kHz
52.0,0.00022951965345451223,sadio,envelope 20 kHz
52.5,0.00015388837211775688,sadio,envelope 20 kHz
53.0,0.0006756387563808415,sadio,envelope 20 kHz
53.5,0.0005549406724978872,sadio,envelope 20 kHz
54.0,0.00010372960479981081,sadio,envelope 20 kHz
54.5,0.00018826317682724472,sadio,envelope 20 kHz
55.0,0.0002654319142183473,sadio,envelope 20 kHz
55.5,0.00016036173628857807,sadio,envelope 20 kHz
56.0,0.00040748529538637586,sadio,envelope 20 kHz
56.5,0.00025861992843733794,sadio,envelope 20 kHz
57.0,0.00010711584307888136,sadio,envelope 20 kHz
57.5,0.000239683235500434,sadio,envelope 20 kHz
58.0,0.000261602893693871,sadio,envelope 20 kHz
58.5,0.00020970247484552952,sadio,envelope 20 kHz
59.0,9.005386590651523e-05,sadio,envelope 20 kHz
59.5,0.00017159763906975057,sadio,envelope 20 kHz
60.0,0.0001309413943047251,sadio,envelope 20 kHz
60.5,0.0004163411091989304,sadio,envelope 20 kHz
61.0,0.0003859178249245562,sadio,envelope 20 kHz
61.5,0.0003991973181537335,sadio,envelope 20 kHz
62.0,0.0005010779131854153,sadio,envelope 20 kHz
62.5,6.850441402983321e-05,sadio,envelope 20 kHz
63.0,0.00019920522225119595,sadio,envelope 20 kHz
63.5,0.00031009285284531627,sadio,envelope 20 kHz
64.0,0.0002913359789875885,sadio,envelope 20 kHz
64.5,0.0001402904250573374,sadio,envelope 20 kHz
65.0,6.410015705609195e-05,sadio,envelope 20 kHz
65.5,0.000219292069696079,sadio,envelope 20 kHz
66.0,0.0002986109249023884,sadio,envelope 20 kHz
66.5,0.0003330960485435865,sadio,envelope 20 kHz
67.0,0.00019481079400425922,sadio,envelope 20 kHz
67.5,3.420984150178651e-05,sadio,envelope 20 kHz
68.0,0.00018322633143257356,sadio,envelope 20 kHz
68.5,0.0002571785977830818,sadio,envelope 20 kHz
69.0,0.00018986194781130691,sadio,envelope 20 kHz
69.5,0.00021870710569725125,sadio,envelope 20 kHz
70.0,5.837388972816908e-05,sadio,envelope 20 kHz
70.5,9.856024548124508e-05,sadio,envelope 20 kHz
71.0,0.00028615959360616257,sadio,envelope 20 kHz
71.5,0.0003676204028949576,sadio,envelope 20 kHz
72.0,0.0003698072603364067,sadio,envelope 20 kHz
72.5,0.00025412880971629456,sadio,envelope 20 kHz
73.0,0.0002817620980607203,sadio,envelope 20 kHz
73.5,0.00024068081298273775,sadio,envelope 20 kHz
74.0,0.0001404682486105423,sadio,envelope 20 kHz
74.5,0.00027975377958906533,sadio,envelope 20 kHz
75.0,0.0003943929817672387,sadio,envelope 20 kHz
75.5,0.00018340556792715133,sadio,envelope 20 kHz
76.0,0.0002118330661951411,sadio,envelope 20 kHz
76.5,0.00027305015168758003,sadio,envelope 20 kHz
77.0,0.00029977021909777333,sadio,envelope 20 kHz
77.5,0.00041971661402281696,sadio,envelope 20 kHz
78.0,0.000392572598742515,sadio,envelope 20 kHz
78.5,0.00022055024027145068,sadio,envelope 20 kHz
79.0,0.00012633489427306635,sadio,envelope 20 kHz
79.5,0.0004304922151709101,sadio,envelope 20 kHz
80.0,0.0003492619256359861,sadio,envelope 20 kHz
80.5,0.0001824996988168209,sadio,envelope 20 kHz
81.0,0.00018616174578842639,sadio,envelope 20 kHz
81.5,0.00026336888909250734,sadio,envelope 20 kHz
82.0,0.0003230903148206776,sadio,envelope 20 kHz
82.5,0.0003403470971450212,sadio,envelope 20 kHz
83.0,7.682685052238173e-05,sadio,envelope 20 kHz
83.5,0.0003016616034378542,sadio,envelope 20 kHz
84.0,0.00026463852240207866,sadio,envelope 20 kHz
84.5,0.00012259318692404918,sadio,envelope 20 kHz
85.0,0.00020415521814235658,sadio,envelope 20 kHz
85.5,0.0004328999847305306,sadio,envelope 20 kHz
86.0,0.0006058462700989395,sadio,envelope 20 kHz
86.5,0.0002834602497414512,sadio,envelope 20 kHz
87.0,7.120524329867196e-05,sadio,envelope 20 kHz
87.5,0.0001709369668169517,sadio,envelope 20 kHz
88.0,0.00024918120583937784,sadio,envelope 20 kHz
88.5,0.00024087784464872457,sadio,envelope 20 kHz
89.0,0.0003183233339000727,sadio,envelope 20 kHz
89.5,0.00037311628740490163,sadio,envelope 20 kHz
90.0,0.00018016976113391172,sadio,envelope 20 kHz
90.5,7.77917157120837e-05,sadio,envelope 20 kHz
91.0,0.00016093810985593103,sadio,envelope 20 kHz
91.5,0.0003074532590141565,sadio,envelope 20 kHz
92.0,0.0003055809064735323,sadio,envelope 20 kHz
92.5,0.00035581907053127814,sadio,envelope 20 kHz
93.0,0.00018886024090929214,sadio,envelope 20 kHz
93.5,0.00012863990576166573,sadio,envelope 20 kHz
94.0,0.00013959229273611265,sadio,envelope 20 kHz
94.5,4.597503368165237e-05,sadio,envelope 20 kHz
95.0,0.00020870949823955786,sadio,envelope 20 kHz
95.5,2.614366049076579e-05,sadio,envelope 20 kHz
96.0,0.00038957789407200296,sadio,envelope 20 kHz
96.5,0.0003992615390065683,sadio,envelope 20 kHz
97.0,0.00032595841357155385,sadio,envelope 20 kHz
97.5,0.0005940137314481247,sadio,envelope 20 kHz
98.0,0.0005000209796311666,sadio,envelope 20 kHz
98.5,0.00025518436366745963,sadio,envelope 20 kHz
99.0,0.00019175294521818563,sadio,envelope 20 kHz
99.5,0.0003927411798029326,sadio,envelope 20 kHz
100.0,0.00037305284487220504,sadio,envelope 20 kHz
100.5,0.00033177559752395656,sadio,envelope 20 kHz
101.0,0.00016129910204396223,sadio,envelope 20 kHz
101.5,3.415530452339654e-05,sadio,envelope 20 kHz
102.0,0.00048058904853405895,sadio,envelope 20 kHz
102.5,0.00046211507771796263,sadio,envelope 20 kHz
103.0,0.0002433361788461136,sadio,envelope 20 kHz
103.5,0.00010716080391430216,sadio,envelope 20 kHz
104.0,3.9405650201401895e-05,sadio,envelope 20 kHz
104.5,0.00035269017861021187,sadio,envelope 20 kHz
105.0,0.00045713419103342296,sadio,envelope 20 kHz
105.5,0.00039482357548039336,sadio,envelope 20 kHz
106.0,0.0002104906574249653,sadio,envelope 20 kHz
106.5,0.00028103562422037196,sadio,envelope 20 kHz
107.0,0.0003521361727491144,sadio,envelope 20 kHz
107.5,0.00023778253742542282,sadio,envelope 20 kHz
108.0,3.714528247967182e-05,sadio,envelope 20 kHz
108.5,0.00012083524969276265,sadio,envelope 20 kHz
109.0,0.00011044400804618195,sadio,envelope 20 kHz
109.5,0.0002646515678760636,sadio,envelope 20 kHz
110.0,0.0003754887222523599,sadio,envelope 20 kHz
110.5,0.00032065666780112847,sadio,envelope 20 kHz
111.0,0.00027780307024505714,sadio,envelope 20 kHz
111.5,3.584553140259681e-05,sadio,envelope 20 kHz
112.0,0.00016859367938466775,sadio,envelope 20 kHz
112.5,0.00015844757406701382,sadio,envelope 20 kHz
113.0,0.00010646851199049636,sadio,envelope 20 kHz
113.5,0.0003334778465883972,sadio,envelope 20 kHz
114.0,0.0002219390000360811,sadio,envelope 20 kHz
114.5,0.00019672502365063855,sadio,envelope 20 kHz
115.0,9.411783048267855e-05,sadio,envelope 20 kHz
115.5,0.0002549247797343674,sadio,envelope 20 kHz
116.0,0.00030974146303900605,sadio,envelope 20 kHz
116.5,0.00018973672202601228,sadio,envelope 20 kHz
117.0,0.0003035253493977189,sadio,envelope 20 kHz
117.5,0.00040219343963692475,sadio,envelope 20 kHz
118.0,0.00021592762817700462,sadio,envelope 20 kHz
118.5,0.00012617868214553888,sadio,envelope 20 kHz
119.0,4.5724297538753894e-05,sadio,envelope 20 kHz
119.5,0.00019951274109529843,sadio,envelope 20 kHz
120.0,0.00015206046693252078,sadio,envelope 20 kHz
120.5,0.00026692113717305654,sadio,envelope 20 kHz
121.0,0.0003378833570157273,sadio,envelope 20 kHz
121.5,0.00020269145907088877,sadio,envelope 20 kHz
122.0,0.00018904727897738172,sadio,envelope 20 kHz
122.5,0.0002107041197646737,sadio,envelope 20 kHz
123.0,0.0002766594196116859,sadio,envelope 20 kHz
123.5,0.00030123924910785475,sadio,envelope 20 kHz
124.0,0.00035438240966761573,sadio,envelope 20 kHz
124.5,0.0003185075913873321,sadio,envelope 20 kHz
125.0,0.0002532590008771332,sadio,envelope 20 kHz
125.5,8.493318833070105e-05,sadio,envelope 20 kHz
126.0,0.00025540489555995246,sadio,envelope 20 kHz
126.5,0.0004872890087682442,sadio,envelope 20 kHz
127.0,0.00020651741581147447,sadio,envelope 20 kHz
127.5,2.9590811959465212e-05,sadio,envelope 20 kHz
128.0,8.722211373528792e-05,sadio,envelope 20 kHz
128.5,0.0002158209144057575,sadio,envelope 20 kHz
129.0,0.0003230024584685112,sadio,envelope 20 kHz
129.5,0.0002570904061113857,sadio,envelope 20 kHz
130.0,5.659220964314618e-05,sadio,envelope 20 kHz
130.5,0.00011959175851708654,sadio,envelope 20 kHz
131.0,0.00017593793632394707,sadio,envelope 20 kHz
131.5,8.61903947641872e-05,sadio,envelope 20 kHz
132.0,0.0002934177324951663,sadio,envelope 20 kHz
132.5,0.00038138786412155,sadio,envelope 20 kHz
133.0,0.0003593096376738576,sadio,envelope 20 kHz
133.5,0.00010865727079719259,sadio,envelope 20 kHz
134.0,0.0001323308116677167,sadio,envelope 20 kHz
134.5,5.263074072053459e-05,sadio,envelope 20 kHz
135.0,0.00015604679508554904,sadio,envelope 20 kHz
135.5,6.478421870629362e-05,sadio,envelope 20 kHz
136.0,8.519287892229294e-05,sadio,envelope 20 kHz
136.5,9.140968121837796e-05,sadio,envelope 20 kHz
137.0,0.00010691372847551388,sadio,envelope 20 kHz
137.5,0.00019130985009679243,sadio,envelope 20 kHz
138.0,0.0002398304342709461,sadio,envelope 20 kHz
138.5,0.00023869462350395142,sadio,envelope 20 kHz
139.0,0.0001143401253866888,sadio,envelope 20 kHz
139.5,0.00018060136299458409,sadio,envelope 20 kHz
140.0,0.0001861790429710738,sadio,envelope 20 kHz
140.5,0.00034369731323160365,sadio,envelope 20 kHz
141.0,0.00011769163921284662,sadio,envelope 20 kHz
141.5,0.0001065571253261236,sadio,envelope 20 kHz
142.0,0.0002454970518851682,sadio,envelope 20 kHz
142.5,0.00015957663157835196,sadio,envelope 20 kHz
143.0,0.00021348296257868383,sadio,envelope 20 kHz
143.5,9.311085948589379e-05,sadio,envelope 20 kHz
144.0,0.0001981887401130581,sadio,envelope 20 kHz
144.5,0.00022885440599070125,sadio,envelope 20 kHz
145.0,0.00017498024294463114,sadio,envelope 20 kHz
145.5,0.00037041242365512577,sadio,envelope 20 kHz
146.0,0.00030985432939758124,sadio,envelope 20 kHz
146.5,0.00023432611236101747,sadio,envelope 20 kHz
147.0,0.00015788808247028867,sadio,envelope 20 kHz
147.5,0.00016473322750756148,sadio,envelope 20 kHz
148.0,0.0003302602836797224,sadio,envelope 20 kHz
148.5,0.00022646214848091132,sadio,envelope 20 kHz
149.0,1.3961681670352969e-05,sadio,envelope 20 kHz
149.5,8.778662629083949e-05,sadio,envelope 20 kHz
150.0,0.00012392036177163085,sadio,envelope 20 kHz
150.5,0.00014434596688030172,sadio,envelope 20 kHz
151.0,0.0002886139709484693,sadio,envelope 20 kHz
151.5,0.0003389235123447964,sadio,envelope 20 kHz
152.0,0.0003508921603327994,sadio,envelope 20 kHz
152.5,0.00024323558794159053,sadio,envelope 20 kHz
153.0,0.00018620492838124496,sadio,envelope 20 kHz
153.5,0.0001818101417346009,sadio,envelope 20 kHz
154.0,7.324027640308835e-05,sadio,envelope 20 kHz
154.5,0.00016845899753743302,sadio,envelope 20 kHz
155.0,7.016338599251054e-05,sadio,envelope 20 kHz
155.5,0.0001823648923585967,sadio,envelope 20 kHz
156.0,0.00019542907598594738,sadio,envelope 20 kHz
156.5,0.00010811110578302916,sadio,envelope 20 kHz
157.0,0.00030902374744381855,sadio,envelope 20 kHz
157.5,0.00041520995917545785,sadio,envelope 20 kHz
158.0,5.2929037756439754e-05,sadio,envelope 20 kHz
158.5,0.0001425833878386633,sadio,envelope 20 kHz
159.0,0.00014205851114753484,sadio,envelope 20 kHz
159.5,0.00010442363664691616,sadio,envelope 20 kHz
160.0,0.0002840591210482676,sadio,envelope 20 kHz
160.5,0.00012439005989485846,sadio,envelope 20 kHz
161.0,0.00026830270635313304,sadio,envelope 20 kHz
161.5,0.00016527713681086577,sadio,envelope 20 kHz
162.0,3.812568472426437e-05,sadio,envelope 20 kHz
162.5,0.00015696909856104043,sadio,envelope 20 kHz
163.0,0.0002584922513916574,sadio,envelope 20 kHz
163.5,0.00016423975604462805,sadio,envelope 20 kHz
164.0,0.0002457180585132782,sadio,envelope 20 kHz
164.5,0.00022955285366671482,sadio,envelope 20 kHz
165.0,0.00026692359593317343,sadio,envelope 20 kHz
165.5,0.00016349981684614804,sadio,envelope 20 kHz
166.0,0.00011662711022743981,sadio,envelope 20 kHz
166.5,3.0070212788948413e-05,sadio,envelope 20 kHz
167.0,8.920712831678367e-05,sadio,envelope 20 kHz
167.5,2.3868917243592165e-05,sadio,envelope 20 kHz
168.0,0.00019937169262615676,sadio,envelope 20 kHz
168.5,0.00022713589961361055,sadio,envelope 20 kHz
169.0,0.0002616005260696517,sadio,envelope 20 kHz
169.5,9.583700433069949e-05,sadio,envelope 20 kHz
170.0,2.3995538698710256e-05,sadio,envelope 20 kHz
170.5,0.0003340856371345059,sadio,envelope 20 kHz
171.0,0.0004128442386958149,sadio,envelope 20 kHz
171.5,0.0003508461708661078,sadio,envelope 20 kHz
172.0,0.000384665350890211,sadio,envelope 20 kHz
172.5,0.0003477367863700371,sadio,envelope 20 kHz
173.0,0.00033311265733738905,sadio,envelope 20 kHz
173.5,0.00038445928387153134,sadio,envelope 20 kHz
174.0,0.0002960459151580394,sadio,envelope 20 kHz
174.5,0.00018982702650066808,sadio,envelope 20 kHz
175.0,0.00022263781001320853,sadio,envelope 20 kHz
175.5,0.0001215786333281218,sadio,envelope 20 kHz
176.0,0.00016993980228467977,sadio,envelope 20 kHz
176.5,0.00016184691298933154,sadio,envelope 20 kHz
177.0,5.752825872588427e-05,sadio,envelope 20 kHz
177.5,0.00023102338747244547,sadio,envelope 20 kHz
178.0,0.00024127177859371464,sadio,envelope 20 kHz
178.5,0.00024897036220121346,sadio,envelope 20 kHz
179.0,0.00013477340034144875,sadio,envelope 20 kHz
179.5,0.00017590255607225188,sadio,envelope 20 kHz
180.0,0.0001784456087502886,sadio,envelope 20 kHz
180.5,0.0001054578480366416,sadio,envelope 20 kHz
181.0,0.0001925074898342319,sadio,envelope 20 kHz
181.5,0.00031740525835383614,sadio,envelope 20 kHz
182.0,0.0001903922544106976,sadio,envelope 20 kHz
182.5,0.0001867054352617728,sadio,envelope 20 kHz
183.0,0.00016419343257925112,sadio,envelope 20 kHz
183.5,0.0001397132425598737,sadio,envelope 20 kHz
184.0,0.00014738299452718014,sadio,envelope 20 kHz
184.5,0.00023650771103196457,sadio,envelope 20 kHz
185.0,0.00035571829973752065,sadio,envelope 20 kHz
185.5,5.6489162335413355e-05,sadio,envelope 20 kHz
186.0,0.0001778970416955109,sadio,envelope 20 kHz
186.5,0.00039279870764806393,sadio,envelope 20 kHz
187.0,0.000205274439818649,sadio,envelope 20 kHz
187.5,4.0323481034148895e-05,sadio,envelope 20 kHz
188.0,0.00017234063671439802,sadio,envelope 20 kHz
188.5,0.0002397588206883392,sadio,envelope 20 kHz
189.0,0.00020974191729100365,sadio,envelope 20 kHz
189.5,0.0003791186980692215,sadio,envelope 20 kHz
190.0,0.0003137026016683255,sadio,envelope 20 kHz
190.5,0.00039832579111013133,sadio,envelope 20 kHz
191.0,0.0001471907417362482,sadio,envelope 20 kHz
191.5,0.00010983316405014008,sadio,envelope 20 kHz
192.0,0.00021427621942120026,sadio,envelope 20 kHz
192.5,0.0003234759677546337,sadio,envelope 20 kHz
193.0,0.0003088271506347633,sadio,envelope 20 kHz
193.5,0.00011428285753454362,sadio,envelope 20 kHz
194.0,0.00019889559669056508,sadio,envelope 20 kHz
194.5,0.0002648115458089111,sadio,envelope 20 kHz
195.0,0.0002357317770745439,sadio,envelope 20 kHz
195.5,0.0001453408723168388,sadio,envelope 20 kHz
196.0,5.375935753123839e-05,sadio,envelope 20 kHz
196.5,0.000468832505792079,sadio,envelope 20 kHz
197.0,0.00042098232929249326,sadio,envelope 20 kHz
197.5,0.00029654859784870164,sadio,envelope 20 kHz
198.0,0.00018902418230538272,sadio,envelope 20 kHz
198.5,0.00013746324539723855,sadio,envelope 20 kHz
199.0,0.00014004828311583298,sadio,envelope 20 kHz
199.5,0.0002577656853297471,sadio,envelope 20 kHz
200.0,0.00045292377073235645,sadio,envelope 20 kHz
200.5,0.0005714737385029872,sadio,envelope 20 kHz
201.0,0.0004550694549520938,sadio,envelope 20 kHz
201.5,0.0003736959559184979,sadio,envelope 20 kHz
202.0,0.0003141571703287943,sadio,envelope 20 kHz
202.5,0.00014143901510760274,sadio,envelope 20 kHz
203.0,0.00019811698361085902,sadio,envelope 20 kHz
203.5,0.00046543837330388237,sadio,envelope 20 kHz
204.0,0.0003336440351512084,sadio,envelope 20 kHz
204.5,7.635288987443674e-05,sadio,envelope 20 kHz
205.0,0.00014084900085121444,sadio,envelope 20 kHz
205.5,0.0001268147605124914,sadio,envelope 20 kHz
206.0,0.00016861896026483734,sadio,envelope 20 kHz
206.5,0.00029428956504420044,sadio,envelope 20 kHz
207.0,0.00015380266605510457,sadio,envelope 20 kHz
207.5,0.0002547980970806795,sadio,envelope 20 kHz
208.0,0.00033699574597560364,sadio,envelope 20 kHz
208.5,0.00014321727238604775,sadio,envelope 20 kHz
209.0,0.00019996375763417246,sadio,envelope 20 kHz
209.5,0.00019495637185118218,sadio,envelope 20 kHz
210.0,3.66586949897406e-05,sadio,envelope 20 kHz
210.5,0.00018480683309606816,sadio,envelope 20 kHz
211.0,0.0002004662969978092,sadio,envelope 20 kHz
211.5,0.00030228190308740564,sadio,envelope 20 kHz
212.0,0.000409378553272851,sadio,envelope 20 kHz
212.5,0.00018335089606072357,sadio,envelope 20 kHz
213.0,0.00011852032228040173,sadio,envelope 20 kHz
213.5,0.0001999833571478487,sadio,envelope 20 kHz
214.0,5.2046402066861544e-05,sadio,envelope 20 kHz
214.5,0.0003006795301018529,sadio,envelope 20 kHz
215.0,0.000514133437821924,sadio,envelope 20 kHz
215.5,0.000505760454141437,sadio,envelope 20 kHz
216.0,0.00016221170746823045,sadio,envelope 20 kHz
216.5,0.00018980375479062892,sadio,envelope 20 kHz
217.0,0.00013261833549102836,sadio,envelope 20 kHz
217.5,0.0002772267657091233,sadio,envelope 20 kHz
218.0,0.00018829247053935616,sadio,envelope 20 kHz
218.5,0.00010588288294190875,sadio,envelope 20 kHz
219.0,0.0003085369118485246,sadio,envelope 20 kHz
219.5,0.00047785815538786583,sadio,envelope 20 kHz
220.0,0.00014843884794694349,sadio,envelope 20 kHz
220.5,0.0003485285531386505,sadio,envelope 20 kHz
221.0,0.00022241381043843237,sadio,envelope 20 kHz
221.5,0.00011804312629713358,sadio,envelope 20 kHz
222.0,0.00023831634626915465,sadio,envelope 20 kHz
222.5,0.0002905963912628724,sadio,envelope 20 kHz
223.0,0.00016690349879872318,sadio,envelope 20 kHz
223.5,0.00018542674772529125,sadio,envelope 20 kHz
224.0,0.0002739641858228136,sadio,envelope 20 kHz
224.5,0.00022530563020983356,sadio,envelope 20 kHz
225.0,0.0002774919435262115,sadio,envelope 20 kHz
225.5,0.00031361847529450475,sadio,envelope 20 kHz
226.0,0.00046622724793379176,sadio,envelope 20 kHz
226.5,0.0002566280273519607,sadio,envelope 20 kHz
227.0,0.00013272642829768524,sadio,envelope 20 kHz
227.5,8.73701822016468e-05,sadio,envelope 20 kHz
228.0,0.00025846844878767584,sadio,envelope 20 kHz
228.5,0.00035680031004553466,sadio,envelope 20 kHz
229.0,0.0002260158790808263,sadio,envelope 20 kHz
229.5,5.241590206450679e-05,sadio,envelope 20 kHz
230.0,0.00013401427075610092,sadio,envelope 20 kHz
230.5,0.00012910525127215745,sadio,envelope 20 kHz
231.0,0.00014332349320545542,sadio,envelope 20 kHz
231.5,0.0001681731614844786,sadio,envelope 20 kHz
232.0,8.192273212216781e-05,sadio,envelope 20 kHz
232.5,0.0001571708744213295,sadio,envelope 20 kHz
233.0,0.00022002864703428294,sadio,envelope 20 kHz
233.5,0.0002795377125889831,sadio,envelope 20 kHz
234.0,0.0001289877988661858,sadio,envelope 20 kHz
234.5,0.0002432784174571755,sadio,envelope 20 kHz
235.0,0.00021089990544470938,sadio,envelope 20 kHz
235.5,0.0002714479637550625,sadio,envelope 20 kHz
236.0,0.0001595273339942764,sadio,envelope 20 kHz
236.5,0.0003475571541232789,sadio,envelope 20 kHz
237.0,0.000226069023933514,sadio,envelope 20 kHz
237.5,0.00021222632970810217,sadio,envelope 20 kHz
238.0,0.00025673772839238215,sadio,envelope 20 kHz
238.5,0.00042811806136974637,sadio,envelope 20 kHz
239.0,0.0004918636943570337,sadio,envelope 20 kHz
239.5,0.0002525440216584351,sadio,envelope 20 kHz
240.0,6.27835743609957e-05,sadio,envelope 20 kHz
240.5,0.00022148751323534225,sadio,envelope 20 kHz
241.0,0.00013357827530798428,sadio,envelope 20 kHz
241.5,0.00020414533667066132,sadio,envelope 20 kHz
242.0,0.00021844945650640777,sadio,envelope 20 kHz
242.5,0.00014866925017575374,sadio,envelope 20 kHz
243.0,0.0002543282607699692,sadio,envelope 20 kHz
243.5,0.00040523314056315174,sadio,envelope 20 kHz
244.0,0.00012273454867037166,sadio,envelope 20 kHz
244.5,0.00017498711404601353,sadio,envelope 20 kHz
245.0,7.692592124875613e-05,sadio,envelope 20 kHz
245.5,0.00018366379500036906,sadio,envelope 20 kHz
246.0,0.00029663413282259216,sadio,envelope 20 kHz
246.5,0.00031656705483600165,sadio,envelope 20 kHz
247.0,0.00024300650705753714,sadio,envelope 20 kHz
247.5,0.0003896704472645489,sadio,envelope 20 kHz
248.0,0.0001945433994594984,sadio,envelope 20 kHz
248.5,0.00015622335886327271,sadio,envelope 20 kHz
249.0,0.0002908553626109521,sadio,envelope 20 kHz
249.5,0.00024356753207800428,sadio,envelope 20 kHz
250.0,0.00022544116214198565,sadio,envelope 20 kHz
250.5,0.00024439402838706255,sadio,envelope 20 kHz
251.0,0.0001963991796905992,sadio,envelope 20 kHz
251.5,0.0004131023601314661,sadio,envelope 20 kHz
252.0,0.0005156757084810436,sadio,envelope 20 kHz
252.5,0.0003667022270890237,sadio,envelope 20 kHz
253.0,0.0004127857550766164,sadio,envelope 20 kHz
253.5,0.0003435701856244383,sadio,envelope 20 kHz
254.0,0.00018458698300102402,sadio,envelope 20 kHz
254.5,0.00016004059007827776,sadio,envelope 20 kHz
255.0,0.0002074656661912397,sadio,envelope 20 kHz
255.5,0.00012446916444323742,sadio,envelope 20 kHz
256.0,0.00022493363641705057,sadio,envelope 20 kHz
256.5,0.0003709393519099944,sadio,envelope 20 kHz
257.0,0.0002923542721376732,sadio,envelope 20 kHz
257.5,0.00032478699670116814,sadio,envelope 20 kHz
258.0,0.0003782730224875756,sadio,envelope 20 kHz
258.5,0.0003210963539460249,sadio,envelope 20 kHz
259.0,0.0002668904772603464,sadio,envelope 20 kHz
259.5,0.0003114101623245851,sadio,envelope 20 kHz
260.0,0.0002684235093609903,sadio,envelope 20 kHz
260.5,0.00036474448346116494,sadio,envelope 20 kHz
261.0,0.00038632965481804374,sadio,envelope 20 kHz
261.5,0.00037463480682843224,sadio,envelope 20 kHz
262.0,0.00029960302204677577,sadio,envelope 20 kHz
262.5,0.00042707561944087925,sadio,envelope 20 kHz
263.0,0.0003840079939826449,sadio,envelope 20 kHz
263.5,0.00018171261651719962,sadio,envelope 20 kHz
264.0,0.00027932970019477107,sadio,envelope 20 kHz
264.5,0.00022169418349372259,sadio,envelope 20 kHz
265.0,2.6084703831648446e-05,sadio,envelope 20 kHz
265.5,0.00014867578676005806,sadio,envelope 20 kHz
266.0,0.0002886220041191067,sadio,envelope 20 kHz
266.5,0.0002937073387240916,sadio,envelope 20 kHz
267.0,7.6802481321515e-05,sadio,envelope 20 kHz
267.5,0.00025951935993449377,sadio,envelope 20 kHz
268.0,0.00015246660544959955,sadio,envelope 20 kHz
268.5,9.438716724897877e-05,sadio,envelope 20 kHz
269.0,0.00032844148272447076,sadio,envelope 20 kHz
269.5,0.00023531917861210436,sadio,envelope 20 kHz
270.0,0.00011281277133096704,sadio,envelope 20 kHz
270.5,0.00019920680210737637,sadio,envelope 20 kHz
271.0,0.0002954687892802077,sadio,envelope 20 kHz
271.5,0.00023311722130441107,sadio,envelope 20 kHz
272.0,0.00030916428735553727,sadio,envelope 20 kHz
272.5,0.00031705918303680003,sadio,envelope 20 kHz
273.0,0.00014428919341673245,sadio,envelope 20 kHz
273.5,0.0006241628141907265,sadio,envelope 20 kHz
274.0,0.0005562463219623483,sadio,envelope 20 kHz
274.5,6.618365020534322e-05,sadio,envelope 20 kHz
275.0,0.00043586392677918886,sadio,envelope 20 kHz
275.5,0.0006907598536671175,sadio,envelope 20 kHz
276.0,0.0004571462710402691,sadio,envelope 20 kHz
276.5,0.00010269107365213286,sadio,envelope 20 kHz
277.0,0.00019420359835861626,sadio,envelope 20 kHz
277.5,0.0002339996673677378,sadio,envelope 20 kHz
278.0,0.00023748536784716796,sadio,envelope 20 kHz
278.5,0.00034035920916409234,sadio,envelope 20 kHz
279.0,0.00045890560104310516,sadio,envelope 20 kHz
279.5,0.00048206254667650014,sadio,envelope 20 kHz
280.0,0.000420911610603642,sadio,envelope 20 kHz
280.5,0.000383592572949589,sadio,envelope 20 kHz
281.0,0.0003300511203843482,sadio,envelope 20 kHz
281.5,0.00028379545324953934,sadio,envelope 20 kHz
282.0,0.00020718568449768773,sadio,envelope 20 kHz
282.5,0.0001660549060427885,sadio,envelope 20 kHz
283.0,0.00023563309191154075,sadio,envelope 20 kHz
283.5,0.000255333041573645,sadio,envelope 20 kHz
284.0,0.0003632937514528005,sadio,envelope 20 kHz
284.5,0.00024223869697396222,sadio,envelope 20 kHz
285.0,0.00019435567807174923,sadio,envelope 20 kHz
285.5,0.00027147986580520507,sadio,envelope 20 kHz
286.0,0.00028484221914935735,sadio,envelope 20 kHz
286.5,9.995710515519857e-05,sadio,envelope 20 kHz
287.0,0.00042479893652833366,sadio,envelope 20 kHz
287.5,0.0005248579797821174,sadio,envelope 20 kHz
288.0,0.000381038587121255,sadio,envelope 20 kHz
288.5,9.617913636465289e-05,sadio,envelope 20 kHz
289.0,0.00020882754406600365,sadio,envelope 20 kHz
289.5,0.00019021719335297308,sadio,envelope 20 kHz
290.0,3.046485606588656e-05,sadio,envelope 20 kHz
290.5,5.94913070569698e-05,sadio,envelope 20 kHz
291.0,7.69091313577044e-05,sadio,envelope 20 kHz
291.5,0.00020826527933794545,sadio,envelope 20 kHz
292.0,8.431029989413257e-05,sadio,envelope 20 kHz
292.5,0.00033387907388424213,sadio,envelope 20 kHz
293.0,0.00034311311727050633,sadio,envelope 20 kHz
293.5,0.00014407254998041895,sadio,envelope 20 kHz
294.0,0.0003040591854763391,sadio,envelope 20 kHz
294.5,0.00036863685161518406,sadio,envelope 20 kHz
295.0,0.00016293892312263354,sadio,envelope 20 kHz
295.5,9.085080176202412e-05,sadio,envelope 20 kHz
296.0,8.681353098839047e-05,sadio,envelope 20 kHz
296.5,8.116282385786347e-05,sadio,envelope 20 kHz
297.0,2.9794711372521026e-05,sadio,envelope 20 kHz
297.5,0.00021282400951950248,sadio,envelope 20 kHz
298.0,6.76229923171221e-05,sadio,envelope 20 kHz
298.5,0.0001011159548238358,sadio,envelope 20 kHz
299.0,6.319690575882864e-05,sadio,envelope 20 kHz
299.5,0.00011275796879584654,sadio,envelope 20 kHz
300.0,0.0003095831829651923,sadio,envelope 20 kHz
300.5,0.00043339994321226556,sadio,envelope 20 kHz
301.0,0.0003343658592949703,sadio,envelope 20 kHz
301.5,0.0004521081112097694,sadio,envelope 20 kHz
302.0,0.0006042042417485919,sadio,envelope 20 kHz
302.5,0.0005564066247643344,sadio,envelope 20 kHz
303.0,0.00023771779349860073,sadio,envelope 20 kHz
303.5,0.00027618198428538753,sadio,envelope 20 kHz
304.0,0.00018764348342423064,sadio,envelope 20 kHz
304.5,0.0002744729466170638,sadio,envelope 20 kHz
305.0,0.00019214445232481806,sadio,envelope 20 kHz
305.5,0.0002020888381313914,sadio,envelope 20 kHz
306.0,0.0002693341611871037,sadio,envelope 20 kHz
306.5,0.0002597120284336258,sadio,envelope 20 kHz
307.0,0.00016135167329022428,sadio,envelope 20 kHz
307.5,0.00013615456900765185,sadio,envelope 20 kHz
308.0,0.000245083997770222,sadio,envelope 20 kHz
308.5,0.0002731492687941288,sadio,envelope 20 kHz
309.0,0.00016148020868898637,sadio,envelope 20 kHz
309.5,0.00018591346938104356,sadio,envelope 20 kHz
310.0,0.00015384668208776405,sadio,envelope 20 kHz
310.5,0.0002195038793580208,sadio,envelope 20 kHz
311.0,0.0003536420429239816,sadio,envelope 20 kHz
311.5,0.0001975521864389442,sadio,envelope 20 kHz
312.0,0.00020189210338805017,sadio,envelope 20 kHz
312.5,0.0001645655408815353,sadio,envelope 20 kHz
313.0,0.0002630389049955682,sadio,envelope 20 kHz
313.5,0.0003230033877049218,sadio,envelope 20 kHz
314.0,0.00016050922120989164,sadio,envelope 20 kHz
314.5,0.0003643730169404355,sadio,envelope 20 kHz
315.0,0.00037777897638225245,sadio,envelope 20 kHz
315.5,0.00032329550846851873,sadio,envelope 20 kHz
316.0,0.0002936623285573275,sadio,envelope 20 kHz
316.5,0.00013373317119243677,sadio,envelope 20 kHz
317.0,0.0002425734336327976,sadio,envelope 20 kHz
317.5,7.981075381061534e-05,sadio,envelope 20 kHz
318.0,0.00024336390667804216,sadio,envelope 20 kHz
318.5,9.551993446823474e-05,sadio,envelope 20 kHz
319.0,0.00016017881031769662,sadio,envelope 20 kHz
319.5,0.00012441929600077824,sadio,envelope 20 kHz
320.0,0.00024847039705345965,sadio,envelope 20 kHz
320.5,0.00027496489320547035,sadio,envelope 20 kHz
321.0,0.00019519485592438797,sadio,envelope 20 kHz
321.5,0.00025499881723301654,sadio,envelope 20 kHz
322.0,3.606321216938314e-05,sadio,envelope 20 kHz
322.5,0.00017631564711832715,sadio,envelope 20 kHz
323.0,7.480332688154403e-05,sadio,envelope 20 kHz
323.5,6.8281791252256e-05,sadio,envelope 20 kHz
324.0,0.00012576174750046686,sadio,envelope 20 kHz
324.5,0.00020064154272603286,sadio,envelope 20 kHz
325.0,0.0001545893051202377,sadio,envelope 20 kHz
325.5,0.00022292626353815031,sadio,envelope 20 kHz
326.0,0.0003320633030647497,sadio,envelope 20 kHz
326.5,0.00020259974080906687,sadio,envelope 20 kHz
327.0,0.00011847307945410818,sadio,envelope 20 kHz
327.5,0.00026139648530428396,sadio,envelope 20 kHz
328.0,0.00015807683808325475,sadio,envelope 20 kHz
328.5,9.433731509988127e-05,sadio,envelope 20 kHz
329.0,0.0002164679867578299,sadio,envelope 20 kHz
329.5,0.00013001974677857639,sadio,envelope 20 kHz
330.0,0.00013783771209818397,sadio,envelope 20 kHz
330.5,0.00023672863429560675,sadio,envelope 20 kHz
331.0,0.00036828952746497236,sadio,envelope 20 kHz
331.5,0.00010988357504684705,sadio,envelope 20 kHz
332.0,0.00022363124778222897,sadio,envelope 20 kHz
332.5,8.89042368024766e-05,sadio,envelope 20 kHz
333.0,0.0002179666244871699,sadio,envelope 20 kHz
333.5,0.0002039621493449137,sadio,envelope 20 kHz
334.0,8.559201739278964e-05,sadio,envelope 20 kHz
334.5,6.215478199408915e-05,sadio,envelope 20 kHz
335.0,0.00014846175212309974,sadio,envelope 20 kHz
335.5,0.0003104715495102261,sadio,envelope 20 kHz
336.0,9.791333189489162e-05,sadio,envelope 20 kHz
336.5,0.00017564890964604947,sadio,envelope 20 kHz
337.0,0.00018879331993167477,sadio,envelope 20 kHz
337.5,0.00038404459587110403,sadio,envelope 20 kHz
338.0,0.0004707266201327385,sadio,envelope 20 kHz
338.5,0.00021728809203370617,sadio,envelope 20 kHz
339.0,0.00021766242038752633,sadio,envelope 20 kHz
339.5,0.0003340960280376942,sadio,envelope 20 kHz
340.0,0.00013420383809415528,sadio,envelope 20 kHz
340.5,0.00014240664727361104,sadio,envelope 20 kHz
341.0,0.00013055228471240267,sadio,envelope 20 kHz
341.5,9.637646017161427e-05,sadio,envelope 20 kHz
342.0,0.00011370303865810751,sadio,envelope 20 kHz
342.5,9.217259878871097e-05,sadio,envelope 20 kHz
343.0,7.949579234732161e-05,sadio,envelope 20 kHz
343.5,8.858295826827427e-05,sadio,envelope 20 kHz
344.0,0.00011729000314890305,sadio,envelope 20 kHz
344.5,0.000211040766487162,sadio,envelope 20 kHz
345.0,0.0001186226331215797,sadio,envelope 20 kHz
345.5,0.00010429403693137038,sadio,envelope 20 kHz
346.0,0.00019805301334835428,sadio,envelope 20 kHz
346.5,0.00024551935370931914,sadio,envelope 20 kHz
347.0,0.0001979443486439166,sadio,envelope 20 kHz
347.5,0.00024411462266098703,sadio,envelope 20 kHz
348.0,0.00024368290726713284,sadio,envelope 20 kHz
348.5,0.0002530261616915563,sadio,envelope 20 kHz
349.0,0.0002342900127433948,sadio,envelope 20 kHz
349.5,0.00012167771915003331,sadio,envelope 20 kHz
350.0,0.00015015839300636414,sadio,envelope 20 kHz
350.5,0.00019022662839166538,sadio,envelope 20 kHz
351.0,0.00012265156761268276,sadio,envelope 20 kHz
351.5,7.388971911050416e-05,sadio,envelope 20 kHz
352.0,0.00017847803385511162,sadio,envelope 20 kHz
352.5,0.0001806533348224615,sadio,envelope 20 kHz
353.0,0.0002041021733966689,sadio,envelope 20 kHz
353.5,0.0003476477432116693,sadio,envelope 20 kHz
354.0,0.0002111577088880884,sadio,envelope 20 kHz
354.5,0.000250460344274733,sadio,envelope 20 kHz
355.0,0.00017127872787323984,sadio,envelope 20 kHz
355.5,0.00017644365520261873,sadio,envelope 20 kHz
356.0,0.00024802968603336595,sadio,envelope 20 kHz
356.5,0.00034444211032766815,sadio,envelope 20 kHz
357.0,0.0003459304964879646,sadio,envelope 20 kHz
357.5,0.00034161015882121405,sadio,envelope 20 kHz
358.0,0.0003792756157958849,sadio,envelope 20 kHz
358.5,0.00033459681431930046,sadio,envelope 20 kHz
359.0,0.00013194458355909823,sadio,envelope 20 kHz
359.5,0.00010338267103460328,sadio,envelope 20 kHz
360.0,0.0002178126950163767,sadio,envelope 20 kHz
360.5,0.00041963431122979796,sadio,envelope 20 kHz
361.0,0.0002279768440765794,sadio,envelope 20 kHz
361.5,0.0003339458033611286,sadio,envelope 20 kHz
362.0,0.00024024643629180366,sadio,envelope 20 kHz
362.5,0.0001740193487229595,sadio,envelope 20 kHz
363.0,0.0003273626310082025,sadio,envelope 20 kHz
363.5,0.0004442256360560672,sadio,envelope 20 kHz
364.0,0.00038626806251300985,sadio,envelope 20 kHz
364.5,0.00032284957687099027,sadio,envelope 20 kHz
365.0,0.0003236381548940587,sadio,envelope 20 kHz
365.5,0.0003983839090717145,sadio,envelope 20 kHz
366.0,0.0003118515115069836,sadio,envelope 20 kHz
366.5,0.00037736038419614753,sadio,envelope 20 kHz
367.0,0.0003532567844028171,sadio,envelope 20 kHz
367.5,0.0002930515939073729,sadio,envelope 20 kHz
368.0,9.792109876576583e-05,sadio,envelope 20 kHz
368.5,7.285054219174333e-05,sadio,envelope 20 kHz
369.0,8.122828728200349e-05,sadio,envelope 20 kHz
369.5,0.00015539011232400116,sadio,envelope 20 kHz
370.0,0.0001779339473216692,sadio,envelope 20 kHz
370.5,0.00018846845649576197,sadio,envelope 20 kHz
371.0,3.9103228257490005e-05,sadio,envelope 20 kHz
371.5,8.384843252973042e-05,sadio,envelope 20 kHz
372.0,0.00021900520885956767,sadio,envelope 20 kHz
372.5,0.00042137325523603533,sadio,envelope 20 kHz
373.0,0.00011961441993521397,sadio,envelope 20 kHz
373.5,0.00033613285251427505,sadio,envelope 20 kHz
374.0,0.00017738602143101126,sadio,envelope 20 kHz
374.5,0.0001992535951372203,sadio,envelope 20 kHz
375.0,0.00021281027615803572,sadio,envelope 20 kHz
375.5,0.0002922441957630622,sadio,envelope 20 kHz
376.0,0.00023312321747855368,sadio,envelope 20 kHz
376.5,0.00026137575169066473,sadio,envelope 20 kHz
377.0,0.00037832017222845006,sadio,envelope 20 kHz
377.5,0.00042319508924055816,sadio,envelope 20 kHz
378.0,0.00041741059730479515,sadio,envelope 20 kHz
378.5,0.00029721033903732427,sadio,envelope 20 kHz
379.0,0.00011911407895082415,sadio,envelope 20 kHz
379.5,0.0002492878101537484,sadio,envelope 20 kHz
380.0,0.00023053452804817906,sadio,envelope 20 kHz
380.5,0.00035104269748591893,sadio,envelope 20 kHz
381.0,0.00035442073880716604,sadio,envelope 20 kHz
381.5,0.00026286575946269145,sadio,envelope 20 kHz
382.0,0.0002822419993959696,sadio,envelope 20 kHz
382.5,0.0002098675516413416,sadio,envelope 20 kHz
383.0,0.00028492429583672126,sadio,envelope 20 kHz
383.5,0.0002756072024663895,sadio,envelope 20 kHz
384.0,0.00018894322445825562,sadio,envelope 20 kHz
384.5,0.00025348758106321197,sadio,envelope 20 kHz
385.0,0.0002394464816288603,sadio,envelope 20 kHz
385.5,0.00013912506551574269,sadio,envelope 20 kHz
386.0,0.00021241485680625457,sadio,envelope 20 kHz
386.5,0.0001120357955739381,sadio,envelope 20 kHz
387.0,5.9992347187364915e-05,sadio,envelope 20 kHz
387.5,9.352356805402055e-05,sadio,envelope 20 kHz
388.0,0.00026181445400361115,sadio,envelope 20 kHz
388.5,0.0005284983267296457,sadio,envelope 20 kHz
389.0,0.0004978059068231654,sadio,envelope 20 kHz
389.5,0.00023714024932891125,sadio,envelope 20 kHz
390.0,0.0001300430114477944,sadio,envelope 20 kHz
390.5,4.7684124971168186e-05,sadio,envelope 20 kHz
391.0,2.406927687317805e-05,sadio,envelope 20 kHz
391.5,2.5872223572350973e-05,sadio,envelope 20 kHz
392.0,0.00010166669345681938,sadio,envelope 20 kHz
392.5,0.00014221457823837024,sadio,envelope 20 kHz
393.0,0.0001634362587873033,sadio,envelope 20 kHz
393.5,8.174171546141477e-05,sadio,envelope 20 kHz
394.0,1.778341356135784e-05,sadio,envelope 20 kHz
394.5,2.6382592658227543e-05,sadio,envelope 20 kHz
395.0,0.00023422716515374522,sadio,envelope 20 kHz
395.5,0.00015328572109078064,sadio,envelope 20 kHz
396.0,0.00023687462944892,sadio,envelope 20 kHz
396.5,0.00015316341654048233,sadio,envelope 20 kHz
397.0,7.37454925887571e-05,sadio,envelope 20 kHz
397.5,6.866568262784595e-05,sadio,envelope 20 kHz
398.0,0.00016145366058158378,sadio,envelope 20 kHz
398.5,0.0001475991905012289,sadio,envelope 20 kHz
399.0,0.00017327006642865167,sadio,envelope 20 kHz
399.5,0.00017390655549273098,sadio,envelope 20 kHz
400.0,0.00023658144841789052,sadio,envelope 20 kHz
400.5,0.00022212472838511026,sadio,envelope 20 kHz
401.0,0.00012426318769774255,sadio,envelope 20 kHz
401.5,8.941704663293466e-05,sadio,envelope 20 kHz
402.0,0.0002069411431783717,sadio,envelope 20 kHz
402.5,0.00023877078317794783,sadio,envelope 20 kHz
403.0,0.00023092559981012034,sadio,envelope 20 kHz
403.5,0.00016042795437623214,sadio,envelope 20 kHz
404.0,0.00025472248714445176,sadio,envelope 20 kHz
404.5,0.00017475472872092784,sadio,envelope 20 kHz
405.0,0.000159294223927019,sadio,envelope 20 kHz
405.5,0.00033254477642484097,sadio,envelope 20 kHz
406.0,0.0003268042640917855,sadio,envelope 20 kHz
406.5,0.00014351162644239985,sadio,envelope 20 kHz
407.0,0.0001232738884917707,sadio,envelope 20 kHz
407.5,0.00010391944599261067,sadio,envelope 20 kHz
408.0,0.00015071546867910605,sadio,envelope 20 kHz
408.5,0.00012507806909174032,sadio,envelope 20 kHz
409.0,0.00021886977111928933,sadio,envelope 20 kHz
409.5,0.00011398700260032002,sadio,envelope 20 kHz
410.0,0.0003693266632921273,sadio,envelope 20 kHz
410.5,0.00033619894043897226,sadio,envelope 20 kHz
411.0,7.67862471387012e-05,sadio,envelope 20 kHz
411.5,7.18044103988414e-05,sadio,envelope 20 kHz
412.0,0.00022486753707470766,sadio,envelope 20 kHz
412.5,0.00020024366060509804,sadio,envelope 20 kHz
413.0,0.00029921189605570524,sadio,envelope 20 kHz
413.5,0.00018964126755708076,sadio,envelope 20 kHz
414.0,0.0002246069371333506,sadio,envelope 20 kHz
414.5,0.0004237847434079281,sadio,envelope 20 kHz
415.0,0.00017776538140139913,sadio,envelope 20 kHz
415.5,0.00046093903284326505,sadio,envelope 20 kHz
416.0,0.000544149766590282,sadio,envelope 20 kHz
416.5,0.0003513148572578053,sadio,envelope 20 kHz
417.0,0.0002803543556813462,sadio,envelope 20 kHz
417.5,0.00014065312149591245,sadio,envelope 20 kHz
418.0,0.00024976392853381647,sadio,envelope 20 kHz
418.5,0.0001378893011558862,sadio,envelope 20 kHz
419.0,0.00024902412020664047,sadio,envelope 20 kHz
419.5,0.00024547710964316984,sadio,envelope 20 kHz
420.0,6.825697223988688e-05,sadio,envelope 20 kHz
420.5,0.0002426205611580998,sadio,envelope 20 kHz
421.0,0.00026000052932772865,sadio,envelope 20 kHz
421.5,8.89782466406362e-05,sadio,envelope 20 kHz
422.0,0.0001284342587612171,sadio,envelope 20 kHz
422.5,0.00018965118601253376,sadio,envelope 20 kHz
423.0,0.00021024340800374492,sadio,envelope 20 kHz
423.5,0.00010898360341603117,sadio,envelope 20 kHz
424.0,0.00017075596217919732,sadio,envelope 20 kHz
424.5,0.00031559667801522455,sadio,envelope 20 kHz
425.0,0.0002295456423860778,sadio,envelope 20 kHz
425.5,0.00010526066112526054,sadio,envelope 20 kHz
426.0,0.0001168292007364463,sadio,envelope 20 kHz
426.5,0.00010438460020559353,sadio,envelope 20 kHz
427.0,0.00024316945684458018,sadio,envelope 20 kHz
427.5,0.0002450157864421953,sadio,envelope 20 kHz
428.0,0.00011235274966670963,sadio,envelope 20 kHz
428.5,0.00010677820519109591,sadio,envelope 20 kHz
429.0,9.471024329594213e-05,sadio,envelope 20 kHz
429.5,0.00014784552959495629,sadio,envelope 20 kHz
430.0,0.0001522171315668504,sadio,envelope 20 kHz
430.5,5.017521645915023e-05,sadio,envelope 20 kHz
431.0,4.0369116163626894e-05,sadio,envelope 20 kHz
431.5,0.00012676214467535337,sadio,envelope 20 kHz
432.0,0.0001385067667264046,sadio,envelope 20 kHz
432.5,0.00021236838548223486,sadio,envelope 20 kHz
433.0,0.00023589000428725373,sadio,envelope 20 kHz
433.5,0.0001018795303526427,sadio,envelope 20 kHz
434.0,0.00021864895455367904,sadio,envelope 20 kHz
434.5,0.00012092016386307904,sadio,envelope 20 kHz
435.0,0.0001776383747330588,sadio,envelope 20 kHz
435.5,0.00021921704681883853,sadio,envelope 20 kHz
436.0,0.0001936961748387649,sadio,envelope 20 kHz
436.5,0.00035807385985732704,sadio,envelope 20 kHz
437.0,0.00022192178784492404,sadio,envelope 20 kHz
437.5,0.00017123158770940343,sadio,envelope 20 kHz
438.0,0.00029566820776264586,sadio,envelope 20 kHz
438.5,9.784540580222468e-05,sadio,envelope 20 kHz
439.0,0.0003010141930081613,sadio,envelope 20 kHz
439.5,7.833164150310632e-05,sadio,envelope 20 kHz
440.0,0.00015453482848076504,sadio,envelope 20 kHz
440.5,7.518203927965265e-05,sadio,envelope 20 kHz
441.0,9.72776738220638e-05,sadio,envelope 20 kHz
441.5,0.00014821831424010498,sadio,envelope 20 kHz
442.0,0.000402693455295067,sadio,envelope 20 kHz
442.5,0.00023219188760571945,sadio,envelope 20 kHz
443.0,0.0001010923894665688,sadio,envelope 20 kHz
443.5,0.00011094871449933292,sadio,envelope 20 kHz
444.0,0.00011267852465484518,sadio,envelope 20 kHz
444.5,0.00021964013343722986,sadio,envelope 20 kHz
445.0,0.00039032645256043957,sadio,envelope 20 kHz
445.5,0.0003888376797479101,sadio,envelope 20 kHz
446.0,0.0001263498182243334,sadio,envelope 20 kHz
446.5,0.00019266037790895688,sadio,envelope 20 kHz
447.0,0.00021699958993683422,sadio,envelope 20 kHz
447.5,0.00027225903532468123,sadio,envelope 20 kHz
448.0,0.0002533900204817862,sadio,envelope 20 kHz
448.5,0.0003120403517824672,sadio,envelope 20 kHz
449.0,0.00023024457577587576,sadio,envelope 20 kHz
449.5,0.00010580804460708844,sadio,envelope 20 kHz
450.0,9.397988406173082e-05,sadio,envelope 20 kHz
450.5,0.00012295990497298613,sadio,envelope 20 kHz
451.0,0.00014647135603147832,sadio,envelope 20 kHz
451.5,0.00029349380136726766,sadio,envelope 20 kHz
452.0,0.00011997281741600207,sadio,envelope 20 kHz
452.5,5.441454510635804e-05,sadio,envelope 20 kHz
453.0,0.00014355832061738362,sadio,envelope 20 kHz
453.5,0.00013887382490550208,sadio,envelope 20 kHz
454.0,0.0004892029325378124,sadio,envelope 20 kHz
454.5,0.00035035892693989734,sadio,envelope 20 kHz
455.0,0.00021151027829568414,sadio,envelope 20 kHz
455.5,0.00017686398071494163,sadio,envelope 20 kHz
456.0,0.0002137253182076517,sadio,envelope 20 kHz
456.5,0.0003615918860674713,sadio,envelope 20 kHz
457.0,0.0002683514375896078,sadio,envelope 20 kHz
457.5,0.00024285538246695347,sadio,envelope 20 kHz
458.0,0.00045316745023695946,sadio,envelope 20 kHz
458.5,0.0003484270794690031,sadio,envelope 20 kHz
459.0,0.00035326576461571185,sadio,envelope 20 kHz
459.5,0.000575468546343765,sadio,envelope 20 kHz
460.0,0.00041547025935878616,sadio,envelope 20 kHz
460.5,9.038018584163074e-05,sadio,envelope 20 kHz
461.0,2.54219284507131e-05,sadio,envelope 20 kHz
461.5,7.311583251588702e-06,sadio,envelope 20 kHz
462.0,0.00017239162159229563,sadio,envelope 20 kHz
462.5,0.00019002331889301588,sadio,envelope 20 kHz
463.0,4.4227675555250604e-05,sadio,envelope 20 kHz
463.5,6.131706722764147e-05,sadio,envelope 20 kHz
464.0,7.806406523044965e-05,sadio,envelope 20 kHz
464.5,0.0002552981069494154,sadio,envelope 20 kHz
465.0,0.00021420934500403867,sadio,envelope 20 kHz
465.5,0.00019305137749514695,sadio,envelope 20 kHz
466.0,0.0001649916143502528,sadio,envelope 20 kHz
466.5,0.0002260244898248933,sadio,envelope 20 kHz
467.0,0.00033242521118799316,sadio,envelope 20 kHz
467.5,0.00021758896786821085,sadio,envelope 20 kHz
468.0,1.9976315472290794e-05,sadio,envelope 20 kHz
468.5,0.00010800991530300925,sadio,envelope 20 kHz
469.0,0.00020948854347863582,sadio,envelope 20 kHz
469.5,0.00032825253551993765,sadio,envelope 20 kHz
470.0,0.00029015868511844916,sadio,envelope 20 kHz
470.5,1.1663909714847972e-05,sadio,envelope 20 kHz
471.0,0.00022094347391574397,sadio,envelope 20 kHz
471.5,0.00026717823083036813,sadio,envelope 20 kHz
472.0,0.00016003413829345325,sadio,envelope 20 kHz
472.5,4.623696681774914e-05,sadio,envelope 20 kHz
473.0,0.00015759776994977377,sadio,envelope 20 kHz
473.5,0.0002471684925266242,sadio,envelope 20 kHz
474.0,0.00029701185251224593,sadio,envelope 20 kHz
474.5,0.0003906381440934651,sadio,envelope 20 kHz
475.0,0.0003460005507175195,sadio,envelope 20 kHz
475.5,0.00032917898590475574,sadio,envelope 20 kHz
476.0,0.0004247403953892754,sadio,envelope 20 kHz
476.5,0.00028855739380685924,sadio,envelope 20 kHz
477.0,0.00016797595015485172,sadio,envelope 20 kHz
477.5,0.0004633183477595151,sadio,envelope 20 kHz
478.0,0.00028836304976924285,sadio,envelope 20 kHz
478.5,0.00023985509928319782,sadio,envelope 20 kHz
479.0,0.0003150499277646012,sadio,envelope 20 kHz
479.5,0.0002100719496153729,sadio,envelope 20 kHz
480.0,4.294898548697959e-05,sadio,envelope 20 kHz
480.5,0.00018825430958471429,sadio,envelope 20 kHz
481.0,0.0002905104776077091,sadio,envelope 20 kHz
481.5,0.0003526832307008506,sadio,envelope 20 kHz
482.0,3.470492240390275e-05,sadio,envelope 20 kHz
482.5,2.674825668681437e-05,sadio,envelope 20 kHz
483.0,3.523872378638221e-05,sadio,envelope 20 kHz
483.5,0.00020034459790792717,sadio,envelope 20 kHz
484.0,0.00015531728725640245,sadio,envelope 20 kHz
484.5,0.00026757676496952853,sadio,envelope 20 kHz
485.0,0.00038501366860875687,sadio,envelope 20 kHz
485.5,0.00042729824527982976,sadio,envelope 20 kHz
486.0,0.00036038254583168185,sadio,envelope 20 kHz
486.5,0.00023604784989971817,sadio,envelope 20 kHz
487.0,0.00019107715479411522,sadio,envelope 20 kHz
487.5,0.00037793970899785754,sadio,envelope 20 kHz
488.0,0.0002714196195437043,sadio,envelope 20 kHz
488.5,0.00023755817961031194,sadio,envelope 20 kHz
489.0,0.0003142048117573515,sadio,envelope 20 kHz
489.5,8.025672424367225e-05,sadio,envelope 20 kHz
490.0,0.0002422702772380559,sadio,envelope 20 kHz
490.5,0.0003830554646014662,sadio,envelope 20 kHz
491.0,0.000241376035741222,sadio,envelope 20 kHz
491.5,0.00025734605792090493,sadio,envelope 20 kHz
492.0,0.00044326054789607444,sadio,envelope 20 kHz
492.5,0.00020314776546085061,sadio,envelope 20 kHz
493.0,0.00016131674649542786,sadio,envelope 20 kHz
493.5,0.00024010902492296312,sadio,envelope 20 kHz
494.0,0.0002042658949415945,sadio,envelope 20 kHz
494.5,0.00022868839415358263,sadio,envelope 20 kHz
495.0,0.0003584889787197051,sadio,envelope 20 kHz
495.5,0.0001199376450494705,sadio,envelope 20 kHz
496.0,6.486877593726097e-05,sadio,envelope 20 kHz
496.5,0.00028745002602220736,sadio,envelope 20 kHz
497.0,0.000442128465401146,sadio,envelope 20 kHz
497.5,0.0003299299771422243,sadio,envelope 20 kHz
498.0,0.00019645210945785015,sadio,envelope 20 kHz
498.5,0.00018483886125191112,sadio,envelope 20 kHz
499.0,0.0001257143027817659,sadio,envelope 20 kHz
499.5,0.0003694422750520011,sadio,envelope 20 kHz
500.0,0.0003721041044505778,sadio,envelope 20 kHz
500.5,0.0005141467486434503,sadio,envelope 20 kHz
501.0,0.0003257102253897932,sadio,envelope 20 kHz
501.5,0.00020110644167508403,sadio,envelope 20 kHz
502.0,0.00018412085188002599,sadio,envelope 20 kHz
502.5,0.0002752454756546896,sadio,envelope 20 kHz
503.0,0.00018160154002936287,sadio,envelope 20 kHz
503.5,0.0002855894334114247,sadio,envelope 20 kHz
504.0,0.0003236906884811428,sadio,envelope 20 kHz
504.5,0.0003157950028191745,sadio,envelope 20 kHz
505.0,0.00028589010037547656,sadio,envelope 20 kHz
505.5,0.00036850068063540975,sadio,envelope 20 kHz
506.0,0.0004045219351404697,sadio,envelope 20 kHz
506.5,0.0003937875974602286,sadio,envelope 20 kHz
507.0,0.00040376297430246905,sadio,envelope 20 kHz
507.5,0.00036147790541638203,sadio,envelope 20 kHz
508.0,0.00035591172308662155,sadio,envelope 20 kHz
508.5,0.00016405560713350477,sadio,envelope 20 kHz
509.0,0.0003080030040291225,sadio,envelope 20 kHz
509.5,0.0003258754986966298,sadio,envelope 20 kHz
510.0,0.00021252978433591722,sadio,envelope 20 kHz
510.5,0.0003820274186773189,sadio,envelope 20 kHz
511.0,0.00048039048662805743,sadio,envelope 20 kHz
511.5,0.0006095206306572223,sadio,envelope 20 kHz
512.0,0.0006088249788432783,sadio,envelope 20 kHz
512.5,0.0004077060204241613,sadio,envelope 20 kHz
513.0,0.000281721825667705,sadio,envelope 20 kHz
513.5,0.00033629944151422506,sadio,envelope 20 kHz
514.0,0.000199469531612653,sadio,envelope 20 kHz
514.5,1.1494900243831049e-05,sadio,envelope 20 kHz
515.0,5.488676711334033e-05,sadio,envelope 20 kHz
515.5,0.00015626608548369668,sadio,envelope 20 kHz
516.0,0.00015569255412246794,sadio,envelope 20 kHz
516.5,0.000196055092957876,sadio,envelope 20 kHz
517.0,0.0003006915286631347,sadio,envelope 20 kHz
517.5,0.0002262999683428036,sadio,envelope 20 kHz
518.0,7.897267590506465e-05,sadio,envelope 20 kHz
518.5,0.0001782115147424654,sadio,envelope 20 kHz
519.0,0.0001817484854340247,sadio,envelope 20 kHz
519.5,0.00024298830104532048,sadio,envelope 20 kHz
520.0,0.00011285956884597178,sadio,envelope 20 kHz
520.5,0.00029628422437421556,sadio,envelope 20 kHz
521.0,0.00020413683113298253,sadio,envelope 20 kHz
521.5,0.0002661060640480519,sadio,envelope 20 kHz
522.0,0.00027693606594510667,sadio,envelope 20 kHz
522.5,0.00010487168413788513,sadio,envelope 20 kHz
523.0,0.00019001449987804785,sadio,envelope 20 kHz
523.5,5.8538663244997966e-05,sadio,envelope 20 kHz
524.0,0.00024919387100476813,sadio,envelope 20 kHz
524.5,0.0003822962991663668,sadio,envelope 20 kHz
525.0,0.00020453922801773406,sadio,envelope 20 kHz
525.5,9.673679495517735e-05,sadio,envelope 20 kHz
526.0,8.848863180488481e-05,sadio,envelope 20 kHz
526.5,0.00012567754135239456,sadio,envelope 20 kHz
527.0,0.00012081062656780657,sadio,envelope 20 kHz
527.5,0.00010790483238347522,sadio,envelope 20 kHz
528.0,0.00011494399865122455,sadio,envelope 20 kHz
528.5,0.00010871173668158285,sadio,envelope 20 kHz
529.0,4.734221848381407e-05,sadio,envelope 20 kHz
529.5,0.00021420753527322752,sadio,envelope 20 kHz
530.0,0.00015811962021761926,sadio,envelope 20 kHz
530.5,0.0001935371800285007,sadio,envelope 20 kHz
531.0,0.00029830702856701837,sadio,envelope 20 kHz
531.5,0.00029794825518043107,sadio,envelope 20 kHz
532.0,0.0002730341270829368,sadio,envelope 20 kHz
532.5,0.00023532432400552903,sadio,envelope 20 kHz
533.0,0.0001303633899457346,sadio,envelope 20 kHz
533.5,0.00021527631772431529,sadio,envelope 20 kHz
534.0,0.00011469439739499558,sadio,envelope 20 kHz
534.5,0.00013399802950779413,sadio,envelope 20 kHz
535.0,0.0002992944397213637,sadio,envelope 20 kHz
535.5,0.0002507313140161342,sadio,envelope 20 kHz
536.0,0.000422845692401595,sadio,envelope 20 kHz
536.5,0.00047561511467006883,sadio,envelope 20 kHz
537.0,0.0003646049918279369,sadio,envelope 20 kHz
537.5,0.00027094207811551843,sadio,envelope 20 kHz
538.0,0.0002250142954362683,sadio,envelope 20 kHz
538.5,0.00014881435745545818,sadio,envelope 20 kHz
539.0,0.00012671594100765261,sadio,envelope 20 kHz
539.5,0.00019190564271455207,sadio,envelope 20 kHz
540.0,0.00029673639223863244,sadio,envelope 20 kHz
540.5,0.00021680823486642197,sadio,envelope 20 kHz
541.0,0.00020259046033449155,sadio,envelope 20 kHz
541.5,0.0005470173940013777,sadio,envelope 20 kHz
542.0,0.00043099040063630236,sadio,envelope 20 kHz
542.5,0.00010103357812844047,sadio,envelope 20 kHz
543.0,0.00012683512136132277,sadio,envelope 20 kHz
543.5,0.00010058069725660546,sadio,envelope 20 kHz
544.0,0.00032678238000994004,sadio,envelope 20 kHz
544.5,0.0003983281115270946,sadio,envelope 20 kHz
545.0,9.97605768164526e-05,sadio,envelope 20 kHz
545.5,0.0004300252539275985,sadio,envelope 20 kHz
546.0,0.0005545115601691526,sadio,envelope 20 kHz
546.5,0.00022826862902878338,sadio,envelope 20 kHz
547.0,0.00017504131433621542,sadio,envelope 20 kHz
547.5,0.00013870316591721617,sadio,envelope 20 kHz
548.0,0.00014650552823535136,sadio,envelope 20 kHz
548.5,0.000299006890604312,sadio,envelope 20 kHz
549.0,0.0003859167953738583,sadio,envelope 20 kHz
549.5,0.00025289139536284944,sadio,envelope 20 kHz
550.0,0.0001430763442963782,sadio,envelope 20 kHz
550.5,0.0001714248258628694,sadio,envelope 20 kHz
551.0,0.00024648204577954006,sadio,envelope 20 kHz
551.5,0.00029597317689041567,sadio,envelope 20 kHz
552.0,0.0002513397770847518,sadio,envelope 20 kHz
552.5,2.668636766933214e-05,sadio,envelope 20 kHz
553.0,0.00016619049165800948,sadio,envelope 20 kHz
553.5,0.00011903645100917132,sadio,envelope 20 kHz
554.0,8.51554709304716e-05,sadio,envelope 20 kHz
554.5,1.8377023960252104e-05,sadio,envelope 20 kHz
555.0,0.0002786496636684989,sadio,envelope 20 kHz
555.5,0.00029864781950415884,sadio,envelope 20 kHz
556.0,0.00011763741158400001,sadio,envelope 20 kHz
556.5,0.00029032142967815494,sadio,envelope 20 kHz
557.0,0.00022610350979681147,sadio,envelope 20 kHz
557.5,0.0002886901664549355,sadio,envelope 20 kHz
558.0,0.0004003605626531152,sadio,envelope 20 kHz
558.5,7.057105097060875e-05,sadio,envelope 20 kHz
559.0,0.00017445820325161368,sadio,envelope 20 kHz
559.5,0.00011993764157849824,sadio,envelope 20 kHz
560.0,0.00030177998018903927,sadio,envelope 20 kHz
560.5,0.0003672696921523825,sadio,envelope 20 kHz
561.0,0.0002641495279021973,sadio,envelope 20 kHz
561.5,0.0003275587186554271,sadio,envelope 20 kHz
562.0,0.00030982364926360233,sadio,envelope 20 kHz
562.5,0.000319576277012134,sadio,envelope 20 kHz
563.0,0.00011935808581206808,sadio,envelope 20 kHz
563.5,0.00033069023189993206,sadio,envelope 20 kHz
564.0,0.0004305989318308213,sadio,envelope 20 kHz
564.5,0.0002965840277648681,sadio,envelope 20 kHz
565.0,0.00024789733885920086,sadio,envelope 20 kHz
565.5,0.00010843663250674254,sadio,envelope 20 kHz
566.0,0.00012876877550779817,sadio,envelope 20 kHz
566.5,0.00020655456821024978,sadio,envelope 20 kHz
567.0,0.00017619298250576705,sadio,envelope 20 kHz
567.5,0.0002749179171542239,sadio,envelope 20 kHz
568.0,0.0005187087208937918,sadio,envelope 20 kHz
568.5,0.0004653851581737025,sadio,envelope 20 kHz
569.0,0.0003280982202321059,sadio,envelope 20 kHz
569.5,8.069689346990317e-05,sadio,envelope 20 kHz
570.0,0.0002725333038523761,sadio,envelope 20 kHz
570.5,0.00048179500450989954,sadio,envelope 20 kHz
571.0,0.00043590889427012555,sadio,envelope 20 kHz
571.5,0.00035432213307261506,sadio,envelope 20 kHz
572.0,0.00039692676654390325,sadio,envelope 20 kHz
572.5,0.0002631533710355452,sadio,envelope 20 kHz
573.0,0.000390892208813759,sadio,envelope 20 kHz
573.5,0.00041356059802598403,sadio,envelope 20 kHz
574.0,0.0003249595128508243,sadio,envelope 20 kHz
574.5,0.0003171706203757592,sadio,envelope 20 kHz
575.0,0.00038995840951869254,sadio,envelope 20 kHz
575.5,0.00029063759223012383,sadio,envelope 20 kHz
576.0,0.00037504622839360413,sadio,envelope 20 kHz
576.5,0.00022118686503024603,sadio,envelope 20 kHz
577.0,9.0607658438119e-05,sadio,envelope 20 kHz
577.5,6.825875763685367e-05,sadio,envelope 20 kHz
578.0,0.00014153024230832858,sadio,envelope 20 kHz
578.5,0.00022710557222926865,sadio,envelope 20 kHz
579.0,0.0002143137123514095,sadio,envelope 20 kHz
579.5,0.00016943794788989397,sadio,envelope 20 kHz
580.0,0.00019697842420121346,sadio,envelope 20 kHz
580.5,0.0003073500027827192,sadio,envelope 20 kHz
581.0,0.000268488457789817,sadio,envelope 20 kHz
581.5,0.0001352266099491131,sadio,envelope 20 kHz
582.0,0.0003113101973143641,sadio,envelope 20 kHz
582.5,0.0005097020500842925,sadio,envelope 20 kHz
583.0,0.00026081105114743097,sadio,envelope 20 kHz
583.5,9.119294321640451e-05,sadio,envelope 20 kHz
584.0,0.00018947204523797837,sadio,envelope 20 kHz
584.5,0.00027238790296565073,sadio,envelope 20 kHz
585.0,0.00021900883153742515,sadio,envelope 20 kHz
585.5,0.0003512880880918097,sadio,envelope 20 kHz
586.0,0.0001916959841808007,sadio,envelope 20 kHz
586.5,0.0001297745365722164,sadio,envelope 20 kHz
587.0,0.00012646967596974642,sadio,envelope 20 kHz
587.5,0.0003421195938497626,sadio,envelope 20 kHz
588.0,0.00025284567394639806,sadio,envelope 20 kHz
588.5,2.478942870834865e-05,sadio,envelope 20 kHz
589.0,0.0002335212472444041,sadio,envelope 20 kHz
589.5,0.000174032100468045,sadio,envelope 20 kHz
590.0,0.00018587985808521612,sadio,envelope 20 kHz
590.5,0.0002810524526712855,sadio,envelope 20 kHz
591.0,0.00024346739661871203,sadio,envelope 20 kHz
591.5,0.00016706984408977819,sadio,envelope 20 kHz
592.0,0.00023356528040684835,sadio,envelope 20 kHz
592.5,0.00042725061642301555,sadio,envelope 20 kHz
593.0,0.00040063367302178935,sadio,envelope 20 kHz
593.5,0.00025121361444596966,sadio,envelope 20 kHz
594.0,0.00020114024610882396,sadio,envelope 20 kHz
594.5,0.00031548734939148567,sadio,envelope 20 kHz
595.0,0.0002928318533774756,sadio,envelope 20 kHz
595.5,0.00018454867858645483,sadio,envelope 20 kHz
596.0,0.0003492920836372725,sadio,envelope 20 kHz
596.5,0.0002480380620358323,sadio,envelope 20 kHz
597.0,0.00013633900428525935,sadio,envelope 20 kHz
597.5,0.0003322209395105489,sadio,envelope 20 kHz
598.0,0.0003557642522099144,sadio,envelope 20 kHz
598.5,3.4421701243092376e-05,sadio,envelope 20 kHz
599.0,0.00019223177078758088,sadio,envelope 20 kHz
599.5,0.0003264342577458551,sadio,envelope 20 kHz
600.0,0.00020448853473005628,sadio,envelope 20 kHz
0.0,0.0006035420741232536,defeito,envelope 20 kHz
0.5,0.0004004366294158576,defeito,envelope 20 kHz
1.0,0.0001694559444445537,defeito,envelope 20 kHz
1.5,0.00015947210690256747,defeito,envelope 20 kHz
2.0,6.383139025388575e-05,defeito,envelope 20 kHz
2.5,0.00015179980589889768,defeito,envelope 20 kHz
3.0,0.00015118571616915406,defeito,envelope 20 kHz
3.5,0.0002584928722891614,defeito,envelope 20 kHz
4.0,0.0003563929164846171,defeito,envelope 20 kHz
4.5,0.00024933822978376254,defeito,envelope 20 kHz
5.0,0.00037467484819069826,defeito,envelope 20 kHz
5.5,0.00043642309366199414,defeito,envelope 20 kHz
6.0,0.00018253032811622029,defeito,envelope 20 kHz
6.5,0.00046558269207952084,defeito,envelope 20 kHz
7.0,0.0003502132027515594,defeito,envelope 20 kHz
7.5,0.0002930130847133955,defeito,envelope 20 kHz
8.0,0.0007948464169921535,defeito,envelope 20 kHz
8.5,0.0007388189659885649,defeito,envelope 20 kHz
9.0,0.0005819968901628967,defeito,envelope 20 kHz
9.5,0.0006811385042243714,defeito,envelope 20 kHz
10.0,0.00031293468669981556,defeito,envelope 20 kHz
10.5,0.00016307597046317544,defeito,envelope 20 kHz
11.0,3.752936350824159e-05,defeito,envelope 20 kHz
11.5,0.00031596748006378875,defeito,envelope 20 kHz
12.0,0.00023752320928520642,defeito,envelope 20 kHz
12.5,7.109637703628002e-05,defeito,envelope 20 kHz
13.0,0.00023701113099441554,defeito,envelope 20 kHz
13.5,0.00032609580022080145,defeito,envelope 20 kHz
14.0,0.00034257514295121176,defeito,envelope 20 kHz
14.5,0.0001758675434379933,defeito,envelope 20 kHz
15.0,0.00030276482962465583,defeito,envelope 20 kHz
15.5,0.0002658115019136988,defeito,envelope 20 kHz
16.0,0.0002628266178462666,defeito,envelope 20 kHz
16.5,0.0004148295188435908,defeito,envelope 20 kHz
17.0,0.00030047476875173063,defeito,envelope 20 kHz
17.5,0.00020903287026038936,defeito,envelope 20 kHz
18.0,0.00014798063465032692,defeito,envelope 20 kHz
18.5,0.0005485716150597904,defeito,envelope 20 kHz
19.0,0.0006974892591467415,defeito,envelope 20 kHz
19.5,9.425769352581356e-05,defeito,envelope 20 kHz
20.0,0.0006549883531624164,defeito,envelope 20 kHz
20.5,0.0006908366917080524,defeito,envelope 20 kHz
21.0,0.00045022863611068436,defeito,envelope 20 kHz
21.5,7.679054339486998e-05,defeito,envelope 20 kHz
22.0,0.00022607561114929177,defeito,envelope 20 kHz
22.5,0.00010366868742567725,defeito,envelope 20 kHz
23.0,0.00035465700100787144,defeito,envelope 20 kHz
23.5,0.0002888020999245264,defeito,envelope 20 kHz
24.0,0.00023405060896820792,defeito,envelope 20 kHz
24.5,0.00041935356463936404,defeito,envelope 20 kHz
25.0,0.00022543239739156965,defeito,envelope 20 kHz
25.5,0.0002595313156194432,defeito,envelope 20 kHz
26.0,0.0003434942019402209,defeito,envelope 20 kHz
26.5,6.562473546922721e-05,defeito,envelope 20 kHz
27.0,0.00024313981470778275,defeito,envelope 20 kHz
27.5,0.0001947523529225299,defeito,envelope 20 kHz
28.0,0.00016487419074780828,defeito,envelope 20 kHz
28.5,5.8386008457632055e-05,defeito,envelope 20 kHz
29.0,0.00030079312486321075,defeito,envelope 20 kHz
29.5,4.2450290089007356e-05,defeito,envelope 20 kHz
30.0,0.0007155605197216084,defeito,envelope 20 kHz
30.5,0.0005046806917374737,defeito,envelope 20 kHz
31.0,0.0001385540254158218,defeito,envelope 20 kHz
31.5,0.0003055497948600733,defeito,envelope 20 kHz
32.0,0.000449568127802688,defeito,envelope 20 kHz
32.5,0.0004958834622360699,defeito,envelope 20 kHz
33.0,0.0005564528155578225,defeito,envelope 20 kHz
33.5,0.00047017928856774526,defeito,envelope 20 kHz
34.0,0.00028197961315285934,defeito,envelope 20 kHz
34.5,0.0003565788324121032,defeito,envelope 20 kHz
35.0,0.0008778331890807793,defeito,envelope 20 kHz
35.5,0.0007972593604262319,defeito,envelope 20 kHz
36.0,4.182143348267678e-05,defeito,envelope 20 kHz
36.5,0.00039044172554258017,defeito,envelope 20 kHz
37.0,0.00037724318500945305,defeito,envelope 20 kHz
37.5,0.0005286860754695849,defeito,envelope 20 kHz
38.0,0.000422331718075442,defeito,envelope 20 kHz
38.5,0.0007155777297774721,defeito,envelope 20 kHz
39.0,0.0007824974097701517,defeito,envelope 20 kHz
39.5,0.0006097673959873247,defeito,envelope 20 kHz
40.0,0.0003489156788107619,defeito,envelope 20 kHz
40.5,0.00036385865264113504,defeito,envelope 20 kHz
41.0,0.00019608990883936944,defeito,envelope 20 kHz
41.5,0.0006959520039233936,defeito,envelope 20 kHz
42.0,0.0010082714161448606,defeito,envelope 20 kHz
42.5,0.0008141117472471514,defeito,envelope 20 kHz
43.0,0.000715282612733073,defeito,envelope 20 kHz
43.5,0.0004592593816947689,defeito,envelope 20 kHz
44.0,0.00021381081518893143,defeito,envelope 20 kHz
44.5,0.0005983961210971568,defeito,envelope 20 kHz
45.0,0.000660280730114142,defeito,envelope 20 kHz
45.5,0.00037278001333335945,defeito,envelope 20 kHz
46.0,0.0003714805139056419,defeito,envelope 20 kHz
46.5,0.00025286586999610707,defeito,envelope 20 kHz
47.0,0.00026284671841945843,defeito,envelope 20 kHz
47.5,8.31582217048267e-05,defeito,envelope 20 kHz
48.0,0.0001396782279692732,defeito,envelope 20 kHz
48.5,0.0005739415596507125,defeito,envelope 20 kHz
49.0,0.0007890860292512604,defeito,envelope 20 kHz
49.5,0.000326364768962827,defeito,envelope 20 kHz
50.0,0.0011354729002709299,defeito,envelope 20 kHz
50.5,0.0010238911775436758,defeito,envelope 20 kHz
51.0,0.0005476748976214029,defeito,envelope 20 kHz
51.5,0.0007264079935930029,defeito,envelope 20 kHz
52.0,0.0006516859290431612,defeito,envelope 20 kHz
52.5,0.00029948551773599963,defeito,envelope 20 kHz
53.0,0.000762453308193884,defeito,envelope 20 kHz
53.5,0.0009104421137490405,defeito,envelope 20 kHz
54.0,0.0006879772891821448,defeito,envelope 20 kHz
54.5,0.00147692519741288,defeito,envelope 20 kHz
55.0,0.0006261618248452701,defeito,envelope 20 kHz
55.5,0.0011097609052609949,defeito,envelope 20 kHz
56.0,0.0014898112252474725,defeito,envelope 20 kHz
56.5,0.0011330181420411785,defeito,envelope 20 kHz
57.0,0.0006889804390632837,defeito,envelope 20 kHz
57.5,0.0001655256675498388,defeito,envelope 20 kHz
58.0,0.0004407089072808797,defeito,envelope 20 kHz
58.5,0.0005801798679349371,defeito,envelope 20 kHz
59.0,0.0002445502331241855,defeito,envelope 20 kHz
59.5,0.0003143823599382207,defeito,envelope 20 kHz
60.0,0.0007036300273943188,defeito,envelope 20 kHz
60.5,0.0005268302556401545,defeito,envelope 20 kHz
61.0,0.0003973558827479503,defeito,envelope 20 kHz
61.5,0.00028391705406075973,defeito,envelope 20 kHz
62.0,0.0003169105070344377,defeito,envelope 20 kHz
62.5,0.0009084890526186457,defeito,envelope 20 kHz
63.0,0.001200606132929117,defeito,envelope 20 kHz
63.5,0.0005169648140818557,defeito,envelope 20 kHz
64.0,0.00032377597627884926,defeito,envelope 20 kHz
64.5,0.00032175008240040577,defeito,envelope 20 kHz
65.0,0.00018080000045705177,defeito,envelope 20 kHz
65.5,0.00047503418020878224,defeito,envelope 20 kHz
66.0,0.0008957464638822302,defeito,envelope 20 kHz
66.5,0.0008435204141312838,defeito,envelope 20 kHz
67.0,0.0007986102950085557,defeito,envelope 20 kHz
67.5,0.0004178308108733598,defeito,envelope 20 kHz
68.0,0.0003890905904263118,defeito,envelope 20 kHz
68.5,0.0005743977641419393,defeito,envelope 20 kHz
69.0,0.001593667614128733,defeito,envelope 20 kHz
69.5,0.0016979009430057538,defeito,envelope 20 kHz
70.0,0.0010641836741489448,defeito,envelope 20 kHz
70.5,0.0004500419778593367,defeito,envelope 20 kHz
71.0,0.000349366820489525,defeito,envelope 20 kHz
71.5,0.00018874481213861807,defeito,envelope 20 kHz
72.0,0.00023297307375496213,defeito,envelope 20 kHz
72.5,0.0005314429079507523,defeito,envelope 20 kHz
73.0,0.0010993675581713101,defeito,envelope 20 kHz
73.5,0.0011123960012894103,defeito,envelope 20 kHz
74.0,0.00045859941628082233,defeito,envelope 20 kHz
74.5,0.0003671594358588084,defeito,envelope 20 kHz
75.0,0.00040140081040621175,defeito,envelope 20 kHz
75.5,0.000811501464011136,defeito,envelope 20 kHz
76.0,0.00042991529732009433,defeito,envelope 20 kHz
76.5,0.0003723990712188565,defeito,envelope 20 kHz
77.0,0.000660090324812383,defeito,envelope 20 kHz
77.5,0.0008235331403722837,defeito,envelope 20 kHz
78.0,0.0009677411099850694,defeito,envelope 20 kHz
78.5,0.0010580031030339163,defeito,envelope 20 kHz
79.0,0.0015880727371182098,defeito,envelope 20 kHz
79.5,0.0009282550706666151,defeito,envelope 20 kHz
80.0,0.00018920911489670055,defeito,envelope 20 kHz
80.5,0.0005577527565290177,defeito,envelope 20 kHz
81.0,0.0005969336950885358,defeito,envelope 20 kHz
81.5,0.00018448852443915873,defeito,envelope 20 kHz
82.0,0.0008636693875843975,defeito,envelope 20 kHz
82.5,0.0006182683007525469,defeito,envelope 20 kHz
83.0,0.0013661847679359383,defeito,envelope 20 kHz
83.5,0.001106475517758576,defeito,envelope 20 kHz
84.0,0.0004994303149557744,defeito,envelope 20 kHz
84.5,0.0007062637407483498,defeito,envelope 20 kHz
85.0,0.0009597456148701784,defeito,envelope 20 kHz
85.5,0.001188522599114181,defeito,envelope 20 kHz
86.0,0.0011542321722275038,defeito,envelope 20 kHz
86.5,0.001288237894736647,defeito,envelope 20 kHz
87.0,0.001237874318550496,defeito,envelope 20 kHz
87.5,0.0001262946079780366,defeito,envelope 20 kHz
88.0,0.0010232401877156249,defeito,envelope 20 kHz
88.5,0.0003659628473995741,defeito,envelope 20 kHz
89.0,0.0014861516406153006,defeito,envelope 20 kHz
89.5,0.0012534623882655156,defeito,envelope 20 kHz
90.0,0.000714030959935267,defeito,envelope 20 kHz
90.5,0.0009446842277471754,defeito,envelope 20 kHz
91.0,0.002327649033453782,defeito,envelope 20 kHz
91.5,0.0016957919833663336,defeito,envelope 20 kHz
92.0,0.000493725493311971,defeito,envelope 20 kHz
92.5,0.000734876543489883,defeito,envelope 20 kHz
93.0,0.0006746207966498691,defeito,envelope 20 kHz
93.5,0.0007216061920667813,defeito,envelope 20 kHz
94.0,0.00029060593412594786,defeito,envelope 20 kHz
94.5,0.0009784016977688308,defeito,envelope 20 kHz
95.0,0.000833124142122529,defeito,envelope 20 kHz
95.5,0.00033432984862419215,defeito,envelope 20 kHz
96.0,0.00019121871842108624,defeito,envelope 20 kHz
96.5,0.0007311534045750218,defeito,envelope 20 kHz
97.0,0.001547070682998422,defeito,envelope 20 kHz
97.5,0.0012618449867399803,defeito,envelope 20 kHz
98.0,0.0007797505082149232,defeito,envelope 20 kHz
98.5,0.0018023723615561284,defeito,envelope 20 kHz
99.0,0.0015307520219298694,defeito,envelope 20 kHz
99.5,0.0011051143294325543,defeito,envelope 20 kHz
100.0,0.0024432981324734775,defeito,envelope 20 kHz
100.5,0.002024161185077836,defeito,envelope 20 kHz
101.0,0.0008419663765282335,defeito,envelope 20 kHz
101.5,0.0003874406045782609,defeito,envelope 20 kHz
102.0,0.0012809996011264578,defeito,envelope 20 kHz
102.5,0.0012769400770790023,defeito,envelope 20 kHz
103.0,0.0012463307343369909,defeito,envelope 20 kHz
103.5,0.002815349964435284,defeito,envelope 20 kHz
104.0,0.08301096038011696,defeito,envelope 20 kHz
104.5,0.19862371624412387,defeito,envelope 20 kHz
105.0,0.11821340384760362,defeito,envelope 20 kHz
105.5,0.005157646042645455,defeito,envelope 20 kHz
106.0,0.0015384819543342993,defeito,envelope 20 kHz
106.5,0.00095336405780916,defeito,envelope 20 kHz
107.0,0.0014190143969153583,defeito,envelope 20 kHz
107.5,0.00040954170816830587,defeito,envelope 20 kHz
108.0,0.0010226857472281667,defeito,envelope 20 kHz
108.5,0.001944770388055135,defeito,envelope 20 kHz
109.0,0.002601715731957744,defeito,envelope 20 kHz
109.5,0.001277720107814737,defeito,envelope 20 kHz
110.0,0.0007942392126234995,defeito,envelope 20 kHz
110.5,0.0011288369057083027,defeito,envelope 20 kHz
111.0,0.001443441935685621,defeito,envelope 20 kHz
111.5,0.0016912373473298033,defeito,envelope 20 kHz
112.0,0.0018453067647628502,defeito,envelope 20 kHz
112.5,0.001515941699540064,defeito,envelope 20 kHz
113.0,0.0007623093683438759,defeito,envelope 20 kHz
113.5,0.0005080434016149134,defeito,envelope 20 kHz
114.0,0.0015013365024675073,defeito,envelope 20 kHz
114.5,0.0016108697541987911,defeito,envelope 20 kHz
115.0,0.0005522202972037504,defeito,envelope 20 kHz
115.5,0.0005147458561300018,defeito,envelope 20 kHz
116.0,0.000644314167010257,defeito,envelope 20 kHz
116.5,0.0007245206587269891,defeito,envelope 20 kHz
117.0,0.0002465851094423734,defeito,envelope 20 kHz
117.5,0.0015996410947279817,defeito,envelope 20 kHz
118.0,0.0029305631604561754,defeito,envelope 20 kHz
118.5,0.0018495706421476023,defeito,envelope 20 kHz
119.0,0.00048112235498518795,defeito,envelope 20 kHz
119.5,0.0012492942182014697,defeito,envelope 20 kHz
120.0,0.0009635737821024648,defeito,envelope 20 kHz
120.5,0.0002467740753187393,defeito,envelope 20 kHz
121.0,0.0011882915300103155,defeito,envelope 20 kHz
121.5,0.00023587382922606772,defeito,envelope 20 kHz
122.0,0.0014734583544465426,defeito,envelope 20 kHz
122.5,0.0013427143558411285,defeito,envelope 20 kHz
123.0,0.0014012462209256609,defeito,envelope 20 kHz
123.5,0.0011242467864244,defeito,envelope 20 kHz
124.0,0.0015438723895488543,defeito,envelope 20 kHz
124.5,0.0016266239275582156,defeito,envelope 20 kHz
125.0,0.0007796448789479679,defeito,envelope 20 kHz
125.5,0.0007628209463067554,defeito,envelope 20 kHz
126.0,0.0017173271338867622,defeito,envelope 20 kHz
126.5,0.001289228334634045,defeito,envelope 20 kHz
127.0,0.0014809394230065277,defeito,envelope 20 kHz
127.5,0.0010241070552915081,defeito,envelope 20 kHz
128.0,0.0006370479078627821,defeito,envelope 20 kHz
128.5,0.0009261365472165872,defeito,envelope 20 kHz
129.0,0.00076935995214204,defeito,envelope 20 kHz
129.5,0.00036081167369574567,defeito,envelope 20 kHz
130.0,0.0017184364919555666,defeito,envelope 20 kHz
130.5,0.0012263592744824819,defeito,envelope 20 kHz
131.0,0.0006610972308293611,defeito,envelope 20 kHz
131.5,0.0012597830580442415,defeito,envelope 20 kHz
132.0,0.0012372092522820808,defeito,envelope 20 kHz
132.5,0.001022734192175585,defeito,envelope 20 kHz
133.0,0.00037220658320773794,defeito,envelope 20 kHz
133.5,0.001499554733142022,defeito,envelope 20 kHz
134.0,0.0006526887721550721,defeito,envelope 20 kHz
134.5,0.0007701935694249337,defeito,envelope 20 kHz
135.0,0.0002672988414861879,defeito,envelope 20 kHz
135.5,0.000737882125701126,defeito,envelope 20 kHz
136.0,0.001201554113440268,defeito,envelope 20 kHz
136.5,0.0016632348593473751,defeito,envelope 20 kHz
137.0,0.0012201249970127828,defeito,envelope 20 kHz
137.5,0.0007300647998631435,defeito,envelope 20 kHz
138.0,0.0004598318699912533,defeito,envelope 20 kHz
138.5,0.0005966436207881716,defeito,envelope 20 kHz
139.0,0.0016635403604049947,defeito,envelope 20 kHz
139.5,0.002710557854958255,defeito,envelope 20 kHz
140.0,0.002707071716009445,defeito,envelope 20 kHz
140.5,0.0009343055169002413,defeito,envelope 20 kHz
141.0,0.0007591560558523223,defeito,envelope 20 kHz
141.5,0.0007352631684623597,defeito,envelope 20 kHz
142.0,0.0005352945457038871,defeito,envelope 20 kHz
142.5,0.00022897687136217364,defeito,envelope 20 kHz
143.0,0.0009607812531501356,defeito,envelope 20 kHz
143.5,0.0007349166924367779,defeito,envelope 20 kHz
144.0,9.667390968886619e-05,defeito,envelope 20 kHz
144.5,0.0004783883915019536,defeito,envelope 20 kHz
145.0,0.000929133153845409,defeito,envelope 20 kHz
145.5,0.0005389137508062971,defeito,envelope 20 kHz
146.0,0.0014994666190459645,defeito,envelope 20 kHz
146.5,0.0017617806101772565,defeito,envelope 20 kHz
147.0,0.0014475798519242274,defeito,envelope 20 kHz
147.5,0.0008876390371498149,defeito,envelope 20 kHz
148.0,0.0009434854898032306,defeito,envelope 20 kHz
148.5,0.0002842277110412871,defeito,envelope 20 kHz
149.0,0.0015290447315299196,defeito,envelope 20 kHz
149.5,0.0013709112087684073,defeito,envelope 20 kHz
150.0,0.0002679429164777129,defeito,envelope 20 kHz
150.5,0.0007906873000753285,defeito,envelope 20 kHz
151.0,0.0010637138720243425,defeito,envelope 20 kHz
151.5,0.0004862866083903012,defeito,envelope 20 kHz
152.0,0.0007597661045608497,defeito,envelope 20 kHz
152.5,0.0013623037863561857,defeito,envelope 20 kHz
153.0,0.001577419962814982,defeito,envelope 20 kHz
153.5,0.0020445493473693586,defeito,envelope 20 kHz
154.0,0.0005034371805459275,defeito,envelope 20 kHz
154.5,0.0025381905524634422,defeito,envelope 20 kHz
155.0,0.002339882008946398,defeito,envelope 20 kHz
155.5,0.00019046627020487242,defeito,envelope 20 kHz
156.0,0.0009863153043371013,defeito,envelope 20 kHz
156.5,0.0009518963623151126,defeito,envelope 20 kHz
157.0,0.0009734547069886357,defeito,envelope 20 kHz
157.5,0.0009520686559965462,defeito,envelope 20 kHz
158.0,0.0009578177696271715,defeito,envelope 20 kHz
158.5,0.0009075728817747079,defeito,envelope 20 kHz
159.0,0.0024416422798541827,defeito,envelope 20 kHz
159.5,0.001278464986057615,defeito,envelope 20 kHz
160.0,0.0015311487067924344,defeito,envelope 20 kHz
160.5,0.0016140838294544956,defeito,envelope 20 kHz
161.0,0.0014971696502044602,defeito,envelope 20 kHz
161.5,0.001360513245325803,defeito,envelope 20 kHz
162.0,0.0008573543156268362,defeito,envelope 20 kHz
162.5,0.0009784350851988447,defeito,envelope 20 kHz
163.0,0.0011145332897976523,defeito,envelope 20 kHz
163.5,0.0005970718197307268,defeito,envelope 20 kHz
164.0,0.0010634126151643595,defeito,envelope 20 kHz
164.5,0.001724740126146508,defeito,envelope 20 kHz
165.0,0.0004095975232668973,defeito,envelope 20 kHz
165.5,0.0010088695238514094,defeito,envelope 20 kHz
166.0,0.0008428234625487099,defeito,envelope 20 kHz
166.5,0.0016937859940913786,defeito,envelope 20 kHz
167.0,0.002341941800310667,defeito,envelope 20 kHz
167.5,0.002646820035014627,defeito,envelope 20 kHz
168.0,0.0010629133671303933,defeito,envelope 20 kHz
168.5,0.0003684604636616035,defeito,envelope 20 kHz
169.0,0.0005153813717495863,defeito,envelope 20 kHz
169.5,0.00028186389229882845,defeito,envelope 20 kHz
170.0,0.0003047916953968106,defeito,envelope 20 kHz
170.5,0.0012994738468305514,defeito,envelope 20 kHz
171.0,0.0008918861113228946,defeito,envelope 20 kHz
171.5,0.0005673775593547096,defeito,envelope 20 kHz
172.0,0.0005123707760634898,defeito,envelope 20 kHz
172.5,0.0006913081806992433,defeito,envelope 20 kHz
173.0,0.0002926344135947919,defeito,envelope 20 kHz
173.5,0.0019369138304864766,defeito,envelope 20 kHz
174.0,0.0029745909600410246,defeito,envelope 20 kHz
174.5,0.0022421033357153436,defeito,envelope 20 kHz
175.0,0.0007934130692690453,defeito,envelope 20 kHz
175.5,0.0005319437463673665,defeito,envelope 20 kHz
176.0,0.0005648483103963428,defeito,envelope 20 kHz
176.5,0.00021468506197485664,defeito,envelope 20 kHz
177.0,0.0006608994969193515,defeito,envelope 20 kHz
177.5,0.000905033335498972,defeito,envelope 20 kHz
178.0,0.000882355827412562,defeito,envelope 20 kHz
178.5,0.0005302347041056757,defeito,envelope 20 kHz
179.0,0.0005295393385881682,defeito,envelope 20 kHz
179.5,0.0005198440221419483,defeito,envelope 20 kHz
180.0,0.0016827632954476365,defeito,envelope 20 kHz
180.5,0.0007294404585407089,defeito,envelope 20 kHz
181.0,0.0007242192596574597,defeito,envelope 20 kHz
181.5,0.0009414368123563264,defeito,envelope 20 kHz
182.0,0.0012368947751982312,defeito,envelope 20 kHz
182.5,0.0010813056378837277,defeito,envelope 20 kHz
183.0,0.0007314640784720887,defeito,envelope 20 kHz
183.5,0.0020077752017882916,defeito,envelope 20 kHz
184.0,0.0013645490751548325,defeito,envelope 20 kHz
184.5,0.00023014455438244145,defeito,envelope 20 kHz
185.0,0.0011844088926797928,defeito,envelope 20 kHz
185.5,0.0011803044861345587,defeito,envelope 20 kHz
186.0,0.0007403096406895336,defeito,envelope 20 kHz
186.5,0.00157211066942322,defeito,envelope 20 kHz
187.0,0.0012971798981948918,defeito,envelope 20 kHz
187.5,0.001455532300429469,defeito,envelope 20 kHz
188.0,0.0012919116293756642,defeito,envelope 20 kHz
188.5,0.0005754406140344676,defeito,envelope 20 kHz
189.0,0.0009291904650762006,defeito,envelope 20 kHz
189.5,0.001038068499790515,defeito,envelope 20 kHz
190.0,0.0008643670774187564,defeito,envelope 20 kHz
190.5,0.001337314713335018,defeito,envelope 20 kHz
191.0,0.0017269926915915996,defeito,envelope 20 kHz
191.5,0.0016162716133646523,defeito,envelope 20 kHz
192.0,0.0009616705525882461,defeito,envelope 20 kHz
192.5,0.0007433000874263693,defeito,envelope 20 kHz
193.0,0.0008156265399915011,defeito,envelope 20 kHz
193.5,0.0016181626055058634,defeito,envelope 20 kHz
194.0,0.0016144885409464817,defeito,envelope 20 kHz
194.5,0.001006019921432046,defeito,envelope 20 kHz
195.0,0.0010163816263242514,defeito,envelope 20 kHz
195.5,0.003375628164723507,defeito,envelope 20 kHz
196.0,0.0028772597804979454,defeito,envelope 20 kHz
196.5,0.001043252467639468,defeito,envelope 20 kHz
197.0,0.00027521933413041246,defeito,envelope 20 kHz
197.5,0.0004996494617198012,defeito,envelope 20 kHz
198.0,0.0007464298560313351,defeito,envelope 20 kHz
198.5,0.0003484643315869989,defeito,envelope 20 kHz
199.0,0.0012331039987319543,defeito,envelope 20 kHz
199.5,0.0015826559147289108,defeito,envelope 20 kHz
200.0,0.0006932559233642191,defeito,envelope 20 kHz
200.5,0.0004523601578655143,defeito,envelope 20 kHz
201.0,0.0009545407818331526,defeito,envelope 20 kHz
201.5,0.0020267696226561487,defeito,envelope 20 kHz
202.0,0.002120907456472787,defeito,envelope 20 kHz
202.5,0.0015624095855033705,defeito,envelope 20 kHz
203.0,0.001698486850030372,defeito,envelope 20 kHz
203.5,0.0014971664407237967,defeito,envelope 20 kHz
204.0,0.0013077110436956294,defeito,envelope 20 kHz
204.5,0.002917705161075052,defeito,envelope 20 kHz
205.0,0.002906765680592075,defeito,envelope 20 kHz
205.5,0.00033085369162516576,defeito,envelope 20 kHz
206.0,0.00046821348113148354,defeito,envelope 20 kHz
206.5,0.001479640534806303,defeito,envelope 20 kHz
207.0,0.0015218859737305462,defeito,envelope 20 kHz
207.5,0.0016135641288029618,defeito,envelope 20 kHz
208.0,0.002937335021305584,defeito,envelope 20 kHz
208.5,0.044106935321760105,defeito,envelope 20 kHz
209.0,0.12866535150037817,defeito,envelope 20 kHz
209.5,0.09000698638513766,defeito,envelope 20 kHz
210.0,0.007762638175224036,defeito,envelope 20 kHz
210.5,0.00207964088008227,defeito,envelope 20 kHz
211.0,0.000779441089830279,defeito,envelope 20 kHz
211.5,0.0016321174874991923,defeito,envelope 20 kHz
212.0,0.0004472294531237329,defeito,envelope 20 kHz
212.5,0.001411397933837308,defeito,envelope 20 kHz
213.0,0.001767584409824189,defeito,envelope 20 kHz
213.5,0.0033549201297250262,defeito,envelope 20 kHz
214.0,0.0019237097048734975,defeito,envelope 20 kHz
214.5,0.0008489434899932088,defeito,envelope 20 kHz
215.0,0.0016188720726525566,defeito,envelope 20 kHz
215.5,0.001686176112535948,defeito,envelope 20 kHz
216.0,0.0018403039983313522,defeito,envelope 20 kHz
216.5,0.0023088124007798966,defeito,envelope 20 kHz
217.0,0.0016451582983427254,defeito,envelope 20 kHz
217.5,0.000664234887629689,defeito,envelope 20 kHz
218.0,0.0007025452784419942,defeito,envelope 20 kHz
218.5,0.001073706223028551,defeito,envelope 20 kHz
219.0,0.0018376547543223585,defeito,envelope 20 kHz
219.5,0.0008079217732409875,defeito,envelope 20 kHz
220.0,0.0004132727944159437,defeito,envelope 20 kHz
220.5,0.00012463553410217273,defeito,envelope 20 kHz
221.0,0.0004015508448313545,defeito,envelope 20 kHz
221.5,0.00021154990820890677,defeito,envelope 20 kHz
222.0,0.00174103772934195,defeito,envelope 20 kHz
222.5,0.0035082268102204404,defeito,envelope 20 kHz
223.0,0.002520467905904254,defeito,envelope 20 kHz
223.5,0.000344537100994606,defeito,envelope 20 kHz
224.0,0.0014622238247560856,defeito,envelope 20 kHz
224.5,0.001359536661225733,defeito,envelope 20 kHz
225.0,0.00042965710757442686,defeito,envelope 20 kHz
225.5,0.0012491152918142224,defeito,envelope 20 kHz
226.0,0.0006204225414636741,defeito,envelope 20 kHz
226.5,0.0013290380878340344,defeito,envelope 20 kHz
227.0,0.0013002828250526165,defeito,envelope 20 kHz
227.5,0.0011569560160532683,defeito,envelope 20 kHz
228.0,0.001079700089477757,defeito,envelope 20 kHz
228.5,0.0015028403499880941,defeito,envelope 20 kHz
229.0,0.0014611392518696646,defeito,envelope 20 kHz
229.5,0.0007786796387849507,defeito,envelope 20 kHz
230.0,0.0008383865627559549,defeito,envelope 20 kHz
230.5,0.0021252183069112533,defeito,envelope 20 kHz
231.0,0.001534644690522473,defeito,envelope 20 kHz
231.5,0.002179561020275532,defeito,envelope 20 kHz
232.0,0.0012499762280420497,defeito,envelope 20 kHz
232.5,0.0010590585996718414,defeito,envelope 20 kHz
233.0,0.0013697971880228497,defeito,envelope 20 kHz
233.5,0.0014700978774539126,defeito,envelope 20 kHz
234.0,0.00019423792719602074,defeito,envelope 20 kHz
234.5,0.0020011994458582053,defeito,envelope 20 kHz
235.0,0.0018589303066245044,defeito,envelope 20 kHz
235.5,0.001009725974545845,defeito,envelope 20 kHz
236.0,0.0014185857086139967,defeito,envelope 20 kHz
236.5,0.0008581116716712085,defeito,envelope 20 kHz
237.0,0.00042379121063533027,defeito,envelope 20 kHz
237.5,0.0007964763799016425,defeito,envelope 20 kHz
238.0,0.0023084307834638834,defeito,envelope 20 kHz
238.5,0.0015521512401243417,defeito,envelope 20 kHz
239.0,0.00037356842253524395,defeito,envelope 20 kHz
239.5,2.728800720111545e-05,defeito,envelope 20 kHz
240.0,0.0012250559354694888,defeito,envelope 20 kHz
240.5,0.0017274487314553443,defeito,envelope 20 kHz
241.0,0.001580222595723013,defeito,envelope 20 kHz
241.5,0.000761277950759524,defeito,envelope 20 kHz
242.0,0.00040510209145064123,defeito,envelope 20 kHz
242.5,0.00037972082463533056,defeito,envelope 20 kHz
243.0,0.000813501067614232,defeito,envelope 20 kHz
243.5,0.0020011257077855683,defeito,envelope 20 kHz
244.0,0.0030399593999826968,defeito,envelope 20 kHz
244.5,0.0035415671662758705,defeito,envelope 20 kHz
245.0,0.0018113983399491503,defeito,envelope 20 kHz
245.5,0.0007633957830660054,defeito,envelope 20 kHz
246.0,0.0005322427690899327,defeito,envelope 20 kHz
246.5,0.0005236890749480335,defeito,envelope 20 kHz
247.0,0.0005205360936576569,defeito,envelope 20 kHz
247.5,0.0011289851639593334,defeito,envelope 20 kHz
248.0,0.0011748198336925936,defeito,envelope 20 kHz
248.5,0.0006769120381006664,defeito,envelope 20 kHz
249.0,0.0005307066465380222,defeito,envelope 20 kHz
249.5,0.0005968336246407127,defeito,envelope 20 kHz
250.0,0.0006103852704114383,defeito,envelope 20 kHz
250.5,0.0019076476337995154,defeito,envelope 20 kHz
251.0,0.0028505102328594354,defeito,envelope 20 kHz
251.5,0.002649457407963341,defeito,envelope 20 kHz
252.0,0.0017512940345712543,defeito,envelope 20 kHz
252.5,0.0009488058834591431,defeito,envelope 20 kHz
253.0,0.0005955076986593764,defeito,envelope 20 kHz
253.5,0.0015503925387709923,defeito,envelope 20 kHz
254.0,0.0018424973771670463,defeito,envelope 20 kHz
254.5,0.0007797899983044117,defeito,envelope 20 kHz
255.0,0.0009468008232788909,defeito,envelope 20 kHz
255.5,0.0012763747487721,defeito,envelope 20 kHz
256.0,0.0011036024301149846,defeito,envelope 20 kHz
256.5,0.0008848269092868214,defeito,envelope 20 kHz
257.0,0.0013768473287573651,defeito,envelope 20 kHz
257.5,0.0010712129160169606,defeito,envelope 20 kHz
258.0,0.0020966104633618208,defeito,envelope 20 kHz
258.5,0.001025291492569509,defeito,envelope 20 kHz
259.0,0.0022788550308773785,defeito,envelope 20 kHz
259.5,0.0028489076241295414,defeito,envelope 20 kHz
260.0,0.0003415550102181433,defeito,envelope 20 kHz
260.5,0.000883322928338202,defeito,envelope 20 kHz
261.0,0.0006657619282157899,defeito,envelope 20 kHz
261.5,0.00128113555584695,defeito,envelope 20 kHz
262.0,0.0015246758336627019,defeito,envelope 20 kHz
262.5,0.0013381973056035103,defeito,envelope 20 kHz
263.0,0.0012518837357440367,defeito,envelope 20 kHz
263.5,0.0032773295221814117,defeito,envelope 20 kHz
264.0,0.0020001932842679854,defeito,envelope 20 kHz
264.5,0.0008955075575286984,defeito,envelope 20 kHz
265.0,0.001853675253355609,defeito,envelope 20 kHz
265.5,0.0013286935718981874,defeito,envelope 20 kHz
266.0,0.0011863019545267552,defeito,envelope 20 kHz
266.5,0.0006118997934866569,defeito,envelope 20 kHz
267.0,0.0008985069222432749,defeito,envelope 20 kHz
267.5,0.0010264293121068277,defeito,envelope 20 kHz
268.0,0.0001868987200125959,defeito,envelope 20 kHz
268.5,0.0005084143588788672,defeito,envelope 20 kHz
269.0,0.0021979927324860503,defeito,envelope 20 kHz
269.5,0.0016590511787884978,defeito,envelope 20 kHz
270.0,0.0006635879837358439,defeito,envelope 20 kHz
270.5,0.0011564875471285515,defeito,envelope 20 kHz
271.0,0.0014629609057463637,defeito,envelope 20 kHz
271.5,0.00202386411942817,defeito,envelope 20 kHz
272.0,0.0024550938547870395,defeito,envelope 20 kHz
272.5,0.001001720157926887,defeito,envelope 20 kHz
273.0,0.0003505147924880021,defeito,envelope 20 kHz
273.5,0.00033518332919264457,defeito,envelope 20 kHz
274.0,0.0009051381932146846,defeito,envelope 20 kHz
274.5,0.00016963060708580035,defeito,envelope 20 kHz
275.0,0.0013793056437618808,defeito,envelope 20 kHz
275.5,0.0010193345383677525,defeito,envelope 20 kHz
276.0,0.0008476186466922089,defeito,envelope 20 kHz
276.5,0.0008623207095042166,defeito,envelope 20 kHz
277.0,0.0008761798179555335,defeito,envelope 20 kHz
277.5,0.0007003973473015603,defeito,envelope 20 kHz
278.0,0.0019215972842991774,defeito,envelope 20 kHz
278.5,0.0036143164639961924,defeito,envelope 20 kHz
279.0,0.002573511952149217,defeito,envelope 20 kHz
279.5,0.0007817977865295183,defeito,envelope 20 kHz
280.0,0.0005400602415993455,defeito,envelope 20 kHz
280.5,0.0010414453576520807,defeito,envelope 20 kHz
281.0,0.0006863350973006988,defeito,envelope 20 kHz
281.5,0.0013364069407782895,defeito,envelope 20 kHz
282.0,0.001694862507813116,defeito,envelope 20 kHz
282.5,0.0014082537100817344,defeito,envelope 20 kHz
283.0,0.0008575506599808092,defeito,envelope 20 kHz
283.5,0.0007173729457866963,defeito,envelope 20 kHz
284.0,0.00037949111517468064,defeito,envelope 20 kHz
284.5,0.001773371680285533,defeito,envelope 20 kHz
285.0,0.0011673096558575025,defeito,envelope 20 kHz
285.5,0.0006472387776503916,defeito,envelope 20 kHz
286.0,0.0011326310022473766,defeito,envelope 20 kHz
286.5,0.0010193512504643146,defeito,envelope 20 kHz
287.0,0.001105763797690958,defeito,envelope 20 kHz
287.5,0.0007186804705004934,defeito,envelope 20 kHz
288.0,0.0023908453524935157,defeito,envelope 20 kHz
288.5,0.001759821230253786,defeito,envelope 20 kHz
289.0,0.0003965203343225955,defeito,envelope 20 kHz
289.5,0.0009012651587225424,defeito,envelope 20 kHz
290.0,0.0010269948433411717,defeito,envelope 20 kHz
290.5,0.0008394235334099565,defeito,envelope 20 kHz
291.0,0.0014518906755813115,defeito,envelope 20 kHz
291.5,0.0018561840404514246,defeito,envelope 20 kHz
292.0,0.001969411044361176,defeito,envelope 20 kHz
292.5,0.0016824049071795567,defeito,envelope 20 kHz
293.0,0.0008058940441350817,defeito,envelope 20 kHz
293.5,0.000996576712194776,defeito,envelope 20 kHz
294.0,0.0011313240547883695,defeito,envelope 20 kHz
294.5,0.001057095411485856,defeito,envelope 20 kHz
295.0,0.0016223146410426072,defeito,envelope 20 kHz
295.5,0.0022434771563505846,defeito,envelope 20 kHz
296.0,0.002218189267498845,defeito,envelope 20 kHz
296.5,0.0009976577761663754,defeito,envelope 20 kHz
297.0,0.0014669862398027848,defeito,envelope 20 kHz
297.5,0.001362391093279955,defeito,envelope 20 kHz
298.0,0.0013329734459549489,defeito,envelope 20 kHz
298.5,0.0020013643264439112,defeito,envelope 20 kHz
299.0,0.0012523342279569158,defeito,envelope 20 kHz
299.5,0.00034900143536145597,defeito,envelope 20 kHz
300.0,0.0026891458013700966,defeito,envelope 20 kHz
300.5,0.003092743621456228,defeito,envelope 20 kHz
301.0,0.0019133439337301556,defeito,envelope 20 kHz
301.5,0.00022898057962685904,defeito,envelope 20 kHz
302.0,0.00011643005722547037,defeito,envelope 20 kHz
302.5,0.0010635726118906205,defeito,envelope 20 kHz
303.0,0.0010990478454447024,defeito,envelope 20 kHz
303.5,0.0005890688267567139,defeito,envelope 20 kHz
304.0,0.0015225510210860804,defeito,envelope 20 kHz
304.5,0.0004528584516821915,defeito,envelope 20 kHz
305.0,0.0010020572463895704,defeito,envelope 20 kHz
305.5,0.0012692058455014271,defeito,envelope 20 kHz
306.0,0.0022884451794061306,defeito,envelope 20 kHz
306.5,0.0026103561913912083,defeito,envelope 20 kHz
307.0,0.0020466637013482635,defeito,envelope 20 kHz
307.5,0.0020750592074070605,defeito,envelope 20 kHz
308.0,0.0015222889624548503,defeito,envelope 20 kHz
308.5,0.0010416589583378286,defeito,envelope 20 kHz
309.0,0.002807800853985182,defeito,envelope 20 kHz
309.5,0.003420376411223427,defeito,envelope 20 kHz
310.0,0.0013368531269198057,defeito,envelope 20 kHz
310.5,0.0008251762574217645,defeito,envelope 20 kHz
311.0,0.0009491381298448228,defeito,envelope 20 kHz
311.5,0.001092084734985277,defeito,envelope 20 kHz
312.0,0.0016932695871141122,defeito,envelope 20 kHz
312.5,0.0019378998160077352,defeito,envelope 20 kHz
313.0,0.02411732710358546,defeito,envelope 20 kHz
313.5,0.08702998801177549,defeito,envelope 20 kHz
314.0,0.071386774206851,defeito,envelope 20 kHz
314.5,0.009857823129199186,defeito,envelope 20 kHz
315.0,0.001990524936733251,defeito,envelope 20 kHz
315.5,0.0003948245899981755,defeito,envelope 20 kHz
316.0,0.0016540816602958106,defeito,envelope 20 kHz
316.5,0.0005468735050761653,defeito,envelope 20 kHz
317.0,0.0018570006952914144,defeito,envelope 20 kHz
317.5,0.0024492644219075706,defeito,envelope 20 kHz
318.0,0.0039225340189906165,defeito,envelope 20 kHz
318.5,0.002256390179309864,defeito,envelope 20 kHz
319.0,0.001217076939037871,defeito,envelope 20 kHz
319.5,0.0017053895682694596,defeito,envelope 20 kHz
320.0,0.0014762216771378167,defeito,envelope 20 kHz
320.5,0.0015296334260680123,defeito,envelope 20 kHz
321.0,0.0023344048379629317,defeito,envelope 20 kHz
321.5,0.002335123881621174,defeito,envelope 20 kHz
322.0,0.0012303307890238469,defeito,envelope 20 kHz
322.5,0.0013247588033681074,defeito,envelope 20 kHz
323.0,0.001325284372397363,defeito,envelope 20 kHz
323.5,0.0017702823060278018,defeito,envelope 20 kHz
324.0,0.0011451296495020547,defeito,envelope 20 kHz
324.5,0.0005298722424884377,defeito,envelope 20 kHz
325.0,0.0005233010616670944,defeito,envelope 20 kHz
325.5,0.00029667757149530157,defeito,envelope 20 kHz
326.0,0.00040100431974028215,defeito,envelope 20 kHz
326.5,0.002215426626766721,defeito,envelope 20 kHz
327.0,0.0037937436155296178,defeito,envelope 20 kHz
327.5,0.003245756879823005,defeito,envelope 20 kHz
328.0,0.00018037544577673424,defeito,envelope 20 kHz
328.5,0.0015040831032742841,defeito,envelope 20 kHz
329.0,0.0014859576434357597,defeito,envelope 20 kHz
329.5,0.00043829670449957306,defeito,envelope 20 kHz
330.0,0.0011977061453146273,defeito,envelope 20 kHz
330.5,0.0003885286757195631,defeito,envelope 20 kHz
331.0,0.0015492296439075547,defeito,envelope 20 kHz
331.5,0.0016179187231876333,defeito,envelope 20 kHz
332.0,0.0016066392547358717,defeito,envelope 20 kHz
332.5,0.0014413088485725216,defeito,envelope 20 kHz
333.0,0.001564942189113745,defeito,envelope 20 kHz
333.5,0.0015720606244723097,defeito,envelope 20 kHz
334.0,0.0012545508156437534,defeito,envelope 20 kHz
334.5,0.0012081308189634465,defeito,envelope 20 kHz
335.0,0.0022448646430760755,defeito,envelope 20 kHz
335.5,0.0017968014544979059,defeito,envelope 20 kHz
336.0,0.0018961545389933946,defeito,envelope 20 kHz
336.5,0.0006306674846171973,defeito,envelope 20 kHz
337.0,0.0004393057150373643,defeito,envelope 20 kHz
337.5,0.0011508065151401307,defeito,envelope 20 kHz
338.0,0.001433810602595976,defeito,envelope 20 kHz
338.5,0.00016852759295546925,defeito,envelope 20 kHz
339.0,0.0018958678018331228,defeito,envelope 20 kHz
339.5,0.0019409931599481446,defeito,envelope 20 kHz
340.0,0.0009447636919124228,defeito,envelope 20 kHz
340.5,0.0015753370375063444,defeito,envelope 20 kHz
341.0,0.0012991803778129585,defeito,envelope 20 kHz
341.5,0.0013306840209708999,defeito,envelope 20 kHz
342.0,0.0002521935581832707,defeito,envelope 20 kHz
342.5,0.0016949129676852575,defeito,envelope 20 kHz
343.0,0.0009134808493887758,defeito,envelope 20 kHz
343.5,0.0008841574847757686,defeito,envelope 20 kHz
344.0,0.00019104226024540546,defeito,envelope 20 kHz
344.5,0.0010054622297612787,defeito,envelope 20 kHz
345.0,0.0011838656210696305,defeito,envelope 20 kHz
345.5,0.0017439902118725563,defeito,envelope 20 kHz
346.0,0.0015431610417376215,defeito,envelope 20 kHz
346.5,0.0009705873816336278,defeito,envelope 20 kHz
347.0,0.0008755683986306618,defeito,envelope 20 kHz
347.5,0.0010936039421420326,defeito,envelope 20 kHz
348.0,0.0016873514269051255,defeito,envelope 20 kHz
348.5,0.0029330913196924666,defeito,envelope 20 kHz
349.0,0.0034331550896887016,defeito,envelope 20 kHz
349.5,0.0018721036078130516,defeito,envelope 20 kHz
350.0,0.0012408129569834107,defeito,envelope 20 kHz
350.5,0.0010374903311119981,defeito,envelope 20 kHz
351.0,0.0006321117946829127,defeito,envelope 20 kHz
351.5,0.00044996485173222356,defeito,envelope 20 kHz
352.0,0.0015460817380154735,defeito,envelope 20 kHz
352.5,0.0017694690027304373,defeito,envelope 20 kHz
353.0,0.0006890177571890616,defeito,envelope 20 kHz
353.5,0.0010241230989410475,defeito,envelope 20 kHz
354.0,0.0014007504444767576,defeito,envelope 20 kHz
354.5,0.0006947765973741502,defeito,envelope 20 kHz
355.0,0.0019601747141391895,defeito,envelope 20 kHz
355.5,0.0028726496044030386,defeito,envelope 20 kHz
356.0,0.0024922447935326127,defeito,envelope 20 kHz
356.5,0.0018797487363125694,defeito,envelope 20 kHz
357.0,0.0013331775152703362,defeito,envelope 20 kHz
357.5,0.001149358183962021,defeito,envelope 20 kHz
358.0,0.0015587040224209305,defeito,envelope 20 kHz
358.5,0.0018786169099531652,defeito,envelope 20 kHz
359.0,0.0007002792227110016,defeito,envelope 20 kHz
359.5,0.0007972469136909311,defeito,envelope 20 kHz
360.0,0.0013793316029627413,defeito,envelope 20 kHz
360.5,0.001138111332367151,defeito,envelope 20 kHz
361.0,0.0010538421215891731,defeito,envelope 20 kHz
361.5,0.001134177816073671,defeito,envelope 20 kHz
362.0,0.0016327223189189027,defeito,envelope 20 kHz
362.5,0.0028080081012701163,defeito,envelope 20 kHz
363.0,0.0012210307904853034,defeito,envelope 20 kHz
363.5,0.0021033874407394345,defeito,envelope 20 kHz
364.0,0.0027804117661343474,defeito,envelope 20 kHz
364.5,0.0007907426153115237,defeito,envelope 20 kHz
365.0,0.000729134144418318,defeito,envelope 20 kHz
365.5,0.001061771501029269,defeito,envelope 20 kHz
366.0,0.001198487489389846,defeito,envelope 20 kHz
366.5,0.0010951638558104257,defeito,envelope 20 kHz
367.0,0.001380211041475728,defeito,envelope 20 kHz
367.5,0.0007763952093262774,defeito,envelope 20 kHz
368.0,0.003296649826855117,defeito,envelope 20 kHz
368.5,0.002318796729522785,defeito,envelope 20 kHz
369.0,0.001162412371394328,defeito,envelope 20 kHz
369.5,0.002037064098282694,defeito,envelope 20 kHz
370.0,0.0015198162393813,defeito,envelope 20 kHz
370.5,0.0014875709808387814,defeito,envelope 20 kHz
371.0,0.0004853056245741976,defeito,envelope 20 kHz
371.5,0.0009602823693425316,defeito,envelope 20 kHz
372.0,0.0013481820297329527,defeito,envelope 20 kHz
372.5,0.0012029092360272204,defeito,envelope 20 kHz
373.0,0.0009853611484801424,defeito,envelope 20 kHz
373.5,0.0022361975386265497,defeito,envelope 20 kHz
374.0,0.0015987619912078374,defeito,envelope 20 kHz
374.5,0.0011129299185142212,defeito,envelope 20 kHz
375.0,0.0006132663830948442,defeito,envelope 20 kHz
375.5,0.0013597728932358926,defeito,envelope 20 kHz
376.0,0.002249633412191129,defeito,envelope 20 kHz
376.5,0.002953023014901238,defeito,envelope 20 kHz
377.0,0.001959452137449517,defeito,envelope 20 kHz
377.5,0.0006879429411416387,defeito,envelope 20 kHz
378.0,0.0003248934776351419,defeito,envelope 20 kHz
378.5,0.0009846040194204614,defeito,envelope 20 kHz
379.0,0.0005790903136437902,defeito,envelope 20 kHz
379.5,0.0014367952985998322,defeito,envelope 20 kHz
380.0,0.0013171740509325572,defeito,envelope 20 kHz
380.5,0.0005290257315774832,defeito,envelope 20 kHz
381.0,0.00024664388131699486,defeito,envelope 20 kHz
381.5,0.0006181875772602763,defeito,envelope 20 kHz
382.0,0.0009080785358045526,defeito,envelope 20 kHz
382.5,0.001744101213420093,defeito,envelope 20 kHz
383.0,0.003612729265770662,defeito,envelope 20 kHz
383.5,0.002984896504454464,defeito,envelope 20 kHz
384.0,0.0015037261116233555,defeito,envelope 20 kHz
384.5,0.0007113789182730204,defeito,envelope 20 kHz
385.0,0.0007228245540031273,defeito,envelope 20 kHz
385.5,0.0007385909568726184,defeito,envelope 20 kHz
386.0,0.0011242618629855035,defeito,envelope 20 kHz
386.5,0.0013228794141163284,defeito,envelope 20 kHz
387.0,0.0011142918044126874,defeito,envelope 20 kHz
387.5,0.0008487350764894924,defeito,envelope 20 kHz
388.0,0.0008046955461308105,defeito,envelope 20 kHz
388.5,0.0005262815771732147,defeito,envelope 20 kHz
389.0,0.0015331968604159513,defeito,envelope 20 kHz
389.5,0.0013234332588596095,defeito,envelope 20 kHz
390.0,0.0003909339812695208,defeito,envelope 20 kHz
390.5,0.001187679154044557,defeito,envelope 20 kHz
391.0,0.001282910479438648,defeito,envelope 20 kHz
391.5,0.001290179467261998,defeito,envelope 20 kHz
392.0,0.0008514327129709679,defeito,envelope 20 kHz
392.5,0.002371160667483022,defeito,envelope 20 kHz
393.0,0.002100155167212487,defeito,envelope 20 kHz
393.5,0.00019620746830966579,defeito,envelope 20 kHz
394.0,0.0009361806192287657,defeito,envelope 20 kHz
394.5,0.0012941819460199806,defeito,envelope 20 kHz
395.0,0.0011243038375282927,defeito,envelope 20 kHz
395.5,0.0013206328748349378,defeito,envelope 20 kHz
396.0,0.0016015850144594829,defeito,envelope 20 kHz
396.5,0.0013313033730559137,defeito,envelope 20 kHz
397.0,0.001652787903377553,defeito,envelope 20 kHz
397.5,0.0008380021798442426,defeito,envelope 20 kHz
398.0,0.000735201410109562,defeito,envelope 20 kHz
398.5,0.0011270184327845936,defeito,envelope 20 kHz
399.0,0.0011911145913996034,defeito,envelope 20 kHz
399.5,0.0013794479417853249,defeito,envelope 20 kHz
400.0,0.0019700202658365657,defeito,envelope 20 kHz
400.5,0.0020016781589481457,defeito,envelope 20 kHz
401.0,0.0012917894673630307,defeito,envelope 20 kHz
401.5,0.001324640572807089,defeito,envelope 20 kHz
402.0,0.001747034744692665,defeito,envelope 20 kHz
402.5,0.00041573039555214476,defeito,envelope 20 kHz
403.0,0.001998956444248455,defeito,envelope 20 kHz
403.5,0.0017253675598612325,defeito,envelope 20 kHz
404.0,0.0004199719554173816,defeito,envelope 20 kHz
404.5,0.003018871249701434,defeito,envelope 20 kHz
405.0,0.0035751540965281692,defeito,envelope 20 kHz
405.5,0.002038848604104001,defeito,envelope 20 kHz
406.0,0.00025347903791589246,defeito,envelope 20 kHz
406.5,0.00040008180007624494,defeito,envelope 20 kHz
407.0,0.000773642806361443,defeito,envelope 20 kHz
407.5,0.001117446987745165,defeito,envelope 20 kHz
408.0,0.0003550539897702004,defeito,envelope 20 kHz
408.5,0.001361724111203915,defeito,envelope 20 kHz
409.0,0.001028811441902179,defeito,envelope 20 kHz
409.5,0.0008369955537984554,defeito,envelope 20 kHz
410.0,0.0008448422776984682,defeito,envelope 20 kHz
410.5,0.0020312184599159695,defeito,envelope 20 kHz
411.0,0.0023003546888183926,defeito,envelope 20 kHz
411.5,0.0014186430311503451,defeito,envelope 20 kHz
412.0,0.0019689519496414783,defeito,envelope 20 kHz
412.5,0.0022926572560209033,defeito,envelope 20 kHz
413.0,0.001203593445294973,defeito,envelope 20 kHz
413.5,0.0028508452511332594,defeito,envelope 20 kHz
414.0,0.0037656167577679134,defeito,envelope 20 kHz
414.5,0.0009702825214478378,defeito,envelope 20 kHz
415.0,0.0011748290230133274,defeito,envelope 20 kHz
415.5,0.000701754810954968,defeito,envelope 20 kHz
416.0,0.0018169388960678123,defeito,envelope 20 kHz
416.5,0.0012161940374732505,defeito,envelope 20 kHz
417.0,0.0013626558422156956,defeito,envelope 20 kHz
417.5,0.013522606619127428,defeito,envelope 20 kHz
418.0,0.06151155849461521,defeito,envelope 20 kHz
418.5,0.059215620944938416,defeito,envelope 20 kHz
419.0,0.011376957474428328,defeito,envelope 20 kHz
419.5,0.002281454593644338,defeito,envelope 20 kHz
420.0,0.00038077980616336277,defeito,envelope 20 kHz
420.5,0.0012776374362568716,defeito,envelope 20 kHz
421.0,0.0009418179725206023,defeito,envelope 20 kHz
421.5,0.0016304399236766742,defeito,envelope 20 kHz
422.0,0.0016202252451648132,defeito,envelope 20 kHz
422.5,0.0035433652184320786,defeito,envelope 20 kHz
423.0,0.0024990695441589965,defeito,envelope 20 kHz
423.5,0.0009108053687181991,defeito,envelope 20 kHz
424.0,0.0019105777802785227,defeito,envelope 20 kHz
424.5,0.0020750633981390415,defeito,envelope 20 kHz
425.0,0.0016655521541522923,defeito,envelope 20 kHz
425.5,0.0023103361860256117,defeito,envelope 20 kHz
426.0,0.0018955919121358086,defeito,envelope 20 kHz
426.5,0.0009717457514252573,defeito,envelope 20 kHz
427.0,0.0007365177192124762,defeito,envelope 20 kHz
427.5,0.0005291867140508537,defeito,envelope 20 kHz
428.0,0.0015465136898949457,defeito,envelope 20 kHz
428.5,0.0009460725377631149,defeito,envelope 20 kHz
429.0,0.0006421739207823061,defeito,envelope 20 kHz
429.5,0.0008828527276193674,defeito,envelope 20 kHz
430.0,0.00024235982384530265,defeito,envelope 20 kHz
430.5,0.00048334108165943413,defeito,envelope 20 kHz
431.0,0.0011897365613515864,defeito,envelope 20 kHz
431.5,0.0032151714260051784,defeito,envelope 20 kHz
432.0,0.0031002917214296936,defeito,envelope 20 kHz
432.5,0.0002706354088713155,defeito,envelope 20 kHz
433.0,0.001697488002108814,defeito,envelope 20 kHz
433.5,0.001676271667003218,defeito,envelope 20 kHz
434.0,0.0011565971770510618,defeito,envelope 20 kHz
434.5,0.001567326572640329,defeito,envelope 20 kHz
435.0,0.0011816778497912865,defeito,envelope 20 kHz
435.5,0.0013645713313115222,defeito,envelope 20 kHz
436.0,0.0017759244934615833,defeito,envelope 20 kHz
436.5,0.0013794006288379726,defeito,envelope 20 kHz
437.0,0.0010330422182260105,defeito,envelope 20 kHz
437.5,0.0016856455290472654,defeito,envelope 20 kHz
438.0,0.0015472506933166656,defeito,envelope 20 kHz
438.5,0.0009023857233447409,defeito,envelope 20 kHz
439.0,0.0008487566766557275,defeito,envelope 20 kHz
439.5,0.0020802854128591885,defeito,envelope 20 kHz
440.0,0.002085695426336826,defeito,envelope 20 kHz
440.5,0.002122984810230056,defeito,envelope 20 kHz
441.0,0.0017216820666597463,defeito,envelope 20 kHz
441.5,1.588348725633653e-05,defeito,envelope 20 kHz
442.0,0.0004157394617514953,defeito,envelope 20 kHz
442.5,0.00118515274247758,defeito,envelope 20 kHz
443.0,0.00036492186908824786,defeito,envelope 20 kHz
443.5,0.0016622069317581269,defeito,envelope 20 kHz
444.0,0.001917134573178142,defeito,envelope 20 kHz
444.5,0.0006876759002856278,defeito,envelope 20 kHz
445.0,0.0011189367363703454,defeito,envelope 20 kHz
445.5,0.001059758382864419,defeito,envelope 20 kHz
446.0,0.0010115463656318996,defeito,envelope 20 kHz
446.5,0.00038204780927623364,defeito,envelope 20 kHz
447.0,0.0018605636919496447,defeito,envelope 20 kHz
447.5,0.0012899475346919266,defeito,envelope 20 kHz
448.0,0.0007632340268408947,defeito,envelope 20 kHz
448.5,0.0007093690343272047,defeito,envelope 20 kHz
449.0,0.000870644730063652,defeito,envelope 20 kHz
449.5,0.0010968601384637356,defeito,envelope 20 kHz
450.0,0.001214665521001979,defeito,envelope 20 kHz
450.5,0.0009091883033151228,defeito,envelope 20 kHz
451.0,0.0009405598903322276,defeito,envelope 20 kHz
451.5,0.0009347440384687884,defeito,envelope 20 kHz
452.0,0.0007415256149193198,defeito,envelope 20 kHz
452.5,0.001034887658805122,defeito,envelope 20 kHz
453.0,0.002235591401807412,defeito,envelope 20 kHz
453.5,0.003258683373322063,defeito,envelope 20 kHz
454.0,0.002009493052459267,defeito,envelope 20 kHz
454.5,0.0009058494864369188,defeito,envelope 20 kHz
455.0,0.0006053075304913453,defeito,envelope 20 kHz
455.5,0.00027469285735535836,defeito,envelope 20 kHz
456.0,0.0002679713358020351,defeito,envelope 20 kHz
456.5,0.0015244942038620051,defeito,envelope 20 kHz
457.0,0.001754090078515689,defeito,envelope 20 kHz
457.5,0.00030131987223583557,defeito,envelope 20 kHz
458.0,0.00018656908490242467,defeito,envelope 20 kHz
458.5,0.000705504929327168,defeito,envelope 20 kHz
459.0,0.0008762663370163306,defeito,envelope 20 kHz
459.5,0.001581290277601434,defeito,envelope 20 kHz
460.0,0.0031315881318816235,defeito,envelope 20 kHz
460.5,0.002788372035053524,defeito,envelope 20 kHz
461.0,0.002245934756902407,defeito,envelope 20 kHz
461.5,0.0012370722857143281,defeito,envelope 20 kHz
462.0,0.0008655962923664656,defeito,envelope 20 kHz
462.5,0.0012077799915550817,defeito,envelope 20 kHz
463.0,0.0017958879030896377,defeito,envelope 20 kHz
463.5,0.0010706848735391253,defeito,envelope 20 kHz
464.0,0.0011270239242186656,defeito,envelope 20 kHz
464.5,0.0010848887304030796,defeito,envelope 20 kHz
465.0,0.0009815106143487367,defeito,envelope 20 kHz
465.5,0.0011507209205490077,defeito,envelope 20 kHz
466.0,0.0013328712504067188,defeito,envelope 20 kHz
466.5,0.0013031963064808571,defeito,envelope 20 kHz
467.0,0.0023279445570883977,defeito,envelope 20 kHz
467.5,0.001250266990558232,defeito,envelope 20 kHz
468.0,0.0018257979725930344,defeito,envelope 20 kHz
468.5,0.002764249166177056,defeito,envelope 20 kHz
469.0,0.0004755865331820682,defeito,envelope 20 kHz
469.5,0.0011601861774972876,defeito,envelope 20 kHz
470.0,0.0007176789869993137,defeito,envelope 20 kHz
470.5,0.0011793121399246273,defeito,envelope 20 kHz
471.0,0.0016218183432866904,defeito,envelope 20 kHz
471.5,0.0019903416867602278,defeito,envelope 20 kHz
472.0,0.0006973067273219891,defeito,envelope 20 kHz
472.5,0.0032248644628492186,defeito,envelope 20 kHz
473.0,0.0028570389886035516,defeito,envelope 20 kHz
473.5,0.000359023827887011,defeito,envelope 20 kHz
474.0,0.0020123906165937003,defeito,envelope 20 kHz
474.5,0.0013776397500147764,defeito,envelope 20 kHz
475.0,0.0012593224484733793,defeito,envelope 20 kHz
475.5,0.0003740247296150134,defeito,envelope 20 kHz
476.0,0.00033088927234788124,defeito,envelope 20 kHz
476.5,0.0015347697564617614,defeito,envelope 20 kHz
477.0,0.0015371825420142488,defeito,envelope 20 kHz
477.5,0.0015184326092532261,defeito,envelope 20 kHz
478.0,0.002269719998349351,defeito,envelope 20 kHz
478.5,0.0013509074615649646,defeito,envelope 20 kHz
479.0,0.0007231850136637436,defeito,envelope 20 kHz
479.5,0.0010001075405210922,defeito,envelope 20 kHz
480.0,0.001111172282549369,defeito,envelope 20 kHz
480.5,0.001701071112921071,defeito,envelope 20 kHz
481.0,0.0023324586070003176,defeito,envelope 20 kHz
481.5,0.001452543155126284,defeito,envelope 20 kHz
482.0,0.00018160025408565247,defeito,envelope 20 kHz
482.5,0.000532748644028227,defeito,envelope 20 kHz
483.0,0.00031425756838289725,defeito,envelope 20 kHz
483.5,0.0005245338772622548,defeito,envelope 20 kHz
484.0,0.001173519061080166,defeito,envelope 20 kHz
484.5,0.00109806393375417,defeito,envelope 20 kHz
485.0,0.0007865204939357227,defeito,envelope 20 kHz
485.5,0.0008062752631024288,defeito,envelope 20 kHz
486.0,0.000949290018505357,defeito,envelope 20 kHz
486.5,0.0008077704118259553,defeito,envelope 20 kHz
487.0,0.0015662320847865167,defeito,envelope 20 kHz
487.5,0.003610795756356248,defeito,envelope 20 kHz
488.0,0.0031449999607425596,defeito,envelope 20 kHz
488.5,0.0012552521689900592,defeito,envelope 20 kHz
489.0,0.0006087593707645339,defeito,envelope 20 kHz
489.5,0.0006714846093068274,defeito,envelope 20 kHz
490.0,0.0007578101048824781,defeito,envelope 20 kHz
490.5,0.0007912872786302378,defeito,envelope 20 kHz
491.0,0.0014253043831487112,defeito,envelope 20 kHz
491.5,0.0012166077486851716,defeito,envelope 20 kHz
492.0,0.0006475682392978205,defeito,envelope 20 kHz
492.5,0.001073332417972055,defeito,envelope 20 kHz
493.0,0.0008682274318129361,defeito,envelope 20 kHz
493.5,0.001584156251346207,defeito,envelope 20 kHz
494.0,0.0012300561874446095,defeito,envelope 20 kHz
494.5,0.00042921301883778795,defeito,envelope 20 kHz
495.0,0.0007344123913745677,defeito,envelope 20 kHz
495.5,0.0011487703892770185,defeito,envelope 20 kHz
496.0,0.0017706925887440185,defeito,envelope 20 kHz
496.5,0.0009793572853933358,defeito,envelope 20 kHz
497.0,0.0016662898785767687,defeito,envelope 20 kHz
497.5,0.0022194125424056244,defeito,envelope 20 kHz
498.0,0.0006094294584075497,defeito,envelope 20 kHz
498.5,0.0007357966347156395,defeito,envelope 20 kHz
499.0,0.00120576955877808,defeito,envelope 20 kHz
499.5,0.0011415258117653442,defeito,envelope 20 kHz
500.0,0.0009909238644548748,defeito,envelope 20 kHz
500.5,0.0010150890942771833,defeito,envelope 20 kHz
501.0,0.0018567900477262512,defeito,envelope 20 kHz
501.5,0.0021053547718349382,defeito,envelope 20 kHz
502.0,0.0010998029167783034,defeito,envelope 20 kHz
502.5,0.0008750454460074181,defeito,envelope 20 kHz
503.0,0.001325358212772855,defeito,envelope 20 kHz
503.5,0.0016817644574916202,defeito,envelope 20 kHz
504.0,0.0016941046391923801,defeito,envelope 20 kHz
504.5,0.0018421868619835848,defeito,envelope 20 kHz
505.0,0.0016689845520384548,defeito,envelope 20 kHz
505.5,0.0015771900014116438,defeito,envelope 20 kHz
506.0,0.0010653974634955666,defeito,envelope 20 kHz
506.5,0.0015819263520451556,defeito,envelope 20 kHz
507.0,0.0004598989990437875,defeito,envelope 20 kHz
507.5,0.0019333922037828473,defeito,envelope 20 kHz
508.0,0.0018354908707045607,defeito,envelope 20 kHz
508.5,4.939662644892817e-05,defeito,envelope 20 kHz
509.0,0.0031112639102746616,defeito,envelope 20 kHz
509.5,0.003720722081698826,defeito,envelope 20 kHz
510.0,0.0015471456611225395,defeito,envelope 20 kHz
510.5,0.0004904835353540383,defeito,envelope 20 kHz
511.0,0.0006884266161000316,defeito,envelope 20 kHz
511.5,0.00101501331270818,defeito,envelope 20 kHz
512.0,0.0017183409645429193,defeito,envelope 20 kHz
512.5,0.0003500935099469471,defeito,envelope 20 kHz
513.0,0.0018342615640100715,defeito,envelope 20 kHz
513.5,0.001073499737100258,defeito,envelope 20 kHz
514.0,0.000533561977558747,defeito,envelope 20 kHz
514.5,0.0008078273461029414,defeito,envelope 20 kHz
515.0,0.0020744668492747717,defeito,envelope 20 kHz
515.5,0.002512312415566999,defeito,envelope 20 kHz
516.0,0.0017384984105905026,defeito,envelope 20 kHz
516.5,0.001617443535542887,defeito,envelope 20 kHz
517.0,0.0019591131108368798,defeito,envelope 20 kHz
517.5,0.000918389268784432,defeito,envelope 20 kHz
518.0,0.0021954698293657044,defeito,envelope 20 kHz
518.5,0.003352420513970852,defeito,envelope 20 kHz
519.0,0.0013093697400890685,defeito,envelope 20 kHz
519.5,0.0007248627506085611,defeito,envelope 20 kHz
520.0,0.0006475111520710533,defeito,envelope 20 kHz
520.5,0.0017738405337342222,defeito,envelope 20 kHz
521.0,0.0012900158869612378,defeito,envelope 20 kHz
521.5,0.0006509826758076992,defeito,envelope 20 kHz
522.0,0.007252873371614777,defeito,envelope 20 kHz
522.5,0.04436241838211587,defeito,envelope 20 kHz
523.0,0.049706078260863214,defeito,envelope 20 kHz
523.5,0.012199282245789079,defeito,envelope 20 kHz
524.0,0.0018052833628022726,defeito,envelope 20 kHz
524.5,0.00020182703526286385,defeito,envelope 20 kHz
525.0,0.0011962848774560938,defeito,envelope 20 kHz
525.5,0.0009675785075280112,defeito,envelope 20 kHz
526.0,0.0010865648503629807,defeito,envelope 20 kHz
526.5,0.001996005481495061,defeito,envelope 20 kHz
527.0,0.0034376776454150054,defeito,envelope 20 kHz
527.5,0.002574414260517776,defeito,envelope 20 kHz
528.0,0.0011999512814473035,defeito,envelope 20 kHz
528.5,0.0015128947289878938,defeito,envelope 20 kHz
529.0,0.0019415397180007738,defeito,envelope 20 kHz
529.5,0.002078298510269731,defeito,envelope 20 kHz
530.0,0.0027069645038794127,defeito,envelope 20 kHz
530.5,0.0020125380639073077,defeito,envelope 20 kHz
531.0,0.0008283614291069631,defeito,envelope 20 kHz
531.5,0.001169027661314786,defeito,envelope 20 kHz
532.0,0.0008162279484444458,defeito,envelope 20 kHz
532.5,0.0015301667995197572,defeito,envelope 20 kHz
533.0,0.001437506817671071,defeito,envelope 20 kHz
533.5,0.0003864933983753859,defeito,envelope 20 kHz
534.0,0.0007248581997697433,defeito,envelope 20 kHz
534.5,0.0004531831779463924,defeito,envelope 20 kHz
535.0,0.0003198993461049404,defeito,envelope 20 kHz
535.5,0.0013538255848067724,defeito,envelope 20 kHz
536.0,0.0031725283316807345,defeito,envelope 20 kHz
536.5,0.0034967562791500023,defeito,envelope 20 kHz
537.0,0.0006479581829453431,defeito,envelope 20 kHz
537.5,0.0014982410413637854,defeito,envelope 20 kHz
538.0,0.0016934345322659656,defeito,envelope 20 kHz
538.5,0.0018056325489784932,defeito,envelope 20 kHz
539.0,0.00142721285199696,defeito,envelope 20 kHz
539.5,0.00120590087977899,defeito,envelope 20 kHz
540.0,0.0012144786569985417,defeito,envelope 20 kHz
540.5,0.0019609906010216453,defeito,envelope 20 kHz
541.0,0.0016237565167009644,defeito,envelope 20 kHz
541.5,0.0011888857499843537,defeito,envelope 20 kHz
542.0,0.0013822908872283453,defeito,envelope 20 kHz
542.5,0.0013540571529978215,defeito,envelope 20 kHz
543.0,0.0008846040500210295,defeito,envelope 20 kHz
543.5,0.0005840720213029188,defeito,envelope 20 kHz
544.0,0.0019459865151749477,defeito,envelope 20 kHz
544.5,0.002505623390746119,defeito,envelope 20 kHz
545.0,0.0020333684924503242,defeito,envelope 20 kHz
545.5,0.0016203646726179843,defeito,envelope 20 kHz
546.0,0.00038093439236256836,defeito,envelope 20 kHz
546.5,0.0007477530774743979,defeito,envelope 20 kHz
547.0,0.0015954972246530338,defeito,envelope 20 kHz
547.5,0.000898306542153828,defeito,envelope 20 kHz
548.0,0.001565134511112409,defeito,envelope 20 kHz
548.5,0.0024368826429561883,defeito,envelope 20 kHz
549.0,0.00108111773220698,defeito,envelope 20 kHz
549.5,0.0015519983824301676,defeito,envelope 20 kHz
550.0,0.0010816479106235469,defeito,envelope 20 kHz
550.5,0.0009050042286991253,defeito,envelope 20 kHz
551.0,0.0004481305241118938,defeito,envelope 20 kHz
551.5,0.0014393486110548526,defeito,envelope 20 kHz
552.0,0.001282039531907786,defeito,envelope 20 kHz
552.5,0.0007933434515338259,defeito,envelope 20 kHz
553.0,0.0008723128366577402,defeito,envelope 20 kHz
553.5,0.0007579831528710315,defeito,envelope 20 kHz
554.0,0.0010457371556127201,defeito,envelope 20 kHz
554.5,0.0011108885738405282,defeito,envelope 20 kHz
555.0,0.0010275855992624826,defeito,envelope 20 kHz
555.5,0.0007007678141616904,defeito,envelope 20 kHz
556.0,0.0005641599473489186,defeito,envelope 20 kHz
556.5,0.0007270147055222001,defeito,envelope 20 kHz
557.0,0.0005030189371588932,defeito,envelope 20 kHz
557.5,0.0021653762980567894,defeito,envelope 20 kHz
558.0,0.0032774197425494136,defeito,envelope 20 kHz
558.5,0.0024311377401758203,defeito,envelope 20 kHz
559.0,0.0012186993118023664,defeito,envelope 20 kHz
559.5,0.0008612493717921808,defeito,envelope 20 kHz
560.0,0.00040164164488287507,defeito,envelope 20 kHz
560.5,0.0003610709651199641,defeito,envelope 20 kHz
561.0,0.0009864822464840032,defeito,envelope 20 kHz
561.5,0.001512107685562977,defeito,envelope 20 kHz
562.0,0.0006913150083267956,defeito,envelope 20 kHz
562.5,0.0007010719026048087,defeito,envelope 20 kHz
563.0,0.001129625645456581,defeito,envelope 20 kHz
563.5,0.0013077864287712518,defeito,envelope 20 kHz
564.0,0.001032301918958878,defeito,envelope 20 kHz
564.5,0.002754732554859588,defeito,envelope 20 kHz
565.0,0.002850441696590552,defeito,envelope 20 kHz
565.5,0.002250707440155625,defeito,envelope 20 kHz
566.0,0.0008164239260714007,defeito,envelope 20 kHz
566.5,0.0007209761973904839,defeito,envelope 20 kHz
567.0,0.000975767116633917,defeito,envelope 20 kHz
567.5,0.0020396700770184987,defeito,envelope 20 kHz
568.0,0.0013704013968498013,defeito,envelope 20 kHz
568.5,0.0011785095942696618,defeito,envelope 20 kHz
569.0,0.0015859278109907195,defeito,envelope 20 kHz
569.5,0.0012239542671976758,defeito,envelope 20 kHz
570.0,0.0012674639585438226,defeito,envelope 20 kHz
570.5,0.0018459402581014913,defeito,envelope 20 kHz
571.0,0.001839326528390136,defeito,envelope 20 kHz
571.5,0.0028567273796075436,defeito,envelope 20 kHz
572.0,0.0019908232824688917,defeito,envelope 20 kHz
572.5,0.0015149157771116141,defeito,envelope 20 kHz
573.0,0.0029644913444517415,defeito,envelope 20 kHz
573.5,0.0012445412281960136,defeito,envelope 20 kHz
574.0,0.0007276350513041006,defeito,envelope 20 kHz
574.5,0.00023992898371165362,defeito,envelope 20 kHz
575.0,0.0009301869756238626,defeito,envelope 20 kHz
575.5,0.0011754798472507742,defeito,envelope 20 kHz
576.0,0.0018857769480440933,defeito,envelope 20 kHz
576.5,0.0004439809084253574,defeito,envelope 20 kHz
577.0,0.0027777570906821793,defeito,envelope 20 kHz
577.5,0.0026176256106447133,defeito,envelope 20 kHz
578.0,0.00039758576351310197,defeito,envelope 20 kHz
578.5,0.0019355787313591636,defeito,envelope 20 kHz
579.0,0.001223742444084332,defeito,envelope 20 kHz
579.5,0.001083469068643474,defeito,envelope 20 kHz
580.0,0.0007046533823856627,defeito,envelope 20 kHz
580.5,0.0008176535231837387,defeito,envelope 20 kHz
581.0,0.0012879268423365636,defeito,envelope 20 kHz
581.5,0.0008319195141146794,defeito,envelope 20 kHz
582.0,0.0008843685167651479,defeito,envelope 20 kHz
582.5,0.002451315844878656,defeito,envelope 20 kHz
583.0,0.0024304440556265744,defeito,envelope 20 kHz
583.5,0.0002255868362594458,defeito,envelope 20 kHz
584.0,0.00046300347526503325,defeito,envelope 20 kHz
584.5,0.0009334946121946662,defeito,envelope 20 kHz
585.0,0.0015616368731900005,defeito,envelope 20 kHz
585.5,0.0025604682768640033,defeito,envelope 20 kHz
586.0,0.0021951454600538673,defeito,envelope 20 kHz
586.5,0.00040741306683020253,defeito,envelope 20 kHz
587.0,0.00022431447536889695,defeito,envelope 20 kHz
587.5,0.0007285462157627372,defeito,envelope 20 kHz
588.0,0.0008442001661538623,defeito,envelope 20 kHz
588.5,0.0011556057928761446,defeito,envelope 20 kHz
589.0,0.0013725042225588755,defeito,envelope 20 kHz
589.5,0.0005893243636199879,defeito,envelope 20 kHz
590.0,0.0007157736776184207,defeito,envelope 20 kHz
590.5,0.0006354552721987252,defeito,envelope 20 kHz
591.0,0.0006604333898257191,defeito,envelope 20 kHz
591.5,0.0014412937231901635,defeito,envelope 20 kHz
592.0,0.0034110321981192285,defeito,envelope 20 kHz
592.5,0.0031004857715699985,defeito,envelope 20 kHz
593.0,0.0011162284322526214,defeito,envelope 20 kHz
593.5,0.0007262213216547437,defeito,envelope 20 kHz
594.0,0.0008511197541309219,defeito,envelope 20 kHz
594.5,0.0010067255264486971,defeito,envelope 20 kHz
595.0,0.0010713850942958474,defeito,envelope 20 kHz
595.5,0.0014513174262767504,defeito,envelope 20 kHz
596.0,0.0012358857392555142,defeito,envelope 20 kHz
596.5,0.0008606035708039438,defeito,envelope 20 kHz
597.0,0.0007756669191644975,defeito,envelope 20 kHz
597.5,0.0008045305833924713,defeito,envelope 20 kHz
598.0,0.0012988442665643428,defeito,envelope 20 kHz
598.5,0.0014953005993732112,defeito,envelope 20 kHz
599.0,0.00039079040554662007,defeito,envelope 20 kHz
599.5,0.0007776093207397139,defeito,envelope 20 kHz
600.0,0.0009100025723297043,defeito,envelope 20 kHz
0.0,0.00021494109625271724,sadio,espectro direto 1 kHz
0.5,0.0001057423765744848,sadio,espectro direto 1 kHz
1.0,0.00013400545337330602,sadio,espectro direto 1 kHz
1.5,0.00011965895106513241,sadio,espectro direto 1 kHz
2.0,0.000238851615905524,sadio,espectro direto 1 kHz
2.5,0.00022233003420687227,sadio,espectro direto 1 kHz
3.0,0.00011943057369745949,sadio,espectro direto 1 kHz
3.5,0.00027176404268668207,sadio,espectro direto 1 kHz
4.0,0.0006396493068223981,sadio,espectro direto 1 kHz
4.5,0.0004877177302623645,sadio,espectro direto 1 kHz
5.0,6.171314121638408e-05,sadio,espectro direto 1 kHz
5.5,0.00026936909450528477,sadio,espectro direto 1 kHz
6.0,0.000607801458693511,sadio,espectro direto 1 kHz
6.5,0.0004743526572451859,sadio,espectro direto 1 kHz
7.0,0.00015005963822825063,sadio,espectro direto 1 kHz
7.5,0.00047682678548842026,sadio,espectro direto 1 kHz
8.0,0.00018630562717701242,sadio,espectro direto 1 kHz
8.5,0.0005135831207956649,sadio,espectro direto 1 kHz
9.0,0.0005725743882269097,sadio,espectro direto 1 kHz
9.5,0.0003496794874165018,sadio,espectro direto 1 kHz
10.0,0.0005073630224329118,sadio,espectro direto 1 kHz
10.5,0.0004312146782019577,sadio,espectro direto 1 kHz
11.0,0.00018394816195875781,sadio,espectro direto 1 kHz
11.5,8.625140038167962e-05,sadio,espectro direto 1 kHz
12.0,7.952425817452732e-05,sadio,espectro direto 1 kHz
12.5,6.353181604726427e-05,sadio,espectro direto 1 kHz
13.0,0.00021135532974767528,sadio,espectro direto 1 kHz
13.5,0.00022213398625248046,sadio,espectro direto 1 kHz
14.0,0.00022705306955632076,sadio,espectro direto 1 kHz
14.5,7.976858682014559e-05,sadio,espectro direto 1 kHz
15.0,8.891632661409309e-05,sadio,espectro direto 1 kHz
15.5,0.00013711430382472875,sadio,espectro direto 1 kHz
16.0,0.00015143517740173626,sadio,espectro direto 1 kHz
16.5,0.00015626300166308603,sadio,espectro direto 1 kHz
17.0,6.957137545658762e-05,sadio,espectro direto 1 kHz
17.5,0.00010629394082050189,sadio,espectro direto 1 kHz
18.0,0.00017697018737878765,sadio,espectro direto 1 kHz
18.5,5.638204015424686e-05,sadio,espectro direto 1 kHz
19.0,4.790494416361154e-05,sadio,espectro direto 1 kHz
19.5,0.00013845696741712554,sadio,espectro direto 1 kHz
20.0,0.0003376203209248572,sadio,espectro direto 1 kHz
20.5,0.00019501261852975654,sadio,espectro direto 1 kHz
21.0,0.00034021460910796923,sadio,espectro direto 1 kHz
21.5,0.0002131507754382379,sadio,espectro direto 1 kHz
22.0,0.0002626849325282974,sadio,espectro direto 1 kHz
22.5,0.00035766480303086923,sadio,espectro direto 1 kHz
23.0,8.377212047676167e-05,sadio,espectro direto 1 kHz
23.5,0.00013546683909773018,sadio,espectro direto 1 kHz
24.0,0.00027550834489376995,sadio,espectro direto 1 kHz
24.5,0.000518699350914447,sadio,espectro direto 1 kHz
25.0,0.00027847567300991134,sadio,espectro direto 1 kHz
25.5,0.0005614950190455911,sadio,espectro direto 1 kHz
26.0,9.398989799071408e-05,sadio,espectro direto 1 kHz
26.5,0.0007000977534034486,sadio,espectro direto 1 kHz
27.0,0.0009854283343753263,sadio,espectro direto 1 kHz
27.5,0.0017857252512082343,sadio,espectro direto 1 kHz
28.0,0.006618510590031851,sadio,espectro direto 1 kHz
28.5,0.06692987968869868,sadio,espectro direto 1 kHz
29.0,0.23317389514541806,sadio,espectro direto 1 kHz
29.5,0.1865338208358517,sadio,espectro direto 1 kHz
30.0,0.023255852832311377,sadio,espectro direto 1 kHz
30.5,0.004425431871007323,sadio,espectro direto 1 kHz
31.0,0.0015658518954043453,sadio,espectro direto 1 kHz
31.5,0.0007118787291871785,sadio,espectro direto 1 kHz
32.0,0.0003069040746977219,sadio,espectro direto 1 kHz
32.5,0.00036058525904211384,sadio,espectro direto 1 kHz
33.0,0.0005549050845946422,sadio,espectro direto 1 kHz
33.5,0.00040373121505306314,sadio,espectro direto 1 kHz
34.0,0.0005643257416992749,sadio,espectro direto 1 kHz
34.5,0.0001955338802206541,sadio,espectro direto 1 kHz
35.0,0.0001223682789482366,sadio,espectro direto 1 kHz
35.5,0.0002331282992370131,sadio,espectro direto 1 kHz
36.0,0.0003370035823134007,sadio,espectro direto 1 kHz
36.5,0.0003961571857288668,sadio,espectro direto 1 kHz
37.0,0.00031862881072552014,sadio,espectro direto 1 kHz
37.5,0.00010356368977835038,sadio,espectro direto 1 kHz
38.0,0.00011814885864997163,sadio,espectro direto 1 kHz
38.5,0.00040055420053337773,sadio,espectro direto 1 kHz
39.0,7.757637340716168e-05,sadio,espectro direto 1 kHz
39.5,0.00019331990198076106,sadio,espectro direto 1 kHz
40.0,0.0001634587192041124,sadio,espectro direto 1 kHz
40.5,0.00011572040923091494,sadio,espectro direto 1 kHz
41.0,6.463260178462082e-05,sadio,espectro direto 1 kHz
41.5,0.00018616177445674435,sadio,espectro direto 1 kHz
42.0,0.00038199258405893094,sadio,espectro direto 1 kHz
42.5,0.00043512380796507764,sadio,espectro direto 1 kHz
43.0,0.0004170644644775446,sadio,espectro direto 1 kHz
43.5,0.0002530041365031019,sadio,espectro direto 1 kHz
44.0,0.0005932167091093117,sadio,espectro direto 1 kHz
44.5,0.0004862824634055098,sadio,espectro direto 1 kHz
45.0,0.0003932022565446915,sadio,espectro direto 1 kHz
45.5,0.0002500945936131549,sadio,espectro direto 1 kHz
46.0,0.00026089874674558027,sadio,espectro direto 1 kHz
46.5,0.0005610256364020587,sadio,espectro direto 1 kHz
47.0,0.0005535768439249352,sadio,espectro direto 1 kHz
47.5,0.0002314679958424781,sadio,espectro direto 1 kHz
48.0,0.00023460264157963037,sadio,espectro direto 1 kHz
48.5,0.00026746843793176847,sadio,espectro direto 1 kHz
49.0,0.00013691611950903795,sadio,espectro direto 1 kHz
49.5,0.0001687335758553558,sadio,espectro direto 1 kHz
50.0,0.00013856170225413192,sadio,espectro direto 1 kHz
50.5,0.00010180591285557815,sadio,espectro direto 1 kHz
51.0,0.0003559693027837591,sadio,espectro direto 1 kHz
51.5,0.00039827984975116974,sadio,espectro direto 1 kHz
52.0,8.840997740500167e-05,sadio,espectro direto 1 kHz
52.5,0.00023395297519753665,sadio,espectro direto 1 kHz
53.0,0.0002579363409010881,sadio,espectro direto 1 kHz
53.5,0.0003927506982174386,sadio,espectro direto 1 kHz
54.0,0.00037328524517840086,sadio,espectro direto 1 kHz
54.5,0.0003931376641886384,sadio,espectro direto 1 kHz
55.0,0.000338218010680624,sadio,espectro direto 1 kHz
55.5,0.0002823504610681895,sadio,espectro direto 1 kHz
56.0,0.00018402874188532672,sadio,espectro direto 1 kHz
56.5,0.0007365667095471262,sadio,espectro direto 1 kHz
57.0,0.0012600541654792755,sadio,espectro direto 1 kHz
57.5,0.006815011440624245,sadio,espectro direto 1 kHz
58.0,0.05603445668523254,sadio,espectro direto 1 kHz
58.5,0.0701113281276248,sadio,espectro direto 1 kHz
59.0,0.0200821876077717,sadio,espectro direto 1 kHz
59.5,0.0019549280762564316,sadio,espectro direto 1 kHz
60.0,0.0004404180728823158,sadio,espectro direto 1 kHz
60.5,0.0006296555346750481,sadio,espectro direto 1 kHz
61.0,0.00020484784611013077,sadio,espectro direto 1 kHz
61.5,9.864628339747537e-05,sadio,espectro direto 1 kHz
62.0,0.00019197999739784777,sadio,espectro direto 1 kHz
62.5,0.00015995038979192637,sadio,espectro direto 1 kHz
63.0,0.00035352691327145,sadio,espectro direto 1 kHz
63.5,0.00012928565622054723,sadio,espectro direto 1 kHz
64.0,0.00021528796530046043,sadio,espectro direto 1 kHz
64.5,0.00025483227130326406,sadio,espectro direto 1 kHz
65.0,0.0002768336619420708,sadio,espectro direto 1 kHz
65.5,0.0001879925432553359,sadio,espectro direto 1 kHz
66.0,0.00017574052772044394,sadio,espectro direto 1 kHz
66.5,0.00032875902469137647,sadio,espectro direto 1 kHz
67.0,0.0003111347358930938,sadio,espectro direto 1 kHz
67.5,0.000497813585112224,sadio,espectro direto 1 kHz
68.0,0.0005525858072486142,sadio,espectro direto 1 kHz
68.5,0.000440707337616457,sadio,espectro direto 1 kHz
69.0,0.00038339596019146835,sadio,espectro direto 1 kHz
69.5,0.0002489551333031022,sadio,espectro direto 1 kHz
70.0,0.00026939401095948647,sadio,espectro direto 1 kHz
70.5,0.0003291098477930578,sadio,espectro direto 1 kHz
71.0,0.000237175305779406,sadio,espectro direto 1 kHz
71.5,0.0005176784481802906,sadio,espectro direto 1 kHz
72.0,0.0003417082903591081,sadio,espectro direto 1 kHz
72.5,0.00015594901472441928,sadio,espectro direto 1 kHz
73.0,0.0001105600129590113,sadio,espectro direto 1 kHz
73.5,0.00020651062039954557,sadio,espectro direto 1 kHz
74.0,0.0002782251847195624,sadio,espectro direto 1 kHz
74.5,0.0003872202843968945,sadio,espectro direto 1 kHz
75.0,0.0005048265605783592,sadio,espectro direto 1 kHz
75.5,0.0006833391367822231,sadio,espectro direto 1 kHz
76.0,0.0003955125830197198,sadio,espectro direto 1 kHz
76.5,0.00019804437576674127,sadio,espectro direto 1 kHz
77.0,0.00015755035007726718,sadio,espectro direto 1 kHz
77.5,0.00035670191054026364,sadio,espectro direto 1 kHz
78.0,0.0004041722903033097,sadio,espectro direto 1 kHz
78.5,9.594837538771889e-05,sadio,espectro direto 1 kHz
79.0,0.00014594535939151668,sadio,espectro direto 1 kHz
79.5,0.0004052320580745174,sadio,espectro direto 1 kHz
80.0,0.0005316974803791581,sadio,espectro direto 1 kHz
80.5,0.0003863618017746676,sadio,espectro direto 1 kHz
81.0,0.0004368898319670809,sadio,espectro direto 1 kHz
81.5,0.00025980204634649376,sadio,espectro direto 1 kHz
82.0,0.00021463327550150623,sadio,espectro direto 1 kHz
82.5,0.0001126648944899119,sadio,espectro direto 1 kHz
83.0,1.6053381479262733e-05,sadio,espectro direto 1 kHz
83.5,0.00035329286731044997,sadio,espectro direto 1 kHz
84.0,0.0002781445602622647,sadio,espectro direto 1 kHz
84.5,0.0001991617637194652,sadio,espectro direto 1 kHz
85.0,0.0004924928478943755,sadio,espectro direto 1 kHz
85.5,0.00019907168251005793,sadio,espectro direto 1 kHz
86.0,0.0001639667950041897,sadio,espectro direto 1 kHz
86.5,0.00010721611941393227,sadio,espectro direto 1 kHz
87.0,0.01252785172084793,sadio,espectro direto 1 kHz
87.5,0.024891303423313724,sadio,espectro direto 1 kHz
88.0,0.012488502362074912,sadio,espectro direto 1 kHz
88.5,0.0002568777027075868,sadio,espectro direto 1 kHz
89.0,0.00022852558540925174,sadio,espectro direto 1 kHz
89.5,0.00018317731728874966,sadio,espectro direto 1 kHz
90.0,0.00038809175644191515,sadio,espectro direto 1 kHz
90.5,0.00017374899944573564,sadio,espectro direto 1 kHz
91.0,0.000245795138769202,sadio,espectro direto 1 kHz
91.5,0.00019150161540112357,sadio,espectro direto 1 kHz
92.0,0.00023247972434406575,sadio,espectro direto 1 kHz
92.5,0.00019624722579196123,sadio,espectro direto 1 kHz
93.0,0.0002617814161991273,sadio,espectro direto 1 kHz
93.5,0.0002888241338947061,sadio,espectro direto 1 kHz
94.0,0.00019330215904121904,sadio,espectro direto 1 kHz
94.5,0.00027421258757473157,sadio,espectro direto 1 kHz
95.0,0.0002489539298522169,sadio,espectro direto 1 kHz
95.5,8.105482810916966e-05,sadio,espectro direto 1 kHz
96.0,0.00010914492082980189,sadio,espectro direto 1 kHz
96.5,0.00022226441505080708,sadio,espectro direto 1 kHz
97.0,0.0003279800946238338,sadio,espectro direto 1 kHz
97.5,0.0002780085043402699,sadio,espectro direto 1 kHz
98.0,0.00016244758755755756,sadio,espectro direto 1 kHz
98.5,9.672851512275814e-05,sadio,espectro direto 1 kHz
99.0,0.00044692078233799686,sadio,espectro direto 1 kHz
99.5,0.0007187491163948748,sadio,espectro direto 1 kHz
100.0,0.000497364672468626,sadio,espectro direto 1 kHz
100.5,0.0001772834581443216,sadio,espectro direto 1 kHz
101.0,0.00020163624303965965,sadio,espectro direto 1 kHz
101.5,0.00027025602252882215,sadio,espectro direto 1 kHz
102.0,0.0001812962939109892,sadio,espectro direto 1 kHz
102.5,0.00011227075349052978,sadio,espectro direto 1 kHz
103.0,0.00023561475464379581,sadio,espectro direto 1 kHz
103.5,0.00022936580579194292,sadio,espectro direto 1 kHz
104.0,0.0002918870325405578,sadio,espectro direto 1 kHz
104.5,0.00030250422991733164,sadio,espectro direto 1 kHz
105.0,0.0002332314115556186,sadio,espectro direto 1 kHz
105.5,0.0004422599619379697,sadio,espectro direto 1 kHz
106.0,0.0002744540142999915,sadio,espectro direto 1 kHz
106.5,0.00021798926197134864,sadio,espectro direto 1 kHz
107.0,0.0003500747213599591,sadio,espectro direto 1 kHz
107.5,0.00022562249310720337,sadio,espectro direto 1 kHz
108.0,0.00014819832715374197,sadio,espectro direto 1 kHz
108.5,0.00013749327171350893,sadio,espectro direto 1 kHz
109.0,0.000265908460393927,sadio,espectro direto 1 kHz
109.5,0.00038602764950120715,sadio,espectro direto 1 kHz
110.0,0.0002835292928972117,sadio,espectro direto 1 kHz
110.5,0.00012310854768956642,sadio,espectro direto 1 kHz
111.0,0.0003015250885572483,sadio,espectro direto 1 kHz
111.5,0.00028347470155157744,sadio,espectro direto 1 kHz
112.0,0.000446689311404428,sadio,espectro direto 1 kHz
112.5,0.0002460674638444956,sadio,espectro direto 1 kHz
113.0,0.00034991260844179485,sadio,espectro direto 1 kHz
113.5,0.0002658111737143686,sadio,espectro direto 1 kHz
114.0,0.00019052486868751043,sadio,espectro direto 1 kHz
114.5,0.00016933891786458753,sadio,espectro direto 1 kHz
115.0,0.00023860273931114662,sadio,espectro direto 1 kHz
115.5,0.00033383582862643786,sadio,espectro direto 1 kHz
116.0,0.00013241106216392383,sadio,espectro direto 1 kHz
116.5,0.00011639511698880234,sadio,espectro direto 1 kHz
117.0,0.000221563762789679,sadio,espectro direto 1 kHz
117.5,0.000245617509650311,sadio,espectro direto 1 kHz
118.0,0.0002091713060349855,sadio,espectro direto 1 kHz
118.5,0.0004884455551834062,sadio,espectro direto 1 kHz
119.0,0.000364421147315046,sadio,espectro direto 1 kHz
119.5,0.00033611999187492265,sadio,espectro direto 1 kHz
120.0,0.00020956968843730507,sadio,espectro direto 1 kHz
120.5,8.722955377963166e-05,sadio,espectro direto 1 kHz
121.0,0.00024449271384499724,sadio,espectro direto 1 kHz
121.5,0.00036551741688366435,sadio,espectro direto 1 kHz
122.0,0.0004324925720782132,sadio,espectro direto 1 kHz
122.5,0.00023020510043304302,sadio,espectro direto 1 kHz
123.0,0.00032320916059931854,sadio,espectro direto 1 kHz
123.5,0.0004136300533406632,sadio,espectro direto 1 kHz
124.0,4.968343862613525e-05,sadio,espectro direto 1 kHz
124.5,0.000203588112736096,sadio,espectro direto 1 kHz
125.0,0.000328581596860069,sadio,espectro direto 1 kHz
125.5,0.00039129579821292805,sadio,espectro direto 1 kHz
126.0,0.0005355837777017751,sadio,espectro direto 1 kHz
126.5,0.0005030548180946453,sadio,espectro direto 1 kHz
127.0,0.0003670107753962727,sadio,espectro direto 1 kHz
127.5,0.00040460009530396933,sadio,espectro direto 1 kHz
128.0,0.0002766080225447656,sadio,espectro direto 1 kHz
128.5,0.0001390468752398407,sadio,espectro direto 1 kHz
129.0,0.0001286726460195166,sadio,espectro direto 1 kHz
129.5,0.0003299950231077582,sadio,espectro direto 1 kHz
130.0,0.0004791357696236378,sadio,espectro direto 1 kHz
130.5,0.0002087565447591873,sadio,espectro direto 1 kHz
131.0,0.00018882819820082068,sadio,espectro direto 1 kHz
131.5,0.00023978376777081516,sadio,espectro direto 1 kHz
132.0,0.000284513156405233,sadio,espectro direto 1 kHz
132.5,0.0005088180706020989,sadio,espectro direto 1 kHz
133.0,0.00037340009888072573,sadio,espectro direto 1 kHz
133.5,0.0001659031137278068,sadio,espectro direto 1 kHz
134.0,0.00022662198175867542,sadio,espectro direto 1 kHz
134.5,0.00037683372736174324,sadio,espectro direto 1 kHz
135.0,0.0005043934654319014,sadio,espectro direto 1 kHz
135.5,0.0003450139919444348,sadio,espectro direto 1 kHz
136.0,0.0001493874077864965,sadio,espectro direto 1 kHz
136.5,0.00016947846932129234,sadio,espectro direto 1 kHz
137.0,9.319281403643353e-05,sadio,espectro direto 1 kHz
137.5,0.00016373403082414197,sadio,espectro direto 1 kHz
138.0,0.00021857763479458413,sadio,espectro direto 1 kHz
138.5,0.00016661769756369597,sadio,espectro direto 1 kHz
139.0,0.00022510918593266174,sadio,espectro direto 1 kHz
139.5,5.032701485758209e-05,sadio,espectro direto 1 kHz
140.0,8.733282255587115e-05,sadio,espectro direto 1 kHz
140.5,0.0001285241568027672,sadio,espectro direto 1 kHz
141.0,0.00025210476934927034,sadio,espectro direto 1 kHz
141.5,0.00017606504115803384,sadio,espectro direto 1 kHz
142.0,0.00030796119268361845,sadio,espectro direto 1 kHz
142.5,0.00020085682893090896,sadio,espectro direto 1 kHz
143.0,0.0002207630232216993,sadio,espectro direto 1 kHz
143.5,0.00012367801577507054,sadio,espectro direto 1 kHz
144.0,0.00012116685412647777,sadio,espectro direto 1 kHz
144.5,0.00027827611742206897,sadio,espectro direto 1 kHz
145.0,8.127823768210297e-05,sadio,espectro direto 1 kHz
145.5,0.000289925841414637,sadio,espectro direto 1 kHz
146.0,0.00040167491056699917,sadio,espectro direto 1 kHz
146.5,0.00024129511095112563,sadio,espectro direto 1 kHz
147.0,0.00027056657179190617,sadio,espectro direto 1 kHz
147.5,0.00024248452878949462,sadio,espectro direto 1 kHz
148.0,0.00017070661482555498,sadio,espectro direto 1 kHz
148.5,0.00025438983801369364,sadio,espectro direto 1 kHz
149.0,0.0003665404569363922,sadio,espectro direto 1 kHz
149.5,0.00047964216317424144,sadio,espectro direto 1 kHz
150.0,0.000346049269288194,sadio,espectro direto 1 kHz
150.5,0.00010824915212122909,sadio,espectro direto 1 kHz
151.0,0.00020187161493034068,sadio,espectro direto 1 kHz
151.5,0.000178289896865863,sadio,espectro direto 1 kHz
152.0,0.00035644322137175645,sadio,espectro direto 1 kHz
152.5,0.00018836233786271203,sadio,espectro direto 1 kHz
153.0,0.00040824155774538075,sadio,espectro direto 1 kHz
153.5,0.00018559434247920526,sadio,espectro direto 1 kHz
154.0,6.884170438592623e-05,sadio,espectro direto 1 kHz
154.5,0.00012208207994891362,sadio,espectro direto 1 kHz
155.0,0.00019946421890389626,sadio,espectro direto 1 kHz
155.5,0.0002835271794547068,sadio,espectro direto 1 kHz
156.0,0.00030330466103829166,sadio,espectro direto 1 kHz
156.5,0.0003411172882210066,sadio,espectro direto 1 kHz
157.0,0.00031054411018699744,sadio,espectro direto 1 kHz
157.5,0.00018176038538924596,sadio,espectro direto 1 kHz
158.0,0.0001860747663155552,sadio,espectro direto 1 kHz
158.5,0.00027027702932845246,sadio,espectro direto 1 kHz
159.0,0.000483675702241789,sadio,espectro direto 1 kHz
159.5,0.000331671860065708,sadio,espectro direto 1 kHz
160.0,0.00012137013013444963,sadio,espectro direto 1 kHz
160.5,0.00015984023576337263,sadio,espectro direto 1 kHz
161.0,0.0002544960189868418,sadio,espectro direto 1 kHz
161.5,0.0002555344035294667,sadio,espectro direto 1 kHz
162.0,0.00021388815644655048,sadio,espectro direto 1 kHz
162.5,0.00019093641704431564,sadio,espectro direto 1 kHz
163.0,0.00022551343287707893,sadio,espectro direto 1 kHz
163.5,0.0006661885012093733,sadio,espectro direto 1 kHz
164.0,0.0006928768138462144,sadio,espectro direto 1 kHz
164.5,0.0003308191911404091,sadio,espectro direto 1 kHz
165.0,0.00013260556588905374,sadio,espectro direto 1 kHz
165.5,5.627449726255598e-05,sadio,espectro direto 1 kHz
166.0,0.00022508028346738244,sadio,espectro direto 1 kHz
166.5,0.0003075051763834587,sadio,espectro direto 1 kHz
167.0,0.00022721645397438814,sadio,espectro direto 1 kHz
167.5,7.888570376287281e-05,sadio,espectro direto 1 kHz
168.0,0.00022518224981388576,sadio,espectro direto 1 kHz
168.5,0.0003633576920876682,sadio,espectro direto 1 kHz
169.0,0.0005741060378866578,sadio,espectro direto 1 kHz
169.5,0.0003082897460202221,sadio,espectro direto 1 kHz
170.0,0.0002197933240963043,sadio,espectro direto 1 kHz
170.5,0.00010079741151620138,sadio,espectro direto 1 kHz
171.0,0.00017155050595359252,sadio,espectro direto 1 kHz
171.5,0.0004191442882466355,sadio,espectro direto 1 kHz
172.0,0.00024223235584365334,sadio,espectro direto 1 kHz
172.5,0.0002802049919581873,sadio,espectro direto 1 kHz
173.0,0.0002853770620547435,sadio,espectro direto 1 kHz
173.5,0.00012157720054783077,sadio,espectro direto 1 kHz
174.0,0.00023283258816361868,sadio,espectro direto 1 kHz
174.5,8.839220487569409e-05,sadio,espectro direto 1 kHz
175.0,0.00020669892493033955,sadio,espectro direto 1 kHz
175.5,0.00016101293269970066,sadio,espectro direto 1 kHz
176.0,9.169908221154748e-05,sadio,espectro direto 1 kHz
176.5,4.937364937512803e-05,sadio,espectro direto 1 kHz
177.0,0.00014923368237044715,sadio,espectro direto 1 kHz
177.5,0.0003525540112840429,sadio,espectro direto 1 kHz
178.0,0.00016371397190188995,sadio,espectro direto 1 kHz
178.5,0.0003856222309022233,sadio,espectro direto 1 kHz
179.0,0.0006177714988254607,sadio,espectro direto 1 kHz
179.5,0.00038680693780243836,sadio,espectro direto 1 kHz
180.0,0.0001364699756697811,sadio,espectro direto 1 kHz
180.5,0.00015137962663898039,sadio,espectro direto 1 kHz
181.0,9.982701506440993e-05,sadio,espectro direto 1 kHz
181.5,0.0003914846278561456,sadio,espectro direto 1 kHz
182.0,0.0002136726252659017,sadio,espectro direto 1 kHz
182.5,0.00012871819276222133,sadio,espectro direto 1 kHz
183.0,8.122562908346579e-05,sadio,espectro direto 1 kHz
183.5,0.0002521740408468182,sadio,espectro direto 1 kHz
184.0,0.0003932085156012894,sadio,espectro direto 1 kHz
184.5,0.0004889616802162667,sadio,espectro direto 1 kHz
185.0,0.00028899309736536005,sadio,espectro direto 1 kHz
185.5,0.0004437440731314398,sadio,espectro direto 1 kHz
186.0,0.00032234642557114456,sadio,espectro direto 1 kHz
186.5,0.00019789407057001777,sadio,espectro direto 1 kHz
187.0,9.923357360391464e-05,sadio,espectro direto 1 kHz
187.5,2.3599531062619145e-05,sadio,espectro direto 1 kHz
188.0,0.00022782647730220268,sadio,espectro direto 1 kHz
188.5,0.00047901962586279764,sadio,espectro direto 1 kHz
189.0,0.000436560075647512,sadio,espectro direto 1 kHz
189.5,0.0003107932838203403,sadio,espectro direto 1 kHz
190.0,0.00010576252388374076,sadio,espectro direto 1 kHz
190.5,0.00040413867062671547,sadio,espectro direto 1 kHz
191.0,0.00035883633686121705,sadio,espectro direto 1 kHz
191.5,0.0003582566855330386,sadio,espectro direto 1 kHz
192.0,0.0002836925948767764,sadio,espectro direto 1 kHz
192.5,0.00024052659598781243,sadio,espectro direto 1 kHz
193.0,0.00025773597381391697,sadio,espectro direto 1 kHz
193.5,0.00031727855221289384,sadio,espectro direto 1 kHz
194.0,0.0004765720138894557,sadio,espectro direto 1 kHz
194.5,0.0002652212159759655,sadio,espectro direto 1 kHz
195.0,0.0002785061742504925,sadio,espectro direto 1 kHz
195.5,0.00030480379948520165,sadio,espectro direto 1 kHz
196.0,0.00012596356513803564,sadio,espectro direto 1 kHz
196.5,0.00010696567064547831,sadio,espectro direto 1 kHz
197.0,5.2471453566912564e-05,sadio,espectro direto 1 kHz
197.5,0.0001893951080770674,sadio,espectro direto 1 kHz
198.0,0.0003044692014575841,sadio,espectro direto 1 kHz
198.5,0.00019695207126748716,sadio,espectro direto 1 kHz
199.0,0.0005660041154292356,sadio,espectro direto 1 kHz
199.5,0.0006285801475591828,sadio,espectro direto 1 kHz
200.0,0.00047465246937694876,sadio,espectro direto 1 kHz
200.5,0.0003265138980587399,sadio,espectro direto 1 kHz
201.0,0.0002660219887859752,sadio,espectro direto 1 kHz
201.5,0.0002735016539049122,sadio,espectro direto 1 kHz
202.0,0.00028100245563446026,sadio,espectro direto 1 kHz
202.5,0.0002715851089173165,sadio,espectro direto 1 kHz
203.0,0.0006780854160631194,sadio,espectro direto 1 kHz
203.5,0.0008244196122773614,sadio,espectro direto 1 kHz
204.0,0.0006186546725876823,sadio,espectro direto 1 kHz
204.5,0.0004040933238973235,sadio,espectro direto 1 kHz
205.0,0.00039318374849290234,sadio,espectro direto 1 kHz
205.5,0.0003764017058803181,sadio,espectro direto 1 kHz
206.0,0.0003262901452416819,sadio,espectro direto 1 kHz
206.5,0.0002944348003285732,sadio,espectro direto 1 kHz
207.0,0.0002780425132094583,sadio,espectro direto 1 kHz
207.5,0.00016496777353536474,sadio,espectro direto 1 kHz
208.0,9.884081336436407e-05,sadio,espectro direto 1 kHz
208.5,7.605206178541725e-05,sadio,espectro direto 1 kHz
209.0,6.594527138688088e-05,sadio,espectro direto 1 kHz
209.5,0.0001357058426642825,sadio,espectro direto 1 kHz
210.0,9.206819150754944e-05,sadio,espectro direto 1 kHz
210.5,0.0004743055096340303,sadio,espectro direto 1 kHz
211.0,0.0004413894275776968,sadio,espectro direto 1 kHz
211.5,0.00011490544975413815,sadio,espectro direto 1 kHz
212.0,0.0001902440871555674,sadio,espectro direto 1 kHz
212.5,0.00018421635305251015,sadio,espectro direto 1 kHz
213.0,9.211936981554715e-05,sadio,espectro direto 1 kHz
213.5,6.170286347791805e-05,sadio,espectro direto 1 kHz
214.0,0.00032920632694804114,sadio,espectro direto 1 kHz
214.5,0.0005857071013774034,sadio,espectro direto 1 kHz
215.0,0.0006866297699903156,sadio,espectro direto 1 kHz
215.5,0.00021036563709228486,sadio,espectro direto 1 kHz
216.0,0.00031886988531888726,sadio,espectro direto 1 kHz
216.5,0.0005010273249316303,sadio,espectro direto 1 kHz
217.0,0.0004431819543661165,sadio,espectro direto 1 kHz
217.5,0.00031493368858608945,sadio,espectro direto 1 kHz
218.0,4.1843075903697294e-05,sadio,espectro direto 1 kHz
218.5,0.0003872583607845295,sadio,espectro direto 1 kHz
219.0,0.00042527732291928935,sadio,espectro direto 1 kHz
219.5,0.0001599130760977142,sadio,espectro direto 1 kHz
220.0,5.0222162626156805e-05,sadio,espectro direto 1 kHz
220.5,0.0003199165690354236,sadio,espectro direto 1 kHz
221.0,0.00035785132085884157,sadio,espectro direto 1 kHz
221.5,0.0003770866349011541,sadio,espectro direto 1 kHz
222.0,0.00032439528550047217,sadio,espectro direto 1 kHz
222.5,0.0003086515243633822,sadio,espectro direto 1 kHz
223.0,0.00037272036079031515,sadio,espectro direto 1 kHz
223.5,0.00025077661404849166,sadio,espectro direto 1 kHz
224.0,8.39176786278869e-05,sadio,espectro direto 1 kHz
224.5,0.000163715185549021,sadio,espectro direto 1 kHz
225.0,0.00015067040157440897,sadio,espectro direto 1 kHz
225.5,6.192644908019668e-05,sadio,espectro direto 1 kHz
226.0,7.900639524710894e-05,sadio,espectro direto 1 kHz
226.5,0.0001338780276288441,sadio,espectro direto 1 kHz
227.0,0.00036091515137170994,sadio,espectro direto 1 kHz
227.5,0.00012271245435924836,sadio,espectro direto 1 kHz
228.0,0.00025416360045909554,sadio,espectro direto 1 kHz
228.5,0.0001496785471591534,sadio,espectro direto 1 kHz
229.0,0.00024505327548343317,sadio,espectro direto 1 kHz
229.5,0.0004684529002099015,sadio,espectro direto 1 kHz
230.0,0.0005191583265294235,sadio,espectro direto 1 kHz
230.5,0.00019175085176156105,sadio,espectro direto 1 kHz
231.0,0.00022051193842639917,sadio,espectro direto 1 kHz
231.5,0.000303668635178369,sadio,espectro direto 1 kHz
232.0,0.0002614211839963747,sadio,espectro direto 1 kHz
232.5,0.0002499508444200767,sadio,espectro direto 1 kHz
233.0,0.00030696703577314395,sadio,espectro direto 1 kHz
233.5,6.375507316536532e-05,sadio,espectro direto 1 kHz
234.0,0.00014871805993819478,sadio,espectro direto 1 kHz
234.5,8.145192711974513e-05,sadio,espectro direto 1 kHz
235.0,0.0002781853332679911,sadio,espectro direto 1 kHz
235.5,0.0003612242464937374,sadio,espectro direto 1 kHz
236.0,0.00015136967396183222,sadio,espectro direto 1 kHz
236.5,0.00011658584550869284,sadio,espectro direto 1 kHz
237.0,0.00020602419170852573,sadio,espectro direto 1 kHz
237.5,0.00020530942839388692,sadio,espectro direto 1 kHz
238.0,0.00036263505660584077,sadio,espectro direto 1 kHz
238.5,0.00038979835156760257,sadio,espectro direto 1 kHz
239.0,9.630919184707432e-05,sadio,espectro direto 1 kHz
239.5,0.00023257212948047607,sadio,espectro direto 1 kHz
240.0,0.0004999609093691427,sadio,espectro direto 1 kHz
240.5,0.0004353436758327894,sadio,espectro direto 1 kHz
241.0,0.0001187888270693718,sadio,espectro direto 1 kHz
241.5,0.00020841473266165772,sadio,espectro direto 1 kHz
242.0,0.00024331980014226514,sadio,espectro direto 1 kHz
242.5,0.00042087811759154936,sadio,espectro direto 1 kHz
243.0,0.0005151277612551527,sadio,espectro direto 1 kHz
243.5,0.00026977759325544506,sadio,espectro direto 1 kHz
244.0,0.00026204524426513777,sadio,espectro direto 1 kHz
244.5,0.00039262095861472595,sadio,espectro direto 1 kHz
245.0,0.0001333177116916604,sadio,espectro direto 1 kHz
245.5,0.00024398238154104773,sadio,espectro direto 1 kHz
246.0,0.0004141179824450227,sadio,espectro direto 1 kHz
246.5,0.0002564926226229494,sadio,espectro direto 1 kHz
247.0,0.00021260243036356414,sadio,espectro direto 1 kHz
247.5,0.0002711623049871324,sadio,espectro direto 1 kHz
248.0,0.00019764537523979855,sadio,espectro direto 1 kHz
248.5,7.471556492922033e-05,sadio,espectro direto 1 kHz
249.0,0.00011948655691830965,sadio,espectro direto 1 kHz
249.5,0.0001302379482748742,sadio,espectro direto 1 kHz
250.0,0.00019044945973375026,sadio,espectro direto 1 kHz
250.5,0.0003134528903482082,sadio,espectro direto 1 kHz
251.0,0.0003039749473615136,sadio,espectro direto 1 kHz
251.5,0.00011039309222843886,sadio,espectro direto 1 kHz
252.0,8.40100457583941e-05,sadio,espectro direto 1 kHz
252.5,0.0002842968016241549,sadio,espectro direto 1 kHz
253.0,0.00035439243428682626,sadio,espectro direto 1 kHz
253.5,0.0002358181603133465,sadio,espectro direto 1 kHz
254.0,0.00021390908547536957,sadio,espectro direto 1 kHz
254.5,0.0004781700851533504,sadio,espectro direto 1 kHz
255.0,0.0002189353804108597,sadio,espectro direto 1 kHz
255.5,0.0003298603751754388,sadio,espectro direto 1 kHz
256.0,0.0003382172808052127,sadio,espectro direto 1 kHz
256.5,0.00016715063084813385,sadio,espectro direto 1 kHz
257.0,0.0002825783742388563,sadio,espectro direto 1 kHz
257.5,0.00011270175580204377,sadio,espectro direto 1 kHz
258.0,0.00020720036110816412,sadio,espectro direto 1 kHz
258.5,0.00026852829353200467,sadio,espectro direto 1 kHz
259.0,0.0002355984593174364,sadio,espectro direto 1 kHz
259.5,0.0003767046417296496,sadio,espectro direto 1 kHz
260.0,0.0005546613236913849,sadio,espectro direto 1 kHz
260.5,0.00041793071302700545,sadio,espectro direto 1 kHz
261.0,0.0003099185546260268,sadio,espectro direto 1 kHz
261.5,0.0004253786239296661,sadio,espectro direto 1 kHz
262.0,0.0004555338457590596,sadio,espectro direto 1 kHz
262.5,0.00037450755083774705,sadio,espectro direto 1 kHz
263.0,0.0003373559885825549,sadio,espectro direto 1 kHz
263.5,0.0002507153400918643,sadio,espectro direto 1 kHz
264.0,0.00019590379706338509,sadio,espectro direto 1 kHz
264.5,0.00034536066233990874,sadio,espectro direto 1 kHz
265.0,0.00036861311427012223,sadio,espectro direto 1 kHz
265.5,7.775415567050421e-05,sadio,espectro direto 1 kHz
266.0,0.00021353950392186472,sadio,espectro direto 1 kHz
266.5,5.442155776187494e-05,sadio,espectro direto 1 kHz
267.0,0.00030166706169359753,sadio,espectro direto 1 kHz
267.5,0.0001915597816082856,sadio,espectro direto 1 kHz
268.0,0.00024813432791845227,sadio,espectro direto 1 kHz
268.5,0.00046355986482841786,sadio,espectro direto 1 kHz
269.0,0.0005925034097563829,sadio,espectro direto 1 kHz
269.5,0.0003489024545761354,sadio,espectro direto 1 kHz
270.0,0.0001794299059030785,sadio,espectro direto 1 kHz
270.5,0.00037809438664241116,sadio,espectro direto 1 kHz
271.0,0.0002941528537122606,sadio,espectro direto 1 kHz
271.5,8.524609366530883e-05,sadio,espectro direto 1 kHz
272.0,0.0002212403747358845,sadio,espectro direto 1 kHz
272.5,0.0003262316731996657,sadio,espectro direto 1 kHz
273.0,0.00018980147675568275,sadio,espectro direto 1 kHz
273.5,3.811292917992089e-05,sadio,espectro direto 1 kHz
274.0,0.0003804713845852513,sadio,espectro direto 1 kHz
274.5,0.000595330448214636,sadio,espectro direto 1 kHz
275.0,0.0004984373955881741,sadio,espectro direto 1 kHz
275.5,0.0004541203375391323,sadio,espectro direto 1 kHz
276.0,0.00037133872526236685,sadio,espectro direto 1 kHz
276.5,0.00046704247341313826,sadio,espectro direto 1 kHz
277.0,0.0004243015609026412,sadio,espectro direto 1 kHz
277.5,0.00031877411643308097,sadio,espectro direto 1 kHz
278.0,0.0002728113019740333,sadio,espectro direto 1 kHz
278.5,0.0001287184339214635,sadio,espectro direto 1 kHz
279.0,0.0002864982466966294,sadio,espectro direto 1 kHz
279.5,0.00027743404068128865,sadio,espectro direto 1 kHz
280.0,7.239147976679551e-05,sadio,espectro direto 1 kHz
280.5,0.00027584053953367036,sadio,espectro direto 1 kHz
281.0,0.00047344865218476595,sadio,espectro direto 1 kHz
281.5,0.0002724982754407512,sadio,espectro direto 1 kHz
282.0,0.00011521203757142295,sadio,espectro direto 1 kHz
282.5,0.00023773410903341798,sadio,espectro direto 1 kHz
283.0,0.0002610051506749673,sadio,espectro direto 1 kHz
283.5,0.00020051462129695068,sadio,espectro direto 1 kHz
284.0,0.0003605086539969696,sadio,espectro direto 1 kHz
284.5,0.00040447600578028025,sadio,espectro direto 1 kHz
285.0,0.00011926776980462084,sadio,espectro direto 1 kHz
285.5,0.00026683515188335056,sadio,espectro direto 1 kHz
286.0,0.00018251917420545222,sadio,espectro direto 1 kHz
286.5,0.00046715747279042714,sadio,espectro direto 1 kHz
287.0,0.0005156545566708128,sadio,espectro direto 1 kHz
287.5,0.00033261845086676533,sadio,espectro direto 1 kHz
288.0,0.00040480676022632364,sadio,espectro direto 1 kHz
288.5,0.00023234816878398733,sadio,espectro direto 1 kHz
289.0,0.0001595701435998289,sadio,espectro direto 1 kHz
289.5,0.0002980967318180978,sadio,espectro direto 1 kHz
290.0,0.00017026527443108293,sadio,espectro direto 1 kHz
290.5,0.00017516161693463257,sadio,espectro direto 1 kHz
291.0,0.0001518370544875656,sadio,espectro direto 1 kHz
291.5,2.6009724292196953e-05,sadio,espectro direto 1 kHz
292.0,0.0002083308004156579,sadio,espectro direto 1 kHz
292.5,0.00023746291538241944,sadio,espectro direto 1 kHz
293.0,0.00029091684359059316,sadio,espectro direto 1 kHz
293.5,0.00011154269259807546,sadio,espectro direto 1 kHz
294.0,0.00010191952372512707,sadio,espectro direto 1 kHz
294.5,0.0002044553834067236,sadio,espectro direto 1 kHz
295.0,0.00021513832989744318,sadio,espectro direto 1 kHz
295.5,0.00045815009742697203,sadio,espectro direto 1 kHz
296.0,0.00012975081484563886,sadio,espectro direto 1 kHz
296.5,0.0001625124070194218,sadio,espectro direto 1 kHz
297.0,0.00010280372392104443,sadio,espectro direto 1 kHz
297.5,0.00019422263488901858,sadio,espectro direto 1 kHz
298.0,0.00042681295984990636,sadio,espectro direto 1 kHz
298.5,0.0008312589299036808,sadio,espectro direto 1 kHz
299.0,0.0005113361028431427,sadio,espectro direto 1 kHz
299.5,3.081284417627455e-05,sadio,espectro direto 1 kHz
300.0,9.59337063175307e-05,sadio,espectro direto 1 kHz
300.5,0.00042730481242017837,sadio,espectro direto 1 kHz
301.0,0.00041786381908263373,sadio,espectro direto 1 kHz
301.5,0.00014793957237937283,sadio,espectro direto 1 kHz
302.0,0.0003855237724508946,sadio,espectro direto 1 kHz
302.5,0.00022163950748592824,sadio,espectro direto 1 kHz
303.0,0.0003549427454309918,sadio,espectro direto 1 kHz
303.5,0.00026833796810228855,sadio,espectro direto 1 kHz
304.0,7.446558830538486e-05,sadio,espectro direto 1 kHz
304.5,0.000355995905937387,sadio,espectro direto 1 kHz
305.0,0.00046502295307841073,sadio,espectro direto 1 kHz
305.5,0.00019434689140984532,sadio,espectro direto 1 kHz
306.0,0.0002042635896167735,sadio,espectro direto 1 kHz
306.5,0.0002834476460494672,sadio,espectro direto 1 kHz
307.0,0.0001478500520541124,sadio,espectro direto 1 kHz
307.5,8.244537258877437e-05,sadio,espectro direto 1 kHz
308.0,0.00016163695844089725,sadio,espectro direto 1 kHz
308.5,0.00010474737602048663,sadio,espectro direto 1 kHz
309.0,0.0002403245174814879,sadio,espectro direto 1 kHz
309.5,0.0002475305688554102,sadio,espectro direto 1 kHz
310.0,0.00027916176693860935,sadio,espectro direto 1 kHz
310.5,0.00034425902111252137,sadio,espectro direto 1 kHz
311.0,0.0001902475287716819,sadio,espectro direto 1 kHz
311.5,0.00020504684499593804,sadio,espectro direto 1 kHz
312.0,0.00021936180934742038,sadio,espectro direto 1 kHz
312.5,0.00020161857152476011,sadio,espectro direto 1 kHz
313.0,0.00022940133134116138,sadio,espectro direto 1 kHz
313.5,0.00018670095816226252,sadio,espectro direto 1 kHz
314.0,0.0001356574720697635,sadio,espectro direto 1 kHz
314.5,0.00011268295677500313,sadio,espectro direto 1 kHz
315.0,7.965173813758465e-05,sadio,espectro direto 1 kHz
315.5,0.0002073178690874813,sadio,espectro direto 1 kHz
316.0,0.0002664992326705204,sadio,espectro direto 1 kHz
316.5,0.000245051874833494,sadio,espectro direto 1 kHz
317.0,0.00011314527071430852,sadio,espectro direto 1 kHz
317.5,0.00022718528917727073,sadio,espectro direto 1 kHz
318.0,0.0002299737468770935,sadio,espectro direto 1 kHz
318.5,0.00016681479161136285,sadio,espectro direto 1 kHz
319.0,0.00020684269225761839,sadio,espectro direto 1 kHz
319.5,0.00038007926339529057,sadio,espectro direto 1 kHz
320.0,0.0003381398672680062,sadio,espectro direto 1 kHz
320.5,0.00022441191690623607,sadio,espectro direto 1 kHz
321.0,0.0003361212182367007,sadio,espectro direto 1 kHz
321.5,0.00038171812035381206,sadio,espectro direto 1 kHz
322.0,0.000327336038990843,sadio,espectro direto 1 kHz
322.5,7.592425432016825e-05,sadio,espectro direto 1 kHz
323.0,0.00011237295910606821,sadio,espectro direto 1 kHz
323.5,0.00016830394057109753,sadio,espectro direto 1 kHz
324.0,0.00021253128858865787,sadio,espectro direto 1 kHz
324.5,0.00041969603570373245,sadio,espectro direto 1 kHz
325.0,0.0004563738438472299,sadio,espectro direto 1 kHz
325.5,0.0002070688713368366,sadio,espectro direto 1 kHz
326.0,0.00023166007315568316,sadio,espectro direto 1 kHz
326.5,4.5144281101347006e-05,sadio,espectro direto 1 kHz
327.0,0.00015112617722796157,sadio,espectro direto 1 kHz
327.5,0.00025907126892881177,sadio,espectro direto 1 kHz
328.0,7.696983306085504e-05,sadio,espectro direto 1 kHz
328.5,0.0001951652604352511,sadio,espectro direto 1 kHz
329.0,0.00018754253873007256,sadio,espectro direto 1 kHz
329.5,0.00021273981109731218,sadio,espectro direto 1 kHz
330.0,0.00010096103193243736,sadio,espectro direto 1 kHz
330.5,8.286269278100152e-05,sadio,espectro direto 1 kHz
331.0,0.000178177127346331,sadio,espectro direto 1 kHz
331.5,8.074754008978772e-05,sadio,espectro direto 1 kHz
332.0,8.612051804670941e-05,sadio,espectro direto 1 kHz
332.5,0.00033362630501988615,sadio,espectro direto 1 kHz
333.0,0.00022709188154396173,sadio,espectro direto 1 kHz
333.5,0.0001076689436607821,sadio,espectro direto 1 kHz
334.0,0.0001948253108234465,sadio,espectro direto 1 kHz
334.5,0.00016491972361353834,sadio,espectro direto 1 kHz
335.0,6.799261875213347e-05,sadio,espectro direto 1 kHz
335.5,0.00020688199240323133,sadio,espectro direto 1 kHz
336.0,0.00012839850303985857,sadio,espectro direto 1 kHz
336.5,0.00011501436968505416,sadio,espectro direto 1 kHz
337.0,0.00017767910878087065,sadio,espectro direto 1 kHz
337.5,0.00017696701346737084,sadio,espectro direto 1 kHz
338.0,0.00027699867787886245,sadio,espectro direto 1 kHz
338.5,0.0004965275736052694,sadio,espectro direto 1 kHz
339.0,0.00024102190500226392,sadio,espectro direto 1 kHz
339.5,0.00028774802987646377,sadio,espectro direto 1 kHz
340.0,0.0002876725827343501,sadio,espectro direto 1 kHz
340.5,0.00023425615787265344,sadio,espectro direto 1 kHz
341.0,4.963538721004673e-05,sadio,espectro direto 1 kHz
341.5,0.0003034011790147753,sadio,espectro direto 1 kHz
342.0,0.0001597011250475931,sadio,espectro direto 1 kHz
342.5,0.0002280282296052013,sadio,espectro direto 1 kHz
343.0,0.0003257127064399214,sadio,espectro direto 1 kHz
343.5,0.0004474449302126997,sadio,espectro direto 1 kHz
344.0,0.0004961214367670249,sadio,espectro direto 1 kHz
344.5,0.0005676659499460884,sadio,espectro direto 1 kHz
345.0,0.0002900647058795911,sadio,espectro direto 1 kHz
345.5,0.0002483218056453776,sadio,espectro direto 1 kHz
346.0,0.0002674232550997615,sadio,espectro direto 1 kHz
346.5,0.00016583574213660477,sadio,espectro direto 1 kHz
347.0,0.0002796116877243458,sadio,espectro direto 1 kHz
347.5,0.00024152841468724634,sadio,espectro direto 1 kHz
348.0,0.0003468196981646533,sadio,espectro direto 1 kHz
348.5,0.00040579023417584164,sadio,espectro direto 1 kHz
349.0,0.0002899582897317935,sadio,espectro direto 1 kHz
349.5,8.874940710104634e-05,sadio,espectro direto 1 kHz
350.0,0.000306107724737445,sadio,espectro direto 1 kHz
350.5,0.00022441606519826653,sadio,espectro direto 1 kHz
351.0,4.06708991811144e-05,sadio,espectro direto 1 kHz
351.5,0.0003125565816745935,sadio,espectro direto 1 kHz
352.0,0.0003876937478227001,sadio,espectro direto 1 kHz
352.5,0.00021651056904102944,sadio,espectro direto 1 kHz
353.0,3.0683171080325434e-05,sadio,espectro direto 1 kHz
353.5,0.00012364763528125856,sadio,espectro direto 1 kHz
354.0,9.156811226015618e-05,sadio,espectro direto 1 kHz
354.5,0.00047614501685607695,sadio,espectro direto 1 kHz
355.0,0.00030012513224237963,sadio,espectro direto 1 kHz
355.5,0.00014098755563392775,sadio,espectro direto 1 kHz
356.0,0.0002812322417850053,sadio,espectro direto 1 kHz
356.5,0.00037410057889805865,sadio,espectro direto 1 kHz
357.0,0.0001248381849349799,sadio,espectro direto 1 kHz
357.5,0.0003507931027563715,sadio,espectro direto 1 kHz
358.0,0.0002727555462137035,sadio,espectro direto 1 kHz
358.5,0.0002367409412587164,sadio,espectro direto 1 kHz
359.0,0.00031850974532946066,sadio,espectro direto 1 kHz
359.5,0.00011189246843371206,sadio,espectro direto 1 kHz
360.0,5.171457925622365e-05,sadio,espectro direto 1 kHz
360.5,0.00020583638495711898,sadio,espectro direto 1 kHz
361.0,0.00031520281169023114,sadio,espectro direto 1 kHz
361.5,0.0002368830456274758,sadio,espectro direto 1 kHz
362.0,0.000254147536953655,sadio,espectro direto 1 kHz
362.5,0.0003581097406778179,sadio,espectro direto 1 kHz
363.0,0.00020606243694164367,sadio,espectro direto 1 kHz
363.5,0.00022881639704851604,sadio,espectro direto 1 kHz
364.0,0.00019089814879378215,sadio,espectro direto 1 kHz
364.5,0.0001625283173637894,sadio,espectro direto 1 kHz
365.0,5.770909685278634e-05,sadio,espectro direto 1 kHz
365.5,0.00024343555396060505,sadio,espectro direto 1 kHz
366.0,0.0002884035158310388,sadio,espectro direto 1 kHz
366.5,2.883706558721637e-05,sadio,espectro direto 1 kHz
367.0,8.697846122153391e-05,sadio,espectro direto 1 kHz
367.5,0.00023940337319039413,sadio,espectro direto 1 kHz
368.0,0.0003259266374292218,sadio,espectro direto 1 kHz
368.5,0.0002214367386070483,sadio,espectro direto 1 kHz
369.0,0.0002410732917667567,sadio,espectro direto 1 kHz
369.5,0.00019576704388883152,sadio,espectro direto 1 kHz
370.0,0.00020212907410171722,sadio,espectro direto 1 kHz
370.5,2.164335227820096e-05,sadio,espectro direto 1 kHz
371.0,0.00021737946580412012,sadio,espectro direto 1 kHz
371.5,0.00010539090118842202,sadio,espectro direto 1 kHz
372.0,0.00010297786582066535,sadio,espectro direto 1 kHz
372.5,0.00028140518398057804,sadio,espectro direto 1 kHz
373.0,0.00019419850285928253,sadio,espectro direto 1 kHz
373.5,0.00030549067998778527,sadio,espectro direto 1 kHz
374.0,0.00019838071575963367,sadio,espectro direto 1 kHz
374.5,9.78369865144769e-05,sadio,espectro direto 1 kHz
375.0,0.00020873504714144988,sadio,espectro direto 1 kHz
375.5,0.0001737209221852005,sadio,espectro direto 1 kHz
376.0,0.00011587666564762392,sadio,espectro direto 1 kHz
376.5,0.00026547344205184794,sadio,espectro direto 1 kHz
377.0,0.0003203927339433788,sadio,espectro direto 1 kHz
377.5,0.00034470983844078496,sadio,espectro direto 1 kHz
378.0,0.0002483056491407677,sadio,espectro direto 1 kHz
378.5,0.0002553435338116729,sadio,espectro direto 1 kHz
379.0,0.00011441622656792342,sadio,espectro direto 1 kHz
379.5,0.00036119056439548483,sadio,espectro direto 1 kHz
380.0,0.0004705566989261544,sadio,espectro direto 1 kHz
380.5,0.00023224364808042099,sadio,espectro direto 1 kHz
381.0,0.00010723990603531293,sadio,espectro direto 1 kHz
381.5,0.0002410453797075211,sadio,espectro direto 1 kHz
382.0,0.00032369482227399506,sadio,espectro direto 1 kHz
382.5,0.00015592340999005957,sadio,espectro direto 1 kHz
383.0,0.00016694934844012493,sadio,espectro direto 1 kHz
383.5,0.0003027995752011814,sadio,espectro direto 1 kHz
384.0,0.0003689683172060534,sadio,espectro direto 1 kHz
384.5,0.0002529270694433396,sadio,espectro direto 1 kHz
385.0,0.00015500208719434672,sadio,espectro direto 1 kHz
385.5,0.0003466129787052393,sadio,espectro direto 1 kHz
386.0,0.0005134554785515706,sadio,espectro direto 1 kHz
386.5,0.0001756903385211902,sadio,espectro direto 1 kHz
387.0,0.00011893843183602678,sadio,espectro direto 1 kHz
387.5,0.00030268457546547085,sadio,espectro direto 1 kHz
388.0,0.0003666679132717033,sadio,espectro direto 1 kHz
388.5,0.0004522889451672155,sadio,espectro direto 1 kHz
389.0,0.00011974324650458809,sadio,espectro direto 1 kHz
389.5,0.0002060946395294095,sadio,espectro direto 1 kHz
390.0,5.5316579255314556e-05,sadio,espectro direto 1 kHz
390.5,0.0003348475795206213,sadio,espectro direto 1 kHz
391.0,0.0003857465732944649,sadio,espectro direto 1 kHz
391.5,0.0002709601288815581,sadio,espectro direto 1 kHz
392.0,7.283544991509016e-05,sadio,espectro direto 1 kHz
392.5,0.00028858797802481693,sadio,espectro direto 1 kHz
393.0,0.00039429420600161063,sadio,espectro direto 1 kHz
393.5,0.00039048759553495573,sadio,espectro direto 1 kHz
394.0,0.0001615900695725645,sadio,espectro direto 1 kHz
394.5,0.00014318774572066214,sadio,espectro direto 1 kHz
395.0,0.0002703739332718497,sadio,espectro direto 1 kHz
395.5,0.00023545022544810078,sadio,espectro direto 1 kHz
396.0,0.00012195476846712605,sadio,espectro direto 1 kHz
396.5,0.00011225006373037476,sadio,espectro direto 1 kHz
397.0,8.882180989617933e-05,sadio,espectro direto 1 kHz
397.5,0.0002166742819982399,sadio,espectro direto 1 kHz
398.0,0.00024209462789400476,sadio,espectro direto 1 kHz
398.5,0.00023345341757779033,sadio,espectro direto 1 kHz
399.0,0.000132835541561358,sadio,espectro direto 1 kHz
399.5,0.0003070354995894907,sadio,espectro direto 1 kHz
400.0,0.0007633690664972731,sadio,espectro direto 1 kHz
400.5,0.0007107619753735671,sadio,espectro direto 1 kHz
401.0,0.00021363429039678744,sadio,espectro direto 1 kHz
401.5,8.386637222621525e-05,sadio,espectro direto 1 kHz
402.0,0.000134803277301166,sadio,espectro direto 1 kHz
402.5,0.00014882843362480533,sadio,espectro direto 1 kHz
403.0,0.00020934711806605978,sadio,espectro direto 1 kHz
403.5,0.00013718001878680445,sadio,espectro direto 1 kHz
404.0,2.8052973828096916e-05,sadio,espectro direto 1 kHz
404.5,7.579259034336101e-05,sadio,espectro direto 1 kHz
405.0,5.829096021888993e-05,sadio,espectro direto 1 kHz
405.5,0.000340342978505405,sadio,espectro direto 1 kHz
406.0,0.0004256436697462048,sadio,espectro direto 1 kHz
406.5,4.073549464167546e-05,sadio,espectro direto 1 kHz
407.0,0.00032244552180804754,sadio,espectro direto 1 kHz
407.5,0.00041093973156618364,sadio,espectro direto 1 kHz
408.0,0.00031195986151583453,sadio,espectro direto 1 kHz
408.5,0.00030141325151083245,sadio,espectro direto 1 kHz
409.0,0.00030615577611491014,sadio,espectro direto 1 kHz
409.5,0.00022221062820438443,sadio,espectro direto 1 kHz
410.0,0.00024146063337876812,sadio,espectro direto 1 kHz
410.5,0.00022541982496776503,sadio,espectro direto 1 kHz
411.0,0.00038491263314152755,sadio,espectro direto 1 kHz
411.5,0.0003075350517097972,sadio,espectro direto 1 kHz
412.0,0.00014555563877215172,sadio,espectro direto 1 kHz
412.5,0.00011077646940754294,sadio,espectro direto 1 kHz
413.0,0.00023787891495446214,sadio,espectro direto 1 kHz
413.5,0.0003846723244439693,sadio,espectro direto 1 kHz
414.0,0.0006138153803772114,sadio,espectro direto 1 kHz
414.5,0.0004225283968484151,sadio,espectro direto 1 kHz
415.0,0.00020362592235943522,sadio,espectro direto 1 kHz
415.5,0.000126642198588909,sadio,espectro direto 1 kHz
416.0,0.00017375948293129852,sadio,espectro direto 1 kHz
416.5,0.0002899667363365652,sadio,espectro direto 1 kHz
417.0,0.0003547648560229997,sadio,espectro direto 1 kHz
417.5,0.00016408414769314967,sadio,espectro direto 1 kHz
418.0,0.0003012330444804222,sadio,espectro direto 1 kHz
418.5,0.00044687267860384387,sadio,espectro direto 1 kHz
419.0,3.3100593531334485e-05,sadio,espectro direto 1 kHz
419.5,0.000240824950493847,sadio,espectro direto 1 kHz
420.0,0.00011134412652693162,sadio,espectro direto 1 kHz
420.5,0.00015121456683478212,sadio,espectro direto 1 kHz
421.0,2.950025857381335e-05,sadio,espectro direto 1 kHz
421.5,2.932018179998659e-05,sadio,espectro direto 1 kHz
422.0,0.00023808712274302757,sadio,espectro direto 1 kHz
422.5,0.00021025062130261693,sadio,espectro direto 1 kHz
423.0,0.0002194644464725415,sadio,espectro direto 1 kHz
423.5,0.00020491973833374025,sadio,espectro direto 1 kHz
424.0,9.216841627050067e-05,sadio,espectro direto 1 kHz
424.5,8.167343177790134e-05,sadio,espectro direto 1 kHz
425.0,2.810288667993702e-05,sadio,espectro direto 1 kHz
425.5,9.357144132902904e-05,sadio,espectro direto 1 kHz
426.0,0.00031951418076469566,sadio,espectro direto 1 kHz
426.5,0.00044040441753615906,sadio,espectro direto 1 kHz
427.0,0.00042349941559637896,sadio,espectro direto 1 kHz
427.5,0.00016559037468530879,sadio,espectro direto 1 kHz
428.0,0.0001542453936024633,sadio,espectro direto 1 kHz
428.5,0.00025454800984917595,sadio,espectro direto 1 kHz
429.0,0.00010989555619138919,sadio,espectro direto 1 kHz
429.5,0.0003981037986474509,sadio,espectro direto 1 kHz
430.0,0.00023829715934159013,sadio,espectro direto 1 kHz
430.5,0.00020385435635492916,sadio,espectro direto 1 kHz
431.0,0.00047039769951502853,sadio,espectro direto 1 kHz
431.5,0.000318484798521695,sadio,espectro direto 1 kHz
432.0,0.0002444117411757608,sadio,espectro direto 1 kHz
432.5,0.00038394865761881704,sadio,espectro direto 1 kHz
433.0,0.0003060651926942338,sadio,espectro direto 1 kHz
433.5,0.00011258398977321098,sadio,espectro direto 1 kHz
434.0,6.963446953972568e-05,sadio,espectro direto 1 kHz
434.5,5.266580856165865e-05,sadio,espectro direto 1 kHz
435.0,3.249262997109608e-05,sadio,espectro direto 1 kHz
435.5,0.00021088108311593894,sadio,espectro direto 1 kHz
436.0,0.00023112925072489774,sadio,espectro direto 1 kHz
436.5,0.00023089260840185018,sadio,espectro direto 1 kHz
437.0,0.00017824864765416513,sadio,espectro direto 1 kHz
437.5,0.00013590452979367107,sadio,espectro direto 1 kHz
438.0,0.0002672369932798378,sadio,espectro direto 1 kHz
438.5,0.000491950294490073,sadio,espectro direto 1 kHz
439.0,0.0004988844710555516,sadio,espectro direto 1 kHz
439.5,0.00010217935138516639,sadio,espectro direto 1 kHz
440.0,0.0003328851550542777,sadio,espectro direto 1 kHz
440.5,0.0004152774179053335,sadio,espectro direto 1 kHz
441.0,0.0004504737113663548,sadio,espectro direto 1 kHz
441.5,4.307643058497193e-05,sadio,espectro direto 1 kHz
442.0,0.00014607801885528184,sadio,espectro direto 1 kHz
442.5,8.485550984341976e-05,sadio,espectro direto 1 kHz
443.0,0.00011192650312848752,sadio,espectro direto 1 kHz
443.5,0.00021094437916125176,sadio,espectro direto 1 kHz
444.0,0.0001550659908468611,sadio,espectro direto 1 kHz
444.5,9.723087036766626e-05,sadio,espectro direto 1 kHz
445.0,0.0001980004161512135,sadio,espectro direto 1 kHz
445.5,0.00024326484080457403,sadio,espectro direto 1 kHz
446.0,0.00023896338842048045,sadio,espectro direto 1 kHz
446.5,0.0001494896541806896,sadio,espectro direto 1 kHz
447.0,0.00016955664468077227,sadio,espectro direto 1 kHz
447.5,0.0003254928895800959,sadio,espectro direto 1 kHz
448.0,7.678730273674048e-05,sadio,espectro direto 1 kHz
448.5,0.00033102872698733267,sadio,espectro direto 1 kHz
449.0,0.0004098050002242441,sadio,espectro direto 1 kHz
449.5,0.00014559661698609674,sadio,espectro direto 1 kHz
450.0,0.00013006303155969437,sadio,espectro direto 1 kHz
450.5,0.0003648386618205423,sadio,espectro direto 1 kHz
451.0,0.0005495937912765523,sadio,espectro direto 1 kHz
451.5,0.0003982345576905058,sadio,espectro direto 1 kHz
452.0,8.557685084019415e-05,sadio,espectro direto 1 kHz
452.5,0.00032711901845296004,sadio,espectro direto 1 kHz
453.0,0.00017883104347403257,sadio,espectro direto 1 kHz
453.5,0.0001592172747665435,sadio,espectro direto 1 kHz
454.0,0.00011515932575128323,sadio,espectro direto 1 kHz
454.5,2.7743694606206952e-05,sadio,espectro direto 1 kHz
455.0,0.00014094690335977818,sadio,espectro direto 1 kHz
455.5,0.00039579504378929104,sadio,espectro direto 1 kHz
456.0,0.0004452448556572088,sadio,espectro direto 1 kHz
456.5,0.0002875720189840472,sadio,espectro direto 1 kHz
457.0,0.0001490751889918526,sadio,espectro direto 1 kHz
457.5,0.00011808476345596958,sadio,espectro direto 1 kHz
458.0,0.00020281078242080048,sadio,espectro direto 1 kHz
458.5,0.00013149936233451098,sadio,espectro direto 1 kHz
459.0,0.00024329398651249385,sadio,espectro direto 1 kHz
459.5,0.0003478784224920913,sadio,espectro direto 1 kHz
460.0,0.00036040974084593333,sadio,espectro direto 1 kHz
460.5,0.00021361151662129625,sadio,espectro direto 1 kHz
461.0,0.0001431928578201575,sadio,espectro direto 1 kHz
461.5,0.0001602002561549009,sadio,espectro direto 1 kHz
462.0,9.879486071449211e-07,sadio,espectro direto 1 kHz
462.5,0.00024377389388260202,sadio,espectro direto 1 kHz
463.0,0.0004150878722638456,sadio,espectro direto 1 kHz
463.5,6.754073153819793e-05,sadio,espectro direto 1 kHz
464.0,0.0002981112388809755,sadio,espectro direto 1 kHz
464.5,0.00011328948275826321,sadio,espectro direto 1 kHz
465.0,7.354225351816413e-05,sadio,espectro direto 1 kHz
465.5,7.796001371534823e-05,sadio,espectro direto 1 kHz
466.0,0.0001409974435049712,sadio,espectro direto 1 kHz
466.5,0.00014915039746697702,sadio,espectro direto 1 kHz
467.0,5.237990088277335e-05,sadio,espectro direto 1 kHz
467.5,0.0001578156469620996,sadio,espectro direto 1 kHz
468.0,0.00022894557687791253,sadio,espectro direto 1 kHz
468.5,0.00015659813356983383,sadio,espectro direto 1 kHz
469.0,0.00022821823802431502,sadio,espectro direto 1 kHz
469.5,0.000210640057613977,sadio,espectro direto 1 kHz
470.0,0.00014881645166352656,sadio,espectro direto 1 kHz
470.5,0.0002351248633645198,sadio,espectro direto 1 kHz
471.0,0.00025557131274450516,sadio,espectro direto 1 kHz
471.5,0.00035464549269146185,sadio,espectro direto 1 kHz
472.0,0.00028344098019650495,sadio,espectro direto 1 kHz
472.5,0.00010961174328577923,sadio,espectro direto 1 kHz
473.0,0.00016057980070849289,sadio,espectro direto 1 kHz
473.5,0.00018921287484862252,sadio,espectro direto 1 kHz
474.0,8.84249850906188e-05,sadio,espectro direto 1 kHz
474.5,0.00028575651929290617,sadio,espectro direto 1 kHz
475.0,0.00040095161048335764,sadio,espectro direto 1 kHz
475.5,0.0003495709834830505,sadio,espectro direto 1 kHz
476.0,0.00021066477986133035,sadio,espectro direto 1 kHz
476.5,0.0001083747700096133,sadio,espectro direto 1 kHz
477.0,0.0001483241167318082,sadio,espectro direto 1 kHz
477.5,0.00020316540169757472,sadio,espectro direto 1 kHz
478.0,0.00013414283846166288,sadio,espectro direto 1 kHz
478.5,9.736487305144616e-05,sadio,espectro direto 1 kHz
479.0,0.00018793357222451128,sadio,espectro direto 1 kHz
479.5,0.000128880843088647,sadio,espectro direto 1 kHz
480.0,0.00013400373785908695,sadio,espectro direto 1 kHz
480.5,0.00011380476835425919,sadio,espectro direto 1 kHz
481.0,8.185830726797539e-05,sadio,espectro direto 1 kHz
481.5,0.0002881850785880615,sadio,espectro direto 1 kHz
482.0,0.0003482184950140614,sadio,espectro direto 1 kHz
482.5,0.00010200730284761748,sadio,espectro direto 1 kHz
483.0,0.0001892492184166695,sadio,espectro direto 1 kHz
483.5,0.00016874544213591153,sadio,espectro direto 1 kHz
484.0,0.0003451867851931044,sadio,espectro direto 1 kHz
484.5,0.0003552488691589645,sadio,espectro direto 1 kHz
485.0,0.00013919429077118402,sadio,espectro direto 1 kHz
485.5,0.00017712224183457823,sadio,espectro direto 1 kHz
486.0,9.728849644854743e-05,sadio,espectro direto 1 kHz
486.5,0.00015737295318038005,sadio,espectro direto 1 kHz
487.0,0.00029888948140638924,sadio,espectro direto 1 kHz
487.5,0.000316912367707053,sadio,espectro direto 1 kHz
488.0,0.00026412912615443325,sadio,espectro direto 1 kHz
488.5,6.0350662019509446e-05,sadio,espectro direto 1 kHz
489.0,0.00016714503651976285,sadio,espectro direto 1 kHz
489.5,0.00018058692960772445,sadio,espectro direto 1 kHz
490.0,1.8257790575027516e-05,sadio,espectro direto 1 kHz
490.5,6.483128674412559e-05,sadio,espectro direto 1 kHz
491.0,0.00010810296855421669,sadio,espectro direto 1 kHz
491.5,0.00017402155873992432,sadio,espectro direto 1 kHz
492.0,0.0002013802025224458,sadio,espectro direto 1 kHz
492.5,6.58167598271354e-05,sadio,espectro direto 1 kHz
493.0,0.0001922466068145413,sadio,espectro direto 1 kHz
493.5,0.00040188713222219215,sadio,espectro direto 1 kHz
494.0,0.0003032444431762733,sadio,espectro direto 1 kHz
494.5,0.00012819626101080877,sadio,espectro direto 1 kHz
495.0,0.000196648168745128,sadio,espectro direto 1 kHz
495.5,0.0001120646809310188,sadio,espectro direto 1 kHz
496.0,0.0001700434092889885,sadio,espectro direto 1 kHz
496.5,8.941498997616468e-05,sadio,espectro direto 1 kHz
497.0,0.00013394179207052066,sadio,espectro direto 1 kHz
497.5,0.0001252822834624835,sadio,espectro direto 1 kHz
498.0,0.0002814817649463755,sadio,espectro direto 1 kHz
498.5,0.0002443578119263793,sadio,espectro direto 1 kHz
499.0,0.00028526284377008917,sadio,espectro direto 1 kHz
499.5,0.000284379046893736,sadio,espectro direto 1 kHz
500.0,2.5708466022239863e-05,sadio,espectro direto 1 kHz
0.0,0.008724462387456259,defeito,espectro direto 1 kHz
0.5,0.004293948403889185,defeito,espectro direto 1 kHz
1.0,0.0001303951871621058,defeito,espectro direto 1 kHz
1.5,0.00012180497756551804,defeito,espectro direto 1 kHz
2.0,0.00023687209061237598,defeito,espectro direto 1 kHz
2.5,0.0002236741577904934,defeito,espectro direto 1 kHz
3.0,0.00011658030695471212,defeito,espectro direto 1 kHz
3.5,0.00027913577186009777,defeito,espectro direto 1 kHz
4.0,0.0006483772774233975,defeito,espectro direto 1 kHz
4.5,0.0004942806844332794,defeito,espectro direto 1 kHz
5.0,6.429729086521734e-05,defeito,espectro direto 1 kHz
5.5,0.0002694526911231828,defeito,espectro direto 1 kHz
6.0,0.000608836829704906,defeito,espectro direto 1 kHz
6.5,0.0004772628408509725,defeito,espectro direto 1 kHz
7.0,0.00015623706774372525,defeito,espectro direto 1 kHz
7.5,0.0004694236155909876,defeito,espectro direto 1 kHz
8.0,0.00017708630582346688,defeito,espectro direto 1 kHz
8.5,0.0005164559459595452,defeito,espectro direto 1 kHz
9.0,0.000572803024140772,defeito,espectro direto 1 kHz
9.5,0.0003387998361656715,defeito,espectro direto 1 kHz
10.0,0.0005053141332284103,defeito,espectro direto 1 kHz
10.5,0.00043082459854591954,defeito,espectro direto 1 kHz
11.0,0.00018019051739663895,defeito,espectro direto 1 kHz
11.5,8.61298915274478e-05,defeito,espectro direto 1 kHz
12.0,7.916387088939954e-05,defeito,espectro direto 1 kHz
12.5,6.687848588948412e-05,defeito,espectro direto 1 kHz
13.0,0.00021901336140841055,defeito,espectro direto 1 kHz
13.5,0.00024156373256310204,defeito,espectro direto 1 kHz
14.0,0.0002312052509783446,defeito,espectro direto 1 kHz
14.5,8.928304377496537e-05,defeito,espectro direto 1 kHz
15.0,9.978823002991996e-05,defeito,espectro direto 1 kHz
15.5,0.00013527640901387283,defeito,espectro direto 1 kHz
16.0,0.00014999350578438663,defeito,espectro direto 1 kHz
16.5,0.0001501539792542675,defeito,espectro direto 1 kHz
17.0,7.421915178174776e-05,defeito,espectro direto 1 kHz
17.5,9.867372033336062e-05,defeito,espectro direto 1 kHz
18.0,0.0001647311628180532,defeito,espectro direto 1 kHz
18.5,5.0600783750370976e-05,defeito,espectro direto 1 kHz
19.0,4.077561218641044e-05,defeito,espectro direto 1 kHz
19.5,0.00012059129073989133,defeito,espectro direto 1 kHz
20.0,0.00034391320184091464,defeito,espectro direto 1 kHz
20.5,0.00021300129231124592,defeito,espectro direto 1 kHz
21.0,0.00032392103537144375,defeito,espectro direto 1 kHz
21.5,0.00024059745474596742,defeito,espectro direto 1 kHz
22.0,0.00023367068338853728,defeito,espectro direto 1 kHz
22.5,0.00039695876368334306,defeito,espectro direto 1 kHz
23.0,6.256917695910888e-05,defeito,espectro direto 1 kHz
23.5,6.69504646862284e-05,defeito,espectro direto 1 kHz
24.0,0.0002022855626259875,defeito,espectro direto 1 kHz
24.5,0.0005894685080091374,defeito,espectro direto 1 kHz
25.0,0.00028212864722221,defeito,espectro direto 1 kHz
25.5,0.0004612340808714024,defeito,espectro direto 1 kHz
26.0,0.0005012798227239007,defeito,espectro direto 1 kHz
26.5,0.0003836176157124466,defeito,espectro direto 1 kHz
27.0,0.0008188209274906964,defeito,espectro direto 1 kHz
27.5,0.0021422591072237074,defeito,espectro direto 1 kHz
28.0,0.006757348228446581,defeito,espectro direto 1 kHz
28.5,0.06651724863186921,defeito,espectro direto 1 kHz
29.0,0.23288249648127238,defeito,espectro direto 1 kHz
29.5,0.1866018295600417,defeito,espectro direto 1 kHz
30.0,0.023749846623875106,defeito,espectro direto 1 kHz
30.5,0.004154117867339698,defeito,espectro direto 1 kHz
31.0,0.0014708219793175032,defeito,espectro direto 1 kHz
31.5,0.0006370602597619269,defeito,espectro direto 1 kHz
32.0,0.0005153789289903926,defeito,espectro direto 1 kHz
32.5,9.870596929703443e-05,defeito,espectro direto 1 kHz
33.0,0.0005688982146549302,defeito,espectro direto 1 kHz
33.5,0.0005008425268065474,defeito,espectro direto 1 kHz
34.0,0.00043357210474904544,defeito,espectro direto 1 kHz
34.5,0.0002911443525906683,defeito,espectro direto 1 kHz
35.0,0.0002022399200286734,defeito,espectro direto 1 kHz
35.5,0.00018051516518236384,defeito,espectro direto 1 kHz
36.0,0.0003001995921854089,defeito,espectro direto 1 kHz
36.5,0.00042537083133780215,defeito,espectro direto 1 kHz
37.0,0.00029382303817475787,defeito,espectro direto 1 kHz
37.5,0.00013049777319066593,defeito,espectro direto 1 kHz
38.0,0.00011457195496854093,defeito,espectro direto 1 kHz
38.5,0.00038979408434978736,defeito,espectro direto 1 kHz
39.0,6.566117278797327e-05,defeito,espectro direto 1 kHz
39.5,0.00018174950631025618,defeito,espectro direto 1 kHz
40.0,0.0001719247082760901,defeito,espectro direto 1 kHz
40.5,0.00010972479959414211,defeito,espectro direto 1 kHz
41.0,7.701982851744076e-05,defeito,espectro direto 1 kHz
41.5,0.00017406185147243288,defeito,espectro direto 1 kHz
42.0,0.0003560910235614991,defeito,espectro direto 1 kHz
42.5,0.00041828403468974066,defeito,espectro direto 1 kHz
43.0,0.00040582368704607875,defeito,espectro direto 1 kHz
43.5,0.00022361697955819315,defeito,espectro direto 1 kHz
44.0,0.0006009234509204957,defeito,espectro direto 1 kHz
44.5,0.000467785904684018,defeito,espectro direto 1 kHz
45.0,0.0003669195680171492,defeito,espectro direto 1 kHz
45.5,0.00024693568540631975,defeito,espectro direto 1 kHz
46.0,0.00028152541782236115,defeito,espectro direto 1 kHz
46.5,0.0005532806627661246,defeito,espectro direto 1 kHz
47.0,0.0005294312151588324,defeito,espectro direto 1 kHz
47.5,0.0002399563095627642,defeito,espectro direto 1 kHz
48.0,0.00021055923498458962,defeito,espectro direto 1 kHz
48.5,0.0002660633101412863,defeito,espectro direto 1 kHz
49.0,0.00013866743303250602,defeito,espectro direto 1 kHz
49.5,0.00016837954925994503,defeito,espectro direto 1 kHz
50.0,0.00011513558205377351,defeito,espectro direto 1 kHz
50.5,7.730947133573382e-05,defeito,espectro direto 1 kHz
51.0,0.0003749447790742175,defeito,espectro direto 1 kHz
51.5,0.00039131504364920647,defeito,espectro direto 1 kHz
52.0,0.00010666843375967835,defeito,espectro direto 1 kHz
52.5,0.000250519020191114,defeito,espectro direto 1 kHz
53.0,0.0002794175834238178,defeito,espectro direto 1 kHz
53.5,0.00034072082138552213,defeito,espectro direto 1 kHz
54.0,0.0004598447419238311,defeito,espectro direto 1 kHz
54.5,0.00036730818008730114,defeito,espectro direto 1 kHz
55.0,0.0003741042166463394,defeito,espectro direto 1 kHz
55.5,0.00037287672496580637,defeito,espectro direto 1 kHz
56.0,0.0002579315559805762,defeito,espectro direto 1 kHz
56.5,0.00017459193897827275,defeito,espectro direto 1 kHz
57.0,0.0011805726834841735,defeito,espectro direto 1 kHz
57.5,0.007465772147925088,defeito,espectro direto 1 kHz
58.0,0.05607726874791945,defeito,espectro direto 1 kHz
58.5,0.06983011045336864,defeito,espectro direto 1 kHz
59.0,0.019820736851827756,defeito,espectro direto 1 kHz
59.5,0.0021910562925034458,defeito,espectro direto 1 kHz
60.0,0.00076650984709315,defeito,espectro direto 1 kHz
60.5,0.0003432469492782357,defeito,espectro direto 1 kHz
61.0,0.00021621333261353842,defeito,espectro direto 1 kHz
61.5,0.0002485574191966956,defeito,espectro direto 1 kHz
62.0,0.00014806432434393994,defeito,espectro direto 1 kHz
62.5,0.00018840619322534993,defeito,espectro direto 1 kHz
63.0,0.0002744312688602928,defeito,espectro direto 1 kHz
63.5,0.00013514413688019494,defeito,espectro direto 1 kHz
64.0,0.0002163876336309026,defeito,espectro direto 1 kHz
64.5,0.0002464956523834497,defeito,espectro direto 1 kHz
65.0,0.00029134786914646705,defeito,espectro direto 1 kHz
65.5,0.00016849414854719726,defeito,espectro direto 1 kHz
66.0,0.00015539535930074463,defeito,espectro direto 1 kHz
66.5,0.0003155944700211814,defeito,espectro direto 1 kHz
67.0,0.00028495956737127127,defeito,espectro direto 1 kHz
67.5,0.000488718743923464,defeito,espectro direto 1 kHz
68.0,0.0005336394890904111,defeito,espectro direto 1 kHz
68.5,0.0004357531062475345,defeito,espectro direto 1 kHz
69.0,0.0003864208106249763,defeito,espectro direto 1 kHz
69.5,0.00028259204664917906,defeito,espectro direto 1 kHz
70.0,0.0002853315446268973,defeito,espectro direto 1 kHz
70.5,0.00033813488013594137,defeito,espectro direto 1 kHz
71.0,0.00022350390608302375,defeito,espectro direto 1 kHz
71.5,0.0005114657776414467,defeito,espectro direto 1 kHz
72.0,0.0003366978218966697,defeito,espectro direto 1 kHz
72.5,0.00014795292684015386,defeito,espectro direto 1 kHz
73.0,0.0001412509130213011,defeito,espectro direto 1 kHz
73.5,0.0002397692489880181,defeito,espectro direto 1 kHz
74.0,0.0002822620688715694,defeito,espectro direto 1 kHz
74.5,0.0003726316759711248,defeito,espectro direto 1 kHz
75.0,0.0005040564331070672,defeito,espectro direto 1 kHz
75.5,0.0006615028808921672,defeito,espectro direto 1 kHz
76.0,0.00037843747938924854,defeito,espectro direto 1 kHz
76.5,0.00019247717216738452,defeito,espectro direto 1 kHz
77.0,0.00013827574949984404,defeito,espectro direto 1 kHz
77.5,0.0003801184326425026,defeito,espectro direto 1 kHz
78.0,0.00040541402158168706,defeito,espectro direto 1 kHz
78.5,8.086324282751344e-05,defeito,espectro direto 1 kHz
79.0,8.801901979785313e-05,defeito,espectro direto 1 kHz
79.5,0.0004164453844093894,defeito,espectro direto 1 kHz
80.0,0.0005213274132020261,defeito,espectro direto 1 kHz
80.5,0.0003728280928893481,defeito,espectro direto 1 kHz
81.0,0.0004356851245802685,defeito,espectro direto 1 kHz
81.5,0.000261361566130767,defeito,espectro direto 1 kHz
82.0,0.00020475365430060684,defeito,espectro direto 1 kHz
82.5,0.00014807606961179942,defeito,espectro direto 1 kHz
83.0,4.465201636474967e-05,defeito,espectro direto 1 kHz
83.5,0.00039239590836310996,defeito,espectro direto 1 kHz
84.0,0.0002918464595253407,defeito,espectro direto 1 kHz
84.5,0.00020893041299463206,defeito,espectro direto 1 kHz
85.0,0.0005042084575750041,defeito,espectro direto 1 kHz
85.5,0.0001979685866769105,defeito,espectro direto 1 kHz
86.0,0.0001657624365915538,defeito,espectro direto 1 kHz
86.5,0.00012980990171354684,defeito,espectro direto 1 kHz
87.0,0.012593143893681274,defeito,espectro direto 1 kHz
87.5,0.025007953118452737,defeito,espectro direto 1 kHz
88.0,0.012630296988626994,defeito,espectro direto 1 kHz
88.5,0.00026547420254154216,defeito,espectro direto 1 kHz
89.0,0.0002589541779289909,defeito,espectro direto 1 kHz
89.5,0.00013410639833984643,defeito,espectro direto 1 kHz
90.0,0.0003632913498521307,defeito,espectro direto 1 kHz
90.5,0.00015132115267848105,defeito,espectro direto 1 kHz
91.0,0.00015185668229451536,defeito,espectro direto 1 kHz
91.5,0.00017604582562644086,defeito,espectro direto 1 kHz
92.0,0.0002345544402709413,defeito,espectro direto 1 kHz
92.5,0.0001807353965311572,defeito,espectro direto 1 kHz
93.0,0.00026231702270589866,defeito,espectro direto 1 kHz
93.5,0.0002990710462246356,defeito,espectro direto 1 kHz
94.0,0.00018065917183101915,defeito,espectro direto 1 kHz
94.5,0.00030406822952005986,defeito,espectro direto 1 kHz
95.0,0.00027809657896032036,defeito,espectro direto 1 kHz
95.5,9.042360199244015e-05,defeito,espectro direto 1 kHz
96.0,0.0001255437305550257,defeito,espectro direto 1 kHz
96.5,0.00019093062686479628,defeito,espectro direto 1 kHz
97.0,0.000271075259696813,defeito,espectro direto 1 kHz
97.5,0.00025319258424096226,defeito,espectro direto 1 kHz
98.0,0.0001919570267620048,defeito,espectro direto 1 kHz
98.5,0.00015314458298953926,defeito,espectro direto 1 kHz
99.0,0.0003968786229929243,defeito,espectro direto 1 kHz
99.5,0.0007061201361920154,defeito,espectro direto 1 kHz
100.0,0.0004362440011744998,defeito,espectro direto 1 kHz
100.5,0.0001342134331447446,defeito,espectro direto 1 kHz
101.0,0.00019365255990799328,defeito,espectro direto 1 kHz
101.5,0.0002554152448706057,defeito,espectro direto 1 kHz
102.0,0.00017421848329029422,defeito,espectro direto 1 kHz
102.5,0.0001489784910017839,defeito,espectro direto 1 kHz
103.0,0.0002238528501299901,defeito,espectro direto 1 kHz
103.5,0.0002736030100580199,defeito,espectro direto 1 kHz
104.0,0.0038036756725847902,defeito,espectro direto 1 kHz
104.5,0.008675421734625793,defeito,espectro direto 1 kHz
105.0,0.00515397592352022,defeito,espectro direto 1 kHz
105.5,0.0005056050234869626,defeito,espectro direto 1 kHz
106.0,0.0003067870608749256,defeito,espectro direto 1 kHz
106.5,0.0002149362643307731,defeito,espectro direto 1 kHz
107.0,0.00030697078505153815,defeito,espectro direto 1 kHz
107.5,0.0002261521825912111,defeito,espectro direto 1 kHz
108.0,0.00018421929960705388,defeito,espectro direto 1 kHz
108.5,0.00014017191155702688,defeito,espectro direto 1 kHz
109.0,0.0001960528900808894,defeito,espectro direto 1 kHz
109.5,0.0003615823483676716,defeito,espectro direto 1 kHz
110.0,0.0002467434463775314,defeito,espectro direto 1 kHz
110.5,0.000145767674290225,defeito,espectro direto 1 kHz
111.0,0.0003423793348444832,defeito,espectro direto 1 kHz
111.5,0.00021741223921250337,defeito,espectro direto 1 kHz
112.0,0.00037557976459126727,defeito,espectro direto 1 kHz
112.5,0.00020067900203277173,defeito,espectro direto 1 kHz
113.0,0.0003499785911571409,defeito,espectro direto 1 kHz
113.5,0.00025346470081153474,defeito,espectro direto 1 kHz
114.0,0.00017895547225528697,defeito,espectro direto 1 kHz
114.5,0.0001648661682752298,defeito,espectro direto 1 kHz
115.0,0.0002222698645077676,defeito,espectro direto 1 kHz
115.5,0.0003465047690477669,defeito,espectro direto 1 kHz
116.0,0.00013995985929777084,defeito,espectro direto 1 kHz
116.5,0.00010509187201072653,defeito,espectro direto 1 kHz
117.0,0.00023217742193649873,defeito,espectro direto 1 kHz
117.5,0.0003199045659790048,defeito,espectro direto 1 kHz
118.0,0.0001743471156975047,defeito,espectro direto 1 kHz
118.5,0.0004313804359742874,defeito,espectro direto 1 kHz
119.0,0.00036317789939637195,defeito,espectro direto 1 kHz
119.5,0.00027668939505758175,defeito,espectro direto 1 kHz
120.0,0.00020396804975797764,defeito,espectro direto 1 kHz
120.5,9.132850781694169e-05,defeito,espectro direto 1 kHz
121.0,0.00028164660940482227,defeito,espectro direto 1 kHz
121.5,0.0003580985093466862,defeito,espectro direto 1 kHz
122.0,0.00042107936069061863,defeito,espectro direto 1 kHz
122.5,0.00022755673864445229,defeito,espectro direto 1 kHz
123.0,0.0003702783427155671,defeito,espectro direto 1 kHz
123.5,0.00045785099682467894,defeito,espectro direto 1 kHz
124.0,9.233947088935233e-05,defeito,espectro direto 1 kHz
124.5,0.00015815596920834367,defeito,espectro direto 1 kHz
125.0,0.0003085720535926873,defeito,espectro direto 1 kHz
125.5,0.0004202479582146379,defeito,espectro direto 1 kHz
126.0,0.0005930531204663146,defeito,espectro direto 1 kHz
126.5,0.0004707523105884001,defeito,espectro direto 1 kHz
127.0,0.0002870604916934552,defeito,espectro direto 1 kHz
127.5,0.0003890185539747156,defeito,espectro direto 1 kHz
128.0,0.0002952061571875299,defeito,espectro direto 1 kHz
128.5,0.00011136914885319878,defeito,espectro direto 1 kHz
129.0,9.908468616983292e-05,defeito,espectro direto 1 kHz
129.5,0.0003136541162586136,defeito,espectro direto 1 kHz
130.0,0.00044523034540141013,defeito,espectro direto 1 kHz
130.5,0.00019100607882075398,defeito,espectro direto 1 kHz
131.0,0.0002237309197480162,defeito,espectro direto 1 kHz
131.5,0.00025395328691780165,defeito,espectro direto 1 kHz
132.0,0.0002562053537202669,defeito,espectro direto 1 kHz
132.5,0.0004863468047785639,defeito,espectro direto 1 kHz
133.0,0.00039290151277521196,defeito,espectro direto 1 kHz
133.5,0.00015438747804857292,defeito,espectro direto 1 kHz
134.0,0.00019929763022744933,defeito,espectro direto 1 kHz
134.5,0.00038991790281467836,defeito,espectro direto 1 kHz
135.0,0.00048826567146292355,defeito,espectro direto 1 kHz
135.5,0.0002965215139397103,defeito,espectro direto 1 kHz
136.0,0.00010034692862106826,defeito,espectro direto 1 kHz
136.5,0.00015344609755604897,defeito,espectro direto 1 kHz
137.0,0.00011560408132036834,defeito,espectro direto 1 kHz
137.5,0.00014372129942878532,defeito,espectro direto 1 kHz
138.0,0.0002016541713821854,defeito,espectro direto 1 kHz
138.5,0.00015117937945398203,defeito,espectro direto 1 kHz
139.0,0.0002282382976600243,defeito,espectro direto 1 kHz
139.5,9.447809921303522e-05,defeito,espectro direto 1 kHz
140.0,4.3054517349485597e-05,defeito,espectro direto 1 kHz
140.5,0.00012201702395382974,defeito,espectro direto 1 kHz
141.0,0.0002699135212222839,defeito,espectro direto 1 kHz
141.5,0.0001406947352469902,defeito,espectro direto 1 kHz
142.0,0.0002821197108864931,defeito,espectro direto 1 kHz
142.5,0.00018214011414862684,defeito,espectro direto 1 kHz
143.0,0.00019259393106139036,defeito,espectro direto 1 kHz
143.5,0.0001211472381232348,defeito,espectro direto 1 kHz
144.0,0.00011800502149267588,defeito,espectro direto 1 kHz
144.5,0.00027540166336027365,defeito,espectro direto 1 kHz
145.0,5.548012964259435e-05,defeito,espectro direto 1 kHz
145.5,0.00029608244347455203,defeito,espectro direto 1 kHz
146.0,0.00046385611842764075,defeito,espectro direto 1 kHz
146.5,0.0002544263043024669,defeito,espectro direto 1 kHz
147.0,0.00019423352188188673,defeito,espectro direto 1 kHz
147.5,0.00018555967141558734,defeito,espectro direto 1 kHz
148.0,0.00011278085007366219,defeito,espectro direto 1 kHz
148.5,0.000253496167958203,defeito,espectro direto 1 kHz
149.0,0.0003219055876013095,defeito,espectro direto 1 kHz
149.5,0.00040663238941884296,defeito,espectro direto 1 kHz
150.0,0.00033246456919613714,defeito,espectro direto 1 kHz
150.5,0.00013221427836154239,defeito,espectro direto 1 kHz
151.0,0.00025287797211004577,defeito,espectro direto 1 kHz
151.5,0.0001493007108110109,defeito,espectro direto 1 kHz
152.0,0.0003142343111419429,defeito,espectro direto 1 kHz
152.5,0.00022973112193952738,defeito,espectro direto 1 kHz
153.0,0.0004758552788436616,defeito,espectro direto 1 kHz
153.5,0.0002632194165015097,defeito,espectro direto 1 kHz
154.0,8.706696773995154e-05,defeito,espectro direto 1 kHz
154.5,0.00024668836340335787,defeito,espectro direto 1 kHz
155.0,0.00030874268365231806,defeito,espectro direto 1 kHz
155.5,0.00026534960879698907,defeito,espectro direto 1 kHz
156.0,0.00026424772093444567,defeito,espectro direto 1 kHz
156.5,0.0003627737289284077,defeito,espectro direto 1 kHz
157.0,0.00035654162463221427,defeito,espectro direto 1 kHz
157.5,0.00024044911789018432,defeito,espectro direto 1 kHz
158.0,0.00023056205408813376,defeito,espectro direto 1 kHz
158.5,0.00021110576286472073,defeito,espectro direto 1 kHz
159.0,0.00035644126961391543,defeito,espectro direto 1 kHz
159.5,0.00029913593200017383,defeito,espectro direto 1 kHz
160.0,0.00013027124379692487,defeito,espectro direto 1 kHz
160.5,0.00016269850599059984,defeito,espectro direto 1 kHz
161.0,0.0002698557358345326,defeito,espectro direto 1 kHz
161.5,0.0002805263948878133,defeito,espectro direto 1 kHz
162.0,0.00023426033167920577,defeito,espectro direto 1 kHz
162.5,0.00017230657477374276,defeito,espectro direto 1 kHz
163.0,0.00021595817847190962,defeito,espectro direto 1 kHz
163.5,0.0006476867499759428,defeito,espectro direto 1 kHz
164.0,0.0007113639732259597,defeito,espectro direto 1 kHz
164.5,0.0004283214664326159,defeito,espectro direto 1 kHz
165.0,0.00017398359898258532,defeito,espectro direto 1 kHz
165.5,9.729852173756076e-05,defeito,espectro direto 1 kHz
166.0,0.00026182733577845215,defeito,espectro direto 1 kHz
166.5,0.00032839762109612334,defeito,espectro direto 1 kHz
167.0,0.0002710396675034292,defeito,espectro direto 1 kHz
167.5,0.00019916617342979052,defeito,espectro direto 1 kHz
168.0,0.000228298194026764,defeito,espectro direto 1 kHz
168.5,0.00034440849719567736,defeito,espectro direto 1 kHz
169.0,0.0005669004060510593,defeito,espectro direto 1 kHz
169.5,0.0003234423328525237,defeito,espectro direto 1 kHz
170.0,0.00021780971480873872,defeito,espectro direto 1 kHz
170.5,0.000170576761822083,defeito,espectro direto 1 kHz
171.0,0.0001464976284859608,defeito,espectro direto 1 kHz
171.5,0.0004386935091355765,defeito,espectro direto 1 kHz
172.0,0.0002455240867408434,defeito,espectro direto 1 kHz
172.5,0.0002900335470957969,defeito,espectro direto 1 kHz
173.0,0.0002763439492830332,defeito,espectro direto 1 kHz
173.5,0.00021194777999506548,defeito,espectro direto 1 kHz
174.0,0.00037206564781787593,defeito,espectro direto 1 kHz
174.5,5.044285612214885e-05,defeito,espectro direto 1 kHz
175.0,0.0001701231883319371,defeito,espectro direto 1 kHz
175.5,0.00013486633592154666,defeito,espectro direto 1 kHz
176.0,7.756164841998285e-05,defeito,espectro direto 1 kHz
176.5,7.493882641920682e-05,defeito,espectro direto 1 kHz
177.0,0.00010365882731885482,defeito,espectro direto 1 kHz
177.5,0.00027945508946765297,defeito,espectro direto 1 kHz
178.0,0.00017868298813495642,defeito,espectro direto 1 kHz
178.5,0.0004122212894037383,defeito,espectro direto 1 kHz
179.0,0.0005877439187568157,defeito,espectro direto 1 kHz
179.5,0.0003717075134780231,defeito,espectro direto 1 kHz
180.0,6.682162036484962e-05,defeito,espectro direto 1 kHz
180.5,8.934070700678533e-05,defeito,espectro direto 1 kHz
181.0,0.0001346448159828382,defeito,espectro direto 1 kHz
181.5,0.00039861566655259866,defeito,espectro direto 1 kHz
182.0,0.00018195409600375815,defeito,espectro direto 1 kHz
182.5,0.0001186969734887886,defeito,espectro direto 1 kHz
183.0,3.844096452018955e-05,defeito,espectro direto 1 kHz
183.5,0.0001435431400721248,defeito,espectro direto 1 kHz
184.0,0.00041594105265898234,defeito,espectro direto 1 kHz
184.5,0.0004843790444503338,defeito,espectro direto 1 kHz
185.0,0.0002379876264947331,defeito,espectro direto 1 kHz
185.5,0.00038978899782036715,defeito,espectro direto 1 kHz
186.0,0.00029507985819802335,defeito,espectro direto 1 kHz
186.5,0.0001463464717047073,defeito,espectro direto 1 kHz
187.0,0.00016587516010738672,defeito,espectro direto 1 kHz
187.5,9.02576354523351e-05,defeito,espectro direto 1 kHz
188.0,0.000313758636361792,defeito,espectro direto 1 kHz
188.5,0.0005136855527701875,defeito,espectro direto 1 kHz
189.0,0.0004711380359641926,defeito,espectro direto 1 kHz
189.5,0.00038636005260951313,defeito,espectro direto 1 kHz
190.0,0.00015943335441675663,defeito,espectro direto 1 kHz
190.5,0.00046524863961015176,defeito,espectro direto 1 kHz
191.0,0.00044648814960236775,defeito,espectro direto 1 kHz
191.5,0.0004643488988498454,defeito,espectro direto 1 kHz
192.0,0.00033422837520635736,defeito,espectro direto 1 kHz
192.5,0.00023070186953493346,defeito,espectro direto 1 kHz
193.0,0.0002514216170162138,defeito,espectro direto 1 kHz
193.5,0.00032172125888464123,defeito,espectro direto 1 kHz
194.0,0.0005154754329560081,defeito,espectro direto 1 kHz
194.5,0.00023594727353643384,defeito,espectro direto 1 kHz
195.0,0.0003212708728908808,defeito,espectro direto 1 kHz
195.5,0.0004763242047003346,defeito,espectro direto 1 kHz
196.0,0.00029577191242115313,defeito,espectro direto 1 kHz
196.5,0.00015575111931570646,defeito,espectro direto 1 kHz
197.0,6.277794947085606e-05,defeito,espectro direto 1 kHz
197.5,0.00017912551677658371,defeito,espectro direto 1 kHz
198.0,0.00028037652477123774,defeito,espectro direto 1 kHz
198.5,0.0002216117175049138,defeito,espectro direto 1 kHz
199.0,0.0005119024346820255,defeito,espectro direto 1 kHz
199.5,0.0005507907498308636,defeito,espectro direto 1 kHz
200.0,0.0004500755352732096,defeito,espectro direto 1 kHz
200.5,0.0003386792799189247,defeito,espectro direto 1 kHz
201.0,0.0003224045039681784,defeito,espectro direto 1 kHz
201.5,0.0003609371875603313,defeito,espectro direto 1 kHz
202.0,0.00032221183773589474,defeito,espectro direto 1 kHz
202.5,0.0002046420255713106,defeito,espectro direto 1 kHz
203.0,0.0007662440099768118,defeito,espectro direto 1 kHz
203.5,0.0009284822000133084,defeito,espectro direto 1 kHz
204.0,0.0006694720061519169,defeito,espectro direto 1 kHz
204.5,0.0004748024610715703,defeito,espectro direto 1 kHz
205.0,0.00038354174237440294,defeito,espectro direto 1 kHz
205.5,0.00031917181593322966,defeito,espectro direto 1 kHz
206.0,0.0003404515172317856,defeito,espectro direto 1 kHz
206.5,0.00025171285310023793,defeito,espectro direto 1 kHz
207.0,0.00023623004414232,defeito,espectro direto 1 kHz
207.5,0.00015021260982281474,defeito,espectro direto 1 kHz
208.0,0.0002836020304780323,defeito,espectro direto 1 kHz
208.5,0.0027415357007553403,defeito,espectro direto 1 kHz
209.0,0.008155172921952265,defeito,espectro direto 1 kHz
209.5,0.00559597541596458,defeito,espectro direto 1 kHz
210.0,0.0005506206561438523,defeito,espectro direto 1 kHz
210.5,0.00034502197692110373,defeito,espectro direto 1 kHz
211.0,0.000465430682958241,defeito,espectro direto 1 kHz
211.5,0.00017832281001787265,defeito,espectro direto 1 kHz
212.0,0.00019372332071422338,defeito,espectro direto 1 kHz
212.5,0.00010307137025073383,defeito,espectro direto 1 kHz
213.0,0.00019222434017600258,defeito,espectro direto 1 kHz
213.5,0.0001967762365987762,defeito,espectro direto 1 kHz
214.0,0.00034414127707820636,defeito,espectro direto 1 kHz
214.5,0.0006461413228021516,defeito,espectro direto 1 kHz
215.0,0.000770239445483347,defeito,espectro direto 1 kHz
215.5,0.00018968917032412838,defeito,espectro direto 1 kHz
216.0,0.0004332730149548195,defeito,espectro direto 1 kHz
216.5,0.0006097567229901383,defeito,espectro direto 1 kHz
217.0,0.0005030364985330121,defeito,espectro direto 1 kHz
217.5,0.0003479983459233456,defeito,espectro direto 1 kHz
218.0,7.473335998949415e-05,defeito,espectro direto 1 kHz
218.5,0.0003680036493392771,defeito,espectro direto 1 kHz
219.0,0.00036915838462232045,defeito,espectro direto 1 kHz
219.5,0.00013537054355777862,defeito,espectro direto 1 kHz
220.0,8.3455420068411e-06,defeito,espectro direto 1 kHz
220.5,0.0003114137033712209,defeito,espectro direto 1 kHz
221.0,0.00037794392445039264,defeito,espectro direto 1 kHz
221.5,0.00035683115042157987,defeito,espectro direto 1 kHz
222.0,0.000277293127175857,defeito,espectro direto 1 kHz
222.5,0.0004844259778682193,defeito,espectro direto 1 kHz
223.0,0.0005151541636024843,defeito,espectro direto 1 kHz
223.5,0.00024155745199770683,defeito,espectro direto 1 kHz
224.0,7.555355495768659e-05,defeito,espectro direto 1 kHz
224.5,0.00020107563868251884,defeito,espectro direto 1 kHz
225.0,0.00016537953017633337,defeito,espectro direto 1 kHz
225.5,3.307385781182801e-05,defeito,espectro direto 1 kHz
226.0,9.944679331025924e-05,defeito,espectro direto 1 kHz
226.5,0.00014329876795658643,defeito,espectro direto 1 kHz
227.0,0.0004091252956364373,defeito,espectro direto 1 kHz
227.5,0.00022057968814088476,defeito,espectro direto 1 kHz
228.0,0.00019127863801714502,defeito,espectro direto 1 kHz
228.5,0.00015140908392905717,defeito,espectro direto 1 kHz
229.0,0.00023399153219773498,defeito,espectro direto 1 kHz
229.5,0.0004208622629773755,defeito,espectro direto 1 kHz
230.0,0.00045712005527429316,defeito,espectro direto 1 kHz
230.5,0.00022974268764161562,defeito,espectro direto 1 kHz
231.0,0.00019798288894508305,defeito,espectro direto 1 kHz
231.5,0.00037328390397755825,defeito,espectro direto 1 kHz
232.0,0.0003080984747235448,defeito,espectro direto 1 kHz
232.5,0.0002505574767045954,defeito,espectro direto 1 kHz
233.0,0.0003378733954577946,defeito,espectro direto 1 kHz
233.5,3.2743322822902756e-05,defeito,espectro direto 1 kHz
234.0,0.000147321576629705,defeito,espectro direto 1 kHz
234.5,0.00018009806868679988,defeito,espectro direto 1 kHz
235.0,0.0003918028207424673,defeito,espectro direto 1 kHz
235.5,0.00029153791810202433,defeito,espectro direto 1 kHz
236.0,0.00021511198423884416,defeito,espectro direto 1 kHz
236.5,0.0001872088798811231,defeito,espectro direto 1 kHz
237.0,0.00013714172780089954,defeito,espectro direto 1 kHz
237.5,0.00023347649934320338,defeito,espectro direto 1 kHz
238.0,0.0003966458542303642,defeito,espectro direto 1 kHz
238.5,0.00041826411791715613,defeito,espectro direto 1 kHz
239.0,7.596407437876764e-05,defeito,espectro direto 1 kHz
239.5,0.00021154703155595663,defeito,espectro direto 1 kHz
240.0,0.0005411023749058854,defeito,espectro direto 1 kHz
240.5,0.00044802453756979564,defeito,espectro direto 1 kHz
241.0,0.00018795874230839306,defeito,espectro direto 1 kHz
241.5,0.0002605699550991657,defeito,espectro direto 1 kHz
242.0,0.0002747031746203248,defeito,espectro direto 1 kHz
242.5,0.0004477141932770253,defeito,espectro direto 1 kHz
243.0,0.0005382423641689637,defeito,espectro direto 1 kHz
243.5,0.00030256600490471096,defeito,espectro direto 1 kHz
244.0,0.0002670607947006168,defeito,espectro direto 1 kHz
244.5,0.0003749699046155414,defeito,espectro direto 1 kHz
245.0,0.00011860393884559381,defeito,espectro direto 1 kHz
245.5,0.00020999524477903942,defeito,espectro direto 1 kHz
246.0,0.00039929269984694004,defeito,espectro direto 1 kHz
246.5,0.000243816510246203,defeito,espectro direto 1 kHz
247.0,0.0001851264808454077,defeito,espectro direto 1 kHz
247.5,0.00032578754163233443,defeito,espectro direto 1 kHz
248.0,0.00028132846231738366,defeito,espectro direto 1 kHz
248.5,0.00010043840692154166,defeito,espectro direto 1 kHz
249.0,0.00011368447668818178,defeito,espectro direto 1 kHz
249.5,9.137390766715977e-05,defeito,espectro direto 1 kHz
250.0,0.0001620503217318271,defeito,espectro direto 1 kHz
250.5,0.0002020555907123189,defeito,espectro direto 1 kHz
251.0,9.260553777760478e-05,defeito,espectro direto 1 kHz
251.5,0.00011677692741037904,defeito,espectro direto 1 kHz
252.0,7.30192295234779e-05,defeito,espectro direto 1 kHz
252.5,0.0003147709785850988,defeito,espectro direto 1 kHz
253.0,0.0003828836538030275,defeito,espectro direto 1 kHz
253.5,0.00018892365625595953,defeito,espectro direto 1 kHz
254.0,0.00034333467719281126,defeito,espectro direto 1 kHz
254.5,0.0005232931362594219,defeito,espectro direto 1 kHz
255.0,0.0002323452414828362,defeito,espectro direto 1 kHz
255.5,0.00026437465270534057,defeito,espectro direto 1 kHz
256.0,0.0003460427629367429,defeito,espectro direto 1 kHz
256.5,0.00024471380039231436,defeito,espectro direto 1 kHz
257.0,0.0003949989253446114,defeito,espectro direto 1 kHz
257.5,2.8034687297473155e-05,defeito,espectro direto 1 kHz
258.0,0.00024621428433247523,defeito,espectro direto 1 kHz
258.5,0.0003075425357274698,defeito,espectro direto 1 kHz
259.0,0.00032274661937009655,defeito,espectro direto 1 kHz
259.5,0.0004208470565532925,defeito,espectro direto 1 kHz
260.0,0.0005506837991754804,defeito,espectro direto 1 kHz
260.5,0.0004194142735776233,defeito,espectro direto 1 kHz
261.0,0.0002541134493000492,defeito,espectro direto 1 kHz
261.5,0.00034687879674668616,defeito,espectro direto 1 kHz
262.0,0.000458610751115378,defeito,espectro direto 1 kHz
262.5,0.00044805612806290355,defeito,espectro direto 1 kHz
263.0,0.0002498373769226764,defeito,espectro direto 1 kHz
263.5,0.00017285621938573886,defeito,espectro direto 1 kHz
264.0,0.000325294202945656,defeito,espectro direto 1 kHz
264.5,0.0002647288978782867,defeito,espectro direto 1 kHz
265.0,0.0003228824106506204,defeito,espectro direto 1 kHz
265.5,0.00015411087024041738,defeito,espectro direto 1 kHz
266.0,0.00011432767112941776,defeito,espectro direto 1 kHz
266.5,9.660628846871532e-05,defeito,espectro direto 1 kHz
267.0,0.0003811146217127447,defeito,espectro direto 1 kHz
267.5,0.00028777359926252606,defeito,espectro direto 1 kHz
268.0,0.0003008282829933841,defeito,espectro direto 1 kHz
268.5,0.0004830997132379656,defeito,espectro direto 1 kHz
269.0,0.0006050384801103983,defeito,espectro direto 1 kHz
269.5,0.0003373247622262762,defeito,espectro direto 1 kHz
270.0,0.0002179647792886389,defeito,espectro direto 1 kHz
270.5,0.00036335876143268284,defeito,espectro direto 1 kHz
271.0,0.00019088560643293776,defeito,espectro direto 1 kHz
271.5,0.00011109909466110537,defeito,espectro direto 1 kHz
272.0,2.7047596938503074e-05,defeito,espectro direto 1 kHz
272.5,0.00025850338767345534,defeito,espectro direto 1 kHz
273.0,0.00017093897008978566,defeito,espectro direto 1 kHz
273.5,2.7953793493373562e-05,defeito,espectro direto 1 kHz
274.0,0.0004001971432612114,defeito,espectro direto 1 kHz
274.5,0.0006196935716684102,defeito,espectro direto 1 kHz
275.0,0.0005870449825748827,defeito,espectro direto 1 kHz
275.5,0.0005140812702451799,defeito,espectro direto 1 kHz
276.0,0.0003904132958081362,defeito,espectro direto 1 kHz
276.5,0.0004407327383110044,defeito,espectro direto 1 kHz
277.0,0.000362416068144055,defeito,espectro direto 1 kHz
277.5,0.000308360118900651,defeito,espectro direto 1 kHz
278.0,0.00044881489796070695,defeito,espectro direto 1 kHz
278.5,0.00039584222994124626,defeito,espectro direto 1 kHz
279.0,0.0003684993068814986,defeito,espectro direto 1 kHz
279.5,0.00028230809619999013,defeito,espectro direto 1 kHz
280.0,0.00010439130859639693,defeito,espectro direto 1 kHz
280.5,0.0003333082267136478,defeito,espectro direto 1 kHz
281.0,0.0005158189668702862,defeito,espectro direto 1 kHz
281.5,0.0003494858573809483,defeito,espectro direto 1 kHz
282.0,3.544772660228962e-05,defeito,espectro direto 1 kHz
282.5,0.00024448265872762466,defeito,espectro direto 1 kHz
283.0,0.00023411595538744143,defeito,espectro direto 1 kHz
283.5,0.0002160571136376038,defeito,espectro direto 1 kHz
284.0,0.0003608942077738639,defeito,espectro direto 1 kHz
284.5,0.000287520179973373,defeito,espectro direto 1 kHz
285.0,0.0002269396828262375,defeito,espectro direto 1 kHz
285.5,0.00024225718961472446,defeito,espectro direto 1 kHz
286.0,0.00010683334564850497,defeito,espectro direto 1 kHz
286.5,0.00038710230078932016,defeito,espectro direto 1 kHz
287.0,0.00040752212954702264,defeito,espectro direto 1 kHz
287.5,0.00028137514762153294,defeito,espectro direto 1 kHz
288.0,0.00033043549366519836,defeito,espectro direto 1 kHz
288.5,0.00010426042127919634,defeito,espectro direto 1 kHz
289.0,0.00015857158344287397,defeito,espectro direto 1 kHz
289.5,0.00029377207657896103,defeito,espectro direto 1 kHz
290.0,0.00016582213053463837,defeito,espectro direto 1 kHz
290.5,0.0002379027070676234,defeito,espectro direto 1 kHz
291.0,0.00018339487151499654,defeito,espectro direto 1 kHz
291.5,0.00011446100317542215,defeito,espectro direto 1 kHz
292.0,4.9516207877908116e-05,defeito,espectro direto 1 kHz
292.5,0.0002627989097087528,defeito,espectro direto 1 kHz
293.0,0.00036229322167581634,defeito,espectro direto 1 kHz
293.5,0.0001233491212924855,defeito,espectro direto 1 kHz
294.0,8.321275795872184e-05,defeito,espectro direto 1 kHz
294.5,0.0003265638013033395,defeito,espectro direto 1 kHz
295.0,0.00011420450610684786,defeito,espectro direto 1 kHz
295.5,0.0003386978906290411,defeito,espectro direto 1 kHz
296.0,0.00018667424637442537,defeito,espectro direto 1 kHz
296.5,0.00017078639044408085,defeito,espectro direto 1 kHz
297.0,0.00019531828853555647,defeito,espectro direto 1 kHz
297.5,0.00026714488025215066,defeito,espectro direto 1 kHz
298.0,0.00045377012061558055,defeito,espectro direto 1 kHz
298.5,0.0009262378005136419,defeito,espectro direto 1 kHz
299.0,0.0006176544313598338,defeito,espectro direto 1 kHz
299.5,7.872657379984762e-05,defeito,espectro direto 1 kHz
300.0,0.00031397290186677135,defeito,espectro direto 1 kHz
300.5,0.0003050661928120711,defeito,espectro direto 1 kHz
301.0,0.00034869670447142256,defeito,espectro direto 1 kHz
301.5,0.00014932508977302746,defeito,espectro direto 1 kHz
302.0,0.00036198537972220187,defeito,espectro direto 1 kHz
302.5,0.00019938479475469376,defeito,espectro direto 1 kHz
303.0,0.0002843338582725243,defeito,espectro direto 1 kHz
303.5,0.0003363187357280223,defeito,espectro direto 1 kHz
304.0,0.0002078917748065933,defeito,espectro direto 1 kHz
304.5,0.0004044899352999893,defeito,espectro direto 1 kHz
305.0,0.0004867565401736619,defeito,espectro direto 1 kHz
305.5,0.000254350745946697,defeito,espectro direto 1 kHz
306.0,0.00016496866206962355,defeito,espectro direto 1 kHz
306.5,0.000192885046205105,defeito,espectro direto 1 kHz
307.0,0.00026273634542167104,defeito,espectro direto 1 kHz
307.5,0.00023383237166421227,defeito,espectro direto 1 kHz
308.0,9.533584363753001e-05,defeito,espectro direto 1 kHz
308.5,0.00012817794062061768,defeito,espectro direto 1 kHz
309.0,0.00016072361596028932,defeito,espectro direto 1 kHz
309.5,0.00028490158639940023,defeito,espectro direto 1 kHz
310.0,0.000323450760801029,defeito,espectro direto 1 kHz
310.5,0.00029070372106568813,defeito,espectro direto 1 kHz
311.0,0.000252291651068502,defeito,espectro direto 1 kHz
311.5,0.00032238155807819645,defeito,espectro direto 1 kHz
312.0,0.0002328232795802383,defeito,espectro direto 1 kHz
312.5,0.00038214054506357527,defeito,espectro direto 1 kHz
313.0,0.0019432924845904592,defeito,espectro direto 1 kHz
313.5,0.007740016970057779,defeito,espectro direto 1 kHz
314.0,0.0063218496287381,defeito,espectro direto 1 kHz
314.5,0.000802071172853914,defeito,espectro direto 1 kHz
315.0,0.00013437940570414423,defeito,espectro direto 1 kHz
315.5,0.00027710242623249406,defeito,espectro direto 1 kHz
316.0,0.0004099919255117343,defeito,espectro direto 1 kHz
316.5,0.00030439092083774615,defeito,espectro direto 1 kHz
317.0,0.00014542671142690015,defeito,espectro direto 1 kHz
317.5,0.0002167733765135265,defeito,espectro direto 1 kHz
318.0,0.0002031593125421134,defeito,espectro direto 1 kHz
318.5,0.0002182239976183459,defeito,espectro direto 1 kHz
319.0,0.00011193550420076444,defeito,espectro direto 1 kHz
319.5,0.00036154818593030815,defeito,espectro direto 1 kHz
320.0,0.0003681626280113774,defeito,espectro direto 1 kHz
320.5,0.0002868291695367441,defeito,espectro direto 1 kHz
321.0,0.0002539343779479147,defeito,espectro direto 1 kHz
321.5,0.0002440692194391068,defeito,espectro direto 1 kHz
322.0,0.0003070914784857612,defeito,espectro direto 1 kHz
322.5,0.00011688203536275883,defeito,espectro direto 1 kHz
323.0,8.327898838627144e-05,defeito,espectro direto 1 kHz
323.5,3.9958884105312945e-05,defeito,espectro direto 1 kHz
324.0,0.00012741876682177556,defeito,espectro direto 1 kHz
324.5,0.00045277551120939804,defeito,espectro direto 1 kHz
325.0,0.0005025180764631875,defeito,espectro direto 1 kHz
325.5,0.0002175858355147648,defeito,espectro direto 1 kHz
326.0,0.00022438308951951372,defeito,espectro direto 1 kHz
326.5,0.0001608493462605041,defeito,espectro direto 1 kHz
327.0,0.0002254907743275121,defeito,espectro direto 1 kHz
327.5,3.3224824432747676e-06,defeito,espectro direto 1 kHz
328.0,8.067403867700591e-05,defeito,espectro direto 1 kHz
328.5,8.681098450990585e-05,defeito,espectro direto 1 kHz
329.0,9.503373580172098e-05,defeito,espectro direto 1 kHz
329.5,0.00014313962789571396,defeito,espectro direto 1 kHz
330.0,0.00020239346075985774,defeito,espectro direto 1 kHz
330.5,0.00010884908445241574,defeito,espectro direto 1 kHz
331.0,0.00030576339960651066,defeito,espectro direto 1 kHz
331.5,0.00023651754076588663,defeito,espectro direto 1 kHz
332.0,0.00020208478191347198,defeito,espectro direto 1 kHz
332.5,0.0003516201922960779,defeito,espectro direto 1 kHz
333.0,0.00022210602821843,defeito,espectro direto 1 kHz
333.5,0.0002229357155051591,defeito,espectro direto 1 kHz
334.0,0.0002806882671737732,defeito,espectro direto 1 kHz
334.5,0.00024243312015553617,defeito,espectro direto 1 kHz
335.0,0.00015644928995539668,defeito,espectro direto 1 kHz
335.5,0.00012199147797269467,defeito,espectro direto 1 kHz
336.0,0.0003284167354412627,defeito,espectro direto 1 kHz
336.5,0.00022061370039564695,defeito,espectro direto 1 kHz
337.0,0.00014940642370341864,defeito,espectro direto 1 kHz
337.5,8.392980278708879e-05,defeito,espectro direto 1 kHz
338.0,0.00016336058380198102,defeito,espectro direto 1 kHz
338.5,0.0004834462112840505,defeito,espectro direto 1 kHz
339.0,0.0004259705120492802,defeito,espectro direto 1 kHz
339.5,0.00010287098100423457,defeito,espectro direto 1 kHz
340.0,0.0003099938829246743,defeito,espectro direto 1 kHz
340.5,0.0002622173187283783,defeito,espectro direto 1 kHz
341.0,0.00015307214637702262,defeito,espectro direto 1 kHz
341.5,0.00039077852791674053,defeito,espectro direto 1 kHz
342.0,0.00016342039044847686,defeito,espectro direto 1 kHz
342.5,0.00039679216776943087,defeito,espectro direto 1 kHz
343.0,0.00037298776761964057,defeito,espectro direto 1 kHz
343.5,0.0005002817151123841,defeito,espectro direto 1 kHz
344.0,0.0005459330037383306,defeito,espectro direto 1 kHz
344.5,0.0005032574535215283,defeito,espectro direto 1 kHz
345.0,0.0002929327667624858,defeito,espectro direto 1 kHz
345.5,0.00033735730302720727,defeito,espectro direto 1 kHz
346.0,0.00027518188090954897,defeito,espectro direto 1 kHz
346.5,0.0002004160707185285,defeito,espectro direto 1 kHz
347.0,0.0003263435528898672,defeito,espectro direto 1 kHz
347.5,0.0002698894781725954,defeito,espectro direto 1 kHz
348.0,0.0004715806263154609,defeito,espectro direto 1 kHz
348.5,0.0006715724052605546,defeito,espectro direto 1 kHz
349.0,0.0006075970957736761,defeito,espectro direto 1 kHz
349.5,0.0002460200904220349,defeito,espectro direto 1 kHz
350.0,0.000399270991682128,defeito,espectro direto 1 kHz
350.5,0.0003031997670628844,defeito,espectro direto 1 kHz
351.0,6.229614673122561e-05,defeito,espectro direto 1 kHz
351.5,0.00027339403724990313,defeito,espectro direto 1 kHz
352.0,0.0004446038801826586,defeito,espectro direto 1 kHz
352.5,0.00027735787982115375,defeito,espectro direto 1 kHz
353.0,7.373028207718732e-05,defeito,espectro direto 1 kHz
353.5,0.0001326457578982372,defeito,espectro direto 1 kHz
354.0,2.1058615227169564e-05,defeito,espectro direto 1 kHz
354.5,0.00041928949387907017,defeito,espectro direto 1 kHz
355.0,0.00034125033466641684,defeito,espectro direto 1 kHz
355.5,0.000357605667466176,defeito,espectro direto 1 kHz
356.0,0.00016821277286122377,defeito,espectro direto 1 kHz
356.5,0.00022136478545025713,defeito,espectro direto 1 kHz
357.0,6.719335605088207e-05,defeito,espectro direto 1 kHz
357.5,0.0003232761400596654,defeito,espectro direto 1 kHz
358.0,0.0002448538388585646,defeito,espectro direto 1 kHz
358.5,0.00011487332095855614,defeito,espectro direto 1 kHz
359.0,0.00035728601226710173,defeito,espectro direto 1 kHz
359.5,0.00018687632688317333,defeito,espectro direto 1 kHz
360.0,9.376027562176723e-05,defeito,espectro direto 1 kHz
360.5,0.0001260849260634899,defeito,espectro direto 1 kHz
361.0,0.00023950000569553117,defeito,espectro direto 1 kHz
361.5,7.899522643830052e-05,defeito,espectro direto 1 kHz
362.0,0.00019158782152896205,defeito,espectro direto 1 kHz
362.5,0.0002673887144293048,defeito,espectro direto 1 kHz
363.0,0.00011284901236470838,defeito,espectro direto 1 kHz
363.5,0.0004426509515628536,defeito,espectro direto 1 kHz
364.0,0.00040637339455705686,defeito,espectro direto 1 kHz
364.5,0.00015990819271041748,defeito,espectro direto 1 kHz
365.0,0.00011145260829624415,defeito,espectro direto 1 kHz
365.5,0.00018126243882573987,defeito,espectro direto 1 kHz
366.0,0.00017087592755260733,defeito,espectro direto 1 kHz
366.5,0.00011513292984086948,defeito,espectro direto 1 kHz
367.0,0.00013246296160320014,defeito,espectro direto 1 kHz
367.5,0.00022287621365489195,defeito,espectro direto 1 kHz
368.0,0.0004139167500897071,defeito,espectro direto 1 kHz
368.5,0.0003200924800016403,defeito,espectro direto 1 kHz
369.0,0.0003300320307709118,defeito,espectro direto 1 kHz
369.5,0.00039120032107318396,defeito,espectro direto 1 kHz
370.0,0.0003468296441890885,defeito,espectro direto 1 kHz
370.5,0.0001300854149530932,defeito,espectro direto 1 kHz
371.0,0.0002307818850455988,defeito,espectro direto 1 kHz
371.5,0.00020745987949874185,defeito,espectro direto 1 kHz
372.0,7.26356841658867e-05,defeito,espectro direto 1 kHz
372.5,0.0001849801490471785,defeito,espectro direto 1 kHz
373.0,0.00010146978462218789,defeito,espectro direto 1 kHz
373.5,9.615497806326905e-05,defeito,espectro direto 1 kHz
374.0,0.00010528693358419919,defeito,espectro direto 1 kHz
374.5,0.00015919093854079488,defeito,espectro direto 1 kHz
375.0,0.00026579672357864904,defeito,espectro direto 1 kHz
375.5,0.00030503768388205935,defeito,espectro direto 1 kHz
376.0,0.00026000199252356897,defeito,espectro direto 1 kHz
376.5,8.380263857601335e-05,defeito,espectro direto 1 kHz
377.0,0.00024990478958492014,defeito,espectro direto 1 kHz
377.5,0.0003662818046449288,defeito,espectro direto 1 kHz
378.0,0.00029987230703747934,defeito,espectro direto 1 kHz
378.5,0.00030170988301756683,defeito,espectro direto 1 kHz
379.0,0.00017454636456737272,defeito,espectro direto 1 kHz
379.5,0.00024198300907451385,defeito,espectro direto 1 kHz
380.0,0.00037390317097795936,defeito,espectro direto 1 kHz
380.5,0.0001977256361850659,defeito,espectro direto 1 kHz
381.0,2.1213189899483096e-05,defeito,espectro direto 1 kHz
381.5,0.00023636337226025272,defeito,espectro direto 1 kHz
382.0,0.0003075071187947236,defeito,espectro direto 1 kHz
382.5,0.0003208496506338178,defeito,espectro direto 1 kHz
383.0,0.00044901907399577423,defeito,espectro direto 1 kHz
383.5,0.0005874367354844407,defeito,espectro direto 1 kHz
384.0,0.000393767285761172,defeito,espectro direto 1 kHz
384.5,0.00019198001712584698,defeito,espectro direto 1 kHz
385.0,7.774310055652072e-05,defeito,espectro direto 1 kHz
385.5,0.000369737986615364,defeito,espectro direto 1 kHz
386.0,0.0006172418679286148,defeito,espectro direto 1 kHz
386.5,0.00034053182233657555,defeito,espectro direto 1 kHz
387.0,9.91650062102017e-05,defeito,espectro direto 1 kHz
387.5,0.0002534017617097642,defeito,espectro direto 1 kHz
388.0,0.00043508848651748215,defeito,espectro direto 1 kHz
388.5,0.00045373732811069807,defeito,espectro direto 1 kHz
389.0,0.00010494142330600702,defeito,espectro direto 1 kHz
389.5,0.00035706582303543684,defeito,espectro direto 1 kHz
390.0,4.8206031627548615e-05,defeito,espectro direto 1 kHz
390.5,0.00040761904319799516,defeito,espectro direto 1 kHz
391.0,0.000508390939148542,defeito,espectro direto 1 kHz
391.5,0.00036988516438560563,defeito,espectro direto 1 kHz
392.0,0.00010804694466459368,defeito,espectro direto 1 kHz
392.5,0.0005201080094917809,defeito,espectro direto 1 kHz
393.0,0.0006109233445539229,defeito,espectro direto 1 kHz
393.5,0.00041764094028614126,defeito,espectro direto 1 kHz
394.0,0.00015176753639552812,defeito,espectro direto 1 kHz
394.5,0.00020662917840300627,defeito,espectro direto 1 kHz
395.0,0.00033118745094619644,defeito,espectro direto 1 kHz
395.5,0.0003809870650824238,defeito,espectro direto 1 kHz
396.0,0.0002900010791314099,defeito,espectro direto 1 kHz
396.5,0.00030841849858596643,defeito,espectro direto 1 kHz
397.0,0.00024823661053365926,defeito,espectro direto 1 kHz
397.5,0.00028174536214702837,defeito,espectro direto 1 kHz
398.0,0.0002895970426951644,defeito,espectro direto 1 kHz
398.5,0.0003534711900215707,defeito,espectro direto 1 kHz
399.0,0.0001739340009907483,defeito,espectro direto 1 kHz
399.5,0.00027425064936332177,defeito,espectro direto 1 kHz
400.0,0.0008695874618720039,defeito,espectro direto 1 kHz
400.5,0.0009022012468332915,defeito,espectro direto 1 kHz
401.0,0.00038698735712405265,defeito,espectro direto 1 kHz
401.5,0.00011972442002401722,defeito,espectro direto 1 kHz
402.0,0.0001696326429321627,defeito,espectro direto 1 kHz
402.5,0.0002488782685590676,defeito,espectro direto 1 kHz
403.0,0.00041652968214411236,defeito,espectro direto 1 kHz
403.5,0.0003137331013678032,defeito,espectro direto 1 kHz
404.0,3.4655653563775107e-05,defeito,espectro direto 1 kHz
404.5,0.0002689987116564701,defeito,espectro direto 1 kHz
405.0,0.0003285655069391002,defeito,espectro direto 1 kHz
405.5,0.0005251079421608902,defeito,espectro direto 1 kHz
406.0,0.0004223875339440732,defeito,espectro direto 1 kHz
406.5,6.081551388475413e-05,defeito,espectro direto 1 kHz
407.0,0.00041742362040028534,defeito,espectro direto 1 kHz
407.5,0.0005298566412881194,defeito,espectro direto 1 kHz
408.0,0.0002615744676455963,defeito,espectro direto 1 kHz
408.5,0.00036557689186175426,defeito,espectro direto 1 kHz
409.0,0.0003358946236999231,defeito,espectro direto 1 kHz
409.5,0.00022464110665553996,defeito,espectro direto 1 kHz
410.0,0.00029436540474402767,defeito,espectro direto 1 kHz
410.5,0.0002747749446782035,defeito,espectro direto 1 kHz
411.0,0.0003133118653328361,defeito,espectro direto 1 kHz
411.5,0.0004121443118392971,defeito,espectro direto 1 kHz
412.0,0.00030557805503385533,defeito,espectro direto 1 kHz
412.5,0.00020642810945434902,defeito,espectro direto 1 kHz
413.0,0.0003365158534352749,defeito,espectro direto 1 kHz
413.5,0.0006926397826483835,defeito,espectro direto 1 kHz
414.0,0.000987257082019043,defeito,espectro direto 1 kHz
414.5,0.000565661640917559,defeito,espectro direto 1 kHz
415.0,0.00025276134472099426,defeito,espectro direto 1 kHz
415.5,5.256456319444123e-05,defeito,espectro direto 1 kHz
416.0,4.6144625601360684e-05,defeito,espectro direto 1 kHz
416.5,0.0004507809278061433,defeito,espectro direto 1 kHz
417.0,0.0003717017134385276,defeito,espectro direto 1 kHz
417.5,0.0016095630292073493,defeito,espectro direto 1 kHz
418.0,0.007539041009681191,defeito,espectro direto 1 kHz
418.5,0.007402723922124053,defeito,espectro direto 1 kHz
419.0,0.0013030514093990732,defeito,espectro direto 1 kHz
419.5,0.00047337657814876033,defeito,espectro direto 1 kHz
420.0,0.00018386194119035136,defeito,espectro direto 1 kHz
420.5,0.000348125674305056,defeito,espectro direto 1 kHz
421.0,0.0001274078694401959,defeito,espectro direto 1 kHz
421.5,0.00015154394264425627,defeito,espectro direto 1 kHz
422.0,0.00029495741593959965,defeito,espectro direto 1 kHz
422.5,0.00046620888166557705,defeito,espectro direto 1 kHz
423.0,7.64398702413204e-05,defeito,espectro direto 1 kHz
423.5,0.00010421409614755929,defeito,espectro direto 1 kHz
424.0,0.00012880849433496,defeito,espectro direto 1 kHz
424.5,0.00025013155149183354,defeito,espectro direto 1 kHz
425.0,0.00019868650053806277,defeito,espectro direto 1 kHz
425.5,0.0003537584808371826,defeito,espectro direto 1 kHz
426.0,0.0005210465746049652,defeito,espectro direto 1 kHz
426.5,0.0005362262634641052,defeito,espectro direto 1 kHz
427.0,0.00045488685419697226,defeito,espectro direto 1 kHz
427.5,0.00010767853179058265,defeito,espectro direto 1 kHz
428.0,0.0003582406026484869,defeito,espectro direto 1 kHz
428.5,0.00035819565869357,defeito,espectro direto 1 kHz
429.0,0.0001614966656649477,defeito,espectro direto 1 kHz
429.5,0.00046600528755716126,defeito,espectro direto 1 kHz
430.0,0.0002056567165041748,defeito,espectro direto 1 kHz
430.5,0.00022688580636417315,defeito,espectro direto 1 kHz
431.0,0.00047736626396932953,defeito,espectro direto 1 kHz
431.5,0.0006598783560419696,defeito,espectro direto 1 kHz
432.0,0.0005918347493207373,defeito,espectro direto 1 kHz
432.5,0.00038055063677227353,defeito,espectro direto 1 kHz
433.0,0.00014272463458772205,defeito,espectro direto 1 kHz
433.5,6.170009162041892e-05,defeito,espectro direto 1 kHz
434.0,0.00010065137131449835,defeito,espectro direto 1 kHz
434.5,0.00014777116016267058,defeito,espectro direto 1 kHz
435.0,9.017421988486838e-05,defeito,espectro direto 1 kHz
435.5,0.00038147656213018106,defeito,espectro direto 1 kHz
436.0,0.00030936804234059004,defeito,espectro direto 1 kHz
436.5,7.249566181743823e-05,defeito,espectro direto 1 kHz
437.0,8.152496394862733e-05,defeito,espectro direto 1 kHz
437.5,5.96946530980428e-05,defeito,espectro direto 1 kHz
438.0,0.00010873400218151291,defeito,espectro direto 1 kHz
438.5,0.00035421595053993003,defeito,espectro direto 1 kHz
439.0,0.000449191671478969,defeito,espectro direto 1 kHz
439.5,0.00014755635434004116,defeito,espectro direto 1 kHz
440.0,0.0004975647954983171,defeito,espectro direto 1 kHz
440.5,0.0004321501051287429,defeito,espectro direto 1 kHz
441.0,0.00030498802728508176,defeito,espectro direto 1 kHz
441.5,8.690513374764915e-05,defeito,espectro direto 1 kHz
442.0,0.00026441823848097107,defeito,espectro direto 1 kHz
442.5,0.00023282872794071641,defeito,espectro direto 1 kHz
443.0,0.00016914147023768786,defeito,espectro direto 1 kHz
443.5,0.00024702754419352816,defeito,espectro direto 1 kHz
444.0,0.0004009993374419295,defeito,espectro direto 1 kHz
444.5,0.00010215710854402866,defeito,espectro direto 1 kHz
445.0,0.0001341205919453337,defeito,espectro direto 1 kHz
445.5,0.00010257928936177447,defeito,espectro direto 1 kHz
446.0,0.0001349881530925928,defeito,espectro direto 1 kHz
446.5,0.00015474025633515213,defeito,espectro direto 1 kHz
447.0,0.0002958068600262839,defeito,espectro direto 1 kHz
447.5,0.000404701713324733,defeito,espectro direto 1 kHz
448.0,9.580657269856167e-05,defeito,espectro direto 1 kHz
448.5,0.00037844203129196104,defeito,espectro direto 1 kHz
449.0,0.0004768997510804488,defeito,espectro direto 1 kHz
449.5,0.000336282543904406,defeito,espectro direto 1 kHz
450.0,3.995341008017477e-05,defeito,espectro direto 1 kHz
450.5,0.0003432179029412044,defeito,espectro direto 1 kHz
451.0,0.0005522239418201681,defeito,espectro direto 1 kHz
451.5,0.00042253293434911196,defeito,espectro direto 1 kHz
452.0,0.00011390108880814817,defeito,espectro direto 1 kHz
452.5,0.0002241501800695587,defeito,espectro direto 1 kHz
453.0,0.00013514808057420917,defeito,espectro direto 1 kHz
453.5,0.00046674792300190683,defeito,espectro direto 1 kHz
454.0,0.00031693721672638265,defeito,espectro direto 1 kHz
454.5,0.00011360310138880722,defeito,espectro direto 1 kHz
455.0,0.00022104630241838542,defeito,espectro direto 1 kHz
455.5,0.0004057785685177483,defeito,espectro direto 1 kHz
456.0,0.0003622674095071086,defeito,espectro direto 1 kHz
456.5,0.00041189754138870957,defeito,espectro direto 1 kHz
457.0,0.00032156204982265523,defeito,espectro direto 1 kHz
457.5,7.322405179730954e-05,defeito,espectro direto 1 kHz
458.0,0.00017492908047025686,defeito,espectro direto 1 kHz
458.5,0.00019107710823630525,defeito,espectro direto 1 kHz
459.0,0.0003312478705056254,defeito,espectro direto 1 kHz
459.5,0.00040336255249300137,defeito,espectro direto 1 kHz
460.0,0.0005836656773661262,defeito,espectro direto 1 kHz
460.5,0.00041522573313116447,defeito,espectro direto 1 kHz
461.0,0.00019571358203624985,defeito,espectro direto 1 kHz
461.5,0.00016840238164882737,defeito,espectro direto 1 kHz
462.0,1.1374293394117583e-05,defeito,espectro direto 1 kHz
462.5,8.477904891042989e-05,defeito,espectro direto 1 kHz
463.0,0.0001602626287594076,defeito,espectro direto 1 kHz
463.5,0.00012773085325605286,defeito,espectro direto 1 kHz
464.0,0.0003329786980641275,defeito,espectro direto 1 kHz
464.5,0.00022596858900411393,defeito,espectro direto 1 kHz
465.0,0.00016753812469358384,defeito,espectro direto 1 kHz
465.5,0.0001821984320192588,defeito,espectro direto 1 kHz
466.0,7.807407620613587e-05,defeito,espectro direto 1 kHz
466.5,0.00027512686860732565,defeito,espectro direto 1 kHz
467.0,0.00037563619319502014,defeito,espectro direto 1 kHz
467.5,5.6200100691683965e-05,defeito,espectro direto 1 kHz
468.0,0.0003928603285734551,defeito,espectro direto 1 kHz
468.5,0.0005222067204752416,defeito,espectro direto 1 kHz
469.0,0.00040439353012596707,defeito,espectro direto 1 kHz
469.5,0.0002674360899225565,defeito,espectro direto 1 kHz
470.0,0.000187520805756131,defeito,espectro direto 1 kHz
470.5,0.0001250630261930891,defeito,espectro direto 1 kHz
471.0,0.0002544909422247786,defeito,espectro direto 1 kHz
471.5,0.0003763325772234724,defeito,espectro direto 1 kHz
472.0,0.0001337248015808523,defeito,espectro direto 1 kHz
472.5,0.00035974116607988477,defeito,espectro direto 1 kHz
473.0,0.0003230563976475746,defeito,espectro direto 1 kHz
473.5,0.0001782190702051638,defeito,espectro direto 1 kHz
474.0,0.0002710030802698609,defeito,espectro direto 1 kHz
474.5,9.225649112351773e-05,defeito,espectro direto 1 kHz
475.0,0.0003056908756958455,defeito,espectro direto 1 kHz
475.5,0.0002543908690174096,defeito,espectro direto 1 kHz
476.0,0.0003781151257470659,defeito,espectro direto 1 kHz
476.5,0.0004432358688420021,defeito,espectro direto 1 kHz
477.0,0.0020887344163979843,defeito,espectro direto 1 kHz
477.5,0.0019247739650565569,defeito,espectro direto 1 kHz
478.0,0.00023512544010248647,defeito,espectro direto 1 kHz
478.5,0.0003253845186901408,defeito,espectro direto 1 kHz
479.0,0.00017190791077811529,defeito,espectro direto 1 kHz
479.5,2.540694843793967e-05,defeito,espectro direto 1 kHz
480.0,0.00017697118185204292,defeito,espectro direto 1 kHz
480.5,0.00040344107784182716,defeito,espectro direto 1 kHz
481.0,0.0001429246064613682,defeito,espectro direto 1 kHz
481.5,0.00029681973166861164,defeito,espectro direto 1 kHz
482.0,0.00030286444239863104,defeito,espectro direto 1 kHz
482.5,0.00031477618534846987,defeito,espectro direto 1 kHz
483.0,0.0005044481608310325,defeito,espectro direto 1 kHz
483.5,0.00020505033480787017,defeito,espectro direto 1 kHz
484.0,0.0002830098070411549,defeito,espectro direto 1 kHz
484.5,0.00039039357045307193,defeito,espectro direto 1 kHz
485.0,0.0001818056042280403,defeito,espectro direto 1 kHz
485.5,0.00016595902555428257,defeito,espectro direto 1 kHz
486.0,0.00015726231640273105,defeito,espectro direto 1 kHz
486.5,0.00023611257788264467,defeito,espectro direto 1 kHz
487.0,0.00018537588326483572,defeito,espectro direto 1 kHz
487.5,0.000395542521196187,defeito,espectro direto 1 kHz
488.0,0.00048195715206856947,defeito,espectro direto 1 kHz
488.5,0.00013166963942414092,defeito,espectro direto 1 kHz
489.0,0.00022252450953651353,defeito,espectro direto 1 kHz
489.5,0.00019579075172455226,defeito,espectro direto 1 kHz
490.0,0.0004253426345448785,defeito,espectro direto 1 kHz
490.5,0.0004859750978616623,defeito,espectro direto 1 kHz
491.0,0.00022415552755448634,defeito,espectro direto 1 kHz
491.5,1.0551173234761071e-05,defeito,espectro direto 1 kHz
492.0,0.00011375921718570461,defeito,espectro direto 1 kHz
492.5,0.00012012631386629823,defeito,espectro direto 1 kHz
493.0,0.00010014683215167745,defeito,espectro direto 1 kHz
493.5,0.0002796408645742791,defeito,espectro direto 1 kHz
494.0,0.0002637335135923294,defeito,espectro direto 1 kHz
494.5,0.0001526563849833117,defeito,espectro direto 1 kHz
495.0,0.0001702486717914764,defeito,espectro direto 1 kHz
495.5,0.0003328070774307585,defeito,espectro direto 1 kHz
496.0,0.0002598101369679531,defeito,espectro direto 1 kHz
496.5,0.0001590632186693207,defeito,espectro direto 1 kHz
497.0,0.00038555880405406696,defeito,espectro direto 1 kHz
497.5,0.0003772862535509353,defeito,espectro direto 1 kHz
498.0,0.00020492675495822972,defeito,espectro direto 1 kHz
498.5,0.0003268387180017702,defeito,espectro direto 1 kHz
499.0,0.0002792906694133726,defeito,espectro direto 1 kHz
499.5,0.00027689887218633935,defeito,espectro direto 1 kHz
500.0,0.00018037030798229915,defeito,espectro direto 1 kHz
