versao,carga,f_chassi_hz,freq_hz,t
v1,carga no topo,936,100,1.0115
v1,carga no topo,936,100.59,1.0117
v1,carga no topo,936,101.18,1.0118
v1,carga no topo,936,101.77,1.012
v1,carga no topo,936,102.37,1.0121
v1,carga no topo,936,102.97,1.0123
v1,carga no topo,936,103.58,1.0124
v1,carga no topo,936,104.19,1.0125
v1,carga no topo,936,104.8,1.0127
v1,carga no topo,936,105.41,1.0128
v1,carga no topo,936,106.03,1.013
v1,carga no topo,936,106.66,1.0132
v1,carga no topo,936,107.28,1.0133
v1,carga no topo,936,107.91,1.0135
v1,carga no topo,936,108.55,1.0136
v1,carga no topo,936,109.18,1.0138
v1,carga no topo,936,109.83,1.014
v1,carga no topo,936,110.47,1.0141
v1,carga no topo,936,111.12,1.0143
v1,carga no topo,936,111.77,1.0145
v1,carga no topo,936,112.43,1.0146
v1,carga no topo,936,113.09,1.0148
v1,carga no topo,936,113.75,1.015
v1,carga no topo,936,114.42,1.0152
v1,carga no topo,936,115.09,1.0154
v1,carga no topo,936,115.77,1.0155
v1,carga no topo,936,116.45,1.0157
v1,carga no topo,936,117.13,1.0159
v1,carga no topo,936,117.82,1.0161
v1,carga no topo,936,118.51,1.0163
v1,carga no topo,936,119.21,1.0165
v1,carga no topo,936,119.91,1.0167
v1,carga no topo,936,120.62,1.0169
v1,carga no topo,936,121.32,1.0171
v1,carga no topo,936,122.04,1.0173
v1,carga no topo,936,122.75,1.0175
v1,carga no topo,936,123.47,1.0177
v1,carga no topo,936,124.2,1.0179
v1,carga no topo,936,124.93,1.0181
v1,carga no topo,936,125.66,1.0184
v1,carga no topo,936,126.4,1.0186
v1,carga no topo,936,127.14,1.0188
v1,carga no topo,936,127.89,1.019
v1,carga no topo,936,128.64,1.0193
v1,carga no topo,936,129.4,1.0195
v1,carga no topo,936,130.16,1.0197
v1,carga no topo,936,130.92,1.02
v1,carga no topo,936,131.69,1.0202
v1,carga no topo,936,132.47,1.0204
v1,carga no topo,936,133.24,1.0207
v1,carga no topo,936,134.03,1.0209
v1,carga no topo,936,134.81,1.0212
v1,carga no topo,936,135.61,1.0214
v1,carga no topo,936,136.4,1.0217
v1,carga no topo,936,137.2,1.022
v1,carga no topo,936,138.01,1.0222
v1,carga no topo,936,138.82,1.0225
v1,carga no topo,936,139.64,1.0228
v1,carga no topo,936,140.46,1.023
v1,carga no topo,936,141.28,1.0233
v1,carga no topo,936,142.11,1.0236
v1,carga no topo,936,142.95,1.0239
v1,carga no topo,936,143.79,1.0242
v1,carga no topo,936,144.63,1.0245
v1,carga no topo,936,145.48,1.0248
v1,carga no topo,936,146.34,1.0251
v1,carga no topo,936,147.2,1.0254
v1,carga no topo,936,148.06,1.0257
v1,carga no topo,936,148.93,1.026
v1,carga no topo,936,149.8,1.0263
v1,carga no topo,936,150.68,1.0266
v1,carga no topo,936,151.57,1.0269
v1,carga no topo,936,152.46,1.0273
v1,carga no topo,936,153.36,1.0276
v1,carga no topo,936,154.26,1.0279
v1,carga no topo,936,155.16,1.0283
v1,carga no topo,936,156.07,1.0286
v1,carga no topo,936,156.99,1.0289
v1,carga no topo,936,157.91,1.0293
v1,carga no topo,936,158.84,1.0296
v1,carga no topo,936,159.77,1.03
v1,carga no topo,936,160.71,1.0304
v1,carga no topo,936,161.66,1.0307
v1,carga no topo,936,162.61,1.0311
v1,carga no topo,936,163.56,1.0315
v1,carga no topo,936,164.52,1.0319
v1,carga no topo,936,165.49,1.0323
v1,carga no topo,936,166.46,1.0327
v1,carga no topo,936,167.44,1.0331
v1,carga no topo,936,168.42,1.0335
v1,carga no topo,936,169.41,1.0339
v1,carga no topo,936,170.41,1.0343
v1,carga no topo,936,171.41,1.0347
v1,carga no topo,936,172.42,1.0351
v1,carga no topo,936,173.43,1.0355
v1,carga no topo,936,174.45,1.036
v1,carga no topo,936,175.47,1.0364
v1,carga no topo,936,176.5,1.0369
v1,carga no topo,936,177.54,1.0373
v1,carga no topo,936,178.58,1.0378
v1,carga no topo,936,179.63,1.0382
v1,carga no topo,936,180.69,1.0387
v1,carga no topo,936,181.75,1.0392
v1,carga no topo,936,182.82,1.0397
v1,carga no topo,936,183.89,1.0401
v1,carga no topo,936,184.97,1.0406
v1,carga no topo,936,186.06,1.0411
v1,carga no topo,936,187.15,1.0416
v1,carga no topo,936,188.25,1.0421
v1,carga no topo,936,189.36,1.0427
v1,carga no topo,936,190.47,1.0432
v1,carga no topo,936,191.59,1.0437
v1,carga no topo,936,192.71,1.0443
v1,carga no topo,936,193.85,1.0448
v1,carga no topo,936,194.98,1.0454
v1,carga no topo,936,196.13,1.0459
v1,carga no topo,936,197.28,1.0465
v1,carga no topo,936,198.44,1.0471
v1,carga no topo,936,199.61,1.0476
v1,carga no topo,936,200.78,1.0482
v1,carga no topo,936,201.96,1.0488
v1,carga no topo,936,203.14,1.0494
v1,carga no topo,936,204.34,1.05
v1,carga no topo,936,205.54,1.0507
v1,carga no topo,936,206.75,1.0513
v1,carga no topo,936,207.96,1.0519
v1,carga no topo,936,209.18,1.0526
v1,carga no topo,936,210.41,1.0532
v1,carga no topo,936,211.65,1.0539
v1,carga no topo,936,212.89,1.0545
v1,carga no topo,936,214.14,1.0552
v1,carga no topo,936,215.4,1.0559
v1,carga no topo,936,216.66,1.0566
v1,carga no topo,936,217.94,1.0573
v1,carga no topo,936,219.22,1.058
v1,carga no topo,936,220.51,1.0587
v1,carga no topo,936,221.8,1.0595
v1,carga no topo,936,223.1,1.0602
v1,carga no topo,936,224.41,1.061
v1,carga no topo,936,225.73,1.0617
v1,carga no topo,936,227.06,1.0625
v1,carga no topo,936,228.39,1.0633
v1,carga no topo,936,229.73,1.0641
v1,carga no topo,936,231.08,1.0649
v1,carga no topo,936,232.44,1.0657
v1,carga no topo,936,233.81,1.0665
v1,carga no topo,936,235.18,1.0674
v1,carga no topo,936,236.56,1.0682
v1,carga no topo,936,237.95,1.0691
v1,carga no topo,936,239.35,1.0699
v1,carga no topo,936,240.76,1.0708
v1,carga no topo,936,242.17,1.0717
v1,carga no topo,936,243.59,1.0726
v1,carga no topo,936,245.02,1.0735
v1,carga no topo,936,246.46,1.0745
v1,carga no topo,936,247.91,1.0754
v1,carga no topo,936,249.37,1.0764
v1,carga no topo,936,250.83,1.0773
v1,carga no topo,936,252.31,1.0783
v1,carga no topo,936,253.79,1.0793
v1,carga no topo,936,255.28,1.0803
v1,carga no topo,936,256.78,1.0814
v1,carga no topo,936,258.29,1.0824
v1,carga no topo,936,259.81,1.0835
v1,carga no topo,936,261.33,1.0845
v1,carga no topo,936,262.87,1.0856
v1,carga no topo,936,264.41,1.0867
v1,carga no topo,936,265.96,1.0878
v1,carga no topo,936,267.53,1.0889
v1,carga no topo,936,269.1,1.0901
v1,carga no topo,936,270.68,1.0912
v1,carga no topo,936,272.27,1.0924
v1,carga no topo,936,273.87,1.0936
v1,carga no topo,936,275.48,1.0948
v1,carga no topo,936,277.1,1.096
v1,carga no topo,936,278.72,1.0973
v1,carga no topo,936,280.36,1.0985
v1,carga no topo,936,282.01,1.0998
v1,carga no topo,936,283.66,1.1011
v1,carga no topo,936,285.33,1.1024
v1,carga no topo,936,287.01,1.1037
v1,carga no topo,936,288.69,1.1051
v1,carga no topo,936,290.39,1.1065
v1,carga no topo,936,292.1,1.1078
v1,carga no topo,936,293.81,1.1093
v1,carga no topo,936,295.54,1.1107
v1,carga no topo,936,297.27,1.1121
v1,carga no topo,936,299.02,1.1136
v1,carga no topo,936,300.78,1.1151
v1,carga no topo,936,302.54,1.1166
v1,carga no topo,936,304.32,1.1182
v1,carga no topo,936,306.11,1.1197
v1,carga no topo,936,307.91,1.1213
v1,carga no topo,936,309.72,1.1229
v1,carga no topo,936,311.54,1.1245
v1,carga no topo,936,313.37,1.1262
v1,carga no topo,936,315.21,1.1278
v1,carga no topo,936,317.06,1.1296
v1,carga no topo,936,318.92,1.1313
v1,carga no topo,936,320.79,1.133
v1,carga no topo,936,322.68,1.1348
v1,carga no topo,936,324.57,1.1366
v1,carga no topo,936,326.48,1.1384
v1,carga no topo,936,328.4,1.1403
v1,carga no topo,936,330.33,1.1422
v1,carga no topo,936,332.27,1.1441
v1,carga no topo,936,334.22,1.1461
v1,carga no topo,936,336.18,1.148
v1,carga no topo,936,338.16,1.15
v1,carga no topo,936,340.15,1.1521
v1,carga no topo,936,342.14,1.1541
v1,carga no topo,936,344.15,1.1562
v1,carga no topo,936,346.18,1.1584
v1,carga no topo,936,348.21,1.1605
v1,carga no topo,936,350.25,1.1627
v1,carga no topo,936,352.31,1.165
v1,carga no topo,936,354.38,1.1672
v1,carga no topo,936,356.46,1.1695
v1,carga no topo,936,358.56,1.1719
v1,carga no topo,936,360.66,1.1742
v1,carga no topo,936,362.78,1.1767
v1,carga no topo,936,364.91,1.1791
v1,carga no topo,936,367.06,1.1816
v1,carga no topo,936,369.21,1.1841
v1,carga no topo,936,371.38,1.1867
v1,carga no topo,936,373.57,1.1893
v1,carga no topo,936,375.76,1.192
v1,carga no topo,936,377.97,1.1947
v1,carga no topo,936,380.19,1.1974
v1,carga no topo,936,382.42,1.2002
v1,carga no topo,936,384.67,1.2031
v1,carga no topo,936,386.93,1.2059
v1,carga no topo,936,389.2,1.2089
v1,carga no topo,936,391.49,1.2119
v1,carga no topo,936,393.79,1.2149
v1,carga no topo,936,396.1,1.218
v1,carga no topo,936,398.43,1.2211
v1,carga no topo,936,400.77,1.2243
v1,carga no topo,936,403.12,1.2275
v1,carga no topo,936,405.49,1.2308
v1,carga no topo,936,407.87,1.2342
v1,carga no topo,936,410.27,1.2376
v1,carga no topo,936,412.68,1.2411
v1,carga no topo,936,415.1,1.2446
v1,carga no topo,936,417.54,1.2482
v1,carga no topo,936,419.99,1.2518
v1,carga no topo,936,422.46,1.2556
v1,carga no topo,936,424.94,1.2594
v1,carga no topo,936,427.44,1.2632
v1,carga no topo,936,429.95,1.2671
v1,carga no topo,936,432.48,1.2711
v1,carga no topo,936,435.02,1.2752
v1,carga no topo,936,437.57,1.2794
v1,carga no topo,936,440.14,1.2836
v1,carga no topo,936,442.73,1.2879
v1,carga no topo,936,445.33,1.2922
v1,carga no topo,936,447.95,1.2967
v1,carga no topo,936,450.58,1.3013
v1,carga no topo,936,453.22,1.3059
v1,carga no topo,936,455.89,1.3106
v1,carga no topo,936,458.57,1.3154
v1,carga no topo,936,461.26,1.3203
v1,carga no topo,936,463.97,1.3253
v1,carga no topo,936,466.69,1.3304
v1,carga no topo,936,469.44,1.3356
v1,carga no topo,936,472.19,1.3409
v1,carga no topo,936,474.97,1.3463
v1,carga no topo,936,477.76,1.3518
v1,carga no topo,936,480.56,1.3574
v1,carga no topo,936,483.39,1.3632
v1,carga no topo,936,486.23,1.369
v1,carga no topo,936,489.08,1.375
v1,carga no topo,936,491.96,1.3811
v1,carga no topo,936,494.85,1.3873
v1,carga no topo,936,497.75,1.3936
v1,carga no topo,936,500.68,1.4001
v1,carga no topo,936,503.62,1.4067
v1,carga no topo,936,506.58,1.4135
v1,carga no topo,936,509.55,1.4204
v1,carga no topo,936,512.55,1.4275
v1,carga no topo,936,515.56,1.4347
v1,carga no topo,936,518.59,1.4421
v1,carga no topo,936,521.63,1.4496
v1,carga no topo,936,524.7,1.4573
v1,carga no topo,936,527.78,1.4652
v1,carga no topo,936,530.88,1.4733
v1,carga no topo,936,534,1.4815
v1,carga no topo,936,537.14,1.4899
v1,carga no topo,936,540.29,1.4986
v1,carga no topo,936,543.47,1.5074
v1,carga no topo,936,546.66,1.5165
v1,carga no topo,936,549.87,1.5257
v1,carga no topo,936,553.1,1.5352
v1,carga no topo,936,556.35,1.5449
v1,carga no topo,936,559.62,1.5549
v1,carga no topo,936,562.91,1.5651
v1,carga no topo,936,566.21,1.5756
v1,carga no topo,936,569.54,1.5863
v1,carga no topo,936,572.88,1.5973
v1,carga no topo,936,576.25,1.6086
v1,carga no topo,936,579.64,1.6202
v1,carga no topo,936,583.04,1.6321
v1,carga no topo,936,586.47,1.6443
v1,carga no topo,936,589.91,1.6569
v1,carga no topo,936,593.38,1.6698
v1,carga no topo,936,596.86,1.683
v1,carga no topo,936,600.37,1.6966
v1,carga no topo,936,603.9,1.7106
v1,carga no topo,936,607.44,1.725
v1,carga no topo,936,611.01,1.7399
v1,carga no topo,936,614.6,1.7551
v1,carga no topo,936,618.21,1.7708
v1,carga no topo,936,621.84,1.787
v1,carga no topo,936,625.5,1.8037
v1,carga no topo,936,629.17,1.8209
v1,carga no topo,936,632.87,1.8386
v1,carga no topo,936,636.59,1.8569
v1,carga no topo,936,640.33,1.8757
v1,carga no topo,936,644.09,1.8952
v1,carga no topo,936,647.87,1.9153
v1,carga no topo,936,651.68,1.9361
v1,carga no topo,936,655.5,1.9576
v1,carga no topo,936,659.36,1.9799
v1,carga no topo,936,663.23,2.0029
v1,carga no topo,936,667.13,2.0267
v1,carga no topo,936,671.04,2.0514
v1,carga no topo,936,674.99,2.077
v1,carga no topo,936,678.95,2.1036
v1,carga no topo,936,682.94,2.1312
v1,carga no topo,936,686.95,2.1598
v1,carga no topo,936,690.99,2.1896
v1,carga no topo,936,695.05,2.2205
v1,carga no topo,936,699.13,2.2527
v1,carga no topo,936,703.24,2.2862
v1,carga no topo,936,707.37,2.3212
v1,carga no topo,936,711.52,2.3577
v1,carga no topo,936,715.7,2.3957
v1,carga no topo,936,719.91,2.4355
v1,carga no topo,936,724.14,2.4771
v1,carga no topo,936,728.39,2.5206
v1,carga no topo,936,732.67,2.5662
v1,carga no topo,936,736.98,2.614
v1,carga no topo,936,741.3,2.6642
v1,carga no topo,936,745.66,2.717
v1,carga no topo,936,750.04,2.7726
v1,carga no topo,936,754.45,2.8311
v1,carga no topo,936,758.88,2.8928
v1,carga no topo,936,763.34,2.958
v1,carga no topo,936,767.82,3.027
v1,carga no topo,936,772.33,3.1001
v1,carga no topo,936,776.87,3.1777
v1,carga no topo,936,781.43,3.2602
v1,carga no topo,936,786.02,3.348
v1,carga no topo,936,790.64,3.4417
v1,carga no topo,936,795.29,3.5418
v1,carga no topo,936,799.96,3.6491
v1,carga no topo,936,804.66,3.7643
v1,carga no topo,936,809.38,3.8883
v1,carga no topo,936,814.14,4.022
v1,carga no topo,936,818.92,4.1668
v1,carga no topo,936,823.73,4.3238
v1,carga no topo,936,828.57,4.4947
v1,carga no topo,936,833.44,4.6813
v1,carga no topo,936,838.34,4.8858
v1,carga no topo,936,843.26,5.1108
v1,carga no topo,936,848.21,5.3593
v1,carga no topo,936,853.2,5.635
v1,carga no topo,936,858.21,5.9421
v1,carga no topo,936,863.25,6.2861
v1,carga no topo,936,868.32,6.6731
v1,carga no topo,936,873.42,7.111
v1,carga no topo,936,878.55,7.6087
v1,carga no topo,936,883.72,8.1773
v1,carga no topo,936,888.91,8.8292
v1,carga no topo,936,894.13,9.5783
v1,carga no topo,936,899.38,10.438
v1,carga no topo,936,904.66,11.417
v1,carga no topo,936,909.98,12.513
v1,carga no topo,936,915.33,13.693
v1,carga no topo,936,920.7,14.876
v1,carga no topo,936,926.11,15.907
v1,carga no topo,936,931.55,16.568
v1,carga no topo,936,937.02,16.667
v1,carga no topo,936,942.53,16.153
v1,carga no topo,936,948.07,15.161
v1,carga no topo,936,953.64,13.915
v1,carga no topo,936,959.24,12.615
v1,carga no topo,936,964.87,11.381
v1,carga no topo,936,970.54,10.268
v1,carga no topo,936,976.24,9.2903
v1,carga no topo,936,981.98,8.44
v1,carga no topo,936,987.75,7.7032
v1,carga no topo,936,993.55,7.064
v1,carga no topo,936,999.39,6.5075
v1,carga no topo,936,1005.3,6.0206
v1,carga no topo,936,1011.2,5.5925
v1,carga no topo,936,1017.1,5.214
v1,carga no topo,936,1023.1,4.8775
v1,carga no topo,936,1029.1,4.5768
v1,carga no topo,936,1035.1,4.3068
v1,carga no topo,936,1041.2,4.0633
v1,carga no topo,936,1047.3,3.8427
v1,carga no topo,936,1053.5,3.642
v1,carga no topo,936,1059.7,3.4587
v1,carga no topo,936,1065.9,3.2908
v1,carga no topo,936,1072.2,3.1365
v1,carga no topo,936,1078.5,2.9942
v1,carga no topo,936,1084.8,2.8626
v1,carga no topo,936,1091.2,2.7405
v1,carga no topo,936,1097.6,2.6271
v1,carga no topo,936,1104,2.5214
v1,carga no topo,936,1110.5,2.4227
v1,carga no topo,936,1117,2.3303
v1,carga no topo,936,1123.6,2.2436
v1,carga no topo,936,1130.2,2.1623
v1,carga no topo,936,1136.8,2.0857
v1,carga no topo,936,1143.5,2.0135
v1,carga no topo,936,1150.2,1.9453
v1,carga no topo,936,1157,1.8809
v1,carga no topo,936,1163.8,1.8199
v1,carga no topo,936,1170.6,1.762
v1,carga no topo,936,1177.5,1.7071
v1,carga no topo,936,1184.4,1.6549
v1,carga no topo,936,1191.4,1.6052
v1,carga no topo,936,1198.4,1.5578
v1,carga no topo,936,1205.4,1.5127
v1,carga no topo,936,1212.5,1.4696
v1,carga no topo,936,1219.6,1.4284
v1,carga no topo,936,1226.8,1.389
v1,carga no topo,936,1234,1.3513
v1,carga no topo,936,1241.2,1.3152
v1,carga no topo,936,1248.5,1.2806
v1,carga no topo,936,1255.9,1.2473
v1,carga no topo,936,1263.2,1.2154
v1,carga no topo,936,1270.7,1.1847
v1,carga no topo,936,1278.1,1.1552
v1,carga no topo,936,1285.6,1.1268
v1,carga no topo,936,1293.2,1.0995
v1,carga no topo,936,1300.8,1.0731
v1,carga no topo,936,1308.4,1.0477
v1,carga no topo,936,1316.1,1.0232
v1,carga no topo,936,1323.8,0.99957
v1,carga no topo,936,1331.6,0.97672
v1,carga no topo,936,1339.4,0.95464
v1,carga no topo,936,1347.3,0.93329
v1,carga no topo,936,1355.2,0.91265
v1,carga no topo,936,1363.2,0.89267
v1,carga no topo,936,1371.2,0.87332
v1,carga no topo,936,1379.3,0.85459
v1,carga no topo,936,1387.4,0.83643
v1,carga no topo,936,1395.5,0.81883
v1,carga no topo,936,1403.7,0.80176
v1,carga no topo,936,1412,0.7852
v1,carga no topo,936,1420.2,0.76913
v1,carga no topo,936,1428.6,0.75352
v1,carga no topo,936,1437,0.73836
v1,carga no topo,936,1445.4,0.72364
v1,carga no topo,936,1453.9,0.70932
v1,carga no topo,936,1462.5,0.69541
v1,carga no topo,936,1471,0.68187
v1,carga no topo,936,1479.7,0.66871
v1,carga no topo,936,1488.4,0.65589
v1,carga no topo,936,1497.1,0.64342
v1,carga no topo,936,1505.9,0.63127
v1,carga no topo,936,1514.8,0.61944
v1,carga no topo,936,1523.7,0.60792
v1,carga no topo,936,1532.6,0.59669
v1,carga no topo,936,1541.6,0.58574
v1,carga no topo,936,1550.7,0.57506
v1,carga no topo,936,1559.8,0.56465
v1,carga no topo,936,1569,0.55449
v1,carga no topo,936,1578.2,0.54459
v1,carga no topo,936,1587.4,0.53491
v1,carga no topo,936,1596.8,0.52547
v1,carga no topo,936,1606.1,0.51625
v1,carga no topo,936,1615.6,0.50725
v1,carga no topo,936,1625.1,0.49846
v1,carga no topo,936,1634.6,0.48987
v1,carga no topo,936,1644.2,0.48147
v1,carga no topo,936,1653.9,0.47327
v1,carga no topo,936,1663.6,0.46524
v1,carga no topo,936,1673.4,0.4574
v1,carga no topo,936,1683.2,0.44973
v1,carga no topo,936,1693.1,0.44223
v1,carga no topo,936,1703,0.43489
v1,carga no topo,936,1713,0.42771
v1,carga no topo,936,1723.1,0.42068
v1,carga no topo,936,1733.2,0.4138
v1,carga no topo,936,1743.4,0.40707
v1,carga no topo,936,1753.6,0.40048
v1,carga no topo,936,1764,0.39403
v1,carga no topo,936,1774.3,0.3877
v1,carga no topo,936,1784.7,0.38151
v1,carga no topo,936,1795.2,0.37544
v1,carga no topo,936,1805.8,0.3695
v1,carga no topo,936,1816.4,0.36368
v1,carga no topo,936,1827,0.35797
v1,carga no topo,936,1837.8,0.35237
v1,carga no topo,936,1848.6,0.34689
v1,carga no topo,936,1859.4,0.34151
v1,carga no topo,936,1870.4,0.33624
v1,carga no topo,936,1881.3,0.33107
v1,carga no topo,936,1892.4,0.32599
v1,carga no topo,936,1903.5,0.32102
v1,carga no topo,936,1914.7,0.31614
v1,carga no topo,936,1925.9,0.31135
v1,carga no topo,936,1937.3,0.30665
v1,carga no topo,936,1948.6,0.30204
v1,carga no topo,936,1960.1,0.29751
v1,carga no topo,936,1971.6,0.29307
v1,carga no topo,936,1983.2,0.28871
v1,carga no topo,936,1994.8,0.28443
v1,carga no topo,936,2006.6,0.28022
v1,carga no topo,936,2018.3,0.27609
v1,carga no topo,936,2030.2,0.27204
v1,carga no topo,936,2042.1,0.26806
v1,carga no topo,936,2054.1,0.26415
v1,carga no topo,936,2066.2,0.26031
v1,carga no topo,936,2078.3,0.25653
v1,carga no topo,936,2090.5,0.25282
v1,carga no topo,936,2102.8,0.24918
v1,carga no topo,936,2115.2,0.2456
v1,carga no topo,936,2127.6,0.24208
v1,carga no topo,936,2140.1,0.23862
v1,carga no topo,936,2152.7,0.23522
v1,carga no topo,936,2165.3,0.23188
v1,carga no topo,936,2178,0.2286
v1,carga no topo,936,2190.8,0.22537
v1,carga no topo,936,2203.7,0.22219
v1,carga no topo,936,2216.6,0.21907
v1,carga no topo,936,2229.7,0.216
v1,carga no topo,936,2242.8,0.21298
v1,carga no topo,936,2255.9,0.21001
v1,carga no topo,936,2269.2,0.20709
v1,carga no topo,936,2282.5,0.20422
v1,carga no topo,936,2295.9,0.20139
v1,carga no topo,936,2309.4,0.19861
v1,carga no topo,936,2323,0.19587
v1,carga no topo,936,2336.6,0.19318
v1,carga no topo,936,2350.4,0.19053
v1,carga no topo,936,2364.2,0.18793
v1,carga no topo,936,2378.1,0.18536
v1,carga no topo,936,2392,0.18284
v1,carga no topo,936,2406.1,0.18036
v1,carga no topo,936,2420.2,0.17791
v1,carga no topo,936,2434.4,0.17551
v1,carga no topo,936,2448.7,0.17314
v1,carga no topo,936,2463.1,0.17081
v1,carga no topo,936,2477.6,0.16851
v1,carga no topo,936,2492.1,0.16625
v1,carga no topo,936,2506.8,0.16403
v1,carga no topo,936,2521.5,0.16184
v1,carga no topo,936,2536.3,0.15968
v1,carga no topo,936,2551.2,0.15755
v1,carga no topo,936,2566.2,0.15546
v1,carga no topo,936,2581.3,0.1534
v1,carga no topo,936,2596.5,0.15137
v1,carga no topo,936,2611.7,0.14937
v1,carga no topo,936,2627.1,0.14741
v1,carga no topo,936,2642.5,0.14547
v1,carga no topo,936,2658,0.14356
v1,carga no topo,936,2673.6,0.14168
v1,carga no topo,936,2689.3,0.13982
v1,carga no topo,936,2705.1,0.138
v1,carga no topo,936,2721,0.1362
v1,carga no topo,936,2737,0.13443
v1,carga no topo,936,2753.1,0.13268
v1,carga no topo,936,2769.3,0.13096
v1,carga no topo,936,2785.5,0.12926
v1,carga no topo,936,2801.9,0.12759
v1,carga no topo,936,2818.3,0.12595
v1,carga no topo,936,2834.9,0.12432
v1,carga no topo,936,2851.6,0.12272
v1,carga no topo,936,2868.3,0.12115
v1,carga no topo,936,2885.2,0.11959
v1,carga no topo,936,2902.1,0.11806
v1,carga no topo,936,2919.2,0.11655
v1,carga no topo,936,2936.3,0.11507
v1,carga no topo,936,2953.6,0.1136
v1,carga no topo,936,2970.9,0.11215
v1,carga no topo,936,2988.4,0.11073
v1,carga no topo,936,3005.9,0.10932
v1,carga no topo,936,3023.6,0.10794
v1,carga no topo,936,3041.3,0.10657
v1,carga no topo,936,3059.2,0.10523
v1,carga no topo,936,3077.2,0.1039
v1,carga no topo,936,3095.3,0.10259
v1,carga no topo,936,3113.4,0.1013
v1,carga no topo,936,3131.7,0.10003
v1,carga no topo,936,3150.1,0.098772
v1,carga no topo,936,3168.6,0.097534
v1,carga no topo,936,3187.2,0.096314
v1,carga no topo,936,3206,0.09511
v1,carga no topo,936,3224.8,0.093923
v1,carga no topo,936,3243.7,0.092753
v1,carga no topo,936,3262.8,0.091598
v1,carga no topo,936,3282,0.09046
v1,carga no topo,936,3301.3,0.089336
v1,carga no topo,936,3320.6,0.088229
v1,carga no topo,936,3340.2,0.087136
v1,carga no topo,936,3359.8,0.086058
v1,carga no topo,936,3379.5,0.084995
v1,carga no topo,936,3399.4,0.083946
v1,carga no topo,936,3419.3,0.082912
v1,carga no topo,936,3439.4,0.081891
v1,carga no topo,936,3459.6,0.080884
v1,carga no topo,936,3480,0.079891
v1,carga no topo,936,3500.4,0.078911
v1,carga no topo,936,3521,0.077944
v1,carga no topo,936,3541.6,0.076991
v1,carga no topo,936,3562.4,0.07605
v1,carga no topo,936,3583.4,0.075121
v1,carga no topo,936,3604.4,0.074205
v1,carga no topo,936,3625.6,0.073301
v1,carga no topo,936,3646.9,0.072409
v1,carga no topo,936,3668.3,0.071529
v1,carga no topo,936,3689.9,0.070661
v1,carga no topo,936,3711.6,0.069804
v1,carga no topo,936,3733.4,0.068958
v1,carga no topo,936,3755.3,0.068124
v1,carga no topo,936,3777.3,0.0673
v1,carga no topo,936,3799.5,0.066487
v1,carga no topo,936,3821.9,0.065685
v1,carga no topo,936,3844.3,0.064894
v1,carga no topo,936,3866.9,0.064113
v1,carga no topo,936,3889.6,0.063342
v1,carga no topo,936,3912.5,0.062581
v1,carga no topo,936,3935.4,0.06183
v1,carga no topo,936,3958.6,0.061089
v1,carga no topo,936,3981.8,0.060358
v1,carga no topo,936,4005.2,0.059636
v1,carga no topo,936,4028.7,0.058923
v1,carga no topo,936,4052.4,0.05822
v1,carga no topo,936,4076.2,0.057525
v1,carga no topo,936,4100.2,0.05684
v1,carga no topo,936,4124.2,0.056163
v1,carga no topo,936,4148.5,0.055496
v1,carga no topo,936,4172.8,0.054836
v1,carga no topo,936,4197.4,0.054186
v1,carga no topo,936,4222,0.053543
v1,carga no topo,936,4246.8,0.052909
v1,carga no topo,936,4271.8,0.052283
v1,carga no topo,936,4296.9,0.051665
v1,carga no topo,936,4322.1,0.051055
v1,carga no topo,936,4347.5,0.050453
v1,carga no topo,936,4373,0.049858
v1,carga no topo,936,4398.7,0.049271
v1,carga no topo,936,4424.6,0.048692
v1,carga no topo,936,4450.6,0.04812
v1,carga no topo,936,4476.7,0.047555
v1,carga no topo,936,4503,0.046997
v1,carga no topo,936,4529.5,0.046446
v1,carga no topo,936,4556.1,0.045903
v1,carga no topo,936,4582.8,0.045366
v1,carga no topo,936,4609.8,0.044836
v1,carga no topo,936,4636.8,0.044312
v1,carga no topo,936,4664.1,0.043796
v1,carga no topo,936,4691.5,0.043285
v1,carga no topo,936,4719,0.042781
v1,carga no topo,936,4746.8,0.042284
v1,carga no topo,936,4774.6,0.041793
v1,carga no topo,936,4802.7,0.041308
v1,carga no topo,936,4830.9,0.040829
v1,carga no topo,936,4859.3,0.040356
v1,carga no topo,936,4887.8,0.039889
v1,carga no topo,936,4916.5,0.039427
v1,carga no topo,936,4945.4,0.038972
v1,carga no topo,936,4974.5,0.038522
v1,carga no topo,936,5003.7,0.038078
v1,carga no topo,936,5033.1,0.037639
v1,carga no topo,936,5062.7,0.037206
v1,carga no topo,936,5092.4,0.036778
v1,carga no topo,936,5122.3,0.036356
v1,carga no topo,936,5152.4,0.035938
v1,carga no topo,936,5182.7,0.035526
v1,carga no topo,936,5213.1,0.035119
v1,carga no topo,936,5243.8,0.034717
v1,carga no topo,936,5274.6,0.03432
v1,carga no topo,936,5305.5,0.033928
v1,carga no topo,936,5336.7,0.033541
v1,carga no topo,936,5368.1,0.033159
v1,carga no topo,936,5399.6,0.032781
v1,carga no topo,936,5431.3,0.032408
v1,carga no topo,936,5463.2,0.03204
v1,carga no topo,936,5495.3,0.031676
v1,carga no topo,936,5527.6,0.031316
v1,carga no topo,936,5560.1,0.030961
v1,carga no topo,936,5592.7,0.030611
v1,carga no topo,936,5625.6,0.030264
v1,carga no topo,936,5658.6,0.029922
v1,carga no topo,936,5691.9,0.029584
v1,carga no topo,936,5725.3,0.029251
v1,carga no topo,936,5759,0.028921
v1,carga no topo,936,5792.8,0.028595
v1,carga no topo,936,5826.8,0.028274
v1,carga no topo,936,5861.1,0.027956
v1,carga no topo,936,5895.5,0.027642
v1,carga no topo,936,5930.1,0.027332
v1,carga no topo,936,5965,0.027026
v1,carga no topo,936,6000,0.026723
v1,carga no piso,1181,100,1.0072
v1,carga no piso,1181,100.59,1.0073
v1,carga no piso,1181,101.18,1.0074
v1,carga no piso,1181,101.77,1.0075
v1,carga no piso,1181,102.37,1.0076
v1,carga no piso,1181,102.97,1.0077
v1,carga no piso,1181,103.58,1.0078
v1,carga no piso,1181,104.19,1.0078
v1,carga no piso,1181,104.8,1.0079
v1,carga no piso,1181,105.41,1.008
v1,carga no piso,1181,106.03,1.0081
v1,carga no piso,1181,106.66,1.0082
v1,carga no piso,1181,107.28,1.0083
v1,carga no piso,1181,107.91,1.0084
v1,carga no piso,1181,108.55,1.0085
v1,carga no piso,1181,109.18,1.0086
v1,carga no piso,1181,109.83,1.0087
v1,carga no piso,1181,110.47,1.0088
v1,carga no piso,1181,111.12,1.0089
v1,carga no piso,1181,111.77,1.009
v1,carga no piso,1181,112.43,1.0091
v1,carga no piso,1181,113.09,1.0093
v1,carga no piso,1181,113.75,1.0094
v1,carga no piso,1181,114.42,1.0095
v1,carga no piso,1181,115.09,1.0096
v1,carga no piso,1181,115.77,1.0097
v1,carga no piso,1181,116.45,1.0098
v1,carga no piso,1181,117.13,1.0099
v1,carga no piso,1181,117.82,1.0101
v1,carga no piso,1181,118.51,1.0102
v1,carga no piso,1181,119.21,1.0103
v1,carga no piso,1181,119.91,1.0104
v1,carga no piso,1181,120.62,1.0105
v1,carga no piso,1181,121.32,1.0107
v1,carga no piso,1181,122.04,1.0108
v1,carga no piso,1181,122.75,1.0109
v1,carga no piso,1181,123.47,1.0111
v1,carga no piso,1181,124.2,1.0112
v1,carga no piso,1181,124.93,1.0113
v1,carga no piso,1181,125.66,1.0115
v1,carga no piso,1181,126.4,1.0116
v1,carga no piso,1181,127.14,1.0117
v1,carga no piso,1181,127.89,1.0119
v1,carga no piso,1181,128.64,1.012
v1,carga no piso,1181,129.4,1.0122
v1,carga no piso,1181,130.16,1.0123
v1,carga no piso,1181,130.92,1.0124
v1,carga no piso,1181,131.69,1.0126
v1,carga no piso,1181,132.47,1.0127
v1,carga no piso,1181,133.24,1.0129
v1,carga no piso,1181,134.03,1.013
v1,carga no piso,1181,134.81,1.0132
v1,carga no piso,1181,135.61,1.0134
v1,carga no piso,1181,136.4,1.0135
v1,carga no piso,1181,137.2,1.0137
v1,carga no piso,1181,138.01,1.0138
v1,carga no piso,1181,138.82,1.014
v1,carga no piso,1181,139.64,1.0142
v1,carga no piso,1181,140.46,1.0143
v1,carga no piso,1181,141.28,1.0145
v1,carga no piso,1181,142.11,1.0147
v1,carga no piso,1181,142.95,1.0149
v1,carga no piso,1181,143.79,1.015
v1,carga no piso,1181,144.63,1.0152
v1,carga no piso,1181,145.48,1.0154
v1,carga no piso,1181,146.34,1.0156
v1,carga no piso,1181,147.2,1.0158
v1,carga no piso,1181,148.06,1.016
v1,carga no piso,1181,148.93,1.0162
v1,carga no piso,1181,149.8,1.0164
v1,carga no piso,1181,150.68,1.0165
v1,carga no piso,1181,151.57,1.0167
v1,carga no piso,1181,152.46,1.0169
v1,carga no piso,1181,153.36,1.0171
v1,carga no piso,1181,154.26,1.0174
v1,carga no piso,1181,155.16,1.0176
v1,carga no piso,1181,156.07,1.0178
v1,carga no piso,1181,156.99,1.018
v1,carga no piso,1181,157.91,1.0182
v1,carga no piso,1181,158.84,1.0184
v1,carga no piso,1181,159.77,1.0186
v1,carga no piso,1181,160.71,1.0189
v1,carga no piso,1181,161.66,1.0191
v1,carga no piso,1181,162.61,1.0193
v1,carga no piso,1181,163.56,1.0196
v1,carga no piso,1181,164.52,1.0198
v1,carga no piso,1181,165.49,1.02
v1,carga no piso,1181,166.46,1.0203
v1,carga no piso,1181,167.44,1.0205
v1,carga no piso,1181,168.42,1.0208
v1,carga no piso,1181,169.41,1.021
v1,carga no piso,1181,170.41,1.0213
v1,carga no piso,1181,171.41,1.0215
v1,carga no piso,1181,172.42,1.0218
v1,carga no piso,1181,173.43,1.022
v1,carga no piso,1181,174.45,1.0223
v1,carga no piso,1181,175.47,1.0226
v1,carga no piso,1181,176.5,1.0228
v1,carga no piso,1181,177.54,1.0231
v1,carga no piso,1181,178.58,1.0234
v1,carga no piso,1181,179.63,1.0237
v1,carga no piso,1181,180.69,1.024
v1,carga no piso,1181,181.75,1.0243
v1,carga no piso,1181,182.82,1.0245
v1,carga no piso,1181,183.89,1.0248
v1,carga no piso,1181,184.97,1.0251
v1,carga no piso,1181,186.06,1.0254
v1,carga no piso,1181,187.15,1.0258
v1,carga no piso,1181,188.25,1.0261
v1,carga no piso,1181,189.36,1.0264
v1,carga no piso,1181,190.47,1.0267
v1,carga no piso,1181,191.59,1.027
v1,carga no piso,1181,192.71,1.0274
v1,carga no piso,1181,193.85,1.0277
v1,carga no piso,1181,194.98,1.028
v1,carga no piso,1181,196.13,1.0284
v1,carga no piso,1181,197.28,1.0287
v1,carga no piso,1181,198.44,1.0291
v1,carga no piso,1181,199.61,1.0294
v1,carga no piso,1181,200.78,1.0298
v1,carga no piso,1181,201.96,1.0301
v1,carga no piso,1181,203.14,1.0305
v1,carga no piso,1181,204.34,1.0309
v1,carga no piso,1181,205.54,1.0312
v1,carga no piso,1181,206.75,1.0316
v1,carga no piso,1181,207.96,1.032
v1,carga no piso,1181,209.18,1.0324
v1,carga no piso,1181,210.41,1.0328
v1,carga no piso,1181,211.65,1.0332
v1,carga no piso,1181,212.89,1.0336
v1,carga no piso,1181,214.14,1.034
v1,carga no piso,1181,215.4,1.0344
v1,carga no piso,1181,216.66,1.0348
v1,carga no piso,1181,217.94,1.0352
v1,carga no piso,1181,219.22,1.0357
v1,carga no piso,1181,220.51,1.0361
v1,carga no piso,1181,221.8,1.0366
v1,carga no piso,1181,223.1,1.037
v1,carga no piso,1181,224.41,1.0375
v1,carga no piso,1181,225.73,1.0379
v1,carga no piso,1181,227.06,1.0384
v1,carga no piso,1181,228.39,1.0388
v1,carga no piso,1181,229.73,1.0393
v1,carga no piso,1181,231.08,1.0398
v1,carga no piso,1181,232.44,1.0403
v1,carga no piso,1181,233.81,1.0408
v1,carga no piso,1181,235.18,1.0413
v1,carga no piso,1181,236.56,1.0418
v1,carga no piso,1181,237.95,1.0423
v1,carga no piso,1181,239.35,1.0428
v1,carga no piso,1181,240.76,1.0434
v1,carga no piso,1181,242.17,1.0439
v1,carga no piso,1181,243.59,1.0444
v1,carga no piso,1181,245.02,1.045
v1,carga no piso,1181,246.46,1.0455
v1,carga no piso,1181,247.91,1.0461
v1,carga no piso,1181,249.37,1.0467
v1,carga no piso,1181,250.83,1.0472
v1,carga no piso,1181,252.31,1.0478
v1,carga no piso,1181,253.79,1.0484
v1,carga no piso,1181,255.28,1.049
v1,carga no piso,1181,256.78,1.0496
v1,carga no piso,1181,258.29,1.0502
v1,carga no piso,1181,259.81,1.0508
v1,carga no piso,1181,261.33,1.0515
v1,carga no piso,1181,262.87,1.0521
v1,carga no piso,1181,264.41,1.0528
v1,carga no piso,1181,265.96,1.0534
v1,carga no piso,1181,267.53,1.0541
v1,carga no piso,1181,269.1,1.0548
v1,carga no piso,1181,270.68,1.0554
v1,carga no piso,1181,272.27,1.0561
v1,carga no piso,1181,273.87,1.0568
v1,carga no piso,1181,275.48,1.0575
v1,carga no piso,1181,277.1,1.0582
v1,carga no piso,1181,278.72,1.059
v1,carga no piso,1181,280.36,1.0597
v1,carga no piso,1181,282.01,1.0605
v1,carga no piso,1181,283.66,1.0612
v1,carga no piso,1181,285.33,1.062
v1,carga no piso,1181,287.01,1.0628
v1,carga no piso,1181,288.69,1.0635
v1,carga no piso,1181,290.39,1.0643
v1,carga no piso,1181,292.1,1.0651
v1,carga no piso,1181,293.81,1.066
v1,carga no piso,1181,295.54,1.0668
v1,carga no piso,1181,297.27,1.0676
v1,carga no piso,1181,299.02,1.0685
v1,carga no piso,1181,300.78,1.0693
v1,carga no piso,1181,302.54,1.0702
v1,carga no piso,1181,304.32,1.0711
v1,carga no piso,1181,306.11,1.072
v1,carga no piso,1181,307.91,1.0729
v1,carga no piso,1181,309.72,1.0738
v1,carga no piso,1181,311.54,1.0748
v1,carga no piso,1181,313.37,1.0757
v1,carga no piso,1181,315.21,1.0767
v1,carga no piso,1181,317.06,1.0776
v1,carga no piso,1181,318.92,1.0786
v1,carga no piso,1181,320.79,1.0796
v1,carga no piso,1181,322.68,1.0806
v1,carga no piso,1181,324.57,1.0817
v1,carga no piso,1181,326.48,1.0827
v1,carga no piso,1181,328.4,1.0838
v1,carga no piso,1181,330.33,1.0848
v1,carga no piso,1181,332.27,1.0859
v1,carga no piso,1181,334.22,1.087
v1,carga no piso,1181,336.18,1.0881
v1,carga no piso,1181,338.16,1.0893
v1,carga no piso,1181,340.15,1.0904
v1,carga no piso,1181,342.14,1.0916
v1,carga no piso,1181,344.15,1.0928
v1,carga no piso,1181,346.18,1.094
v1,carga no piso,1181,348.21,1.0952
v1,carga no piso,1181,350.25,1.0964
v1,carga no piso,1181,352.31,1.0977
v1,carga no piso,1181,354.38,1.0989
v1,carga no piso,1181,356.46,1.1002
v1,carga no piso,1181,358.56,1.1015
v1,carga no piso,1181,360.66,1.1028
v1,carga no piso,1181,362.78,1.1042
v1,carga no piso,1181,364.91,1.1055
v1,carga no piso,1181,367.06,1.1069
v1,carga no piso,1181,369.21,1.1083
v1,carga no piso,1181,371.38,1.1097
v1,carga no piso,1181,373.57,1.1111
v1,carga no piso,1181,375.76,1.1126
v1,carga no piso,1181,377.97,1.1141
v1,carga no piso,1181,380.19,1.1156
v1,carga no piso,1181,382.42,1.1171
v1,carga no piso,1181,384.67,1.1186
v1,carga no piso,1181,386.93,1.1202
v1,carga no piso,1181,389.2,1.1218
v1,carga no piso,1181,391.49,1.1234
v1,carga no piso,1181,393.79,1.125
v1,carga no piso,1181,396.1,1.1267
v1,carga no piso,1181,398.43,1.1284
v1,carga no piso,1181,400.77,1.1301
v1,carga no piso,1181,403.12,1.1318
v1,carga no piso,1181,405.49,1.1336
v1,carga no piso,1181,407.87,1.1354
v1,carga no piso,1181,410.27,1.1372
v1,carga no piso,1181,412.68,1.139
v1,carga no piso,1181,415.1,1.1409
v1,carga no piso,1181,417.54,1.1428
v1,carga no piso,1181,419.99,1.1447
v1,carga no piso,1181,422.46,1.1467
v1,carga no piso,1181,424.94,1.1486
v1,carga no piso,1181,427.44,1.1507
v1,carga no piso,1181,429.95,1.1527
v1,carga no piso,1181,432.48,1.1548
v1,carga no piso,1181,435.02,1.1569
v1,carga no piso,1181,437.57,1.159
v1,carga no piso,1181,440.14,1.1612
v1,carga no piso,1181,442.73,1.1634
v1,carga no piso,1181,445.33,1.1656
v1,carga no piso,1181,447.95,1.1679
v1,carga no piso,1181,450.58,1.1702
v1,carga no piso,1181,453.22,1.1726
v1,carga no piso,1181,455.89,1.175
v1,carga no piso,1181,458.57,1.1774
v1,carga no piso,1181,461.26,1.1799
v1,carga no piso,1181,463.97,1.1824
v1,carga no piso,1181,466.69,1.1849
v1,carga no piso,1181,469.44,1.1875
v1,carga no piso,1181,472.19,1.1901
v1,carga no piso,1181,474.97,1.1928
v1,carga no piso,1181,477.76,1.1955
v1,carga no piso,1181,480.56,1.1983
v1,carga no piso,1181,483.39,1.2011
v1,carga no piso,1181,486.23,1.2039
v1,carga no piso,1181,489.08,1.2068
v1,carga no piso,1181,491.96,1.2098
v1,carga no piso,1181,494.85,1.2128
v1,carga no piso,1181,497.75,1.2158
v1,carga no piso,1181,500.68,1.2189
v1,carga no piso,1181,503.62,1.2221
v1,carga no piso,1181,506.58,1.2253
v1,carga no piso,1181,509.55,1.2285
v1,carga no piso,1181,512.55,1.2318
v1,carga no piso,1181,515.56,1.2352
v1,carga no piso,1181,518.59,1.2386
v1,carga no piso,1181,521.63,1.2421
v1,carga no piso,1181,524.7,1.2457
v1,carga no piso,1181,527.78,1.2493
v1,carga no piso,1181,530.88,1.253
v1,carga no piso,1181,534,1.2567
v1,carga no piso,1181,537.14,1.2605
v1,carga no piso,1181,540.29,1.2644
v1,carga no piso,1181,543.47,1.2684
v1,carga no piso,1181,546.66,1.2724
v1,carga no piso,1181,549.87,1.2765
v1,carga no piso,1181,553.1,1.2806
v1,carga no piso,1181,556.35,1.2849
v1,carga no piso,1181,559.62,1.2892
v1,carga no piso,1181,562.91,1.2936
v1,carga no piso,1181,566.21,1.2981
v1,carga no piso,1181,569.54,1.3027
v1,carga no piso,1181,572.88,1.3073
v1,carga no piso,1181,576.25,1.3121
v1,carga no piso,1181,579.64,1.3169
v1,carga no piso,1181,583.04,1.3218
v1,carga no piso,1181,586.47,1.3269
v1,carga no piso,1181,589.91,1.332
v1,carga no piso,1181,593.38,1.3372
v1,carga no piso,1181,596.86,1.3425
v1,carga no piso,1181,600.37,1.348
v1,carga no piso,1181,603.9,1.3535
v1,carga no piso,1181,607.44,1.3592
v1,carga no piso,1181,611.01,1.3649
v1,carga no piso,1181,614.6,1.3708
v1,carga no piso,1181,618.21,1.3768
v1,carga no piso,1181,621.84,1.383
v1,carga no piso,1181,625.5,1.3892
v1,carga no piso,1181,629.17,1.3956
v1,carga no piso,1181,632.87,1.4021
v1,carga no piso,1181,636.59,1.4088
v1,carga no piso,1181,640.33,1.4156
v1,carga no piso,1181,644.09,1.4226
v1,carga no piso,1181,647.87,1.4297
v1,carga no piso,1181,651.68,1.4369
v1,carga no piso,1181,655.5,1.4444
v1,carga no piso,1181,659.36,1.452
v1,carga no piso,1181,663.23,1.4597
v1,carga no piso,1181,667.13,1.4677
v1,carga no piso,1181,671.04,1.4758
v1,carga no piso,1181,674.99,1.4841
v1,carga no piso,1181,678.95,1.4926
v1,carga no piso,1181,682.94,1.5013
v1,carga no piso,1181,686.95,1.5102
v1,carga no piso,1181,690.99,1.5193
v1,carga no piso,1181,695.05,1.5286
v1,carga no piso,1181,699.13,1.5382
v1,carga no piso,1181,703.24,1.548
v1,carga no piso,1181,707.37,1.558
v1,carga no piso,1181,711.52,1.5683
v1,carga no piso,1181,715.7,1.5789
v1,carga no piso,1181,719.91,1.5897
v1,carga no piso,1181,724.14,1.6008
v1,carga no piso,1181,728.39,1.6122
v1,carga no piso,1181,732.67,1.6238
v1,carga no piso,1181,736.98,1.6358
v1,carga no piso,1181,741.3,1.6481
v1,carga no piso,1181,745.66,1.6608
v1,carga no piso,1181,750.04,1.6738
v1,carga no piso,1181,754.45,1.6872
v1,carga no piso,1181,758.88,1.7009
v1,carga no piso,1181,763.34,1.715
v1,carga no piso,1181,767.82,1.7295
v1,carga no piso,1181,772.33,1.7445
v1,carga no piso,1181,776.87,1.7599
v1,carga no piso,1181,781.43,1.7757
v1,carga no piso,1181,786.02,1.7921
v1,carga no piso,1181,790.64,1.8089
v1,carga no piso,1181,795.29,1.8262
v1,carga no piso,1181,799.96,1.8441
v1,carga no piso,1181,804.66,1.8626
v1,carga no piso,1181,809.38,1.8816
v1,carga no piso,1181,814.14,1.9013
v1,carga no piso,1181,818.92,1.9216
v1,carga no piso,1181,823.73,1.9426
v1,carga no piso,1181,828.57,1.9644
v1,carga no piso,1181,833.44,1.9868
v1,carga no piso,1181,838.34,2.0101
v1,carga no piso,1181,843.26,2.0342
v1,carga no piso,1181,848.21,2.0592
v1,carga no piso,1181,853.2,2.0851
v1,carga no piso,1181,858.21,2.1119
v1,carga no piso,1181,863.25,2.1398
v1,carga no piso,1181,868.32,2.1688
v1,carga no piso,1181,873.42,2.1989
v1,carga no piso,1181,878.55,2.2302
v1,carga no piso,1181,883.72,2.2628
v1,carga no piso,1181,888.91,2.2968
v1,carga no piso,1181,894.13,2.3322
v1,carga no piso,1181,899.38,2.3692
v1,carga no piso,1181,904.66,2.4077
v1,carga no piso,1181,909.98,2.448
v1,carga no piso,1181,915.33,2.4902
v1,carga no piso,1181,920.7,2.5343
v1,carga no piso,1181,926.11,2.5806
v1,carga no piso,1181,931.55,2.6292
v1,carga no piso,1181,937.02,2.6801
v1,carga no piso,1181,942.53,2.7337
v1,carga no piso,1181,948.07,2.7902
v1,carga no piso,1181,953.64,2.8497
v1,carga no piso,1181,959.24,2.9124
v1,carga no piso,1181,964.87,2.9788
v1,carga no piso,1181,970.54,3.049
v1,carga no piso,1181,976.24,3.1234
v1,carga no piso,1181,981.98,3.2025
v1,carga no piso,1181,987.75,3.2865
v1,carga no piso,1181,993.55,3.3761
v1,carga no piso,1181,999.39,3.4717
v1,carga no piso,1181,1005.3,3.5739
v1,carga no piso,1181,1011.2,3.6836
v1,carga no piso,1181,1017.1,3.8013
v1,carga no piso,1181,1023.1,3.9282
v1,carga no piso,1181,1029.1,4.0652
v1,carga no piso,1181,1035.1,4.2135
v1,carga no piso,1181,1041.2,4.3746
v1,carga no piso,1181,1047.3,4.5501
v1,carga no piso,1181,1053.5,4.742
v1,carga no piso,1181,1059.7,4.9525
v1,carga no piso,1181,1065.9,5.1844
v1,carga no piso,1181,1072.2,5.4408
v1,carga no piso,1181,1078.5,5.7256
v1,carga no piso,1181,1084.8,6.0434
v1,carga no piso,1181,1091.2,6.3998
v1,carga no piso,1181,1097.6,6.8016
v1,carga no piso,1181,1104,7.2567
v1,carga no piso,1181,1110.5,7.7749
v1,carga no piso,1181,1117,8.3677
v1,carga no piso,1181,1123.6,9.0479
v1,carga no piso,1181,1130.2,9.8296
v1,carga no piso,1181,1136.8,10.725
v1,carga no piso,1181,1143.5,11.742
v1,carga no piso,1181,1150.2,12.868
v1,carga no piso,1181,1157,14.061
v1,carga no piso,1181,1163.8,15.218
v1,carga no piso,1181,1170.6,16.159
v1,carga no piso,1181,1177.5,16.665
v1,carga no piso,1181,1184.4,16.572
v1,carga no piso,1181,1191.4,15.89
v1,carga no piso,1181,1198.4,14.795
v1,carga no piso,1181,1205.4,13.515
v1,carga no piso,1181,1212.5,12.226
v1,carga no piso,1181,1219.6,11.026
v1,carga no piso,1181,1226.8,9.9543
v1,carga no piso,1181,1234,9.0166
v1,carga no piso,1181,1241.2,8.2028
v1,carga no piso,1181,1248.5,7.4976
v1,carga no piso,1181,1255.9,6.8852
v1,carga no piso,1181,1263.2,6.3514
v1,carga no piso,1181,1270.7,5.8836
v1,carga no piso,1181,1278.1,5.4716
v1,carga no piso,1181,1285.6,5.1066
v1,carga no piso,1181,1293.2,4.7817
v1,carga no piso,1181,1300.8,4.491
v1,carga no piso,1181,1308.4,4.2295
v1,carga no piso,1181,1316.1,3.9933
v1,carga no piso,1181,1323.8,3.7791
v1,carga no piso,1181,1331.6,3.584
v1,carga no piso,1181,1339.4,3.4057
v1,carga no piso,1181,1347.3,3.2422
v1,carga no piso,1181,1355.2,3.0917
v1,carga no piso,1181,1363.2,2.9528
v1,carga no piso,1181,1371.2,2.8242
v1,carga no piso,1181,1379.3,2.7049
v1,carga no piso,1181,1387.4,2.5939
v1,carga no piso,1181,1395.5,2.4904
v1,carga no piso,1181,1403.7,2.3937
v1,carga no piso,1181,1412,2.3031
v1,carga no piso,1181,1420.2,2.2182
v1,carga no piso,1181,1428.6,2.1383
v1,carga no piso,1181,1437,2.0631
v1,carga no piso,1181,1445.4,1.9922
v1,carga no piso,1181,1453.9,1.9252
v1,carga no piso,1181,1462.5,1.8618
v1,carga no piso,1181,1471,1.8018
v1,carga no piso,1181,1479.7,1.7449
v1,carga no piso,1181,1488.4,1.6908
v1,carga no piso,1181,1497.1,1.6394
v1,carga no piso,1181,1505.9,1.5904
v1,carga no piso,1181,1514.8,1.5438
v1,carga no piso,1181,1523.7,1.4993
v1,carga no piso,1181,1532.6,1.4568
v1,carga no piso,1181,1541.6,1.4162
v1,carga no piso,1181,1550.7,1.3773
v1,carga no piso,1181,1559.8,1.3401
v1,carga no piso,1181,1569,1.3044
v1,carga no piso,1181,1578.2,1.2702
v1,carga no piso,1181,1587.4,1.2374
v1,carga no piso,1181,1596.8,1.2059
v1,carga no piso,1181,1606.1,1.1756
v1,carga no piso,1181,1615.6,1.1464
v1,carga no piso,1181,1625.1,1.1183
v1,carga no piso,1181,1634.6,1.0913
v1,carga no piso,1181,1644.2,1.0653
v1,carga no piso,1181,1653.9,1.0401
v1,carga no piso,1181,1663.6,1.0159
v1,carga no piso,1181,1673.4,0.99248
v1,carga no piso,1181,1683.2,0.96987
v1,carga no piso,1181,1693.1,0.94802
v1,carga no piso,1181,1703,0.92689
v1,carga no piso,1181,1713,0.90645
v1,carga no piso,1181,1723.1,0.88667
v1,carga no piso,1181,1733.2,0.86751
v1,carga no piso,1181,1743.4,0.84896
v1,carga no piso,1181,1753.6,0.83097
v1,carga no piso,1181,1764,0.81354
v1,carga no piso,1181,1774.3,0.79663
v1,carga no piso,1181,1784.7,0.78022
v1,carga no piso,1181,1795.2,0.76429
v1,carga no piso,1181,1805.8,0.74883
v1,carga no piso,1181,1816.4,0.7338
v1,carga no piso,1181,1827,0.7192
v1,carga no piso,1181,1837.8,0.70502
v1,carga no piso,1181,1848.6,0.69122
v1,carga no piso,1181,1859.4,0.6778
v1,carga no piso,1181,1870.4,0.66474
v1,carga no piso,1181,1881.3,0.65203
v1,carga no piso,1181,1892.4,0.63966
v1,carga no piso,1181,1903.5,0.62761
v1,carga no piso,1181,1914.7,0.61588
v1,carga no piso,1181,1925.9,0.60444
v1,carga no piso,1181,1937.3,0.5933
v1,carga no piso,1181,1948.6,0.58244
v1,carga no piso,1181,1960.1,0.57184
v1,carga no piso,1181,1971.6,0.56151
v1,carga no piso,1181,1983.2,0.55143
v1,carga no piso,1181,1994.8,0.54159
v1,carga no piso,1181,2006.6,0.53199
v1,carga no piso,1181,2018.3,0.52262
v1,carga no piso,1181,2030.2,0.51347
v1,carga no piso,1181,2042.1,0.50453
v1,carga no piso,1181,2054.1,0.4958
v1,carga no piso,1181,2066.2,0.48727
v1,carga no piso,1181,2078.3,0.47894
v1,carga no piso,1181,2090.5,0.47079
v1,carga no piso,1181,2102.8,0.46282
v1,carga no piso,1181,2115.2,0.45503
v1,carga no piso,1181,2127.6,0.44741
v1,carga no piso,1181,2140.1,0.43996
v1,carga no piso,1181,2152.7,0.43267
v1,carga no piso,1181,2165.3,0.42554
v1,carga no piso,1181,2178,0.41856
v1,carga no piso,1181,2190.8,0.41173
v1,carga no piso,1181,2203.7,0.40504
v1,carga no piso,1181,2216.6,0.39849
v1,carga no piso,1181,2229.7,0.39207
v1,carga no piso,1181,2242.8,0.38579
v1,carga no piso,1181,2255.9,0.37964
v1,carga no piso,1181,2269.2,0.37361
v1,carga no piso,1181,2282.5,0.3677
v1,carga no piso,1181,2295.9,0.36191
v1,carga no piso,1181,2309.4,0.35624
v1,carga no piso,1181,2323,0.35068
v1,carga no piso,1181,2336.6,0.34523
v1,carga no piso,1181,2350.4,0.33988
v1,carga no piso,1181,2364.2,0.33464
v1,carga no piso,1181,2378.1,0.3295
v1,carga no piso,1181,2392,0.32446
v1,carga no piso,1181,2406.1,0.31951
v1,carga no piso,1181,2420.2,0.31466
v1,carga no piso,1181,2434.4,0.3099
v1,carga no piso,1181,2448.7,0.30523
v1,carga no piso,1181,2463.1,0.30064
v1,carga no piso,1181,2477.6,0.29614
v1,carga no piso,1181,2492.1,0.29172
v1,carga no piso,1181,2506.8,0.28739
v1,carga no piso,1181,2521.5,0.28313
v1,carga no piso,1181,2536.3,0.27895
v1,carga no piso,1181,2551.2,0.27484
v1,carga no piso,1181,2566.2,0.27081
v1,carga no piso,1181,2581.3,0.26685
v1,carga no piso,1181,2596.5,0.26296
v1,carga no piso,1181,2611.7,0.25914
v1,carga no piso,1181,2627.1,0.25539
v1,carga no piso,1181,2642.5,0.2517
v1,carga no piso,1181,2658,0.24808
v1,carga no piso,1181,2673.6,0.24451
v1,carga no piso,1181,2689.3,0.24101
v1,carga no piso,1181,2705.1,0.23757
v1,carga no piso,1181,2721,0.23419
v1,carga no piso,1181,2737,0.23087
v1,carga no piso,1181,2753.1,0.2276
v1,carga no piso,1181,2769.3,0.22439
v1,carga no piso,1181,2785.5,0.22123
v1,carga no piso,1181,2801.9,0.21812
v1,carga no piso,1181,2818.3,0.21507
v1,carga no piso,1181,2834.9,0.21206
v1,carga no piso,1181,2851.6,0.20911
v1,carga no piso,1181,2868.3,0.2062
v1,carga no piso,1181,2885.2,0.20334
v1,carga no piso,1181,2902.1,0.20053
v1,carga no piso,1181,2919.2,0.19777
v1,carga no piso,1181,2936.3,0.19504
v1,carga no piso,1181,2953.6,0.19237
v1,carga no piso,1181,2970.9,0.18973
v1,carga no piso,1181,2988.4,0.18714
v1,carga no piso,1181,3005.9,0.18459
v1,carga no piso,1181,3023.6,0.18208
v1,carga no piso,1181,3041.3,0.1796
v1,carga no piso,1181,3059.2,0.17717
v1,carga no piso,1181,3077.2,0.17478
v1,carga no piso,1181,3095.3,0.17242
v1,carga no piso,1181,3113.4,0.1701
v1,carga no piso,1181,3131.7,0.16781
v1,carga no piso,1181,3150.1,0.16557
v1,carga no piso,1181,3168.6,0.16335
v1,carga no piso,1181,3187.2,0.16117
v1,carga no piso,1181,3206,0.15902
v1,carga no piso,1181,3224.8,0.15691
v1,carga no piso,1181,3243.7,0.15483
v1,carga no piso,1181,3262.8,0.15278
v1,carga no piso,1181,3282,0.15076
v1,carga no piso,1181,3301.3,0.14877
v1,carga no piso,1181,3320.6,0.14681
v1,carga no piso,1181,3340.2,0.14488
v1,carga no piso,1181,3359.8,0.14298
v1,carga no piso,1181,3379.5,0.1411
v1,carga no piso,1181,3399.4,0.13926
v1,carga no piso,1181,3419.3,0.13744
v1,carga no piso,1181,3439.4,0.13565
v1,carga no piso,1181,3459.6,0.13389
v1,carga no piso,1181,3480,0.13215
v1,carga no piso,1181,3500.4,0.13044
v1,carga no piso,1181,3521,0.12875
v1,carga no piso,1181,3541.6,0.12708
v1,carga no piso,1181,3562.4,0.12545
v1,carga no piso,1181,3583.4,0.12383
v1,carga no piso,1181,3604.4,0.12224
v1,carga no piso,1181,3625.6,0.12067
v1,carga no piso,1181,3646.9,0.11912
v1,carga no piso,1181,3668.3,0.1176
v1,carga no piso,1181,3689.9,0.1161
v1,carga no piso,1181,3711.6,0.11461
v1,carga no piso,1181,3733.4,0.11315
v1,carga no piso,1181,3755.3,0.11171
v1,carga no piso,1181,3777.3,0.1103
v1,carga no piso,1181,3799.5,0.1089
v1,carga no piso,1181,3821.9,0.10752
v1,carga no piso,1181,3844.3,0.10616
v1,carga no piso,1181,3866.9,0.10482
v1,carga no piso,1181,3889.6,0.1035
v1,carga no piso,1181,3912.5,0.10219
v1,carga no piso,1181,3935.4,0.10091
v1,carga no piso,1181,3958.6,0.09964
v1,carga no piso,1181,3981.8,0.098391
v1,carga no piso,1181,4005.2,0.097158
v1,carga no piso,1181,4028.7,0.095943
v1,carga no piso,1181,4052.4,0.094745
v1,carga no piso,1181,4076.2,0.093563
v1,carga no piso,1181,4100.2,0.092397
v1,carga no piso,1181,4124.2,0.091248
v1,carga no piso,1181,4148.5,0.090114
v1,carga no piso,1181,4172.8,0.088995
v1,carga no piso,1181,4197.4,0.087892
v1,carga no piso,1181,4222,0.086804
v1,carga no piso,1181,4246.8,0.085731
v1,carga no piso,1181,4271.8,0.084672
v1,carga no piso,1181,4296.9,0.083628
v1,carga no piso,1181,4322.1,0.082597
v1,carga no piso,1181,4347.5,0.081581
v1,carga no piso,1181,4373,0.080578
v1,carga no piso,1181,4398.7,0.079589
v1,carga no piso,1181,4424.6,0.078613
v1,carga no piso,1181,4450.6,0.077651
v1,carga no piso,1181,4476.7,0.076701
v1,carga no piso,1181,4503,0.075764
v1,carga no piso,1181,4529.5,0.074839
v1,carga no piso,1181,4556.1,0.073926
v1,carga no piso,1181,4582.8,0.073026
v1,carga no piso,1181,4609.8,0.072138
v1,carga no piso,1181,4636.8,0.071261
v1,carga no piso,1181,4664.1,0.070397
v1,carga no piso,1181,4691.5,0.069543
v1,carga no piso,1181,4719,0.068701
v1,carga no piso,1181,4746.8,0.06787
v1,carga no piso,1181,4774.6,0.06705
v1,carga no piso,1181,4802.7,0.06624
v1,carga no piso,1181,4830.9,0.065442
v1,carga no piso,1181,4859.3,0.064653
v1,carga no piso,1181,4887.8,0.063875
v1,carga no piso,1181,4916.5,0.063108
v1,carga no piso,1181,4945.4,0.06235
v1,carga no piso,1181,4974.5,0.061602
v1,carga no piso,1181,5003.7,0.060864
v1,carga no piso,1181,5033.1,0.060135
v1,carga no piso,1181,5062.7,0.059416
v1,carga no piso,1181,5092.4,0.058706
v1,carga no piso,1181,5122.3,0.058006
v1,carga no piso,1181,5152.4,0.057314
v1,carga no piso,1181,5182.7,0.056632
v1,carga no piso,1181,5213.1,0.055958
v1,carga no piso,1181,5243.8,0.055293
v1,carga no piso,1181,5274.6,0.054636
v1,carga no piso,1181,5305.5,0.053988
v1,carga no piso,1181,5336.7,0.053348
v1,carga no piso,1181,5368.1,0.052717
v1,carga no piso,1181,5399.6,0.052093
v1,carga no piso,1181,5431.3,0.051477
v1,carga no piso,1181,5463.2,0.05087
v1,carga no piso,1181,5495.3,0.05027
v1,carga no piso,1181,5527.6,0.049678
v1,carga no piso,1181,5560.1,0.049093
v1,carga no piso,1181,5592.7,0.048516
v1,carga no piso,1181,5625.6,0.047946
v1,carga no piso,1181,5658.6,0.047383
v1,carga no piso,1181,5691.9,0.046827
v1,carga no piso,1181,5725.3,0.046279
v1,carga no piso,1181,5759,0.045737
v1,carga no piso,1181,5792.8,0.045203
v1,carga no piso,1181,5826.8,0.044675
v1,carga no piso,1181,5861.1,0.044153
v1,carga no piso,1181,5895.5,0.043638
v1,carga no piso,1181,5930.1,0.04313
v1,carga no piso,1181,5965,0.042628
v1,carga no piso,1181,6000,0.042133
v2,carga no topo,679,100,1.0222
v2,carga no topo,679,100.59,1.0224
v2,carga no topo,679,101.18,1.0227
v2,carga no topo,679,101.77,1.023
v2,carga no topo,679,102.37,1.0233
v2,carga no topo,679,102.97,1.0235
v2,carga no topo,679,103.58,1.0238
v2,carga no topo,679,104.19,1.0241
v2,carga no topo,679,104.8,1.0244
v2,carga no topo,679,105.41,1.0247
v2,carga no topo,679,106.03,1.025
v2,carga no topo,679,106.66,1.0253
v2,carga no topo,679,107.28,1.0256
v2,carga no topo,679,107.91,1.0259
v2,carga no topo,679,108.55,1.0262
v2,carga no topo,679,109.18,1.0265
v2,carga no topo,679,109.83,1.0269
v2,carga no topo,679,110.47,1.0272
v2,carga no topo,679,111.12,1.0275
v2,carga no topo,679,111.77,1.0278
v2,carga no topo,679,112.43,1.0282
v2,carga no topo,679,113.09,1.0285
v2,carga no topo,679,113.75,1.0289
v2,carga no topo,679,114.42,1.0292
v2,carga no topo,679,115.09,1.0296
v2,carga no topo,679,115.77,1.0299
v2,carga no topo,679,116.45,1.0303
v2,carga no topo,679,117.13,1.0307
v2,carga no topo,679,117.82,1.031
v2,carga no topo,679,118.51,1.0314
v2,carga no topo,679,119.21,1.0318
v2,carga no topo,679,119.91,1.0322
v2,carga no topo,679,120.62,1.0326
v2,carga no topo,679,121.32,1.033
v2,carga no topo,679,122.04,1.0334
v2,carga no topo,679,122.75,1.0338
v2,carga no topo,679,123.47,1.0342
v2,carga no topo,679,124.2,1.0346
v2,carga no topo,679,124.93,1.035
v2,carga no topo,679,125.66,1.0355
v2,carga no topo,679,126.4,1.0359
v2,carga no topo,679,127.14,1.0363
v2,carga no topo,679,127.89,1.0368
v2,carga no topo,679,128.64,1.0372
v2,carga no topo,679,129.4,1.0377
v2,carga no topo,679,130.16,1.0381
v2,carga no topo,679,130.92,1.0386
v2,carga no topo,679,131.69,1.0391
v2,carga no topo,679,132.47,1.0396
v2,carga no topo,679,133.24,1.04
v2,carga no topo,679,134.03,1.0405
v2,carga no topo,679,134.81,1.041
v2,carga no topo,679,135.61,1.0415
v2,carga no topo,679,136.4,1.042
v2,carga no topo,679,137.2,1.0426
v2,carga no topo,679,138.01,1.0431
v2,carga no topo,679,138.82,1.0436
v2,carga no topo,679,139.64,1.0442
v2,carga no topo,679,140.46,1.0447
v2,carga no topo,679,141.28,1.0452
v2,carga no topo,679,142.11,1.0458
v2,carga no topo,679,142.95,1.0464
v2,carga no topo,679,143.79,1.0469
v2,carga no topo,679,144.63,1.0475
v2,carga no topo,679,145.48,1.0481
v2,carga no topo,679,146.34,1.0487
v2,carga no topo,679,147.2,1.0493
v2,carga no topo,679,148.06,1.0499
v2,carga no topo,679,148.93,1.0505
v2,carga no topo,679,149.8,1.0512
v2,carga no topo,679,150.68,1.0518
v2,carga no topo,679,151.57,1.0524
v2,carga no topo,679,152.46,1.0531
v2,carga no topo,679,153.36,1.0537
v2,carga no topo,679,154.26,1.0544
v2,carga no topo,679,155.16,1.0551
v2,carga no topo,679,156.07,1.0558
v2,carga no topo,679,156.99,1.0565
v2,carga no topo,679,157.91,1.0572
v2,carga no topo,679,158.84,1.0579
v2,carga no topo,679,159.77,1.0586
v2,carga no topo,679,160.71,1.0593
v2,carga no topo,679,161.66,1.0601
v2,carga no topo,679,162.61,1.0608
v2,carga no topo,679,163.56,1.0616
v2,carga no topo,679,164.52,1.0624
v2,carga no topo,679,165.49,1.0631
v2,carga no topo,679,166.46,1.0639
v2,carga no topo,679,167.44,1.0647
v2,carga no topo,679,168.42,1.0655
v2,carga no topo,679,169.41,1.0664
v2,carga no topo,679,170.41,1.0672
v2,carga no topo,679,171.41,1.068
v2,carga no topo,679,172.42,1.0689
v2,carga no topo,679,173.43,1.0698
v2,carga no topo,679,174.45,1.0707
v2,carga no topo,679,175.47,1.0715
v2,carga no topo,679,176.5,1.0724
v2,carga no topo,679,177.54,1.0734
v2,carga no topo,679,178.58,1.0743
v2,carga no topo,679,179.63,1.0752
v2,carga no topo,679,180.69,1.0762
v2,carga no topo,679,181.75,1.0772
v2,carga no topo,679,182.82,1.0781
v2,carga no topo,679,183.89,1.0791
v2,carga no topo,679,184.97,1.0801
v2,carga no topo,679,186.06,1.0812
v2,carga no topo,679,187.15,1.0822
v2,carga no topo,679,188.25,1.0832
v2,carga no topo,679,189.36,1.0843
v2,carga no topo,679,190.47,1.0854
v2,carga no topo,679,191.59,1.0865
v2,carga no topo,679,192.71,1.0876
v2,carga no topo,679,193.85,1.0887
v2,carga no topo,679,194.98,1.0898
v2,carga no topo,679,196.13,1.091
v2,carga no topo,679,197.28,1.0922
v2,carga no topo,679,198.44,1.0934
v2,carga no topo,679,199.61,1.0946
v2,carga no topo,679,200.78,1.0958
v2,carga no topo,679,201.96,1.097
v2,carga no topo,679,203.14,1.0983
v2,carga no topo,679,204.34,1.0995
v2,carga no topo,679,205.54,1.1008
v2,carga no topo,679,206.75,1.1021
v2,carga no topo,679,207.96,1.1035
v2,carga no topo,679,209.18,1.1048
v2,carga no topo,679,210.41,1.1062
v2,carga no topo,679,211.65,1.1076
v2,carga no topo,679,212.89,1.109
v2,carga no topo,679,214.14,1.1104
v2,carga no topo,679,215.4,1.1118
v2,carga no topo,679,216.66,1.1133
v2,carga no topo,679,217.94,1.1148
v2,carga no topo,679,219.22,1.1163
v2,carga no topo,679,220.51,1.1178
v2,carga no topo,679,221.8,1.1194
v2,carga no topo,679,223.1,1.121
v2,carga no topo,679,224.41,1.1226
v2,carga no topo,679,225.73,1.1242
v2,carga no topo,679,227.06,1.1258
v2,carga no topo,679,228.39,1.1275
v2,carga no topo,679,229.73,1.1292
v2,carga no topo,679,231.08,1.1309
v2,carga no topo,679,232.44,1.1327
v2,carga no topo,679,233.81,1.1345
v2,carga no topo,679,235.18,1.1363
v2,carga no topo,679,236.56,1.1381
v2,carga no topo,679,237.95,1.1399
v2,carga no topo,679,239.35,1.1418
v2,carga no topo,679,240.76,1.1437
v2,carga no topo,679,242.17,1.1457
v2,carga no topo,679,243.59,1.1476
v2,carga no topo,679,245.02,1.1496
v2,carga no topo,679,246.46,1.1517
v2,carga no topo,679,247.91,1.1537
v2,carga no topo,679,249.37,1.1558
v2,carga no topo,679,250.83,1.1579
v2,carga no topo,679,252.31,1.1601
v2,carga no topo,679,253.79,1.1623
v2,carga no topo,679,255.28,1.1645
v2,carga no topo,679,256.78,1.1668
v2,carga no topo,679,258.29,1.1691
v2,carga no topo,679,259.81,1.1714
v2,carga no topo,679,261.33,1.1738
v2,carga no topo,679,262.87,1.1762
v2,carga no topo,679,264.41,1.1786
v2,carga no topo,679,265.96,1.1811
v2,carga no topo,679,267.53,1.1836
v2,carga no topo,679,269.1,1.1862
v2,carga no topo,679,270.68,1.1888
v2,carga no topo,679,272.27,1.1915
v2,carga no topo,679,273.87,1.1941
v2,carga no topo,679,275.48,1.1969
v2,carga no topo,679,277.1,1.1997
v2,carga no topo,679,278.72,1.2025
v2,carga no topo,679,280.36,1.2054
v2,carga no topo,679,282.01,1.2083
v2,carga no topo,679,283.66,1.2113
v2,carga no topo,679,285.33,1.2143
v2,carga no topo,679,287.01,1.2173
v2,carga no topo,679,288.69,1.2205
v2,carga no topo,679,290.39,1.2236
v2,carga no topo,679,292.1,1.2269
v2,carga no topo,679,293.81,1.2302
v2,carga no topo,679,295.54,1.2335
v2,carga no topo,679,297.27,1.2369
v2,carga no topo,679,299.02,1.2404
v2,carga no topo,679,300.78,1.2439
v2,carga no topo,679,302.54,1.2475
v2,carga no topo,679,304.32,1.2511
v2,carga no topo,679,306.11,1.2548
v2,carga no topo,679,307.91,1.2586
v2,carga no topo,679,309.72,1.2624
v2,carga no topo,679,311.54,1.2664
v2,carga no topo,679,313.37,1.2703
v2,carga no topo,679,315.21,1.2744
v2,carga no topo,679,317.06,1.2785
v2,carga no topo,679,318.92,1.2827
v2,carga no topo,679,320.79,1.287
v2,carga no topo,679,322.68,1.2914
v2,carga no topo,679,324.57,1.2958
v2,carga no topo,679,326.48,1.3003
v2,carga no topo,679,328.4,1.305
v2,carga no topo,679,330.33,1.3097
v2,carga no topo,679,332.27,1.3144
v2,carga no topo,679,334.22,1.3193
v2,carga no topo,679,336.18,1.3243
v2,carga no topo,679,338.16,1.3294
v2,carga no topo,679,340.15,1.3346
v2,carga no topo,679,342.14,1.3398
v2,carga no topo,679,344.15,1.3452
v2,carga no topo,679,346.18,1.3507
v2,carga no topo,679,348.21,1.3563
v2,carga no topo,679,350.25,1.362
v2,carga no topo,679,352.31,1.3678
v2,carga no topo,679,354.38,1.3738
v2,carga no topo,679,356.46,1.3798
v2,carga no topo,679,358.56,1.386
v2,carga no topo,679,360.66,1.3924
v2,carga no topo,679,362.78,1.3988
v2,carga no topo,679,364.91,1.4054
v2,carga no topo,679,367.06,1.4122
v2,carga no topo,679,369.21,1.419
v2,carga no topo,679,371.38,1.4261
v2,carga no topo,679,373.57,1.4333
v2,carga no topo,679,375.76,1.4406
v2,carga no topo,679,377.97,1.4481
v2,carga no topo,679,380.19,1.4558
v2,carga no topo,679,382.42,1.4636
v2,carga no topo,679,384.67,1.4716
v2,carga no topo,679,386.93,1.4799
v2,carga no topo,679,389.2,1.4883
v2,carga no topo,679,391.49,1.4968
v2,carga no topo,679,393.79,1.5056
v2,carga no topo,679,396.1,1.5147
v2,carga no topo,679,398.43,1.5239
v2,carga no topo,679,400.77,1.5333
v2,carga no topo,679,403.12,1.543
v2,carga no topo,679,405.49,1.5529
v2,carga no topo,679,407.87,1.5631
v2,carga no topo,679,410.27,1.5735
v2,carga no topo,679,412.68,1.5842
v2,carga no topo,679,415.1,1.5951
v2,carga no topo,679,417.54,1.6064
v2,carga no topo,679,419.99,1.6179
v2,carga no topo,679,422.46,1.6297
v2,carga no topo,679,424.94,1.6419
v2,carga no topo,679,427.44,1.6544
v2,carga no topo,679,429.95,1.6672
v2,carga no topo,679,432.48,1.6804
v2,carga no topo,679,435.02,1.6939
v2,carga no topo,679,437.57,1.7078
v2,carga no topo,679,440.14,1.7221
v2,carga no topo,679,442.73,1.7369
v2,carga no topo,679,445.33,1.752
v2,carga no topo,679,447.95,1.7677
v2,carga no topo,679,450.58,1.7837
v2,carga no topo,679,453.22,1.8003
v2,carga no topo,679,455.89,1.8174
v2,carga no topo,679,458.57,1.835
v2,carga no topo,679,461.26,1.8532
v2,carga no topo,679,463.97,1.8719
v2,carga no topo,679,466.69,1.8913
v2,carga no topo,679,469.44,1.9113
v2,carga no topo,679,472.19,1.9319
v2,carga no topo,679,474.97,1.9533
v2,carga no topo,679,477.76,1.9754
v2,carga no topo,679,480.56,1.9983
v2,carga no topo,679,483.39,2.0219
v2,carga no topo,679,486.23,2.0465
v2,carga no topo,679,489.08,2.0719
v2,carga no topo,679,491.96,2.0982
v2,carga no topo,679,494.85,2.1256
v2,carga no topo,679,497.75,2.154
v2,carga no topo,679,500.68,2.1836
v2,carga no topo,679,503.62,2.2143
v2,carga no topo,679,506.58,2.2462
v2,carga no topo,679,509.55,2.2795
v2,carga no topo,679,512.55,2.3141
v2,carga no topo,679,515.56,2.3503
v2,carga no topo,679,518.59,2.388
v2,carga no topo,679,521.63,2.4274
v2,carga no topo,679,524.7,2.4687
v2,carga no topo,679,527.78,2.5118
v2,carga no topo,679,530.88,2.557
v2,carga no topo,679,534,2.6043
v2,carga no topo,679,537.14,2.6541
v2,carga no topo,679,540.29,2.7063
v2,carga no topo,679,543.47,2.7613
v2,carga no topo,679,546.66,2.8192
v2,carga no topo,679,549.87,2.8803
v2,carga no topo,679,553.1,2.9448
v2,carga no topo,679,556.35,3.013
v2,carga no topo,679,559.62,3.0853
v2,carga no topo,679,562.91,3.1619
v2,carga no topo,679,566.21,3.2434
v2,carga no topo,679,569.54,3.3301
v2,carga no topo,679,572.88,3.4226
v2,carga no topo,679,576.25,3.5214
v2,carga no topo,679,579.64,3.6272
v2,carga no topo,679,583.04,3.7407
v2,carga no topo,679,586.47,3.8629
v2,carga no topo,679,589.91,3.9946
v2,carga no topo,679,593.38,4.1371
v2,carga no topo,679,596.86,4.2915
v2,carga no topo,679,600.37,4.4595
v2,carga no topo,679,603.9,4.6429
v2,carga no topo,679,607.44,4.8436
v2,carga no topo,679,611.01,5.0643
v2,carga no topo,679,614.6,5.3079
v2,carga no topo,679,618.21,5.5778
v2,carga no topo,679,621.84,5.8783
v2,carga no topo,679,625.5,6.2145
v2,carga no topo,679,629.17,6.5924
v2,carga no topo,679,632.87,7.0195
v2,carga no topo,679,636.59,7.5045
v2,carga no topo,679,640.33,8.058
v2,carga no topo,679,644.09,8.6923
v2,carga no topo,679,647.87,9.421
v2,carga no topo,679,651.68,10.258
v2,carga no topo,679,655.5,11.213
v2,carga no topo,679,659.36,12.287
v2,carga no topo,679,663.23,13.455
v2,carga no topo,679,667.13,14.647
v2,carga no topo,679,671.04,15.724
v2,carga no topo,679,674.99,16.477
v2,carga no topo,679,678.95,16.698
v2,carga no topo,679,682.94,16.3
v2,carga no topo,679,686.95,15.386
v2,carga no topo,679,690.99,14.172
v2,carga no topo,679,695.05,12.871
v2,carga no topo,679,699.13,11.618
v2,carga no topo,679,703.24,10.479
v2,carga no topo,679,707.37,9.4742
v2,carga no topo,679,711.52,8.5995
v2,carga no topo,679,715.7,7.8414
v2,carga no topo,679,719.91,7.184
v2,carga no topo,679,724.14,6.6122
v2,carga no topo,679,728.39,6.1124
v2,carga no topo,679,732.67,5.6734
v2,carga no topo,679,736.98,5.2856
v2,carga no topo,679,741.3,4.9413
v2,carga no topo,679,745.66,4.634
v2,carga no topo,679,750.04,4.3582
v2,carga no topo,679,754.45,4.1098
v2,carga no topo,679,758.88,3.8848
v2,carga no topo,679,763.34,3.6804
v2,carga no topo,679,767.82,3.4939
v2,carga no topo,679,772.33,3.3231
v2,carga no topo,679,776.87,3.1662
v2,carga no topo,679,781.43,3.0216
v2,carga no topo,679,786.02,2.8879
v2,carga no topo,679,790.64,2.7641
v2,carga no topo,679,795.29,2.649
v2,carga no topo,679,799.96,2.5418
v2,carga no topo,679,804.66,2.4418
v2,carga no topo,679,809.38,2.3482
v2,carga no topo,679,814.14,2.2604
v2,carga no topo,679,818.92,2.178
v2,carga no topo,679,823.73,2.1005
v2,carga no topo,679,828.57,2.0275
v2,carga no topo,679,833.44,1.9586
v2,carga no topo,679,838.34,1.8934
v2,carga no topo,679,843.26,1.8317
v2,carga no topo,679,848.21,1.7733
v2,carga no topo,679,853.2,1.7178
v2,carga no topo,679,858.21,1.665
v2,carga no topo,679,863.25,1.6149
v2,carga no topo,679,868.32,1.5671
v2,carga no topo,679,873.42,1.5215
v2,carga no topo,679,878.55,1.478
v2,carga no topo,679,883.72,1.4365
v2,carga no topo,679,888.91,1.3967
v2,carga no topo,679,894.13,1.3587
v2,carga no topo,679,899.38,1.3223
v2,carga no topo,679,904.66,1.2874
v2,carga no topo,679,909.98,1.2538
v2,carga no topo,679,915.33,1.2217
v2,carga no topo,679,920.7,1.1907
v2,carga no topo,679,926.11,1.161
v2,carga no topo,679,931.55,1.1324
v2,carga no topo,679,937.02,1.1048
v2,carga no topo,679,942.53,1.0783
v2,carga no topo,679,948.07,1.0527
v2,carga no topo,679,953.64,1.028
v2,carga no topo,679,959.24,1.0042
v2,carga no topo,679,964.87,0.9812
v2,carga no topo,679,970.54,0.95897
v2,carga no topo,679,976.24,0.93748
v2,carga no topo,679,981.98,0.9167
v2,carga no topo,679,987.75,0.89659
v2,carga no topo,679,993.55,0.87712
v2,carga no topo,679,999.39,0.85826
v2,carga no topo,679,1005.3,0.83999
v2,carga no topo,679,1011.2,0.82228
v2,carga no topo,679,1017.1,0.80511
v2,carga no topo,679,1023.1,0.78845
v2,carga no topo,679,1029.1,0.77228
v2,carga no topo,679,1035.1,0.75659
v2,carga no topo,679,1041.2,0.74134
v2,carga no topo,679,1047.3,0.72653
v2,carga no topo,679,1053.5,0.71214
v2,carga no topo,679,1059.7,0.69814
v2,carga no topo,679,1065.9,0.68453
v2,carga no topo,679,1072.2,0.6713
v2,carga no topo,679,1078.5,0.65841
v2,carga no topo,679,1084.8,0.64587
v2,carga no topo,679,1091.2,0.63366
v2,carga no topo,679,1097.6,0.62177
v2,carga no topo,679,1104,0.61019
v2,carga no topo,679,1110.5,0.5989
v2,carga no topo,679,1117,0.58789
v2,carga no topo,679,1123.6,0.57716
v2,carga no topo,679,1130.2,0.5667
v2,carga no topo,679,1136.8,0.55649
v2,carga no topo,679,1143.5,0.54654
v2,carga no topo,679,1150.2,0.53682
v2,carga no topo,679,1157,0.52733
v2,carga no topo,679,1163.8,0.51807
v2,carga no topo,679,1170.6,0.50902
v2,carga no topo,679,1177.5,0.50019
v2,carga no topo,679,1184.4,0.49156
v2,carga no topo,679,1191.4,0.48313
v2,carga no topo,679,1198.4,0.47488
v2,carga no topo,679,1205.4,0.46682
v2,carga no topo,679,1212.5,0.45895
v2,carga no topo,679,1219.6,0.45124
v2,carga no topo,679,1226.8,0.44371
v2,carga no topo,679,1234,0.43634
v2,carga no topo,679,1241.2,0.42912
v2,carga no topo,679,1248.5,0.42207
v2,carga no topo,679,1255.9,0.41516
v2,carga no topo,679,1263.2,0.4084
v2,carga no topo,679,1270.7,0.40178
v2,carga no topo,679,1278.1,0.3953
v2,carga no topo,679,1285.6,0.38895
v2,carga no topo,679,1293.2,0.38273
v2,carga no topo,679,1300.8,0.37664
v2,carga no topo,679,1308.4,0.37067
v2,carga no topo,679,1316.1,0.36482
v2,carga no topo,679,1323.8,0.35909
v2,carga no topo,679,1331.6,0.35348
v2,carga no topo,679,1339.4,0.34797
v2,carga no topo,679,1347.3,0.34257
v2,carga no topo,679,1355.2,0.33728
v2,carga no topo,679,1363.2,0.33209
v2,carga no topo,679,1371.2,0.32699
v2,carga no topo,679,1379.3,0.322
v2,carga no topo,679,1387.4,0.3171
v2,carga no topo,679,1395.5,0.31229
v2,carga no topo,679,1403.7,0.30758
v2,carga no topo,679,1412,0.30295
v2,carga no topo,679,1420.2,0.2984
v2,carga no topo,679,1428.6,0.29395
v2,carga no topo,679,1437,0.28957
v2,carga no topo,679,1445.4,0.28527
v2,carga no topo,679,1453.9,0.28105
v2,carga no topo,679,1462.5,0.27691
v2,carga no topo,679,1471,0.27284
v2,carga no topo,679,1479.7,0.26884
v2,carga no topo,679,1488.4,0.26492
v2,carga no topo,679,1497.1,0.26106
v2,carga no topo,679,1505.9,0.25728
v2,carga no topo,679,1514.8,0.25356
v2,carga no topo,679,1523.7,0.2499
v2,carga no topo,679,1532.6,0.24631
v2,carga no topo,679,1541.6,0.24277
v2,carga no topo,679,1550.7,0.2393
v2,carga no topo,679,1559.8,0.23589
v2,carga no topo,679,1569,0.23254
v2,carga no topo,679,1578.2,0.22924
v2,carga no topo,679,1587.4,0.226
v2,carga no topo,679,1596.8,0.22282
v2,carga no topo,679,1606.1,0.21969
v2,carga no topo,679,1615.6,0.2166
v2,carga no topo,679,1625.1,0.21358
v2,carga no topo,679,1634.6,0.2106
v2,carga no topo,679,1644.2,0.20767
v2,carga no topo,679,1653.9,0.20478
v2,carga no topo,679,1663.6,0.20195
v2,carga no topo,679,1673.4,0.19916
v2,carga no topo,679,1683.2,0.19641
v2,carga no topo,679,1693.1,0.19371
v2,carga no topo,679,1703,0.19106
v2,carga no topo,679,1713,0.18844
v2,carga no topo,679,1723.1,0.18587
v2,carga no topo,679,1733.2,0.18334
v2,carga no topo,679,1743.4,0.18085
v2,carga no topo,679,1753.6,0.1784
v2,carga no topo,679,1764,0.17598
v2,carga no topo,679,1774.3,0.17361
v2,carga no topo,679,1784.7,0.17127
v2,carga no topo,679,1795.2,0.16896
v2,carga no topo,679,1805.8,0.1667
v2,carga no topo,679,1816.4,0.16447
v2,carga no topo,679,1827,0.16227
v2,carga no topo,679,1837.8,0.1601
v2,carga no topo,679,1848.6,0.15797
v2,carga no topo,679,1859.4,0.15588
v2,carga no topo,679,1870.4,0.15381
v2,carga no topo,679,1881.3,0.15177
v2,carga no topo,679,1892.4,0.14977
v2,carga no topo,679,1903.5,0.14779
v2,carga no topo,679,1914.7,0.14585
v2,carga no topo,679,1925.9,0.14393
v2,carga no topo,679,1937.3,0.14205
v2,carga no topo,679,1948.6,0.14019
v2,carga no topo,679,1960.1,0.13836
v2,carga no topo,679,1971.6,0.13655
v2,carga no topo,679,1983.2,0.13478
v2,carga no topo,679,1994.8,0.13302
v2,carga no topo,679,2006.6,0.1313
v2,carga no topo,679,2018.3,0.1296
v2,carga no topo,679,2030.2,0.12792
v2,carga no topo,679,2042.1,0.12627
v2,carga no topo,679,2054.1,0.12464
v2,carga no topo,679,2066.2,0.12304
v2,carga no topo,679,2078.3,0.12146
v2,carga no topo,679,2090.5,0.1199
v2,carga no topo,679,2102.8,0.11837
v2,carga no topo,679,2115.2,0.11685
v2,carga no topo,679,2127.6,0.11536
v2,carga no topo,679,2140.1,0.11389
v2,carga no topo,679,2152.7,0.11244
v2,carga no topo,679,2165.3,0.11101
v2,carga no topo,679,2178,0.1096
v2,carga no topo,679,2190.8,0.10821
v2,carga no topo,679,2203.7,0.10684
v2,carga no topo,679,2216.6,0.10549
v2,carga no topo,679,2229.7,0.10416
v2,carga no topo,679,2242.8,0.10285
v2,carga no topo,679,2255.9,0.10155
v2,carga no topo,679,2269.2,0.10028
v2,carga no topo,679,2282.5,0.09902
v2,carga no topo,679,2295.9,0.097779
v2,carga no topo,679,2309.4,0.096555
v2,carga no topo,679,2323,0.095348
v2,carga no topo,679,2336.6,0.094158
v2,carga no topo,679,2350.4,0.092984
v2,carga no topo,679,2364.2,0.091827
v2,carga no topo,679,2378.1,0.090685
v2,carga no topo,679,2392,0.089559
v2,carga no topo,679,2406.1,0.088448
v2,carga no topo,679,2420.2,0.087352
v2,carga no topo,679,2434.4,0.086271
v2,carga no topo,679,2448.7,0.085205
v2,carga no topo,679,2463.1,0.084154
v2,carga no topo,679,2477.6,0.083116
v2,carga no topo,679,2492.1,0.082093
v2,carga no topo,679,2506.8,0.081083
v2,carga no topo,679,2521.5,0.080087
v2,carga no topo,679,2536.3,0.079105
v2,carga no topo,679,2551.2,0.078136
v2,carga no topo,679,2566.2,0.077179
v2,carga no topo,679,2581.3,0.076236
v2,carga no topo,679,2596.5,0.075305
v2,carga no topo,679,2611.7,0.074386
v2,carga no topo,679,2627.1,0.07348
v2,carga no topo,679,2642.5,0.072585
v2,carga no topo,679,2658,0.071703
v2,carga no topo,679,2673.6,0.070832
v2,carga no topo,679,2689.3,0.069973
v2,carga no topo,679,2705.1,0.069125
v2,carga no topo,679,2721,0.068289
v2,carga no topo,679,2737,0.067463
v2,carga no topo,679,2753.1,0.066648
v2,carga no topo,679,2769.3,0.065844
v2,carga no topo,679,2785.5,0.06505
v2,carga no topo,679,2801.9,0.064267
v2,carga no topo,679,2818.3,0.063494
v2,carga no topo,679,2834.9,0.062732
v2,carga no topo,679,2851.6,0.061979
v2,carga no topo,679,2868.3,0.061236
v2,carga no topo,679,2885.2,0.060502
v2,carga no topo,679,2902.1,0.059778
v2,carga no topo,679,2919.2,0.059064
v2,carga no topo,679,2936.3,0.058359
v2,carga no topo,679,2953.6,0.057663
v2,carga no topo,679,2970.9,0.056975
v2,carga no topo,679,2988.4,0.056297
v2,carga no topo,679,3005.9,0.055628
v2,carga no topo,679,3023.6,0.054967
v2,carga no topo,679,3041.3,0.054314
v2,carga no topo,679,3059.2,0.05367
v2,carga no topo,679,3077.2,0.053035
v2,carga no topo,679,3095.3,0.052407
v2,carga no topo,679,3113.4,0.051788
v2,carga no topo,679,3131.7,0.051176
v2,carga no topo,679,3150.1,0.050572
v2,carga no topo,679,3168.6,0.049976
v2,carga no topo,679,3187.2,0.049387
v2,carga no topo,679,3206,0.048806
v2,carga no topo,679,3224.8,0.048233
v2,carga no topo,679,3243.7,0.047666
v2,carga no topo,679,3262.8,0.047107
v2,carga no topo,679,3282,0.046555
v2,carga no topo,679,3301.3,0.04601
v2,carga no topo,679,3320.6,0.045472
v2,carga no topo,679,3340.2,0.044941
v2,carga no topo,679,3359.8,0.044416
v2,carga no topo,679,3379.5,0.043898
v2,carga no topo,679,3399.4,0.043386
v2,carga no topo,679,3419.3,0.042881
v2,carga no topo,679,3439.4,0.042382
v2,carga no topo,679,3459.6,0.04189
v2,carga no topo,679,3480,0.041404
v2,carga no topo,679,3500.4,0.040923
v2,carga no topo,679,3521,0.040449
v2,carga no topo,679,3541.6,0.039981
v2,carga no topo,679,3562.4,0.039519
v2,carga no topo,679,3583.4,0.039062
v2,carga no topo,679,3604.4,0.038611
v2,carga no topo,679,3625.6,0.038166
v2,carga no topo,679,3646.9,0.037726
v2,carga no topo,679,3668.3,0.037292
v2,carga no topo,679,3689.9,0.036863
v2,carga no topo,679,3711.6,0.036439
v2,carga no topo,679,3733.4,0.036021
v2,carga no topo,679,3755.3,0.035608
v2,carga no topo,679,3777.3,0.0352
v2,carga no topo,679,3799.5,0.034797
v2,carga no topo,679,3821.9,0.034399
v2,carga no topo,679,3844.3,0.034006
v2,carga no topo,679,3866.9,0.033618
v2,carga no topo,679,3889.6,0.033234
v2,carga no topo,679,3912.5,0.032856
v2,carga no topo,679,3935.4,0.032482
v2,carga no topo,679,3958.6,0.032113
v2,carga no topo,679,3981.8,0.031748
v2,carga no topo,679,4005.2,0.031387
v2,carga no topo,679,4028.7,0.031032
v2,carga no topo,679,4052.4,0.03068
v2,carga no topo,679,4076.2,0.030333
v2,carga no topo,679,4100.2,0.02999
v2,carga no topo,679,4124.2,0.029651
v2,carga no topo,679,4148.5,0.029317
v2,carga no topo,679,4172.8,0.028986
v2,carga no topo,679,4197.4,0.02866
v2,carga no topo,679,4222,0.028337
v2,carga no topo,679,4246.8,0.028019
v2,carga no topo,679,4271.8,0.027704
v2,carga no topo,679,4296.9,0.027393
v2,carga no topo,679,4322.1,0.027086
v2,carga no topo,679,4347.5,0.026783
v2,carga no topo,679,4373,0.026483
v2,carga no topo,679,4398.7,0.026187
v2,carga no topo,679,4424.6,0.025895
v2,carga no topo,679,4450.6,0.025606
v2,carga no topo,679,4476.7,0.025321
v2,carga no topo,679,4503,0.025039
v2,carga no topo,679,4529.5,0.024761
v2,carga no topo,679,4556.1,0.024486
v2,carga no topo,679,4582.8,0.024214
v2,carga no topo,679,4609.8,0.023946
v2,carga no topo,679,4636.8,0.023681
v2,carga no topo,679,4664.1,0.023419
v2,carga no topo,679,4691.5,0.02316
v2,carga no topo,679,4719,0.022904
v2,carga no topo,679,4746.8,0.022652
v2,carga no topo,679,4774.6,0.022402
v2,carga no topo,679,4802.7,0.022156
v2,carga no topo,679,4830.9,0.021912
v2,carga no topo,679,4859.3,0.021671
v2,carga no topo,679,4887.8,0.021434
v2,carga no topo,679,4916.5,0.021199
v2,carga no topo,679,4945.4,0.020967
v2,carga no topo,679,4974.5,0.020738
v2,carga no topo,679,5003.7,0.020511
v2,carga no topo,679,5033.1,0.020287
v2,carga no topo,679,5062.7,0.020066
v2,carga no topo,679,5092.4,0.019848
v2,carga no topo,679,5122.3,0.019632
v2,carga no topo,679,5152.4,0.019419
v2,carga no topo,679,5182.7,0.019208
v2,carga no topo,679,5213.1,0.019
v2,carga no topo,679,5243.8,0.018794
v2,carga no topo,679,5274.6,0.018591
v2,carga no topo,679,5305.5,0.01839
v2,carga no topo,679,5336.7,0.018192
v2,carga no topo,679,5368.1,0.017996
v2,carga no topo,679,5399.6,0.017802
v2,carga no topo,679,5431.3,0.01761
v2,carga no topo,679,5463.2,0.017421
v2,carga no topo,679,5495.3,0.017234
v2,carga no topo,679,5527.6,0.01705
v2,carga no topo,679,5560.1,0.016867
v2,carga no topo,679,5592.7,0.016687
v2,carga no topo,679,5625.6,0.016509
v2,carga no topo,679,5658.6,0.016333
v2,carga no topo,679,5691.9,0.016159
v2,carga no topo,679,5725.3,0.015987
v2,carga no topo,679,5759,0.015817
v2,carga no topo,679,5792.8,0.015649
v2,carga no topo,679,5826.8,0.015483
v2,carga no topo,679,5861.1,0.01532
v2,carga no topo,679,5895.5,0.015158
v2,carga no topo,679,5930.1,0.014998
v2,carga no topo,679,5965,0.014839
v2,carga no topo,679,6000,0.014683
v2,carga no piso,1670,100,1.0036
v2,carga no piso,1670,100.59,1.0036
v2,carga no piso,1670,101.18,1.0037
v2,carga no piso,1670,101.77,1.0037
v2,carga no piso,1670,102.37,1.0038
v2,carga no piso,1670,102.97,1.0038
v2,carga no piso,1670,103.58,1.0039
v2,carga no piso,1670,104.19,1.0039
v2,carga no piso,1670,104.8,1.004
v2,carga no piso,1670,105.41,1.004
v2,carga no piso,1670,106.03,1.004
v2,carga no piso,1670,106.66,1.0041
v2,carga no piso,1670,107.28,1.0041
v2,carga no piso,1670,107.91,1.0042
v2,carga no piso,1670,108.55,1.0042
v2,carga no piso,1670,109.18,1.0043
v2,carga no piso,1670,109.83,1.0043
v2,carga no piso,1670,110.47,1.0044
v2,carga no piso,1670,111.12,1.0044
v2,carga no piso,1670,111.77,1.0045
v2,carga no piso,1670,112.43,1.0046
v2,carga no piso,1670,113.09,1.0046
v2,carga no piso,1670,113.75,1.0047
v2,carga no piso,1670,114.42,1.0047
v2,carga no piso,1670,115.09,1.0048
v2,carga no piso,1670,115.77,1.0048
v2,carga no piso,1670,116.45,1.0049
v2,carga no piso,1670,117.13,1.0049
v2,carga no piso,1670,117.82,1.005
v2,carga no piso,1670,118.51,1.0051
v2,carga no piso,1670,119.21,1.0051
v2,carga no piso,1670,119.91,1.0052
v2,carga no piso,1670,120.62,1.0052
v2,carga no piso,1670,121.32,1.0053
v2,carga no piso,1670,122.04,1.0054
v2,carga no piso,1670,122.75,1.0054
v2,carga no piso,1670,123.47,1.0055
v2,carga no piso,1670,124.2,1.0056
v2,carga no piso,1670,124.93,1.0056
v2,carga no piso,1670,125.66,1.0057
v2,carga no piso,1670,126.4,1.0058
v2,carga no piso,1670,127.14,1.0058
v2,carga no piso,1670,127.89,1.0059
v2,carga no piso,1670,128.64,1.006
v2,carga no piso,1670,129.4,1.006
v2,carga no piso,1670,130.16,1.0061
v2,carga no piso,1670,130.92,1.0062
v2,carga no piso,1670,131.69,1.0063
v2,carga no piso,1670,132.47,1.0063
v2,carga no piso,1670,133.24,1.0064
v2,carga no piso,1670,134.03,1.0065
v2,carga no piso,1670,134.81,1.0066
v2,carga no piso,1670,135.61,1.0066
v2,carga no piso,1670,136.4,1.0067
v2,carga no piso,1670,137.2,1.0068
v2,carga no piso,1670,138.01,1.0069
v2,carga no piso,1670,138.82,1.007
v2,carga no piso,1670,139.64,1.007
v2,carga no piso,1670,140.46,1.0071
v2,carga no piso,1670,141.28,1.0072
v2,carga no piso,1670,142.11,1.0073
v2,carga no piso,1670,142.95,1.0074
v2,carga no piso,1670,143.79,1.0075
v2,carga no piso,1670,144.63,1.0076
v2,carga no piso,1670,145.48,1.0076
v2,carga no piso,1670,146.34,1.0077
v2,carga no piso,1670,147.2,1.0078
v2,carga no piso,1670,148.06,1.0079
v2,carga no piso,1670,148.93,1.008
v2,carga no piso,1670,149.8,1.0081
v2,carga no piso,1670,150.68,1.0082
v2,carga no piso,1670,151.57,1.0083
v2,carga no piso,1670,152.46,1.0084
v2,carga no piso,1670,153.36,1.0085
v2,carga no piso,1670,154.26,1.0086
v2,carga no piso,1670,155.16,1.0087
v2,carga no piso,1670,156.07,1.0088
v2,carga no piso,1670,156.99,1.0089
v2,carga no piso,1670,157.91,1.009
v2,carga no piso,1670,158.84,1.0091
v2,carga no piso,1670,159.77,1.0092
v2,carga no piso,1670,160.71,1.0093
v2,carga no piso,1670,161.66,1.0095
v2,carga no piso,1670,162.61,1.0096
v2,carga no piso,1670,163.56,1.0097
v2,carga no piso,1670,164.52,1.0098
v2,carga no piso,1670,165.49,1.0099
v2,carga no piso,1670,166.46,1.01
v2,carga no piso,1670,167.44,1.0102
v2,carga no piso,1670,168.42,1.0103
v2,carga no piso,1670,169.41,1.0104
v2,carga no piso,1670,170.41,1.0105
v2,carga no piso,1670,171.41,1.0106
v2,carga no piso,1670,172.42,1.0108
v2,carga no piso,1670,173.43,1.0109
v2,carga no piso,1670,174.45,1.011
v2,carga no piso,1670,175.47,1.0112
v2,carga no piso,1670,176.5,1.0113
v2,carga no piso,1670,177.54,1.0114
v2,carga no piso,1670,178.58,1.0116
v2,carga no piso,1670,179.63,1.0117
v2,carga no piso,1670,180.69,1.0118
v2,carga no piso,1670,181.75,1.012
v2,carga no piso,1670,182.82,1.0121
v2,carga no piso,1670,183.89,1.0123
v2,carga no piso,1670,184.97,1.0124
v2,carga no piso,1670,186.06,1.0126
v2,carga no piso,1670,187.15,1.0127
v2,carga no piso,1670,188.25,1.0129
v2,carga no piso,1670,189.36,1.013
v2,carga no piso,1670,190.47,1.0132
v2,carga no piso,1670,191.59,1.0133
v2,carga no piso,1670,192.71,1.0135
v2,carga no piso,1670,193.85,1.0137
v2,carga no piso,1670,194.98,1.0138
v2,carga no piso,1670,196.13,1.014
v2,carga no piso,1670,197.28,1.0142
v2,carga no piso,1670,198.44,1.0143
v2,carga no piso,1670,199.61,1.0145
v2,carga no piso,1670,200.78,1.0147
v2,carga no piso,1670,201.96,1.0148
v2,carga no piso,1670,203.14,1.015
v2,carga no piso,1670,204.34,1.0152
v2,carga no piso,1670,205.54,1.0154
v2,carga no piso,1670,206.75,1.0156
v2,carga no piso,1670,207.96,1.0158
v2,carga no piso,1670,209.18,1.0159
v2,carga no piso,1670,210.41,1.0161
v2,carga no piso,1670,211.65,1.0163
v2,carga no piso,1670,212.89,1.0165
v2,carga no piso,1670,214.14,1.0167
v2,carga no piso,1670,215.4,1.0169
v2,carga no piso,1670,216.66,1.0171
v2,carga no piso,1670,217.94,1.0173
v2,carga no piso,1670,219.22,1.0175
v2,carga no piso,1670,220.51,1.0177
v2,carga no piso,1670,221.8,1.018
v2,carga no piso,1670,223.1,1.0182
v2,carga no piso,1670,224.41,1.0184
v2,carga no piso,1670,225.73,1.0186
v2,carga no piso,1670,227.06,1.0188
v2,carga no piso,1670,228.39,1.0191
v2,carga no piso,1670,229.73,1.0193
v2,carga no piso,1670,231.08,1.0195
v2,carga no piso,1670,232.44,1.0198
v2,carga no piso,1670,233.81,1.02
v2,carga no piso,1670,235.18,1.0202
v2,carga no piso,1670,236.56,1.0205
v2,carga no piso,1670,237.95,1.0207
v2,carga no piso,1670,239.35,1.021
v2,carga no piso,1670,240.76,1.0212
v2,carga no piso,1670,242.17,1.0215
v2,carga no piso,1670,243.59,1.0217
v2,carga no piso,1670,245.02,1.022
v2,carga no piso,1670,246.46,1.0223
v2,carga no piso,1670,247.91,1.0225
v2,carga no piso,1670,249.37,1.0228
v2,carga no piso,1670,250.83,1.0231
v2,carga no piso,1670,252.31,1.0234
v2,carga no piso,1670,253.79,1.0236
v2,carga no piso,1670,255.28,1.0239
v2,carga no piso,1670,256.78,1.0242
v2,carga no piso,1670,258.29,1.0245
v2,carga no piso,1670,259.81,1.0248
v2,carga no piso,1670,261.33,1.0251
v2,carga no piso,1670,262.87,1.0254
v2,carga no piso,1670,264.41,1.0257
v2,carga no piso,1670,265.96,1.026
v2,carga no piso,1670,267.53,1.0263
v2,carga no piso,1670,269.1,1.0267
v2,carga no piso,1670,270.68,1.027
v2,carga no piso,1670,272.27,1.0273
v2,carga no piso,1670,273.87,1.0276
v2,carga no piso,1670,275.48,1.028
v2,carga no piso,1670,277.1,1.0283
v2,carga no piso,1670,278.72,1.0287
v2,carga no piso,1670,280.36,1.029
v2,carga no piso,1670,282.01,1.0293
v2,carga no piso,1670,283.66,1.0297
v2,carga no piso,1670,285.33,1.0301
v2,carga no piso,1670,287.01,1.0304
v2,carga no piso,1670,288.69,1.0308
v2,carga no piso,1670,290.39,1.0312
v2,carga no piso,1670,292.1,1.0316
v2,carga no piso,1670,293.81,1.0319
v2,carga no piso,1670,295.54,1.0323
v2,carga no piso,1670,297.27,1.0327
v2,carga no piso,1670,299.02,1.0331
v2,carga no piso,1670,300.78,1.0335
v2,carga no piso,1670,302.54,1.0339
v2,carga no piso,1670,304.32,1.0343
v2,carga no piso,1670,306.11,1.0348
v2,carga no piso,1670,307.91,1.0352
v2,carga no piso,1670,309.72,1.0356
v2,carga no piso,1670,311.54,1.0361
v2,carga no piso,1670,313.37,1.0365
v2,carga no piso,1670,315.21,1.0369
v2,carga no piso,1670,317.06,1.0374
v2,carga no piso,1670,318.92,1.0378
v2,carga no piso,1670,320.79,1.0383
v2,carga no piso,1670,322.68,1.0388
v2,carga no piso,1670,324.57,1.0393
v2,carga no piso,1670,326.48,1.0397
v2,carga no piso,1670,328.4,1.0402
v2,carga no piso,1670,330.33,1.0407
v2,carga no piso,1670,332.27,1.0412
v2,carga no piso,1670,334.22,1.0417
v2,carga no piso,1670,336.18,1.0422
v2,carga no piso,1670,338.16,1.0427
v2,carga no piso,1670,340.15,1.0433
v2,carga no piso,1670,342.14,1.0438
v2,carga no piso,1670,344.15,1.0443
v2,carga no piso,1670,346.18,1.0449
v2,carga no piso,1670,348.21,1.0454
v2,carga no piso,1670,350.25,1.046
v2,carga no piso,1670,352.31,1.0466
v2,carga no piso,1670,354.38,1.0471
v2,carga no piso,1670,356.46,1.0477
v2,carga no piso,1670,358.56,1.0483
v2,carga no piso,1670,360.66,1.0489
v2,carga no piso,1670,362.78,1.0495
v2,carga no piso,1670,364.91,1.0501
v2,carga no piso,1670,367.06,1.0508
v2,carga no piso,1670,369.21,1.0514
v2,carga no piso,1670,371.38,1.052
v2,carga no piso,1670,373.57,1.0527
v2,carga no piso,1670,375.76,1.0533
v2,carga no piso,1670,377.97,1.054
v2,carga no piso,1670,380.19,1.0546
v2,carga no piso,1670,382.42,1.0553
v2,carga no piso,1670,384.67,1.056
v2,carga no piso,1670,386.93,1.0567
v2,carga no piso,1670,389.2,1.0574
v2,carga no piso,1670,391.49,1.0581
v2,carga no piso,1670,393.79,1.0589
v2,carga no piso,1670,396.1,1.0596
v2,carga no piso,1670,398.43,1.0603
v2,carga no piso,1670,400.77,1.0611
v2,carga no piso,1670,403.12,1.0619
v2,carga no piso,1670,405.49,1.0626
v2,carga no piso,1670,407.87,1.0634
v2,carga no piso,1670,410.27,1.0642
v2,carga no piso,1670,412.68,1.065
v2,carga no piso,1670,415.1,1.0658
v2,carga no piso,1670,417.54,1.0667
v2,carga no piso,1670,419.99,1.0675
v2,carga no piso,1670,422.46,1.0684
v2,carga no piso,1670,424.94,1.0692
v2,carga no piso,1670,427.44,1.0701
v2,carga no piso,1670,429.95,1.071
v2,carga no piso,1670,432.48,1.0719
v2,carga no piso,1670,435.02,1.0728
v2,carga no piso,1670,437.57,1.0737
v2,carga no piso,1670,440.14,1.0746
v2,carga no piso,1670,442.73,1.0756
v2,carga no piso,1670,445.33,1.0765
v2,carga no piso,1670,447.95,1.0775
v2,carga no piso,1670,450.58,1.0785
v2,carga no piso,1670,453.22,1.0795
v2,carga no piso,1670,455.89,1.0805
v2,carga no piso,1670,458.57,1.0815
v2,carga no piso,1670,461.26,1.0826
v2,carga no piso,1670,463.97,1.0836
v2,carga no piso,1670,466.69,1.0847
v2,carga no piso,1670,469.44,1.0858
v2,carga no piso,1670,472.19,1.0869
v2,carga no piso,1670,474.97,1.088
v2,carga no piso,1670,477.76,1.0891
v2,carga no piso,1670,480.56,1.0903
v2,carga no piso,1670,483.39,1.0914
v2,carga no piso,1670,486.23,1.0926
v2,carga no piso,1670,489.08,1.0938
v2,carga no piso,1670,491.96,1.095
v2,carga no piso,1670,494.85,1.0962
v2,carga no piso,1670,497.75,1.0975
v2,carga no piso,1670,500.68,1.0987
v2,carga no piso,1670,503.62,1.1
v2,carga no piso,1670,506.58,1.1013
v2,carga no piso,1670,509.55,1.1026
v2,carga no piso,1670,512.55,1.104
v2,carga no piso,1670,515.56,1.1053
v2,carga no piso,1670,518.59,1.1067
v2,carga no piso,1670,521.63,1.1081
v2,carga no piso,1670,524.7,1.1095
v2,carga no piso,1670,527.78,1.1109
v2,carga no piso,1670,530.88,1.1124
v2,carga no piso,1670,534,1.1138
v2,carga no piso,1670,537.14,1.1153
v2,carga no piso,1670,540.29,1.1169
v2,carga no piso,1670,543.47,1.1184
v2,carga no piso,1670,546.66,1.12
v2,carga no piso,1670,549.87,1.1215
v2,carga no piso,1670,553.1,1.1231
v2,carga no piso,1670,556.35,1.1248
v2,carga no piso,1670,559.62,1.1264
v2,carga no piso,1670,562.91,1.1281
v2,carga no piso,1670,566.21,1.1298
v2,carga no piso,1670,569.54,1.1316
v2,carga no piso,1670,572.88,1.1333
v2,carga no piso,1670,576.25,1.1351
v2,carga no piso,1670,579.64,1.1369
v2,carga no piso,1670,583.04,1.1387
v2,carga no piso,1670,586.47,1.1406
v2,carga no piso,1670,589.91,1.1425
v2,carga no piso,1670,593.38,1.1444
v2,carga no piso,1670,596.86,1.1464
v2,carga no piso,1670,600.37,1.1483
v2,carga no piso,1670,603.9,1.1503
v2,carga no piso,1670,607.44,1.1524
v2,carga no piso,1670,611.01,1.1545
v2,carga no piso,1670,614.6,1.1566
v2,carga no piso,1670,618.21,1.1587
v2,carga no piso,1670,621.84,1.1609
v2,carga no piso,1670,625.5,1.1631
v2,carga no piso,1670,629.17,1.1653
v2,carga no piso,1670,632.87,1.1676
v2,carga no piso,1670,636.59,1.1699
v2,carga no piso,1670,640.33,1.1722
v2,carga no piso,1670,644.09,1.1746
v2,carga no piso,1670,647.87,1.177
v2,carga no piso,1670,651.68,1.1795
v2,carga no piso,1670,655.5,1.182
v2,carga no piso,1670,659.36,1.1845
v2,carga no piso,1670,663.23,1.1871
v2,carga no piso,1670,667.13,1.1897
v2,carga no piso,1670,671.04,1.1924
v2,carga no piso,1670,674.99,1.1951
v2,carga no piso,1670,678.95,1.1979
v2,carga no piso,1670,682.94,1.2007
v2,carga no piso,1670,686.95,1.2035
v2,carga no piso,1670,690.99,1.2064
v2,carga no piso,1670,695.05,1.2093
v2,carga no piso,1670,699.13,1.2123
v2,carga no piso,1670,703.24,1.2154
v2,carga no piso,1670,707.37,1.2185
v2,carga no piso,1670,711.52,1.2216
v2,carga no piso,1670,715.7,1.2248
v2,carga no piso,1670,719.91,1.228
v2,carga no piso,1670,724.14,1.2313
v2,carga no piso,1670,728.39,1.2347
v2,carga no piso,1670,732.67,1.2381
v2,carga no piso,1670,736.98,1.2416
v2,carga no piso,1670,741.3,1.2452
v2,carga no piso,1670,745.66,1.2488
v2,carga no piso,1670,750.04,1.2524
v2,carga no piso,1670,754.45,1.2562
v2,carga no piso,1670,758.88,1.26
v2,carga no piso,1670,763.34,1.2638
v2,carga no piso,1670,767.82,1.2678
v2,carga no piso,1670,772.33,1.2718
v2,carga no piso,1670,776.87,1.2759
v2,carga no piso,1670,781.43,1.28
v2,carga no piso,1670,786.02,1.2842
v2,carga no piso,1670,790.64,1.2886
v2,carga no piso,1670,795.29,1.2929
v2,carga no piso,1670,799.96,1.2974
v2,carga no piso,1670,804.66,1.302
v2,carga no piso,1670,809.38,1.3066
v2,carga no piso,1670,814.14,1.3114
v2,carga no piso,1670,818.92,1.3162
v2,carga no piso,1670,823.73,1.3211
v2,carga no piso,1670,828.57,1.3261
v2,carga no piso,1670,833.44,1.3312
v2,carga no piso,1670,838.34,1.3364
v2,carga no piso,1670,843.26,1.3417
v2,carga no piso,1670,848.21,1.3472
v2,carga no piso,1670,853.2,1.3527
v2,carga no piso,1670,858.21,1.3583
v2,carga no piso,1670,863.25,1.3641
v2,carga no piso,1670,868.32,1.3699
v2,carga no piso,1670,873.42,1.3759
v2,carga no piso,1670,878.55,1.382
v2,carga no piso,1670,883.72,1.3883
v2,carga no piso,1670,888.91,1.3947
v2,carga no piso,1670,894.13,1.4012
v2,carga no piso,1670,899.38,1.4078
v2,carga no piso,1670,904.66,1.4146
v2,carga no piso,1670,909.98,1.4215
v2,carga no piso,1670,915.33,1.4286
v2,carga no piso,1670,920.7,1.4358
v2,carga no piso,1670,926.11,1.4432
v2,carga no piso,1670,931.55,1.4508
v2,carga no piso,1670,937.02,1.4585
v2,carga no piso,1670,942.53,1.4665
v2,carga no piso,1670,948.07,1.4745
v2,carga no piso,1670,953.64,1.4828
v2,carga no piso,1670,959.24,1.4913
v2,carga no piso,1670,964.87,1.5
v2,carga no piso,1670,970.54,1.5088
v2,carga no piso,1670,976.24,1.5179
v2,carga no piso,1670,981.98,1.5272
v2,carga no piso,1670,987.75,1.5367
v2,carga no piso,1670,993.55,1.5465
v2,carga no piso,1670,999.39,1.5565
v2,carga no piso,1670,1005.3,1.5668
v2,carga no piso,1670,1011.2,1.5773
v2,carga no piso,1670,1017.1,1.588
v2,carga no piso,1670,1023.1,1.5991
v2,carga no piso,1670,1029.1,1.6104
v2,carga no piso,1670,1035.1,1.6221
v2,carga no piso,1670,1041.2,1.634
v2,carga no piso,1670,1047.3,1.6463
v2,carga no piso,1670,1053.5,1.6589
v2,carga no piso,1670,1059.7,1.6718
v2,carga no piso,1670,1065.9,1.6851
v2,carga no piso,1670,1072.2,1.6988
v2,carga no piso,1670,1078.5,1.7129
v2,carga no piso,1670,1084.8,1.7273
v2,carga no piso,1670,1091.2,1.7422
v2,carga no piso,1670,1097.6,1.7576
v2,carga no piso,1670,1104,1.7733
v2,carga no piso,1670,1110.5,1.7896
v2,carga no piso,1670,1117,1.8063
v2,carga no piso,1670,1123.6,1.8236
v2,carga no piso,1670,1130.2,1.8414
v2,carga no piso,1670,1136.8,1.8598
v2,carga no piso,1670,1143.5,1.8787
v2,carga no piso,1670,1150.2,1.8983
v2,carga no piso,1670,1157,1.9186
v2,carga no piso,1670,1163.8,1.9395
v2,carga no piso,1670,1170.6,1.9611
v2,carga no piso,1670,1177.5,1.9834
v2,carga no piso,1670,1184.4,2.0066
v2,carga no piso,1670,1191.4,2.0306
v2,carga no piso,1670,1198.4,2.0554
v2,carga no piso,1670,1205.4,2.0812
v2,carga no piso,1670,1212.5,2.1079
v2,carga no piso,1670,1219.6,2.1356
v2,carga no piso,1670,1226.8,2.1644
v2,carga no piso,1670,1234,2.1944
v2,carga no piso,1670,1241.2,2.2255
v2,carga no piso,1670,1248.5,2.2579
v2,carga no piso,1670,1255.9,2.2917
v2,carga no piso,1670,1263.2,2.3268
v2,carga no piso,1670,1270.7,2.3635
v2,carga no piso,1670,1278.1,2.4019
v2,carga no piso,1670,1285.6,2.4419
v2,carga no piso,1670,1293.2,2.4838
v2,carga no piso,1670,1300.8,2.5276
v2,carga no piso,1670,1308.4,2.5736
v2,carga no piso,1670,1316.1,2.6218
v2,carga no piso,1670,1323.8,2.6724
v2,carga no piso,1670,1331.6,2.7256
v2,carga no piso,1670,1339.4,2.7816
v2,carga no piso,1670,1347.3,2.8406
v2,carga no piso,1670,1355.2,2.9029
v2,carga no piso,1670,1363.2,2.9686
v2,carga no piso,1670,1371.2,3.0383
v2,carga no piso,1670,1379.3,3.1121
v2,carga no piso,1670,1387.4,3.1904
v2,carga no piso,1670,1395.5,3.2736
v2,carga no piso,1670,1403.7,3.3623
v2,carga no piso,1670,1412,3.457
v2,carga no piso,1670,1420.2,3.5582
v2,carga no piso,1670,1428.6,3.6667
v2,carga no piso,1670,1437,3.7832
v2,carga no piso,1670,1445.4,3.9087
v2,carga no piso,1670,1453.9,4.0441
v2,carga no piso,1670,1462.5,4.1906
v2,carga no piso,1670,1471,4.3497
v2,carga no piso,1670,1479.7,4.523
v2,carga no piso,1670,1488.4,4.7123
v2,carga no piso,1670,1497.1,4.9198
v2,carga no piso,1670,1505.9,5.1483
v2,carga no piso,1670,1514.8,5.4008
v2,carga no piso,1670,1523.7,5.6811
v2,carga no piso,1670,1532.6,5.9937
v2,carga no piso,1670,1541.6,6.344
v2,carga no piso,1670,1550.7,6.7385
v2,carga no piso,1670,1559.8,7.1851
v2,carga no piso,1670,1569,7.6932
v2,carga no piso,1670,1578.2,8.274
v2,carga no piso,1670,1587.4,8.9403
v2,carga no piso,1670,1596.8,9.706
v2,carga no piso,1670,1606.1,10.584
v2,carga no piso,1670,1615.6,11.582
v2,carga no piso,1670,1625.1,12.694
v2,carga no piso,1670,1634.6,13.882
v2,carga no piso,1670,1644.2,15.054
v2,carga no piso,1670,1653.9,16.041
v2,carga no piso,1670,1663.6,16.625
v2,carga no piso,1670,1673.4,16.626
v2,carga no piso,1670,1683.2,16.024
v2,carga no piso,1670,1693.1,14.976
v2,carga no piso,1670,1703,13.71
v2,carga no piso,1670,1713,12.414
v2,carga no piso,1670,1723.1,11.197
v2,carga no piso,1670,1733.2,10.106
v2,carga no piso,1670,1743.4,9.1483
v2,carga no piso,1670,1753.6,8.3169
v2,carga no piso,1670,1764,7.5965
v2,carga no piso,1670,1774.3,6.9712
v2,carga no piso,1670,1784.7,6.4265
v2,carga no piso,1670,1795.2,5.9496
v2,carga no piso,1670,1805.8,5.5298
v2,carga no piso,1670,1816.4,5.1584
v2,carga no piso,1670,1827,4.8279
v2,carga no piso,1670,1837.8,4.5324
v2,carga no piso,1670,1848.6,4.2668
v2,carga no piso,1670,1859.4,4.0271
v2,carga no piso,1670,1870.4,3.8098
v2,carga no piso,1670,1881.3,3.612
v2,carga no piso,1670,1892.4,3.4313
v2,carga no piso,1670,1903.5,3.2657
v2,carga no piso,1670,1914.7,3.1133
v2,carga no piso,1670,1925.9,2.9728
v2,carga no piso,1670,1937.3,2.8428
v2,carga no piso,1670,1948.6,2.7221
v2,carga no piso,1670,1960.1,2.61
v2,carga no piso,1670,1971.6,2.5054
v2,carga no piso,1670,1983.2,2.4077
v2,carga no piso,1670,1994.8,2.3163
v2,carga no piso,1670,2006.6,2.2305
v2,carga no piso,1670,2018.3,2.1499
v2,carga no piso,1670,2030.2,2.074
v2,carga no piso,1670,2042.1,2.0025
v2,carga no piso,1670,2054.1,1.9349
v2,carga no piso,1670,2066.2,1.8711
v2,carga no piso,1670,2078.3,1.8105
v2,carga no piso,1670,2090.5,1.7532
v2,carga no piso,1670,2102.8,1.6987
v2,carga no piso,1670,2115.2,1.6469
v2,carga no piso,1670,2127.6,1.5976
v2,carga no piso,1670,2140.1,1.5506
v2,carga no piso,1670,2152.7,1.5058
v2,carga no piso,1670,2165.3,1.463
v2,carga no piso,1670,2178,1.4221
v2,carga no piso,1670,2190.8,1.383
v2,carga no piso,1670,2203.7,1.3456
v2,carga no piso,1670,2216.6,1.3097
v2,carga no piso,1670,2229.7,1.2753
v2,carga no piso,1670,2242.8,1.2422
v2,carga no piso,1670,2255.9,1.2105
v2,carga no piso,1670,2269.2,1.18
v2,carga no piso,1670,2282.5,1.1507
v2,carga no piso,1670,2295.9,1.1225
v2,carga no piso,1670,2309.4,1.0953
v2,carga no piso,1670,2323,1.0691
v2,carga no piso,1670,2336.6,1.0438
v2,carga no piso,1670,2350.4,1.0194
v2,carga no piso,1670,2364.2,0.99592
v2,carga no piso,1670,2378.1,0.97319
v2,carga no piso,1670,2392,0.95123
v2,carga no piso,1670,2406.1,0.93
v2,carga no piso,1670,2420.2,0.90946
v2,carga no piso,1670,2434.4,0.88958
v2,carga no piso,1670,2448.7,0.87033
v2,carga no piso,1670,2463.1,0.85169
v2,carga no piso,1670,2477.6,0.83362
v2,carga no piso,1670,2492.1,0.81611
v2,carga no piso,1670,2506.8,0.79912
v2,carga no piso,1670,2521.5,0.78264
v2,carga no piso,1670,2536.3,0.76664
v2,carga no piso,1670,2551.2,0.7511
v2,carga no piso,1670,2566.2,0.73602
v2,carga no piso,1670,2581.3,0.72136
v2,carga no piso,1670,2596.5,0.70711
v2,carga no piso,1670,2611.7,0.69325
v2,carga no piso,1670,2627.1,0.67978
v2,carga no piso,1670,2642.5,0.66667
v2,carga no piso,1670,2658,0.65391
v2,carga no piso,1670,2673.6,0.64149
v2,carga no piso,1670,2689.3,0.62939
v2,carga no piso,1670,2705.1,0.61761
v2,carga no piso,1670,2721,0.60613
v2,carga no piso,1670,2737,0.59494
v2,carga no piso,1670,2753.1,0.58404
v2,carga no piso,1670,2769.3,0.57341
v2,carga no piso,1670,2785.5,0.56304
v2,carga no piso,1670,2801.9,0.55292
v2,carga no piso,1670,2818.3,0.54305
v2,carga no piso,1670,2834.9,0.53341
v2,carga no piso,1670,2851.6,0.52401
v2,carga no piso,1670,2868.3,0.51482
v2,carga no piso,1670,2885.2,0.50585
v2,carga no piso,1670,2902.1,0.49709
v2,carga no piso,1670,2919.2,0.48853
v2,carga no piso,1670,2936.3,0.48017
v2,carga no piso,1670,2953.6,0.47199
v2,carga no piso,1670,2970.9,0.464
v2,carga no piso,1670,2988.4,0.45618
v2,carga no piso,1670,3005.9,0.44854
v2,carga no piso,1670,3023.6,0.44106
v2,carga no piso,1670,3041.3,0.43375
v2,carga no piso,1670,3059.2,0.42659
v2,carga no piso,1670,3077.2,0.41959
v2,carga no piso,1670,3095.3,0.41274
v2,carga no piso,1670,3113.4,0.40602
v2,carga no piso,1670,3131.7,0.39945
v2,carga no piso,1670,3150.1,0.39302
v2,carga no piso,1670,3168.6,0.38672
v2,carga no piso,1670,3187.2,0.38055
v2,carga no piso,1670,3206,0.3745
v2,carga no piso,1670,3224.8,0.36858
v2,carga no piso,1670,3243.7,0.36277
v2,carga no piso,1670,3262.8,0.35708
v2,carga no piso,1670,3282,0.3515
v2,carga no piso,1670,3301.3,0.34603
v2,carga no piso,1670,3320.6,0.34067
v2,carga no piso,1670,3340.2,0.33542
v2,carga no piso,1670,3359.8,0.33026
v2,carga no piso,1670,3379.5,0.3252
v2,carga no piso,1670,3399.4,0.32024
v2,carga no piso,1670,3419.3,0.31538
v2,carga no piso,1670,3439.4,0.3106
v2,carga no piso,1670,3459.6,0.30592
v2,carga no piso,1670,3480,0.30132
v2,carga no piso,1670,3500.4,0.29681
v2,carga no piso,1670,3521,0.29238
v2,carga no piso,1670,3541.6,0.28803
v2,carga no piso,1670,3562.4,0.28376
v2,carga no piso,1670,3583.4,0.27957
v2,carga no piso,1670,3604.4,0.27545
v2,carga no piso,1670,3625.6,0.27141
v2,carga no piso,1670,3646.9,0.26744
v2,carga no piso,1670,3668.3,0.26354
v2,carga no piso,1670,3689.9,0.25971
v2,carga no piso,1670,3711.6,0.25594
v2,carga no piso,1670,3733.4,0.25225
v2,carga no piso,1670,3755.3,0.24861
v2,carga no piso,1670,3777.3,0.24504
v2,carga no piso,1670,3799.5,0.24153
v2,carga no piso,1670,3821.9,0.23808
v2,carga no piso,1670,3844.3,0.23469
v2,carga no piso,1670,3866.9,0.23136
v2,carga no piso,1670,3889.6,0.22808
v2,carga no piso,1670,3912.5,0.22486
v2,carga no piso,1670,3935.4,0.2217
v2,carga no piso,1670,3958.6,0.21858
v2,carga no piso,1670,3981.8,0.21552
v2,carga no piso,1670,4005.2,0.21251
v2,carga no piso,1670,4028.7,0.20955
v2,carga no piso,1670,4052.4,0.20663
v2,carga no piso,1670,4076.2,0.20377
v2,carga no piso,1670,4100.2,0.20095
v2,carga no piso,1670,4124.2,0.19818
v2,carga no piso,1670,4148.5,0.19545
v2,carga no piso,1670,4172.8,0.19276
v2,carga no piso,1670,4197.4,0.19012
v2,carga no piso,1670,4222,0.18752
v2,carga no piso,1670,4246.8,0.18496
v2,carga no piso,1670,4271.8,0.18245
v2,carga no piso,1670,4296.9,0.17997
v2,carga no piso,1670,4322.1,0.17753
v2,carga no piso,1670,4347.5,0.17513
v2,carga no piso,1670,4373,0.17277
v2,carga no piso,1670,4398.7,0.17044
v2,carga no piso,1670,4424.6,0.16815
v2,carga no piso,1670,4450.6,0.1659
v2,carga no piso,1670,4476.7,0.16368
v2,carga no piso,1670,4503,0.16149
v2,carga no piso,1670,4529.5,0.15934
v2,carga no piso,1670,4556.1,0.15722
v2,carga no piso,1670,4582.8,0.15514
v2,carga no piso,1670,4609.8,0.15308
v2,carga no piso,1670,4636.8,0.15106
v2,carga no piso,1670,4664.1,0.14906
v2,carga no piso,1670,4691.5,0.1471
v2,carga no piso,1670,4719,0.14516
v2,carga no piso,1670,4746.8,0.14326
v2,carga no piso,1670,4774.6,0.14138
v2,carga no piso,1670,4802.7,0.13953
v2,carga no piso,1670,4830.9,0.13771
v2,carga no piso,1670,4859.3,0.13592
v2,carga no piso,1670,4887.8,0.13415
v2,carga no piso,1670,4916.5,0.13241
v2,carga no piso,1670,4945.4,0.13069
v2,carga no piso,1670,4974.5,0.129
v2,carga no piso,1670,5003.7,0.12733
v2,carga no piso,1670,5033.1,0.12569
v2,carga no piso,1670,5062.7,0.12407
v2,carga no piso,1670,5092.4,0.12247
v2,carga no piso,1670,5122.3,0.1209
v2,carga no piso,1670,5152.4,0.11935
v2,carga no piso,1670,5182.7,0.11782
v2,carga no piso,1670,5213.1,0.11632
v2,carga no piso,1670,5243.8,0.11483
v2,carga no piso,1670,5274.6,0.11337
v2,carga no piso,1670,5305.5,0.11193
v2,carga no piso,1670,5336.7,0.11051
v2,carga no piso,1670,5368.1,0.1091
v2,carga no piso,1670,5399.6,0.10772
v2,carga no piso,1670,5431.3,0.10636
v2,carga no piso,1670,5463.2,0.10502
v2,carga no piso,1670,5495.3,0.10369
v2,carga no piso,1670,5527.6,0.10239
v2,carga no piso,1670,5560.1,0.1011
v2,carga no piso,1670,5592.7,0.099828
v2,carga no piso,1670,5625.6,0.098576
v2,carga no piso,1670,5658.6,0.097341
v2,carga no piso,1670,5691.9,0.096123
v2,carga no piso,1670,5725.3,0.094922
v2,carga no piso,1670,5759,0.093738
v2,carga no piso,1670,5792.8,0.09257
v2,carga no piso,1670,5826.8,0.091418
v2,carga no piso,1670,5861.1,0.090282
v2,carga no piso,1670,5895.5,0.089161
v2,carga no piso,1670,5930.1,0.088056
v2,carga no piso,1670,5965,0.086965
v2,carga no piso,1670,6000,0.08589
