tempo_s,velocidade_mm_s,metodo
0.0,0.004,"no tempo, sem passa-alta"
0.001,0.5839271695314867,"no tempo, sem passa-alta"
0.002,2.0434889089052484,"no tempo, sem passa-alta"
0.003,4.241770885054965,"no tempo, sem passa-alta"
0.004,6.965547681172147,"no tempo, sem passa-alta"
0.005,9.950154786132188,"no tempo, sem passa-alta"
0.006,12.905395800869321,"no tempo, sem passa-alta"
0.007,15.54394888383438,"no tempo, sem passa-alta"
0.008,17.609491814734618,"no tempo, sem passa-alta"
0.009,18.90179259935786,"no tempo, sem passa-alta"
0.01,19.29630957226438,"no tempo, sem passa-alta"
0.011,18.756382402732893,"no tempo, sem passa-alta"
0.012,17.336820663359127,"no tempo, sem passa-alta"
0.013,15.178538687209414,"no tempo, sem passa-alta"
0.014,12.494761891092232,"no tempo, sem passa-alta"
0.015,9.550154786132191,"no tempo, sem passa-alta"
0.016,6.634913771395058,"no tempo, sem passa-alta"
0.017,4.036360688430001,"no tempo, sem passa-alta"
0.018,2.0108177575297694,"no tempo, sem passa-alta"
0.019,0.7585169729065235,"no tempo, sem passa-alta"
0.02,0.4040000000000045,"no tempo, sem passa-alta"
0.021,0.9839271695314921,"no tempo, sem passa-alta"
0.022,2.4434889089052536,"no tempo, sem passa-alta"
0.023,4.64177088505497,"no tempo, sem passa-alta"
0.024,7.365547681172152,"no tempo, sem passa-alta"
0.025,10.350154786132194,"no tempo, sem passa-alta"
0.026,13.305395800869325,"no tempo, sem passa-alta"
0.027,15.943948883834384,"no tempo, sem passa-alta"
0.028,18.00949181473462,"no tempo, sem passa-alta"
0.029,19.301792599357864,"no tempo, sem passa-alta"
0.03,19.696309572264383,"no tempo, sem passa-alta"
0.031,19.15638240273289,"no tempo, sem passa-alta"
0.032,17.736820663359133,"no tempo, sem passa-alta"
0.033,15.578538687209416,"no tempo, sem passa-alta"
0.034,12.894761891092232,"no tempo, sem passa-alta"
0.035,9.950154786132192,"no tempo, sem passa-alta"
0.036,7.03491377139506,"no tempo, sem passa-alta"
0.037,4.4363606884300015,"no tempo, sem passa-alta"
0.038,2.4108177575297702,"no tempo, sem passa-alta"
0.039,1.1585169729065232,"no tempo, sem passa-alta"
0.04,0.8040000000000035,"no tempo, sem passa-alta"
0.041,1.3839271695314896,"no tempo, sem passa-alta"
0.042,2.8434889089052526,"no tempo, sem passa-alta"
0.043,5.0417708850549685,"no tempo, sem passa-alta"
0.044,7.76554768117215,"no tempo, sem passa-alta"
0.045,10.750154786132192,"no tempo, sem passa-alta"
0.046,13.705395800869326,"no tempo, sem passa-alta"
0.047,16.343948883834386,"no tempo, sem passa-alta"
0.048,18.40949181473461,"no tempo, sem passa-alta"
0.049,19.701792599357855,"no tempo, sem passa-alta"
0.05,20.096309572264367,"no tempo, sem passa-alta"
0.051,19.556382402732886,"no tempo, sem passa-alta"
0.052,18.13682066335912,"no tempo, sem passa-alta"
0.053,15.9785386872094,"no tempo, sem passa-alta"
0.054,13.294761891092216,"no tempo, sem passa-alta"
0.055,10.350154786132176,"no tempo, sem passa-alta"
0.056,7.434913771395043,"no tempo, sem passa-alta"
0.057,4.836360688429984,"no tempo, sem passa-alta"
0.058,2.8108177575297537,"no tempo, sem passa-alta"
0.059,1.5585169729065025,"no tempo, sem passa-alta"
0.06,1.2039999999999844,"no tempo, sem passa-alta"
0.061,1.783927169531474,"no tempo, sem passa-alta"
0.062,3.2434889089052357,"no tempo, sem passa-alta"
0.063,5.44177088505495,"no tempo, sem passa-alta"
0.064,8.165547681172132,"no tempo, sem passa-alta"
0.065,11.150154786132171,"no tempo, sem passa-alta"
0.066,14.105395800869308,"no tempo, sem passa-alta"
0.067,16.743948883834364,"no tempo, sem passa-alta"
0.068,18.809491814734596,"no tempo, sem passa-alta"
0.069,20.10179259935784,"no tempo, sem passa-alta"
0.07,20.49630957226436,"no tempo, sem passa-alta"
0.071,19.956382402732874,"no tempo, sem passa-alta"
0.072,18.53682066335911,"no tempo, sem passa-alta"
0.073,16.378538687209396,"no tempo, sem passa-alta"
0.074,13.694761891092213,"no tempo, sem passa-alta"
0.075,10.750154786132173,"no tempo, sem passa-alta"
0.076,7.834913771395039,"no tempo, sem passa-alta"
0.077,5.236360688429979,"no tempo, sem passa-alta"
0.078,3.210817757529748,"no tempo, sem passa-alta"
0.079,1.9585169729065024,"no tempo, sem passa-alta"
0.08,1.6039999999999832,"no tempo, sem passa-alta"
0.081,2.1839271695314677,"no tempo, sem passa-alta"
0.082,3.6434889089052303,"no tempo, sem passa-alta"
0.083,5.841770885054948,"no tempo, sem passa-alta"
0.084,8.56554768117213,"no tempo, sem passa-alta"
0.085,11.550154786132174,"no tempo, sem passa-alta"
0.086,14.505395800869305,"no tempo, sem passa-alta"
0.087,17.143948883834366,"no tempo, sem passa-alta"
0.088,19.209491814734598,"no tempo, sem passa-alta"
0.089,20.501792599357845,"no tempo, sem passa-alta"
0.09,20.896309572264368,"no tempo, sem passa-alta"
0.091,20.356382402732876,"no tempo, sem passa-alta"
0.092,18.93682066335911,"no tempo, sem passa-alta"
0.093,16.778538687209394,"no tempo, sem passa-alta"
0.094,14.094761891092213,"no tempo, sem passa-alta"
0.095,11.15015478613217,"no tempo, sem passa-alta"
0.096,8.234913771395037,"no tempo, sem passa-alta"
0.097,5.636360688429982,"no tempo, sem passa-alta"
0.098,3.6108177575297526,"no tempo, sem passa-alta"
0.099,2.358516972906506,"no tempo, sem passa-alta"
0.1,2.003999999999988,"no tempo, sem passa-alta"
0.101,2.5839271695314743,"no tempo, sem passa-alta"
0.102,4.043488908905234,"no tempo, sem passa-alta"
0.103,6.241770885054948,"no tempo, sem passa-alta"
0.104,8.96554768117213,"no tempo, sem passa-alta"
0.105,11.950154786132174,"no tempo, sem passa-alta"
0.106,14.905395800869305,"no tempo, sem passa-alta"
0.107,17.543948883834368,"no tempo, sem passa-alta"
0.108,19.6094918147346,"no tempo, sem passa-alta"
0.109,20.901792599357847,"no tempo, sem passa-alta"
0.11,21.29630957226436,"no tempo, sem passa-alta"
0.111,20.756382402732868,"no tempo, sem passa-alta"
0.112,19.336820663359102,"no tempo, sem passa-alta"
0.113,17.178538687209386,"no tempo, sem passa-alta"
0.114,14.494761891092207,"no tempo, sem passa-alta"
0.115,11.550154786132167,"no tempo, sem passa-alta"
0.116,8.634913771395034,"no tempo, sem passa-alta"
0.117,6.036360688429977,"no tempo, sem passa-alta"
0.118,4.01081775752974,"no tempo, sem passa-alta"
0.119,2.7585169729064907,"no tempo, sem passa-alta"
0.12,2.403999999999974,"no tempo, sem passa-alta"
0.121,2.983927169531464,"no tempo, sem passa-alta"
0.122,4.44348890890523,"no tempo, sem passa-alta"
0.123,6.641770885054943,"no tempo, sem passa-alta"
0.124,9.365547681172123,"no tempo, sem passa-alta"
0.125,12.350154786132164,"no tempo, sem passa-alta"
0.126,15.305395800869297,"no tempo, sem passa-alta"
0.127,17.943948883834352,"no tempo, sem passa-alta"
0.128,20.009491814734584,"no tempo, sem passa-alta"
0.129,21.30179259935783,"no tempo, sem passa-alta"
0.13,21.696309572264347,"no tempo, sem passa-alta"
0.131,21.156382402732866,"no tempo, sem passa-alta"
0.132,19.736820663359097,"no tempo, sem passa-alta"
0.133,17.57853868720938,"no tempo, sem passa-alta"
0.134,14.894761891092196,"no tempo, sem passa-alta"
0.135,11.950154786132153,"no tempo, sem passa-alta"
0.136,9.034913771395019,"no tempo, sem passa-alta"
0.137,6.4363606884299625,"no tempo, sem passa-alta"
0.138,4.410817757529732,"no tempo, sem passa-alta"
0.139,3.1585169729064866,"no tempo, sem passa-alta"
0.14,2.803999999999969,"no tempo, sem passa-alta"
0.141,3.38392716953145,"no tempo, sem passa-alta"
0.142,4.84348890890521,"no tempo, sem passa-alta"
0.143,7.041770885054927,"no tempo, sem passa-alta"
0.144,9.765547681172109,"no tempo, sem passa-alta"
0.145,12.750154786132152,"no tempo, sem passa-alta"
0.146,15.705395800869285,"no tempo, sem passa-alta"
0.147,18.343948883834344,"no tempo, sem passa-alta"
0.148,20.409491814734572,"no tempo, sem passa-alta"
0.149,21.701792599357816,"no tempo, sem passa-alta"
0.15,22.09630957226433,"no tempo, sem passa-alta"
0.151,21.556382402732847,"no tempo, sem passa-alta"
0.152,20.136820663359078,"no tempo, sem passa-alta"
0.153,17.97853868720936,"no tempo, sem passa-alta"
0.154,15.294761891092175,"no tempo, sem passa-alta"
0.155,12.350154786132132,"no tempo, sem passa-alta"
0.156,9.434913771395,"no tempo, sem passa-alta"
0.157,6.8363606884299415,"no tempo, sem passa-alta"
0.158,4.810817757529711,"no tempo, sem passa-alta"
0.159,3.5585169729064687,"no tempo, sem passa-alta"
0.16,3.2039999999999473,"no tempo, sem passa-alta"
0.161,3.783927169531432,"no tempo, sem passa-alta"
0.162,5.243488908905192,"no tempo, sem passa-alta"
0.163,7.441770885054908,"no tempo, sem passa-alta"
0.164,10.165547681172091,"no tempo, sem passa-alta"
0.165,13.150154786132134,"no tempo, sem passa-alta"
0.166,16.105395800869264,"no tempo, sem passa-alta"
0.167,18.743948883834324,"no tempo, sem passa-alta"
0.168,20.809491814734553,"no tempo, sem passa-alta"
0.169,22.101792599357797,"no tempo, sem passa-alta"
0.17,22.49630957226432,"no tempo, sem passa-alta"
0.171,21.956382402732828,"no tempo, sem passa-alta"
0.172,20.536820663359066,"no tempo, sem passa-alta"
0.173,18.37853868720935,"no tempo, sem passa-alta"
0.174,15.69476189109217,"no tempo, sem passa-alta"
0.175,12.750154786132128,"no tempo, sem passa-alta"
0.176,9.834913771394994,"no tempo, sem passa-alta"
0.177,7.236360688429939,"no tempo, sem passa-alta"
0.178,5.210817757529705,"no tempo, sem passa-alta"
0.179,3.958516972906454,"no tempo, sem passa-alta"
0.18,3.6039999999999353,"no tempo, sem passa-alta"
0.181,4.183927169531422,"no tempo, sem passa-alta"
0.182,5.6434889089051845,"no tempo, sem passa-alta"
0.183,7.841770885054901,"no tempo, sem passa-alta"
0.184,10.565547681172083,"no tempo, sem passa-alta"
0.185,13.550154786132122,"no tempo, sem passa-alta"
0.186,16.505395800869255,"no tempo, sem passa-alta"
0.187,19.143948883834312,"no tempo, sem passa-alta"
0.188,21.209491814734545,"no tempo, sem passa-alta"
0.189,22.501792599357785,"no tempo, sem passa-alta"
0.19,22.8963095722643,"no tempo, sem passa-alta"
0.191,22.356382402732805,"no tempo, sem passa-alta"
0.192,20.936820663359043,"no tempo, sem passa-alta"
0.193,18.778538687209323,"no tempo, sem passa-alta"
0.194,16.094761891092144,"no tempo, sem passa-alta"
0.195,13.150154786132097,"no tempo, sem passa-alta"
0.196,10.234913771394964,"no tempo, sem passa-alta"
0.197,7.6363606884299084,"no tempo, sem passa-alta"
0.198,5.610817757529677,"no tempo, sem passa-alta"
0.199,4.358516972906432,"no tempo, sem passa-alta"
0.2,4.0039999999999125,"no tempo, sem passa-alta"
0.201,4.583927169531398,"no tempo, sem passa-alta"
0.202,6.04348890890516,"no tempo, sem passa-alta"
0.203,8.241770885054878,"no tempo, sem passa-alta"
0.204,10.965547681172058,"no tempo, sem passa-alta"
0.205,13.950154786132098,"no tempo, sem passa-alta"
0.206,16.90539580086923,"no tempo, sem passa-alta"
0.207,19.54394888383429,"no tempo, sem passa-alta"
0.208,21.60949181473452,"no tempo, sem passa-alta"
0.209,22.901792599357755,"no tempo, sem passa-alta"
0.21,23.29630957226426,"no tempo, sem passa-alta"
0.211,22.75638240273277,"no tempo, sem passa-alta"
0.212,21.336820663359003,"no tempo, sem passa-alta"
0.213,19.17853868720929,"no tempo, sem passa-alta"
0.214,16.494761891092118,"no tempo, sem passa-alta"
0.215,13.55015478613207,"no tempo, sem passa-alta"
0.216,10.634913771394936,"no tempo, sem passa-alta"
0.217,8.036360688429875,"no tempo, sem passa-alta"
0.218,6.010817757529643,"no tempo, sem passa-alta"
0.219,4.758516972906402,"no tempo, sem passa-alta"
0.22,4.403999999999895,"no tempo, sem passa-alta"
0.221,4.983927169531397,"no tempo, sem passa-alta"
0.222,6.44348890890517,"no tempo, sem passa-alta"
0.223,8.641770885054887,"no tempo, sem passa-alta"
0.224,11.365547681172067,"no tempo, sem passa-alta"
0.225,14.350154786132109,"no tempo, sem passa-alta"
0.226,17.305395800869242,"no tempo, sem passa-alta"
0.227,19.9439488838343,"no tempo, sem passa-alta"
0.228,22.00949181473453,"no tempo, sem passa-alta"
0.229,23.301792599357782,"no tempo, sem passa-alta"
0.23,23.696309572264294,"no tempo, sem passa-alta"
0.231,23.1563824027328,"no tempo, sem passa-alta"
0.232,21.736820663359026,"no tempo, sem passa-alta"
0.233,19.57853868720931,"no tempo, sem passa-alta"
0.234,16.894761891092127,"no tempo, sem passa-alta"
0.235,13.950154786132085,"no tempo, sem passa-alta"
0.236,11.034913771394947,"no tempo, sem passa-alta"
0.237,8.436360688429884,"no tempo, sem passa-alta"
0.238,6.410817757529649,"no tempo, sem passa-alta"
0.239,5.158516972906404,"no tempo, sem passa-alta"
0.24,4.803999999999893,"no tempo, sem passa-alta"
0.241,5.383927169531382,"no tempo, sem passa-alta"
0.242,6.84348890890515,"no tempo, sem passa-alta"
0.243,9.041770885054875,"no tempo, sem passa-alta"
0.244,11.765547681172063,"no tempo, sem passa-alta"
0.245,14.750154786132104,"no tempo, sem passa-alta"
0.246,17.705395800869233,"no tempo, sem passa-alta"
0.247,20.343948883834297,"no tempo, sem passa-alta"
0.248,22.40949181473454,"no tempo, sem passa-alta"
0.249,23.70179259935779,"no tempo, sem passa-alta"
0.25,24.096309572264307,"no tempo, sem passa-alta"
0.251,23.55638240273281,"no tempo, sem passa-alta"
0.252,22.136820663359046,"no tempo, sem passa-alta"
0.253,19.978538687209326,"no tempo, sem passa-alta"
0.254,17.294761891092143,"no tempo, sem passa-alta"
0.255,14.350154786132101,"no tempo, sem passa-alta"
0.256,11.434913771394967,"no tempo, sem passa-alta"
0.257,8.836360688429904,"no tempo, sem passa-alta"
0.258,6.810817757529672,"no tempo, sem passa-alta"
0.259,5.558516972906422,"no tempo, sem passa-alta"
0.26,5.203999999999896,"no tempo, sem passa-alta"
0.261,5.78392716953138,"no tempo, sem passa-alta"
0.262,7.243488908905144,"no tempo, sem passa-alta"
0.263,9.441770885054865,"no tempo, sem passa-alta"
0.264,12.165547681172049,"no tempo, sem passa-alta"
0.265,15.15015478613209,"no tempo, sem passa-alta"
0.266,18.10539580086922,"no tempo, sem passa-alta"
0.267,20.74394888383428,"no tempo, sem passa-alta"
0.268,22.809491814734507,"no tempo, sem passa-alta"
0.269,24.10179259935774,"no tempo, sem passa-alta"
0.27,24.496309572264266,"no tempo, sem passa-alta"
0.271,23.95638240273279,"no tempo, sem passa-alta"
0.272,22.536820663359034,"no tempo, sem passa-alta"
0.273,20.378538687209314,"no tempo, sem passa-alta"
0.274,17.694761891092135,"no tempo, sem passa-alta"
0.275,14.750154786132091,"no tempo, sem passa-alta"
0.276,11.834913771394955,"no tempo, sem passa-alta"
0.277,9.236360688429901,"no tempo, sem passa-alta"
0.278,7.210817757529672,"no tempo, sem passa-alta"
0.279,5.958516972906425,"no tempo, sem passa-alta"
0.28,5.603999999999911,"no tempo, sem passa-alta"
0.281,6.183927169531399,"no tempo, sem passa-alta"
0.282,7.643488908905151,"no tempo, sem passa-alta"
0.283,9.841770885054862,"no tempo, sem passa-alta"
0.284,12.565547681172044,"no tempo, sem passa-alta"
0.285,15.550154786132087,"no tempo, sem passa-alta"
0.286,18.50539580086922,"no tempo, sem passa-alta"
0.287,21.143948883834277,"no tempo, sem passa-alta"
0.288,23.209491814734506,"no tempo, sem passa-alta"
0.289,24.501792599357753,"no tempo, sem passa-alta"
0.29,24.89630957226426,"no tempo, sem passa-alta"
0.291,24.35638240273278,"no tempo, sem passa-alta"
0.292,22.93682066335902,"no tempo, sem passa-alta"
0.293,20.778538687209295,"no tempo, sem passa-alta"
0.294,18.094761891092112,"no tempo, sem passa-alta"
0.295,15.150154786132068,"no tempo, sem passa-alta"
0.296,12.234913771394933,"no tempo, sem passa-alta"
0.297,9.636360688429875,"no tempo, sem passa-alta"
0.298,7.610817757529642,"no tempo, sem passa-alta"
0.299,6.358516972906397,"no tempo, sem passa-alta"
0.3,6.003999999999879,"no tempo, sem passa-alta"
0.301,6.583927169531361,"no tempo, sem passa-alta"
0.302,8.043488908905124,"no tempo, sem passa-alta"
0.303,10.241770885054839,"no tempo, sem passa-alta"
0.304,12.965547681172024,"no tempo, sem passa-alta"
0.305,15.950154786132064,"no tempo, sem passa-alta"
0.306,18.905395800869197,"no tempo, sem passa-alta"
0.307,21.543948883834247,"no tempo, sem passa-alta"
0.308,23.609491814734483,"no tempo, sem passa-alta"
0.309,24.90179259935772,"no tempo, sem passa-alta"
0.31,25.29630957226424,"no tempo, sem passa-alta"
0.311,24.756382402732754,"no tempo, sem passa-alta"
0.312,23.336820663358996,"no tempo, sem passa-alta"
0.313,21.17853868720928,"no tempo, sem passa-alta"
0.314,18.4947618910921,"no tempo, sem passa-alta"
0.315,15.55015478613206,"no tempo, sem passa-alta"
0.316,12.634913771394928,"no tempo, sem passa-alta"
0.317,10.036360688429873,"no tempo, sem passa-alta"
0.318,8.01081775752965,"no tempo, sem passa-alta"
0.319,6.7585169729064,"no tempo, sem passa-alta"
0.32,6.4039999999998765,"no tempo, sem passa-alta"
0.321,6.983927169531363,"no tempo, sem passa-alta"
0.322,8.443488908905122,"no tempo, sem passa-alta"
0.323,10.64177088505484,"no tempo, sem passa-alta"
0.324,13.36554768117202,"no tempo, sem passa-alta"
0.325,16.350154786132062,"no tempo, sem passa-alta"
0.326,19.305395800869192,"no tempo, sem passa-alta"
0.327,21.943948883834242,"no tempo, sem passa-alta"
0.328,24.009491814734467,"no tempo, sem passa-alta"
0.329,25.30179259935771,"no tempo, sem passa-alta"
0.33,25.69630957226422,"no tempo, sem passa-alta"
0.331,25.156382402732724,"no tempo, sem passa-alta"
0.332,23.736820663358962,"no tempo, sem passa-alta"
0.333,21.57853868720925,"no tempo, sem passa-alta"
0.334,18.89476189109207,"no tempo, sem passa-alta"
0.335,15.950154786132025,"no tempo, sem passa-alta"
0.336,13.034913771394892,"no tempo, sem passa-alta"
0.337,10.436360688429836,"no tempo, sem passa-alta"
0.338,8.41081775752961,"no tempo, sem passa-alta"
0.339,7.158516972906367,"no tempo, sem passa-alta"
0.34,6.803999999999855,"no tempo, sem passa-alta"
0.341,7.3839271695313435,"no tempo, sem passa-alta"
0.342,8.84348890890511,"no tempo, sem passa-alta"
0.343,11.041770885054829,"no tempo, sem passa-alta"
0.344,13.76554768117201,"no tempo, sem passa-alta"
0.345,16.750154786132047,"no tempo, sem passa-alta"
0.346,19.705395800869184,"no tempo, sem passa-alta"
0.347,22.343948883834244,"no tempo, sem passa-alta"
0.348,24.409491814734476,"no tempo, sem passa-alta"
0.349,25.70179259935772,"no tempo, sem passa-alta"
0.35,26.096309572264232,"no tempo, sem passa-alta"
0.351,25.556382402732737,"no tempo, sem passa-alta"
0.352,24.136820663358968,"no tempo, sem passa-alta"
0.353,21.97853868720925,"no tempo, sem passa-alta"
0.354,19.294761891092065,"no tempo, sem passa-alta"
0.355,16.350154786132023,"no tempo, sem passa-alta"
0.356,13.43491377139489,"no tempo, sem passa-alta"
0.357,10.836360688429826,"no tempo, sem passa-alta"
0.358,8.810817757529588,"no tempo, sem passa-alta"
0.359,7.558516972906339,"no tempo, sem passa-alta"
0.36,7.20399999999982,"no tempo, sem passa-alta"
0.361,7.783927169531313,"no tempo, sem passa-alta"
0.362,9.243488908905078,"no tempo, sem passa-alta"
0.363,11.441770885054796,"no tempo, sem passa-alta"
0.364,14.165547681171981,"no tempo, sem passa-alta"
0.365,17.15015478613202,"no tempo, sem passa-alta"
0.366,20.105395800869154,"no tempo, sem passa-alta"
0.367,22.74394888383421,"no tempo, sem passa-alta"
0.368,24.80949181473444,"no tempo, sem passa-alta"
0.369,26.10179259935768,"no tempo, sem passa-alta"
0.37,26.496309572264202,"no tempo, sem passa-alta"
0.371,25.956382402732718,"no tempo, sem passa-alta"
0.372,24.536820663358956,"no tempo, sem passa-alta"
0.373,22.378538687209236,"no tempo, sem passa-alta"
0.374,19.694761891092053,"no tempo, sem passa-alta"
0.375,16.75015478613201,"no tempo, sem passa-alta"
0.376,13.834913771394872,"no tempo, sem passa-alta"
0.377,11.236360688429812,"no tempo, sem passa-alta"
0.378,9.210817757529584,"no tempo, sem passa-alta"
0.379,7.958516972906339,"no tempo, sem passa-alta"
0.38,7.603999999999827,"no tempo, sem passa-alta"
0.381,8.183927169531323,"no tempo, sem passa-alta"
0.382,9.643488908905084,"no tempo, sem passa-alta"
0.383,11.841770885054801,"no tempo, sem passa-alta"
0.384,14.565547681171983,"no tempo, sem passa-alta"
0.385,17.55015478613202,"no tempo, sem passa-alta"
0.386,20.505395800869152,"no tempo, sem passa-alta"
0.387,23.143948883834213,"no tempo, sem passa-alta"
0.388,25.209491814734438,"no tempo, sem passa-alta"
0.389,26.50179259935768,"no tempo, sem passa-alta"
0.39,26.896309572264197,"no tempo, sem passa-alta"
0.391,26.35638240273271,"no tempo, sem passa-alta"
0.392,24.936820663358937,"no tempo, sem passa-alta"
0.393,22.77853868720921,"no tempo, sem passa-alta"
0.394,20.09476189109202,"no tempo, sem passa-alta"
0.395,17.150154786131978,"no tempo, sem passa-alta"
0.396,14.234913771394844,"no tempo, sem passa-alta"
0.397,11.636360688429788,"no tempo, sem passa-alta"
0.398,9.610817757529553,"no tempo, sem passa-alta"
0.399,8.358516972906305,"no tempo, sem passa-alta"
0.4,8.003999999999785,"no tempo, sem passa-alta"
0.401,8.583927169531268,"no tempo, sem passa-alta"
0.402,10.043488908905031,"no tempo, sem passa-alta"
0.403,12.241770885054752,"no tempo, sem passa-alta"
0.404,14.965547681171936,"no tempo, sem passa-alta"
0.405,17.95015478613198,"no tempo, sem passa-alta"
0.406,20.90539580086911,"no tempo, sem passa-alta"
0.407,23.543948883834165,"no tempo, sem passa-alta"
0.408,25.6094918147344,"no tempo, sem passa-alta"
0.409,26.90179259935764,"no tempo, sem passa-alta"
0.41,27.296309572264153,"no tempo, sem passa-alta"
0.411,26.75638240273267,"no tempo, sem passa-alta"
0.412,25.336820663358907,"no tempo, sem passa-alta"
0.413,23.178538687209194,"no tempo, sem passa-alta"
0.414,20.494761891092008,"no tempo, sem passa-alta"
0.415,17.550154786131962,"no tempo, sem passa-alta"
0.416,14.63491377139483,"no tempo, sem passa-alta"
0.417,12.036360688429768,"no tempo, sem passa-alta"
0.418,10.010817757529544,"no tempo, sem passa-alta"
0.419,8.758516972906303,"no tempo, sem passa-alta"
0.42,8.403999999999787,"no tempo, sem passa-alta"
0.421,8.983927169531276,"no tempo, sem passa-alta"
0.422,10.443488908905033,"no tempo, sem passa-alta"
0.423,12.641770885054747,"no tempo, sem passa-alta"
0.424,15.36554768117193,"no tempo, sem passa-alta"
0.425,18.35015478613197,"no tempo, sem passa-alta"
0.426,21.3053958008691,"no tempo, sem passa-alta"
0.427,23.943948883834157,"no tempo, sem passa-alta"
0.428,26.009491814734393,"no tempo, sem passa-alta"
0.429,27.30179259935763,"no tempo, sem passa-alta"
0.43,27.69630957226414,"no tempo, sem passa-alta"
0.431,27.156382402732643,"no tempo, sem passa-alta"
0.432,25.73682066335887,"no tempo, sem passa-alta"
0.433,23.578538687209143,"no tempo, sem passa-alta"
0.434,20.89476189109196,"no tempo, sem passa-alta"
0.435,17.950154786131918,"no tempo, sem passa-alta"
0.436,15.034913771394782,"no tempo, sem passa-alta"
0.437,12.43636068842972,"no tempo, sem passa-alta"
0.438,10.410817757529488,"no tempo, sem passa-alta"
0.439,9.158516972906236,"no tempo, sem passa-alta"
0.44,8.803999999999727,"no tempo, sem passa-alta"
0.441,9.383927169531217,"no tempo, sem passa-alta"
0.442,10.843488908904995,"no tempo, sem passa-alta"
0.443,13.04177088505471,"no tempo, sem passa-alta"
0.444,15.76554768117189,"no tempo, sem passa-alta"
0.445,18.75015478613193,"no tempo, sem passa-alta"
0.446,21.705395800869063,"no tempo, sem passa-alta"
0.447,24.343948883834116,"no tempo, sem passa-alta"
0.448,26.409491814734356,"no tempo, sem passa-alta"
0.449,27.701792599357603,"no tempo, sem passa-alta"
0.45,28.096309572264126,"no tempo, sem passa-alta"
0.451,27.55638240273263,"no tempo, sem passa-alta"
0.452,26.13682066335886,"no tempo, sem passa-alta"
0.453,23.978538687209134,"no tempo, sem passa-alta"
0.454,21.294761891091955,"no tempo, sem passa-alta"
0.455,18.350154786131913,"no tempo, sem passa-alta"
0.456,15.434913771394777,"no tempo, sem passa-alta"
0.457,12.836360688429712,"no tempo, sem passa-alta"
0.458,10.810817757529493,"no tempo, sem passa-alta"
0.459,9.558516972906231,"no tempo, sem passa-alta"
0.46,9.203999999999724,"no tempo, sem passa-alta"
0.461,9.783927169531204,"no tempo, sem passa-alta"
0.462,11.243488908904968,"no tempo, sem passa-alta"
0.463,13.441770885054682,"no tempo, sem passa-alta"
0.464,16.16554768117187,"no tempo, sem passa-alta"
0.465,19.150154786131907,"no tempo, sem passa-alta"
0.466,22.10539580086904,"no tempo, sem passa-alta"
0.467,24.743948883834086,"no tempo, sem passa-alta"
0.468,26.809491814734333,"no tempo, sem passa-alta"
0.469,28.10179259935758,"no tempo, sem passa-alta"
0.47,28.49630957226411,"no tempo, sem passa-alta"
0.471,27.956382402732622,"no tempo, sem passa-alta"
0.472,26.53682066335886,"no tempo, sem passa-alta"
0.473,24.378538687209144,"no tempo, sem passa-alta"
0.474,21.69476189109196,"no tempo, sem passa-alta"
0.475,18.750154786131915,"no tempo, sem passa-alta"
0.476,15.834913771394781,"no tempo, sem passa-alta"
0.477,13.236360688429723,"no tempo, sem passa-alta"
0.478,11.210817757529506,"no tempo, sem passa-alta"
0.479,9.958516972906262,"no tempo, sem passa-alta"
0.48,9.603999999999742,"no tempo, sem passa-alta"
0.481,10.183927169531223,"no tempo, sem passa-alta"
0.482,11.643488908904976,"no tempo, sem passa-alta"
0.483,13.841770885054684,"no tempo, sem passa-alta"
0.484,16.565547681171864,"no tempo, sem passa-alta"
0.485,19.550154786131905,"no tempo, sem passa-alta"
0.486,22.505395800869035,"no tempo, sem passa-alta"
0.487,25.143948883834092,"no tempo, sem passa-alta"
0.488,27.209491814734314,"no tempo, sem passa-alta"
0.489,28.50179259935756,"no tempo, sem passa-alta"
0.49,28.89630957226406,"no tempo, sem passa-alta"
0.491,28.356382402732578,"no tempo, sem passa-alta"
0.492,26.936820663358816,"no tempo, sem passa-alta"
0.493,24.7785386872091,"no tempo, sem passa-alta"
0.494,22.094761891091913,"no tempo, sem passa-alta"
0.495,19.150154786131868,"no tempo, sem passa-alta"
0.496,16.234913771394737,"no tempo, sem passa-alta"
0.497,13.636360688429686,"no tempo, sem passa-alta"
0.498,11.61081775752945,"no tempo, sem passa-alta"
0.499,10.358516972906223,"no tempo, sem passa-alta"
0.5,10.00399999999969,"no tempo, sem passa-alta"
0.501,10.583927169531174,"no tempo, sem passa-alta"
0.502,12.043488908904944,"no tempo, sem passa-alta"
0.503,14.241770885054665,"no tempo, sem passa-alta"
0.504,16.965547681171856,"no tempo, sem passa-alta"
0.505,19.950154786131897,"no tempo, sem passa-alta"
0.506,22.905395800869027,"no tempo, sem passa-alta"
0.507,25.543948883834087,"no tempo, sem passa-alta"
0.508,27.60949181473431,"no tempo, sem passa-alta"
0.509,28.90179259935754,"no tempo, sem passa-alta"
0.51,29.29630957226406,"no tempo, sem passa-alta"
0.511,28.75638240273256,"no tempo, sem passa-alta"
0.512,27.336820663358786,"no tempo, sem passa-alta"
0.513,25.17853868720907,"no tempo, sem passa-alta"
0.514,22.494761891091894,"no tempo, sem passa-alta"
0.515,19.550154786131856,"no tempo, sem passa-alta"
0.516,16.63491377139472,"no tempo, sem passa-alta"
0.517,14.036360688429658,"no tempo, sem passa-alta"
0.518,12.010817757529425,"no tempo, sem passa-alta"
0.519,10.758516972906186,"no tempo, sem passa-alta"
0.52,10.403999999999655,"no tempo, sem passa-alta"
0.521,10.983927169531142,"no tempo, sem passa-alta"
0.522,12.443488908904902,"no tempo, sem passa-alta"
0.523,14.641770885054612,"no tempo, sem passa-alta"
0.524,17.365547681171797,"no tempo, sem passa-alta"
0.525,20.35015478613184,"no tempo, sem passa-alta"
0.526,23.305395800868972,"no tempo, sem passa-alta"
0.527,25.943948883834025,"no tempo, sem passa-alta"
0.528,28.009491814734247,"no tempo, sem passa-alta"
0.529,29.301792599357505,"no tempo, sem passa-alta"
0.53,29.69630957226402,"no tempo, sem passa-alta"
0.531,29.156382402732525,"no tempo, sem passa-alta"
0.532,27.736820663358742,"no tempo, sem passa-alta"
0.533,25.57853868720902,"no tempo, sem passa-alta"
0.534,22.894761891091836,"no tempo, sem passa-alta"
0.535,19.950154786131794,"no tempo, sem passa-alta"
0.536,17.03491377139466,"no tempo, sem passa-alta"
0.537,14.43636068842961,"no tempo, sem passa-alta"
0.538,12.41081775752938,"no tempo, sem passa-alta"
0.539,11.158516972906128,"no tempo, sem passa-alta"
0.54,10.803999999999602,"no tempo, sem passa-alta"
0.541,11.383927169531074,"no tempo, sem passa-alta"
0.542,12.843488908904837,"no tempo, sem passa-alta"
0.543,15.041770885054541,"no tempo, sem passa-alta"
0.544,17.765547681171725,"no tempo, sem passa-alta"
0.545,20.750154786131763,"no tempo, sem passa-alta"
0.546,23.7053958008689,"no tempo, sem passa-alta"
0.547,26.343948883833956,"no tempo, sem passa-alta"
0.548,28.40949181473419,"no tempo, sem passa-alta"
0.549,29.70179259935744,"no tempo, sem passa-alta"
0.55,30.096309572263948,"no tempo, sem passa-alta"
0.551,29.556382402732456,"no tempo, sem passa-alta"
0.552,28.136820663358716,"no tempo, sem passa-alta"
0.553,25.97853868720898,"no tempo, sem passa-alta"
0.554,23.294761891091806,"no tempo, sem passa-alta"
0.555,20.35015478613176,"no tempo, sem passa-alta"
0.556,17.434913771394626,"no tempo, sem passa-alta"
0.557,14.836360688429577,"no tempo, sem passa-alta"
0.558,12.810817757529346,"no tempo, sem passa-alta"
0.559,11.558516972906112,"no tempo, sem passa-alta"
0.56,11.203999999999604,"no tempo, sem passa-alta"
0.561,11.7839271695311,"no tempo, sem passa-alta"
0.562,13.24348890890488,"no tempo, sem passa-alta"
0.563,15.441770885054586,"no tempo, sem passa-alta"
0.564,18.16554768117177,"no tempo, sem passa-alta"
0.565,21.150154786131814,"no tempo, sem passa-alta"
0.566,24.10539580086895,"no tempo, sem passa-alta"
0.567,26.74394888383402,"no tempo, sem passa-alta"
0.568,28.80949181473426,"no tempo, sem passa-alta"
0.569,30.101792599357502,"no tempo, sem passa-alta"
0.57,30.49630957226403,"no tempo, sem passa-alta"
0.571,29.956382402732533,"no tempo, sem passa-alta"
0.572,28.53682066335878,"no tempo, sem passa-alta"
0.573,26.378538687209062,"no tempo, sem passa-alta"
0.574,23.69476189109188,"no tempo, sem passa-alta"
0.575,20.75015478613183,"no tempo, sem passa-alta"
0.576,17.8349137713947,"no tempo, sem passa-alta"
0.577,15.236360688429642,"no tempo, sem passa-alta"
0.578,13.210817757529409,"no tempo, sem passa-alta"
0.579,11.958516972906178,"no tempo, sem passa-alta"
0.58,11.603999999999674,"no tempo, sem passa-alta"
0.581,12.183927169531156,"no tempo, sem passa-alta"
0.582,13.643488908904926,"no tempo, sem passa-alta"
0.583,15.841770885054645,"no tempo, sem passa-alta"
0.584,18.565547681171832,"no tempo, sem passa-alta"
0.585,21.550154786131877,"no tempo, sem passa-alta"
0.586,24.50539580086901,"no tempo, sem passa-alta"
0.587,27.143948883834067,"no tempo, sem passa-alta"
0.588,29.20949181473428,"no tempo, sem passa-alta"
0.589,30.501792599357525,"no tempo, sem passa-alta"
0.59,30.896309572264062,"no tempo, sem passa-alta"
0.591,30.35638240273256,"no tempo, sem passa-alta"
0.592,28.936820663358805,"no tempo, sem passa-alta"
0.593,26.778538687209096,"no tempo, sem passa-alta"
0.594,24.09476189109191,"no tempo, sem passa-alta"
0.595,21.150154786131864,"no tempo, sem passa-alta"
0.596,18.23491377139473,"no tempo, sem passa-alta"
0.597,15.636360688429676,"no tempo, sem passa-alta"
0.598,13.610817757529452,"no tempo, sem passa-alta"
0.599,12.358516972906196,"no tempo, sem passa-alta"
0.6,12.003999999999696,"no tempo, sem passa-alta"
0.601,12.583927169531181,"no tempo, sem passa-alta"
0.602,14.043488908904953,"no tempo, sem passa-alta"
0.603,16.241770885054674,"no tempo, sem passa-alta"
0.604,18.96554768117186,"no tempo, sem passa-alta"
0.605,21.9501547861319,"no tempo, sem passa-alta"
0.606,24.905395800869034,"no tempo, sem passa-alta"
0.607,27.543948883834087,"no tempo, sem passa-alta"
0.608,29.609491814734326,"no tempo, sem passa-alta"
0.609,30.901792599357552,"no tempo, sem passa-alta"
0.61,31.29630957226407,"no tempo, sem passa-alta"
0.611,30.756382402732562,"no tempo, sem passa-alta"
0.612,29.336820663358786,"no tempo, sem passa-alta"
0.613,27.178538687209063,"no tempo, sem passa-alta"
0.614,24.49476189109188,"no tempo, sem passa-alta"
0.615,21.55015478613184,"no tempo, sem passa-alta"
0.616,18.634913771394707,"no tempo, sem passa-alta"
0.617,16.03636068842965,"no tempo, sem passa-alta"
0.618,14.010817757529415,"no tempo, sem passa-alta"
0.619,12.758516972906161,"no tempo, sem passa-alta"
0.62,12.403999999999648,"no tempo, sem passa-alta"
0.621,12.983927169531137,"no tempo, sem passa-alta"
0.622,14.443488908904897,"no tempo, sem passa-alta"
0.623,16.64177088505462,"no tempo, sem passa-alta"
0.624,19.3655476811718,"no tempo, sem passa-alta"
0.625,22.35015478613184,"no tempo, sem passa-alta"
0.626,25.305395800868965,"no tempo, sem passa-alta"
0.627,27.943948883834018,"no tempo, sem passa-alta"
0.628,30.00949181473425,"no tempo, sem passa-alta"
0.629,31.30179259935749,"no tempo, sem passa-alta"
0.63,31.696309572263992,"no tempo, sem passa-alta"
0.631,31.156382402732504,"no tempo, sem passa-alta"
0.632,29.73682066335873,"no tempo, sem passa-alta"
0.633,27.57853868720901,"no tempo, sem passa-alta"
0.634,24.894761891091825,"no tempo, sem passa-alta"
0.635,21.950154786131787,"no tempo, sem passa-alta"
0.636,19.03491377139466,"no tempo, sem passa-alta"
0.637,16.436360688429602,"no tempo, sem passa-alta"
0.638,14.41081775752937,"no tempo, sem passa-alta"
0.639,13.158516972906117,"no tempo, sem passa-alta"
0.64,12.803999999999586,"no tempo, sem passa-alta"
0.641,13.383927169531063,"no tempo, sem passa-alta"
0.642,14.843488908904824,"no tempo, sem passa-alta"
0.643,17.04177088505454,"no tempo, sem passa-alta"
0.644,19.765547681171718,"no tempo, sem passa-alta"
0.645,22.750154786131755,"no tempo, sem passa-alta"
0.646,25.70539580086889,"no tempo, sem passa-alta"
0.647,28.343948883833935,"no tempo, sem passa-alta"
0.648,30.409491814734167,"no tempo, sem passa-alta"
0.649,31.70179259935741,"no tempo, sem passa-alta"
0.65,32.096309572263934,"no tempo, sem passa-alta"
0.651,31.556382402732446,"no tempo, sem passa-alta"
0.652,30.136820663358687,"no tempo, sem passa-alta"
0.653,27.97853868720897,"no tempo, sem passa-alta"
0.654,25.29476189109178,"no tempo, sem passa-alta"
0.655,22.35015478613174,"no tempo, sem passa-alta"
0.656,19.43491377139461,"no tempo, sem passa-alta"
0.657,16.836360688429558,"no tempo, sem passa-alta"
0.658,14.810817757529339,"no tempo, sem passa-alta"
0.659,13.558516972906094,"no tempo, sem passa-alta"
0.66,13.203999999999587,"no tempo, sem passa-alta"
0.661,13.78392716953108,"no tempo, sem passa-alta"
0.662,15.243488908904862,"no tempo, sem passa-alta"
0.663,17.44177088505458,"no tempo, sem passa-alta"
0.664,20.16554768117176,"no tempo, sem passa-alta"
0.665,23.1501547861318,"no tempo, sem passa-alta"
0.666,26.105395800868934,"no tempo, sem passa-alta"
0.667,28.74394888383399,"no tempo, sem passa-alta"
0.668,30.809491814734237,"no tempo, sem passa-alta"
0.669,32.10179259935749,"no tempo, sem passa-alta"
0.67,32.49630957226401,"no tempo, sem passa-alta"
0.671,31.956382402732526,"no tempo, sem passa-alta"
0.672,30.53682066335876,"no tempo, sem passa-alta"
0.673,28.378538687209048,"no tempo, sem passa-alta"
0.674,25.69476189109186,"no tempo, sem passa-alta"
0.675,22.750154786131816,"no tempo, sem passa-alta"
0.676,19.83491377139469,"no tempo, sem passa-alta"
0.677,17.23636068842963,"no tempo, sem passa-alta"
0.678,15.210817757529403,"no tempo, sem passa-alta"
0.679,13.958516972906155,"no tempo, sem passa-alta"
0.68,13.603999999999653,"no tempo, sem passa-alta"
0.681,14.183927169531154,"no tempo, sem passa-alta"
0.682,15.643488908904907,"no tempo, sem passa-alta"
0.683,17.841770885054636,"no tempo, sem passa-alta"
0.684,20.56554768117182,"no tempo, sem passa-alta"
0.685,23.55015478613186,"no tempo, sem passa-alta"
0.686,26.50539580086899,"no tempo, sem passa-alta"
0.687,29.143948883834042,"no tempo, sem passa-alta"
0.688,31.20949181473428,"no tempo, sem passa-alta"
0.689,32.50179259935753,"no tempo, sem passa-alta"
0.69,32.896309572264045,"no tempo, sem passa-alta"
0.691,32.356382402732564,"no tempo, sem passa-alta"
0.692,30.936820663358798,"no tempo, sem passa-alta"
0.693,28.778538687209092,"no tempo, sem passa-alta"
0.694,26.094761891091913,"no tempo, sem passa-alta"
0.695,23.15015478613187,"no tempo, sem passa-alta"
0.696,20.234913771394734,"no tempo, sem passa-alta"
0.697,17.636360688429672,"no tempo, sem passa-alta"
0.698,15.610817757529443,"no tempo, sem passa-alta"
0.699,14.358516972906205,"no tempo, sem passa-alta"
0.7,14.003999999999689,"no tempo, sem passa-alta"
0.701,14.583927169531192,"no tempo, sem passa-alta"
0.702,16.043488908904948,"no tempo, sem passa-alta"
0.703,18.24177088505467,"no tempo, sem passa-alta"
0.704,20.965547681171856,"no tempo, sem passa-alta"
0.705,23.950154786131897,"no tempo, sem passa-alta"
0.706,26.90539580086903,"no tempo, sem passa-alta"
0.707,29.543948883834084,"no tempo, sem passa-alta"
0.708,31.609491814734305,"no tempo, sem passa-alta"
0.709,32.90179259935754,"no tempo, sem passa-alta"
0.71,33.296309572264036,"no tempo, sem passa-alta"
0.711,32.756382402732555,"no tempo, sem passa-alta"
0.712,31.33682066335878,"no tempo, sem passa-alta"
0.713,29.178538687209052,"no tempo, sem passa-alta"
0.714,26.494761891091873,"no tempo, sem passa-alta"
0.715,23.550154786131827,"no tempo, sem passa-alta"
0.716,20.634913771394693,"no tempo, sem passa-alta"
0.717,18.03636068842964,"no tempo, sem passa-alta"
0.718,16.010817757529402,"no tempo, sem passa-alta"
0.719,14.758516972906161,"no tempo, sem passa-alta"
0.72,14.403999999999629,"no tempo, sem passa-alta"
0.721,14.983927169531137,"no tempo, sem passa-alta"
0.722,16.4434889089049,"no tempo, sem passa-alta"
0.723,18.641770885054612,"no tempo, sem passa-alta"
0.724,21.365547681171794,"no tempo, sem passa-alta"
0.725,24.35015478613184,"no tempo, sem passa-alta"
0.726,27.305395800868975,"no tempo, sem passa-alta"
0.727,29.943948883834025,"no tempo, sem passa-alta"
0.728,32.00949181473425,"no tempo, sem passa-alta"
0.729,33.3017925993575,"no tempo, sem passa-alta"
0.73,33.69630957226399,"no tempo, sem passa-alta"
0.731,33.156382402732504,"no tempo, sem passa-alta"
0.732,31.736820663358728,"no tempo, sem passa-alta"
0.733,29.578538687209,"no tempo, sem passa-alta"
0.734,26.89476189109181,"no tempo, sem passa-alta"
0.735,23.950154786131762,"no tempo, sem passa-alta"
0.736,21.03491377139463,"no tempo, sem passa-alta"
0.737,18.43636068842958,"no tempo, sem passa-alta"
0.738,16.410817757529344,"no tempo, sem passa-alta"
0.739,15.15851697290609,"no tempo, sem passa-alta"
0.74,14.803999999999567,"no tempo, sem passa-alta"
0.741,15.383927169531042,"no tempo, sem passa-alta"
0.742,16.84348890890481,"no tempo, sem passa-alta"
0.743,19.04177088505452,"no tempo, sem passa-alta"
0.744,21.76554768117171,"no tempo, sem passa-alta"
0.745,24.75015478613175,"no tempo, sem passa-alta"
0.746,27.70539580086888,"no tempo, sem passa-alta"
0.747,30.34394888383394,"no tempo, sem passa-alta"
0.748,32.40949181473417,"no tempo, sem passa-alta"
0.749,33.701792599357425,"no tempo, sem passa-alta"
0.75,34.096309572263955,"no tempo, sem passa-alta"
0.751,33.55638240273245,"no tempo, sem passa-alta"
0.752,32.13682066335868,"no tempo, sem passa-alta"
0.753,29.978538687208953,"no tempo, sem passa-alta"
0.754,27.29476189109177,"no tempo, sem passa-alta"
0.755,24.35015478613173,"no tempo, sem passa-alta"
0.756,21.434913771394598,"no tempo, sem passa-alta"
0.757,18.836360688429544,"no tempo, sem passa-alta"
0.758,16.810817757529314,"no tempo, sem passa-alta"
0.759,15.558516972906085,"no tempo, sem passa-alta"
0.76,15.20399999999958,"no tempo, sem passa-alta"
0.761,15.783927169531072,"no tempo, sem passa-alta"
0.762,17.243488908904855,"no tempo, sem passa-alta"
0.763,19.441770885054577,"no tempo, sem passa-alta"
0.764,22.16554768117176,"no tempo, sem passa-alta"
0.765,25.1501547861318,"no tempo, sem passa-alta"
0.766,28.105395800868934,"no tempo, sem passa-alta"
0.767,30.743948883833994,"no tempo, sem passa-alta"
0.768,32.80949181473422,"no tempo, sem passa-alta"
0.769,34.10179259935749,"no tempo, sem passa-alta"
0.77,34.496309572264,"no tempo, sem passa-alta"
0.771,33.95638240273253,"no tempo, sem passa-alta"
0.772,32.53682066335876,"no tempo, sem passa-alta"
0.773,30.37853868720904,"no tempo, sem passa-alta"
0.774,27.69476189109186,"no tempo, sem passa-alta"
0.775,24.750154786131823,"no tempo, sem passa-alta"
0.776,21.83491377139469,"no tempo, sem passa-alta"
0.777,19.236360688429638,"no tempo, sem passa-alta"
0.778,17.210817757529412,"no tempo, sem passa-alta"
0.779,15.958516972906164,"no tempo, sem passa-alta"
0.78,15.603999999999646,"no tempo, sem passa-alta"
0.781,16.183927169531145,"no tempo, sem passa-alta"
0.782,17.643488908904917,"no tempo, sem passa-alta"
0.783,19.84177088505464,"no tempo, sem passa-alta"
0.784,22.565547681171825,"no tempo, sem passa-alta"
0.785,25.550154786131863,"no tempo, sem passa-alta"
0.786,28.505395800868996,"no tempo, sem passa-alta"
0.787,31.14394888383405,"no tempo, sem passa-alta"
0.788,33.20949181473428,"no tempo, sem passa-alta"
0.789,34.501792599357536,"no tempo, sem passa-alta"
0.79,34.89630957226406,"no tempo, sem passa-alta"
0.791,34.35638240273257,"no tempo, sem passa-alta"
0.792,32.936820663358816,"no tempo, sem passa-alta"
0.793,30.778538687209096,"no tempo, sem passa-alta"
0.794,28.094761891091917,"no tempo, sem passa-alta"
0.795,25.150154786131882,"no tempo, sem passa-alta"
0.796,22.234913771394748,"no tempo, sem passa-alta"
0.797,19.636360688429697,"no tempo, sem passa-alta"
0.798,17.61081775752946,"no tempo, sem passa-alta"
0.799,16.35851697290622,"no tempo, sem passa-alta"
0.8,16.003999999999703,"no tempo, sem passa-alta"
0.801,16.583927169531187,"no tempo, sem passa-alta"
0.802,18.043488908904955,"no tempo, sem passa-alta"
0.803,20.241770885054667,"no tempo, sem passa-alta"
0.804,22.96554768117186,"no tempo, sem passa-alta"
0.805,25.950154786131904,"no tempo, sem passa-alta"
0.806,28.905395800869034,"no tempo, sem passa-alta"
0.807,31.543948883834084,"no tempo, sem passa-alta"
0.808,33.609491814734305,"no tempo, sem passa-alta"
0.809,34.90179259935755,"no tempo, sem passa-alta"
0.81,35.29630957226406,"no tempo, sem passa-alta"
0.811,34.756382402732555,"no tempo, sem passa-alta"
0.812,33.33682066335879,"no tempo, sem passa-alta"
0.813,31.178538687209073,"no tempo, sem passa-alta"
0.814,28.494761891091894,"no tempo, sem passa-alta"
0.815,25.55015478613186,"no tempo, sem passa-alta"
0.816,22.634913771394714,"no tempo, sem passa-alta"
0.817,20.036360688429653,"no tempo, sem passa-alta"
0.818,18.010817757529445,"no tempo, sem passa-alta"
0.819,16.75851697290619,"no tempo, sem passa-alta"
0.82,16.403999999999662,"no tempo, sem passa-alta"
0.821,16.98392716953117,"no tempo, sem passa-alta"
0.822,18.443488908904918,"no tempo, sem passa-alta"
0.823,20.641770885054644,"no tempo, sem passa-alta"
0.824,23.365547681171837,"no tempo, sem passa-alta"
0.825,26.35015478613188,"no tempo, sem passa-alta"
0.826,29.305395800869018,"no tempo, sem passa-alta"
0.827,31.943948883834068,"no tempo, sem passa-alta"
0.828,34.009491814734304,"no tempo, sem passa-alta"
0.829,35.30179259935756,"no tempo, sem passa-alta"
0.83,35.696309572264056,"no tempo, sem passa-alta"
0.831,35.156382402732575,"no tempo, sem passa-alta"
0.832,33.73682066335879,"no tempo, sem passa-alta"
0.833,31.578538687209065,"no tempo, sem passa-alta"
0.834,28.89476189109189,"no tempo, sem passa-alta"
0.835,25.95015478613185,"no tempo, sem passa-alta"
0.836,23.034913771394724,"no tempo, sem passa-alta"
0.837,20.43636068842966,"no tempo, sem passa-alta"
0.838,18.410817757529422,"no tempo, sem passa-alta"
0.839,17.158516972906202,"no tempo, sem passa-alta"
0.84,16.803999999999675,"no tempo, sem passa-alta"
0.841,17.383927169531148,"no tempo, sem passa-alta"
0.842,18.8434889089049,"no tempo, sem passa-alta"
0.843,21.041770885054607,"no tempo, sem passa-alta"
0.844,23.765547681171793,"no tempo, sem passa-alta"
0.845,26.750154786131837,"no tempo, sem passa-alta"
0.846,29.705395800868978,"no tempo, sem passa-alta"
0.847,32.343948883834045,"no tempo, sem passa-alta"
0.848,34.40949181473425,"no tempo, sem passa-alta"
0.849,35.701792599357496,"no tempo, sem passa-alta"
0.85,36.09630957226401,"no tempo, sem passa-alta"
0.851,35.556382402732545,"no tempo, sem passa-alta"
0.852,34.13682066335876,"no tempo, sem passa-alta"
0.853,31.978538687209028,"no tempo, sem passa-alta"
0.854,29.294761891091845,"no tempo, sem passa-alta"
0.855,26.35015478613181,"no tempo, sem passa-alta"
0.856,23.434913771394672,"no tempo, sem passa-alta"
0.857,20.836360688429632,"no tempo, sem passa-alta"
0.858,18.8108177575294,"no tempo, sem passa-alta"
0.859,17.558516972906155,"no tempo, sem passa-alta"
0.86,17.20399999999963,"no tempo, sem passa-alta"
0.861,17.783927169531147,"no tempo, sem passa-alta"
0.862,19.24348890890493,"no tempo, sem passa-alta"
0.863,21.441770885054655,"no tempo, sem passa-alta"
0.864,24.165547681171848,"no tempo, sem passa-alta"
0.865,27.150154786131893,"no tempo, sem passa-alta"
0.866,30.105395800869022,"no tempo, sem passa-alta"
0.867,32.74394888383408,"no tempo, sem passa-alta"
0.868,34.80949181473433,"no tempo, sem passa-alta"
0.869,36.101792599357566,"no tempo, sem passa-alta"
0.87,36.49630957226405,"no tempo, sem passa-alta"
0.871,35.95638240273257,"no tempo, sem passa-alta"
0.872,34.536820663358824,"no tempo, sem passa-alta"
0.873,32.37853868720909,"no tempo, sem passa-alta"
0.874,29.694761891091918,"no tempo, sem passa-alta"
0.875,26.75015478613188,"no tempo, sem passa-alta"
0.876,23.83491377139475,"no tempo, sem passa-alta"
0.877,21.23636068842968,"no tempo, sem passa-alta"
0.878,19.210817757529455,"no tempo, sem passa-alta"
0.879,17.958516972906242,"no tempo, sem passa-alta"
0.88,17.603999999999726,"no tempo, sem passa-alta"
0.881,18.183927169531206,"no tempo, sem passa-alta"
0.882,19.643488908904988,"no tempo, sem passa-alta"
0.883,21.84177088505473,"no tempo, sem passa-alta"
0.884,24.565547681171914,"no tempo, sem passa-alta"
0.885,27.55015478613196,"no tempo, sem passa-alta"
0.886,30.505395800869096,"no tempo, sem passa-alta"
0.887,33.14394888383414,"no tempo, sem passa-alta"
0.888,35.20949181473436,"no tempo, sem passa-alta"
0.889,36.5017925993576,"no tempo, sem passa-alta"
0.89,36.89630957226413,"no tempo, sem passa-alta"
0.891,36.356382402732635,"no tempo, sem passa-alta"
0.892,34.93682066335887,"no tempo, sem passa-alta"
0.893,32.77853868720916,"no tempo, sem passa-alta"
0.894,30.09476189109197,"no tempo, sem passa-alta"
0.895,27.15015478613192,"no tempo, sem passa-alta"
0.896,24.234913771394794,"no tempo, sem passa-alta"
0.897,21.636360688429743,"no tempo, sem passa-alta"
0.898,19.61081775752952,"no tempo, sem passa-alta"
0.899,18.358516972906283,"no tempo, sem passa-alta"
0.9,18.003999999999767,"no tempo, sem passa-alta"
0.901,18.583927169531254,"no tempo, sem passa-alta"
0.902,20.04348890890501,"no tempo, sem passa-alta"
0.903,22.24177088505474,"no tempo, sem passa-alta"
0.904,24.965547681171934,"no tempo, sem passa-alta"
0.905,27.95015478613197,"no tempo, sem passa-alta"
0.906,30.90539580086909,"no tempo, sem passa-alta"
0.907,33.54394888383414,"no tempo, sem passa-alta"
0.908,35.60949181473437,"no tempo, sem passa-alta"
0.909,36.901792599357606,"no tempo, sem passa-alta"
0.91,37.29630957226412,"no tempo, sem passa-alta"
0.911,36.75638240273264,"no tempo, sem passa-alta"
0.912,35.33682066335886,"no tempo, sem passa-alta"
0.913,33.17853868720914,"no tempo, sem passa-alta"
0.914,30.49476189109198,"no tempo, sem passa-alta"
0.915,27.55015478613194,"no tempo, sem passa-alta"
0.916,24.634913771394814,"no tempo, sem passa-alta"
0.917,22.03636068842975,"no tempo, sem passa-alta"
0.918,20.010817757529505,"no tempo, sem passa-alta"
0.919,18.758516972906264,"no tempo, sem passa-alta"
0.92,18.403999999999755,"no tempo, sem passa-alta"
0.921,18.983927169531245,"no tempo, sem passa-alta"
0.922,20.443488908905007,"no tempo, sem passa-alta"
0.923,22.6417708850547,"no tempo, sem passa-alta"
0.924,25.36554768117189,"no tempo, sem passa-alta"
0.925,28.350154786131935,"no tempo, sem passa-alta"
0.926,31.30539580086907,"no tempo, sem passa-alta"
0.927,33.94394888383414,"no tempo, sem passa-alta"
0.928,36.00949181473436,"no tempo, sem passa-alta"
0.929,37.30179259935759,"no tempo, sem passa-alta"
0.93,37.6963095722641,"no tempo, sem passa-alta"
0.931,37.15638240273261,"no tempo, sem passa-alta"
0.932,35.736820663358884,"no tempo, sem passa-alta"
0.933,33.57853868720914,"no tempo, sem passa-alta"
0.934,30.894761891091946,"no tempo, sem passa-alta"
0.935,27.950154786131908,"no tempo, sem passa-alta"
0.936,25.034913771394773,"no tempo, sem passa-alta"
0.937,22.436360688429744,"no tempo, sem passa-alta"
0.938,20.410817757529497,"no tempo, sem passa-alta"
0.939,19.158516972906224,"no tempo, sem passa-alta"
0.94,18.803999999999714,"no tempo, sem passa-alta"
0.941,19.383927169531212,"no tempo, sem passa-alta"
0.942,20.843488908904977,"no tempo, sem passa-alta"
0.943,23.041770885054692,"no tempo, sem passa-alta"
0.944,25.76554768117186,"no tempo, sem passa-alta"
0.945,28.7501547861319,"no tempo, sem passa-alta"
0.946,31.705395800869034,"no tempo, sem passa-alta"
0.947,34.3439488838341,"no tempo, sem passa-alta"
0.948,36.40949181473435,"no tempo, sem passa-alta"
0.949,37.70179259935758,"no tempo, sem passa-alta"
0.95,38.09630957226409,"no tempo, sem passa-alta"
0.951,37.556382402732595,"no tempo, sem passa-alta"
0.952,36.136820663358826,"no tempo, sem passa-alta"
0.953,33.97853868720911,"no tempo, sem passa-alta"
0.954,31.29476189109192,"no tempo, sem passa-alta"
0.955,28.350154786131878,"no tempo, sem passa-alta"
0.956,25.434913771394747,"no tempo, sem passa-alta"
0.957,22.83636068842968,"no tempo, sem passa-alta"
0.958,20.810817757529463,"no tempo, sem passa-alta"
0.959,19.558516972906226,"no tempo, sem passa-alta"
0.96,19.203999999999724,"no tempo, sem passa-alta"
0.961,19.783927169531218,"no tempo, sem passa-alta"
0.962,21.24348890890499,"no tempo, sem passa-alta"
0.963,23.441770885054712,"no tempo, sem passa-alta"
0.964,26.165547681171894,"no tempo, sem passa-alta"
0.965,29.150154786131935,"no tempo, sem passa-alta"
0.966,32.105395800869076,"no tempo, sem passa-alta"
0.967,34.74394888383412,"no tempo, sem passa-alta"
0.968,36.809491814734336,"no tempo, sem passa-alta"
0.969,38.10179259935761,"no tempo, sem passa-alta"
0.97,38.496309572264146,"no tempo, sem passa-alta"
0.971,37.95638240273261,"no tempo, sem passa-alta"
0.972,36.53682066335884,"no tempo, sem passa-alta"
0.973,34.378538687209115,"no tempo, sem passa-alta"
0.974,31.694761891091932,"no tempo, sem passa-alta"
0.975,28.750154786131894,"no tempo, sem passa-alta"
0.976,25.834913771394767,"no tempo, sem passa-alta"
0.977,23.236360688429723,"no tempo, sem passa-alta"
0.978,21.21081775752949,"no tempo, sem passa-alta"
0.979,19.95851697290623,"no tempo, sem passa-alta"
0.98,19.60399999999976,"no tempo, sem passa-alta"
0.981,20.18392716953126,"no tempo, sem passa-alta"
0.982,21.643488908905027,"no tempo, sem passa-alta"
0.983,23.841770885054746,"no tempo, sem passa-alta"
0.984,26.56554768117193,"no tempo, sem passa-alta"
0.985,29.55015478613198,"no tempo, sem passa-alta"
0.986,32.50539580086911,"no tempo, sem passa-alta"
0.987,35.14394888383416,"no tempo, sem passa-alta"
0.988,37.20949181473439,"no tempo, sem passa-alta"
0.989,38.50179259935762,"no tempo, sem passa-alta"
0.99,38.89630957226415,"no tempo, sem passa-alta"
0.991,38.356382402732685,"no tempo, sem passa-alta"
0.992,36.93682066335891,"no tempo, sem passa-alta"
0.993,34.77853868720919,"no tempo, sem passa-alta"
0.994,32.094761891092006,"no tempo, sem passa-alta"
0.995,29.15015478613197,"no tempo, sem passa-alta"
0.996,26.23491377139484,"no tempo, sem passa-alta"
0.997,23.636360688429782,"no tempo, sem passa-alta"
0.998,21.61081775752957,"no tempo, sem passa-alta"
0.999,20.35851697290632,"no tempo, sem passa-alta"
1.0,20.003999999999788,"no tempo, sem passa-alta"
1.001,20.583927169531226,"no tempo, sem passa-alta"
1.002,22.043488908905005,"no tempo, sem passa-alta"
1.003,24.24177088505468,"no tempo, sem passa-alta"
1.004,26.9655476811719,"no tempo, sem passa-alta"
1.005,29.95015478613194,"no tempo, sem passa-alta"
1.006,32.90539580086907,"no tempo, sem passa-alta"
1.007,35.54394888383414,"no tempo, sem passa-alta"
1.008,37.60949181473433,"no tempo, sem passa-alta"
1.009,38.901792599357634,"no tempo, sem passa-alta"
1.01,39.2963095722641,"no tempo, sem passa-alta"
1.011,38.75638240273264,"no tempo, sem passa-alta"
1.012,37.33682066335883,"no tempo, sem passa-alta"
1.013,35.178538687209155,"no tempo, sem passa-alta"
1.014,32.494761891091954,"no tempo, sem passa-alta"
1.015,29.550154786131927,"no tempo, sem passa-alta"
1.016,26.634913771394807,"no tempo, sem passa-alta"
1.017,24.036360688429728,"no tempo, sem passa-alta"
1.018,22.01081775752954,"no tempo, sem passa-alta"
1.019,20.758516972906257,"no tempo, sem passa-alta"
1.02,20.403999999999794,"no tempo, sem passa-alta"
1.021,20.98392716953123,"no tempo, sem passa-alta"
1.022,22.443488908905074,"no tempo, sem passa-alta"
1.023,24.641770885054775,"no tempo, sem passa-alta"
1.024,27.365547681171982,"no tempo, sem passa-alta"
1.025,30.350154786132023,"no tempo, sem passa-alta"
1.026,33.30539580086916,"no tempo, sem passa-alta"
1.027,35.94394888383426,"no tempo, sem passa-alta"
1.028,38.00949181473446,"no tempo, sem passa-alta"
1.029,39.30179259935771,"no tempo, sem passa-alta"
1.03,39.6963095722642,"no tempo, sem passa-alta"
1.031,39.15638240273276,"no tempo, sem passa-alta"
1.032,37.73682066335895,"no tempo, sem passa-alta"
1.033,35.57853868720927,"no tempo, sem passa-alta"
1.034,32.89476189109207,"no tempo, sem passa-alta"
1.035,29.950154786132032,"no tempo, sem passa-alta"
1.036,27.034913771394912,"no tempo, sem passa-alta"
1.037,24.43636068842984,"no tempo, sem passa-alta"
1.038,22.410817757529657,"no tempo, sem passa-alta"
1.039,21.15851697290638,"no tempo, sem passa-alta"
1.04,20.80399999999989,"no tempo, sem passa-alta"
1.041,21.38392716953137,"no tempo, sem passa-alta"
1.042,22.843488908905147,"no tempo, sem passa-alta"
1.043,25.041770885054852,"no tempo, sem passa-alta"
1.044,27.76554768117205,"no tempo, sem passa-alta"
1.045,30.750154786132082,"no tempo, sem passa-alta"
1.046,33.70539580086921,"no tempo, sem passa-alta"
1.047,36.34394888383428,"no tempo, sem passa-alta"
1.048,38.40949181473447,"no tempo, sem passa-alta"
1.049,39.70179259935776,"no tempo, sem passa-alta"
1.05,40.09630957226421,"no tempo, sem passa-alta"
1.051,39.55638240273273,"no tempo, sem passa-alta"
1.052,38.13682066335898,"no tempo, sem passa-alta"
1.053,35.978538687209266,"no tempo, sem passa-alta"
1.054,33.29476189109208,"no tempo, sem passa-alta"
1.055,30.35015478613204,"no tempo, sem passa-alta"
1.056,27.43491377139491,"no tempo, sem passa-alta"
1.057,24.836360688429856,"no tempo, sem passa-alta"
1.058,22.810817757529634,"no tempo, sem passa-alta"
1.059,21.558516972906386,"no tempo, sem passa-alta"
1.06,21.203999999999866,"no tempo, sem passa-alta"
1.061,21.783927169531346,"no tempo, sem passa-alta"
1.062,23.243488908905128,"no tempo, sem passa-alta"
1.063,25.44177088505484,"no tempo, sem passa-alta"
1.064,28.16554768117203,"no tempo, sem passa-alta"
1.065,31.150154786132077,"no tempo, sem passa-alta"
1.066,34.10539580086921,"no tempo, sem passa-alta"
1.067,36.743948883834285,"no tempo, sem passa-alta"
1.068,38.809491814734486,"no tempo, sem passa-alta"
1.069,40.101792599357694,"no tempo, sem passa-alta"
1.07,40.4963095722642,"no tempo, sem passa-alta"
1.071,39.95638240273273,"no tempo, sem passa-alta"
1.072,38.536820663358945,"no tempo, sem passa-alta"
1.073,36.37853868720923,"no tempo, sem passa-alta"
1.074,33.69476189109204,"no tempo, sem passa-alta"
1.075,30.750154786131997,"no tempo, sem passa-alta"
1.076,27.834913771394866,"no tempo, sem passa-alta"
1.077,25.236360688429816,"no tempo, sem passa-alta"
1.078,23.21081775752957,"no tempo, sem passa-alta"
1.079,21.958516972906324,"no tempo, sem passa-alta"
1.08,21.603999999999807,"no tempo, sem passa-alta"
1.081,22.183927169531326,"no tempo, sem passa-alta"
1.082,23.64348890890505,"no tempo, sem passa-alta"
1.083,25.841770885054785,"no tempo, sem passa-alta"
1.084,28.56554768117196,"no tempo, sem passa-alta"
1.085,31.550154786132012,"no tempo, sem passa-alta"
1.086,34.505395800869145,"no tempo, sem passa-alta"
1.087,37.143948883834184,"no tempo, sem passa-alta"
1.088,39.2094918147344,"no tempo, sem passa-alta"
1.089,40.50179259935764,"no tempo, sem passa-alta"
1.09,40.89630957226416,"no tempo, sem passa-alta"
1.091,40.35638240273268,"no tempo, sem passa-alta"
1.092,38.93682066335892,"no tempo, sem passa-alta"
1.093,36.77853868720918,"no tempo, sem passa-alta"
1.094,34.094761891091984,"no tempo, sem passa-alta"
1.095,31.150154786131946,"no tempo, sem passa-alta"
1.096,28.23491377139482,"no tempo, sem passa-alta"
1.097,25.636360688429765,"no tempo, sem passa-alta"
1.098,23.61081775752955,"no tempo, sem passa-alta"
1.099,22.35851697290634,"no tempo, sem passa-alta"
1.1,22.00399999999983,"no tempo, sem passa-alta"
1.101,22.58392716953135,"no tempo, sem passa-alta"
1.102,24.043488908905076,"no tempo, sem passa-alta"
1.103,26.24177088505479,"no tempo, sem passa-alta"
1.104,28.965547681171955,"no tempo, sem passa-alta"
1.105,31.950154786132014,"no tempo, sem passa-alta"
1.106,34.90539580086915,"no tempo, sem passa-alta"
1.107,37.5439488838342,"no tempo, sem passa-alta"
1.108,39.60949181473444,"no tempo, sem passa-alta"
1.109,40.90179259935766,"no tempo, sem passa-alta"
1.11,41.296309572264214,"no tempo, sem passa-alta"
1.111,40.75638240273268,"no tempo, sem passa-alta"
1.112,39.33682066335892,"no tempo, sem passa-alta"
1.113,37.17853868720919,"no tempo, sem passa-alta"
1.114,34.49476189109201,"no tempo, sem passa-alta"
1.115,31.55015478613197,"no tempo, sem passa-alta"
1.116,28.63491377139483,"no tempo, sem passa-alta"
1.117,26.036360688429795,"no tempo, sem passa-alta"
1.118,24.010817757529555,"no tempo, sem passa-alta"
1.119,22.75851697290635,"no tempo, sem passa-alta"
1.12,22.4039999999998,"no tempo, sem passa-alta"
1.121,22.983927169531327,"no tempo, sem passa-alta"
1.122,24.44348890890506,"no tempo, sem passa-alta"
1.123,26.641770885054825,"no tempo, sem passa-alta"
1.124,29.365547681172,"no tempo, sem passa-alta"
1.125,32.35015478613205,"no tempo, sem passa-alta"
1.126,35.3053958008692,"no tempo, sem passa-alta"
1.127,37.94394888383422,"no tempo, sem passa-alta"
1.128,40.00949181473452,"no tempo, sem passa-alta"
1.129,41.30179259935772,"no tempo, sem passa-alta"
1.13,41.696309572264255,"no tempo, sem passa-alta"
1.131,41.15638240273273,"no tempo, sem passa-alta"
1.132,39.73682066335904,"no tempo, sem passa-alta"
1.133,37.57853868720927,"no tempo, sem passa-alta"
1.134,34.894761891092124,"no tempo, sem passa-alta"
1.135,31.950154786132078,"no tempo, sem passa-alta"
1.136,29.034913771394933,"no tempo, sem passa-alta"
1.137,26.436360688429904,"no tempo, sem passa-alta"
1.138,24.41081775752963,"no tempo, sem passa-alta"
1.139,23.158516972906458,"no tempo, sem passa-alta"
1.14,22.80399999999989,"no tempo, sem passa-alta"
1.141,23.38392716953145,"no tempo, sem passa-alta"
1.142,24.843488908905183,"no tempo, sem passa-alta"
1.143,27.041770885054927,"no tempo, sem passa-alta"
1.144,29.765547681172098,"no tempo, sem passa-alta"
1.145,32.75015478613216,"no tempo, sem passa-alta"
1.146,35.70539580086931,"no tempo, sem passa-alta"
1.147,38.343948883834344,"no tempo, sem passa-alta"
1.148,40.409491814734594,"no tempo, sem passa-alta"
1.149,41.701792599357795,"no tempo, sem passa-alta"
1.15,42.09630957226437,"no tempo, sem passa-alta"
1.151,41.556382402732844,"no tempo, sem passa-alta"
1.152,40.13682066335912,"no tempo, sem passa-alta"
1.153,37.97853868720938,"no tempo, sem passa-alta"
1.154,35.294761891092215,"no tempo, sem passa-alta"
1.155,32.350154786132165,"no tempo, sem passa-alta"
1.156,29.434913771395024,"no tempo, sem passa-alta"
1.157,26.836360688430002,"no tempo, sem passa-alta"
1.158,24.81081775752976,"no tempo, sem passa-alta"
1.159,23.55851697290653,"no tempo, sem passa-alta"
1.16,23.203999999999994,"no tempo, sem passa-alta"
1.161,23.783927169531488,"no tempo, sem passa-alta"
1.162,25.243488908905228,"no tempo, sem passa-alta"
1.163,27.441770885054968,"no tempo, sem passa-alta"
1.164,30.165547681172136,"no tempo, sem passa-alta"
1.165,33.15015478613219,"no tempo, sem passa-alta"
1.166,36.10539580086932,"no tempo, sem passa-alta"
1.167,38.74394888383436,"no tempo, sem passa-alta"
1.168,40.80949181473462,"no tempo, sem passa-alta"
1.169,42.10179259935782,"no tempo, sem passa-alta"
1.17,42.49630957226432,"no tempo, sem passa-alta"
1.171,41.956382402732785,"no tempo, sem passa-alta"
1.172,40.53682066335905,"no tempo, sem passa-alta"
1.173,38.37853868720931,"no tempo, sem passa-alta"
1.174,35.694761891092135,"no tempo, sem passa-alta"
1.175,32.750154786132086,"no tempo, sem passa-alta"
1.176,29.83491377139495,"no tempo, sem passa-alta"
1.177,27.236360688429908,"no tempo, sem passa-alta"
1.178,25.210817757529668,"no tempo, sem passa-alta"
1.179,23.958516972906413,"no tempo, sem passa-alta"
1.18,23.603999999999882,"no tempo, sem passa-alta"
1.181,24.183927169531383,"no tempo, sem passa-alta"
1.182,25.64348890890515,"no tempo, sem passa-alta"
1.183,27.84177088505487,"no tempo, sem passa-alta"
1.184,30.56554768117206,"no tempo, sem passa-alta"
1.185,33.5501547861321,"no tempo, sem passa-alta"
1.186,36.505395800869245,"no tempo, sem passa-alta"
1.187,39.14394888383429,"no tempo, sem passa-alta"
1.188,41.2094918147345,"no tempo, sem passa-alta"
1.189,42.50179259935773,"no tempo, sem passa-alta"
1.19,42.89630957226426,"no tempo, sem passa-alta"
1.191,42.35638240273271,"no tempo, sem passa-alta"
1.192,40.93682066335897,"no tempo, sem passa-alta"
1.193,38.778538687209256,"no tempo, sem passa-alta"
1.194,36.09476189109206,"no tempo, sem passa-alta"
1.195,33.15015478613202,"no tempo, sem passa-alta"
1.196,30.234913771394886,"no tempo, sem passa-alta"
1.197,27.63636068842983,"no tempo, sem passa-alta"
1.198,25.610817757529595,"no tempo, sem passa-alta"
1.199,24.358516972906372,"no tempo, sem passa-alta"
1.2,24.003999999999877,"no tempo, sem passa-alta"
1.201,24.583927169531346,"no tempo, sem passa-alta"
1.202,26.043488908905125,"no tempo, sem passa-alta"
1.203,28.241770885054848,"no tempo, sem passa-alta"
1.204,30.965547681172026,"no tempo, sem passa-alta"
1.205,33.95015478613206,"no tempo, sem passa-alta"
1.206,36.905395800869194,"no tempo, sem passa-alta"
1.207,39.54394888383425,"no tempo, sem passa-alta"
1.208,41.609491814734476,"no tempo, sem passa-alta"
1.209,42.90179259935773,"no tempo, sem passa-alta"
1.21,43.29630957226422,"no tempo, sem passa-alta"
1.211,42.75638240273275,"no tempo, sem passa-alta"
1.212,41.33682066335897,"no tempo, sem passa-alta"
1.213,39.17853868720925,"no tempo, sem passa-alta"
1.214,36.49476189109206,"no tempo, sem passa-alta"
1.215,33.550154786132026,"no tempo, sem passa-alta"
1.216,30.63491377139489,"no tempo, sem passa-alta"
1.217,28.03636068842984,"no tempo, sem passa-alta"
1.218,26.01081775752963,"no tempo, sem passa-alta"
1.219,24.758516972906378,"no tempo, sem passa-alta"
1.22,24.403999999999883,"no tempo, sem passa-alta"
1.221,24.983927169531388,"no tempo, sem passa-alta"
1.222,26.44348890890517,"no tempo, sem passa-alta"
1.223,28.64177088505487,"no tempo, sem passa-alta"
1.224,31.365547681172078,"no tempo, sem passa-alta"
1.225,34.35015478613212,"no tempo, sem passa-alta"
1.226,37.30539580086925,"no tempo, sem passa-alta"
1.227,39.94394888383432,"no tempo, sem passa-alta"
1.228,42.0094918147345,"no tempo, sem passa-alta"
1.229,43.30179259935778,"no tempo, sem passa-alta"
1.23,43.696309572264276,"no tempo, sem passa-alta"
1.231,43.156382402732795,"no tempo, sem passa-alta"
1.232,41.73682066335901,"no tempo, sem passa-alta"
1.233,39.57853868720932,"no tempo, sem passa-alta"
1.234,36.8947618910921,"no tempo, sem passa-alta"
1.235,33.950154786132074,"no tempo, sem passa-alta"
1.236,31.034913771394944,"no tempo, sem passa-alta"
1.237,28.43636068842988,"no tempo, sem passa-alta"
1.238,26.410817757529674,"no tempo, sem passa-alta"
1.239,25.158516972906398,"no tempo, sem passa-alta"
1.24,24.80399999999994,"no tempo, sem passa-alta"
1.241,25.383927169531383,"no tempo, sem passa-alta"
1.242,26.843488908905194,"no tempo, sem passa-alta"
1.243,29.041770885054905,"no tempo, sem passa-alta"
1.244,31.765547681172094,"no tempo, sem passa-alta"
1.245,34.750154786132136,"no tempo, sem passa-alta"
1.246,37.705395800869255,"no tempo, sem passa-alta"
1.247,40.34394888383432,"no tempo, sem passa-alta"
1.248,42.40949181473452,"no tempo, sem passa-alta"
1.249,43.701792599357766,"no tempo, sem passa-alta"
1.25,44.09630957226426,"no tempo, sem passa-alta"
1.251,43.556382402732844,"no tempo, sem passa-alta"
1.252,42.136820663359025,"no tempo, sem passa-alta"
1.253,39.97853868720934,"no tempo, sem passa-alta"
1.254,37.29476189109213,"no tempo, sem passa-alta"
1.255,34.350154786132094,"no tempo, sem passa-alta"
1.256,31.434913771394978,"no tempo, sem passa-alta"
1.257,28.83636068842989,"no tempo, sem passa-alta"
1.258,26.810817757529705,"no tempo, sem passa-alta"
1.259,25.558516972906432,"no tempo, sem passa-alta"
1.26,25.20399999999998,"no tempo, sem passa-alta"
1.261,25.783927169531424,"no tempo, sem passa-alta"
1.262,27.243488908905213,"no tempo, sem passa-alta"
1.263,29.441770885054904,"no tempo, sem passa-alta"
1.264,32.16554768117213,"no tempo, sem passa-alta"
1.265,35.15015478613217,"no tempo, sem passa-alta"
1.266,38.105395800869296,"no tempo, sem passa-alta"
1.267,40.74394888383437,"no tempo, sem passa-alta"
1.268,42.80949181473458,"no tempo, sem passa-alta"
1.269,44.101792599357886,"no tempo, sem passa-alta"
1.27,44.49630957226434,"no tempo, sem passa-alta"
1.271,43.95638240273285,"no tempo, sem passa-alta"
1.272,42.53682066335904,"no tempo, sem passa-alta"
1.273,40.37853868720934,"no tempo, sem passa-alta"
1.274,37.694761891092135,"no tempo, sem passa-alta"
1.275,34.75015478613211,"no tempo, sem passa-alta"
1.276,31.834913771394984,"no tempo, sem passa-alta"
1.277,29.236360688429905,"no tempo, sem passa-alta"
1.278,27.2108177575297,"no tempo, sem passa-alta"
1.279,25.958516972906427,"no tempo, sem passa-alta"
1.28,25.60399999999994,"no tempo, sem passa-alta"
1.281,26.183927169531398,"no tempo, sem passa-alta"
1.282,27.64348890890518,"no tempo, sem passa-alta"
1.283,29.8417708850549,"no tempo, sem passa-alta"
1.284,32.565547681172085,"no tempo, sem passa-alta"
1.285,35.55015478613213,"no tempo, sem passa-alta"
1.286,38.50539580086926,"no tempo, sem passa-alta"
1.287,41.14394888383434,"no tempo, sem passa-alta"
1.288,43.20949181473454,"no tempo, sem passa-alta"
1.289,44.50179259935778,"no tempo, sem passa-alta"
1.29,44.89630957226425,"no tempo, sem passa-alta"
1.291,44.3563824027328,"no tempo, sem passa-alta"
1.292,42.93682066335898,"no tempo, sem passa-alta"
1.293,40.778538687209284,"no tempo, sem passa-alta"
1.294,38.09476189109208,"no tempo, sem passa-alta"
1.295,35.15015478613204,"no tempo, sem passa-alta"
1.296,32.23491377139492,"no tempo, sem passa-alta"
1.297,29.636360688429853,"no tempo, sem passa-alta"
1.298,27.610817757529645,"no tempo, sem passa-alta"
1.299,26.35851697290637,"no tempo, sem passa-alta"
1.3,26.003999999999895,"no tempo, sem passa-alta"
1.301,26.583927169531382,"no tempo, sem passa-alta"
1.302,28.04348890890514,"no tempo, sem passa-alta"
1.303,30.241770885054862,"no tempo, sem passa-alta"
1.304,32.96554768117205,"no tempo, sem passa-alta"
1.305,35.95015478613208,"no tempo, sem passa-alta"
1.306,38.90539580086922,"no tempo, sem passa-alta"
1.307,41.54394888383427,"no tempo, sem passa-alta"
1.308,43.60949181473449,"no tempo, sem passa-alta"
1.309,44.90179259935776,"no tempo, sem passa-alta"
1.31,45.296309572264235,"no tempo, sem passa-alta"
1.311,44.75638240273275,"no tempo, sem passa-alta"
1.312,43.336820663358985,"no tempo, sem passa-alta"
1.313,41.17853868720927,"no tempo, sem passa-alta"
1.314,38.494761891092075,"no tempo, sem passa-alta"
1.315,35.55015478613203,"no tempo, sem passa-alta"
1.316,32.63491377139491,"no tempo, sem passa-alta"
1.317,30.036360688429838,"no tempo, sem passa-alta"
1.318,28.01081775752963,"no tempo, sem passa-alta"
1.319,26.758516972906392,"no tempo, sem passa-alta"
1.32,26.403999999999883,"no tempo, sem passa-alta"
1.321,26.98392716953137,"no tempo, sem passa-alta"
1.322,28.44348890890516,"no tempo, sem passa-alta"
1.323,30.641770885054875,"no tempo, sem passa-alta"
1.324,33.365547681172075,"no tempo, sem passa-alta"
1.325,36.35015478613212,"no tempo, sem passa-alta"
1.326,39.305395800869256,"no tempo, sem passa-alta"
1.327,41.943948883834324,"no tempo, sem passa-alta"
1.328,44.00949181473457,"no tempo, sem passa-alta"
1.329,45.30179259935778,"no tempo, sem passa-alta"
1.33,45.69630957226433,"no tempo, sem passa-alta"
1.331,45.15638240273283,"no tempo, sem passa-alta"
1.332,43.73682066335906,"no tempo, sem passa-alta"
1.333,41.578538687209345,"no tempo, sem passa-alta"
1.334,38.89476189109217,"no tempo, sem passa-alta"
1.335,35.95015478613213,"no tempo, sem passa-alta"
1.336,33.034913771395,"no tempo, sem passa-alta"
1.337,30.436360688429946,"no tempo, sem passa-alta"
1.338,28.410817757529713,"no tempo, sem passa-alta"
1.339,27.158516972906483,"no tempo, sem passa-alta"
1.34,26.80399999999998,"no tempo, sem passa-alta"
1.341,27.383927169531514,"no tempo, sem passa-alta"
1.342,28.84348890890525,"no tempo, sem passa-alta"
1.343,31.04177088505499,"no tempo, sem passa-alta"
1.344,33.76554768117217,"no tempo, sem passa-alta"
1.345,36.75015478613222,"no tempo, sem passa-alta"
1.346,39.705395800869354,"no tempo, sem passa-alta"
1.347,42.34394888383438,"no tempo, sem passa-alta"
1.348,44.40949181473462,"no tempo, sem passa-alta"
1.349,45.70179259935785,"no tempo, sem passa-alta"
1.35,46.09630957226435,"no tempo, sem passa-alta"
1.351,45.55638240273286,"no tempo, sem passa-alta"
1.352,44.136820663359124,"no tempo, sem passa-alta"
1.353,41.97853868720938,"no tempo, sem passa-alta"
1.354,39.294761891092215,"no tempo, sem passa-alta"
1.355,36.350154786132165,"no tempo, sem passa-alta"
1.356,33.43491377139503,"no tempo, sem passa-alta"
1.357,30.836360688429984,"no tempo, sem passa-alta"
1.358,28.81081775752972,"no tempo, sem passa-alta"
1.359,27.558516972906524,"no tempo, sem passa-alta"
1.36,27.203999999999986,"no tempo, sem passa-alta"
1.361,27.783927169531523,"no tempo, sem passa-alta"
1.362,29.243488908905267,"no tempo, sem passa-alta"
1.363,31.441770885054982,"no tempo, sem passa-alta"
1.364,34.16554768117215,"no tempo, sem passa-alta"
1.365,37.15015478613221,"no tempo, sem passa-alta"
1.366,40.105395800869346,"no tempo, sem passa-alta"
1.367,42.74394888383439,"no tempo, sem passa-alta"
1.368,44.809491814734635,"no tempo, sem passa-alta"
1.369,46.101792599357864,"no tempo, sem passa-alta"
1.37,46.496309572264394,"no tempo, sem passa-alta"
1.371,45.956382402732864,"no tempo, sem passa-alta"
1.372,44.5368206633591,"no tempo, sem passa-alta"
1.373,42.37853868720935,"no tempo, sem passa-alta"
1.374,39.69476189109218,"no tempo, sem passa-alta"
1.375,36.75015478613213,"no tempo, sem passa-alta"
1.376,33.83491377139498,"no tempo, sem passa-alta"
1.377,31.236360688429954,"no tempo, sem passa-alta"
1.378,29.210817757529693,"no tempo, sem passa-alta"
1.379,27.9585169729065,"no tempo, sem passa-alta"
1.38,27.603999999999942,"no tempo, sem passa-alta"
1.381,28.183927169531472,"no tempo, sem passa-alta"
1.382,29.643488908905194,"no tempo, sem passa-alta"
1.383,31.84177088505496,"no tempo, sem passa-alta"
1.384,34.565547681172134,"no tempo, sem passa-alta"
1.385,37.55015478613219,"no tempo, sem passa-alta"
1.386,40.50539580086934,"no tempo, sem passa-alta"
1.387,43.143948883834376,"no tempo, sem passa-alta"
1.388,45.20949181473466,"no tempo, sem passa-alta"
1.389,46.50179259935785,"no tempo, sem passa-alta"
1.39,46.89630957226438,"no tempo, sem passa-alta"
1.391,46.35638240273284,"no tempo, sem passa-alta"
1.392,44.93682066335912,"no tempo, sem passa-alta"
1.393,42.77853868720935,"no tempo, sem passa-alta"
1.394,40.09476189109219,"no tempo, sem passa-alta"
1.395,37.15015478613215,"no tempo, sem passa-alta"
1.396,34.23491377139501,"no tempo, sem passa-alta"
1.397,31.63636068842998,"no tempo, sem passa-alta"
1.398,29.61081775752972,"no tempo, sem passa-alta"
1.399,28.35851697290653,"no tempo, sem passa-alta"
1.4,28.003999999999962,"no tempo, sem passa-alta"
1.401,28.583927169531467,"no tempo, sem passa-alta"
1.402,30.043488908905214,"no tempo, sem passa-alta"
1.403,32.24177088505494,"no tempo, sem passa-alta"
1.404,34.96554768117211,"no tempo, sem passa-alta"
1.405,37.95015478613215,"no tempo, sem passa-alta"
1.406,40.90539580086931,"no tempo, sem passa-alta"
1.407,43.54394888383435,"no tempo, sem passa-alta"
1.408,45.60949181473458,"no tempo, sem passa-alta"
1.409,46.9017925993578,"no tempo, sem passa-alta"
1.41,47.29630957226436,"no tempo, sem passa-alta"
1.411,46.75638240273282,"no tempo, sem passa-alta"
1.412,45.33682066335906,"no tempo, sem passa-alta"
1.413,43.17853868720931,"no tempo, sem passa-alta"
1.414,40.49476189109213,"no tempo, sem passa-alta"
1.415,37.55015478613208,"no tempo, sem passa-alta"
1.416,34.63491377139495,"no tempo, sem passa-alta"
1.417,32.03636068842993,"no tempo, sem passa-alta"
1.418,30.010817757529672,"no tempo, sem passa-alta"
1.419,28.758516972906456,"no tempo, sem passa-alta"
1.42,28.40399999999992,"no tempo, sem passa-alta"
1.421,28.983927169531437,"no tempo, sem passa-alta"
1.422,30.44348890890519,"no tempo, sem passa-alta"
1.423,32.64177088505494,"no tempo, sem passa-alta"
1.424,35.36554768117212,"no tempo, sem passa-alta"
1.425,38.350154786132165,"no tempo, sem passa-alta"
1.426,41.3053958008693,"no tempo, sem passa-alta"
1.427,43.94394888383435,"no tempo, sem passa-alta"
1.428,46.00949181473461,"no tempo, sem passa-alta"
1.429,47.301792599357825,"no tempo, sem passa-alta"
1.43,47.69630957226431,"no tempo, sem passa-alta"
1.431,47.15638240273284,"no tempo, sem passa-alta"
1.432,45.73682066335908,"no tempo, sem passa-alta"
1.433,43.57853868720935,"no tempo, sem passa-alta"
1.434,40.89476189109218,"no tempo, sem passa-alta"
1.435,37.95015478613215,"no tempo, sem passa-alta"
1.436,35.03491377139502,"no tempo, sem passa-alta"
1.437,32.43636068842997,"no tempo, sem passa-alta"
1.438,30.41081775752974,"no tempo, sem passa-alta"
1.439,29.158516972906494,"no tempo, sem passa-alta"
1.44,28.803999999999974,"no tempo, sem passa-alta"
1.441,29.383927169531482,"no tempo, sem passa-alta"
1.442,30.843488908905258,"no tempo, sem passa-alta"
1.443,33.041770885054994,"no tempo, sem passa-alta"
1.444,35.76554768117218,"no tempo, sem passa-alta"
1.445,38.75015478613222,"no tempo, sem passa-alta"
1.446,41.70539580086937,"no tempo, sem passa-alta"
1.447,44.34394888383441,"no tempo, sem passa-alta"
1.448,46.409491814734615,"no tempo, sem passa-alta"
1.449,47.70179259935783,"no tempo, sem passa-alta"
1.45,48.096309572264346,"no tempo, sem passa-alta"
1.451,47.55638240273287,"no tempo, sem passa-alta"
1.452,46.13682066335911,"no tempo, sem passa-alta"
1.453,43.978538687209415,"no tempo, sem passa-alta"
1.454,41.29476189109223,"no tempo, sem passa-alta"
1.455,38.35015478613219,"no tempo, sem passa-alta"
1.456,35.43491377139506,"no tempo, sem passa-alta"
1.457,32.836360688429984,"no tempo, sem passa-alta"
1.458,30.81081775752975,"no tempo, sem passa-alta"
1.459,29.558516972906514,"no tempo, sem passa-alta"
1.46,29.204000000000033,"no tempo, sem passa-alta"
1.461,29.783927169531506,"no tempo, sem passa-alta"
1.462,31.243488908905288,"no tempo, sem passa-alta"
1.463,33.44177088505502,"no tempo, sem passa-alta"
1.464,36.1655476811722,"no tempo, sem passa-alta"
1.465,39.150154786132234,"no tempo, sem passa-alta"
1.466,42.10539580086937,"no tempo, sem passa-alta"
1.467,44.74394888383441,"no tempo, sem passa-alta"
1.468,46.80949181473464,"no tempo, sem passa-alta"
1.469,48.10179259935788,"no tempo, sem passa-alta"
1.47,48.496309572264394,"no tempo, sem passa-alta"
1.471,47.95638240273291,"no tempo, sem passa-alta"
1.472,46.53682066335912,"no tempo, sem passa-alta"
1.473,44.378538687209385,"no tempo, sem passa-alta"
1.474,41.6947618910922,"no tempo, sem passa-alta"
1.475,38.75015478613216,"no tempo, sem passa-alta"
1.476,35.83491377139502,"no tempo, sem passa-alta"
1.477,33.23636068842995,"no tempo, sem passa-alta"
1.478,31.210817757529743,"no tempo, sem passa-alta"
1.479,29.958516972906473,"no tempo, sem passa-alta"
1.48,29.603999999999992,"no tempo, sem passa-alta"
1.481,30.183927169531444,"no tempo, sem passa-alta"
1.482,31.64348890890524,"no tempo, sem passa-alta"
1.483,33.84177088505492,"no tempo, sem passa-alta"
1.484,36.56554768117213,"no tempo, sem passa-alta"
1.485,39.55015478613217,"no tempo, sem passa-alta"
1.486,42.505395800869294,"no tempo, sem passa-alta"
1.487,45.14394888383436,"no tempo, sem passa-alta"
1.488,47.20949181473458,"no tempo, sem passa-alta"
1.489,48.50179259935784,"no tempo, sem passa-alta"
1.49,48.89630957226432,"no tempo, sem passa-alta"
1.491,48.356382402732834,"no tempo, sem passa-alta"
1.492,46.93682066335905,"no tempo, sem passa-alta"
1.493,44.77853868720934,"no tempo, sem passa-alta"
1.494,42.09476189109213,"no tempo, sem passa-alta"
1.495,39.150154786132106,"no tempo, sem passa-alta"
1.496,36.234913771394986,"no tempo, sem passa-alta"
1.497,33.63636068842992,"no tempo, sem passa-alta"
1.498,31.610817757529713,"no tempo, sem passa-alta"
1.499,30.358516972906443,"no tempo, sem passa-alta"
1.5,30.003999999999962,"no tempo, sem passa-alta"
1.501,30.583927169531393,"no tempo, sem passa-alta"
1.502,32.04348890890521,"no tempo, sem passa-alta"
1.503,34.241770885054905,"no tempo, sem passa-alta"
1.504,36.965547681172104,"no tempo, sem passa-alta"
1.505,39.950154786132146,"no tempo, sem passa-alta"
1.506,42.90539580086926,"no tempo, sem passa-alta"
1.507,45.54394888383436,"no tempo, sem passa-alta"
1.508,47.60949181473456,"no tempo, sem passa-alta"
1.509,48.901792599357826,"no tempo, sem passa-alta"
1.51,49.2963095722643,"no tempo, sem passa-alta"
1.511,48.75638240273288,"no tempo, sem passa-alta"
1.512,47.336820663359056,"no tempo, sem passa-alta"
1.513,45.178538687209354,"no tempo, sem passa-alta"
1.514,42.494761891092146,"no tempo, sem passa-alta"
1.515,39.55015478613211,"no tempo, sem passa-alta"
1.516,36.634913771394984,"no tempo, sem passa-alta"
1.517,34.0363606884299,"no tempo, sem passa-alta"
1.518,32.01081775752973,"no tempo, sem passa-alta"
1.519,30.75851697290643,"no tempo, sem passa-alta"
1.52,30.40399999999999,"no tempo, sem passa-alta"
1.521,30.983927169531448,"no tempo, sem passa-alta"
1.522,32.44348890890524,"no tempo, sem passa-alta"
1.523,34.641770885054925,"no tempo, sem passa-alta"
1.524,37.36554768117216,"no tempo, sem passa-alta"
1.525,40.3501547861322,"no tempo, sem passa-alta"
1.526,43.30539580086934,"no tempo, sem passa-alta"
1.527,45.9439488838344,"no tempo, sem passa-alta"
1.528,48.009491814734616,"no tempo, sem passa-alta"
1.529,49.30179259935792,"no tempo, sem passa-alta"
1.53,49.69630957226438,"no tempo, sem passa-alta"
1.531,49.15638240273289,"no tempo, sem passa-alta"
1.532,47.7368206633591,"no tempo, sem passa-alta"
1.533,45.578538687209395,"no tempo, sem passa-alta"
1.534,42.894761891092195,"no tempo, sem passa-alta"
1.535,39.95015478613216,"no tempo, sem passa-alta"
1.536,37.03491377139503,"no tempo, sem passa-alta"
1.537,34.43636068842997,"no tempo, sem passa-alta"
1.538,32.41081775752976,"no tempo, sem passa-alta"
1.539,31.158516972906504,"no tempo, sem passa-alta"
1.54,30.804000000000002,"no tempo, sem passa-alta"
1.541,31.383927169531464,"no tempo, sem passa-alta"
1.542,32.84348890890525,"no tempo, sem passa-alta"
1.543,35.04177088505497,"no tempo, sem passa-alta"
1.544,37.76554768117216,"no tempo, sem passa-alta"
1.545,40.75015478613221,"no tempo, sem passa-alta"
1.546,43.70539580086933,"no tempo, sem passa-alta"
1.547,46.34394888383441,"no tempo, sem passa-alta"
1.548,48.4094918147346,"no tempo, sem passa-alta"
1.549,49.70179259935784,"no tempo, sem passa-alta"
1.55,50.09630957226431,"no tempo, sem passa-alta"
1.551,49.55638240273284,"no tempo, sem passa-alta"
1.552,48.136820663359075,"no tempo, sem passa-alta"
1.553,45.97853868720937,"no tempo, sem passa-alta"
1.554,43.29476189109219,"no tempo, sem passa-alta"
1.555,40.35015478613216,"no tempo, sem passa-alta"
1.556,37.43491377139503,"no tempo, sem passa-alta"
1.557,34.83636068842997,"no tempo, sem passa-alta"
1.558,32.81081775752974,"no tempo, sem passa-alta"
1.559,31.558516972906478,"no tempo, sem passa-alta"
1.56,31.203999999999976,"no tempo, sem passa-alta"
1.561,31.783927169531477,"no tempo, sem passa-alta"
1.562,33.24348890890525,"no tempo, sem passa-alta"
1.563,35.441770885054964,"no tempo, sem passa-alta"
1.564,38.16554768117216,"no tempo, sem passa-alta"
1.565,41.1501547861322,"no tempo, sem passa-alta"
1.566,44.105395800869324,"no tempo, sem passa-alta"
1.567,46.74394888383437,"no tempo, sem passa-alta"
1.568,48.80949181473458,"no tempo, sem passa-alta"
1.569,50.101792599357836,"no tempo, sem passa-alta"
1.57,50.496309572264295,"no tempo, sem passa-alta"
1.571,49.95638240273283,"no tempo, sem passa-alta"
1.572,48.536820663359066,"no tempo, sem passa-alta"
1.573,46.37853868720934,"no tempo, sem passa-alta"
1.574,43.69476189109214,"no tempo, sem passa-alta"
1.575,40.75015478613211,"no tempo, sem passa-alta"
1.576,37.83491377139498,"no tempo, sem passa-alta"
1.577,35.23636068842992,"no tempo, sem passa-alta"
1.578,33.210817757529696,"no tempo, sem passa-alta"
1.579,31.95851697290647,"no tempo, sem passa-alta"
1.58,31.60399999999994,"no tempo, sem passa-alta"
1.581,32.183927169531444,"no tempo, sem passa-alta"
1.582,33.64348890890522,"no tempo, sem passa-alta"
1.583,35.84177088505495,"no tempo, sem passa-alta"
1.584,38.56554768117212,"no tempo, sem passa-alta"
1.585,41.550154786132175,"no tempo, sem passa-alta"
1.586,44.5053958008693,"no tempo, sem passa-alta"
1.587,47.14394888383436,"no tempo, sem passa-alta"
1.588,49.209491814734584,"no tempo, sem passa-alta"
1.589,50.50179259935781,"no tempo, sem passa-alta"
1.59,50.89630957226434,"no tempo, sem passa-alta"
1.591,50.35638240273284,"no tempo, sem passa-alta"
1.592,48.936820663359065,"no tempo, sem passa-alta"
1.593,46.77853868720934,"no tempo, sem passa-alta"
1.594,44.09476189109216,"no tempo, sem passa-alta"
1.595,41.15015478613212,"no tempo, sem passa-alta"
1.596,38.23491377139499,"no tempo, sem passa-alta"
1.597,35.63636068842995,"no tempo, sem passa-alta"
1.598,33.610817757529716,"no tempo, sem passa-alta"
1.599,32.35851697290649,"no tempo, sem passa-alta"
1.6,32.004000000000005,"no tempo, sem passa-alta"
1.601,32.58392716953155,"no tempo, sem passa-alta"
1.602,34.04348890890527,"no tempo, sem passa-alta"
1.603,36.24177088505502,"no tempo, sem passa-alta"
1.604,38.96554768117218,"no tempo, sem passa-alta"
1.605,41.95015478613224,"no tempo, sem passa-alta"
1.606,44.90539580086938,"no tempo, sem passa-alta"
1.607,47.543948883834396,"no tempo, sem passa-alta"
1.608,49.60949181473465,"no tempo, sem passa-alta"
1.609,50.901792599357876,"no tempo, sem passa-alta"
1.61,51.296309572264406,"no tempo, sem passa-alta"
1.611,50.7563824027329,"no tempo, sem passa-alta"
1.612,49.336820663359156,"no tempo, sem passa-alta"
1.613,47.178538687209404,"no tempo, sem passa-alta"
1.614,44.49476189109224,"no tempo, sem passa-alta"
1.615,41.55015478613219,"no tempo, sem passa-alta"
1.616,38.63491377139505,"no tempo, sem passa-alta"
1.617,36.03636068843001,"no tempo, sem passa-alta"
1.618,34.010817757529765,"no tempo, sem passa-alta"
1.619,32.75851697290658,"no tempo, sem passa-alta"
1.62,32.40400000000002,"no tempo, sem passa-alta"
1.621,32.98392716953156,"no tempo, sem passa-alta"
1.622,34.44348890890531,"no tempo, sem passa-alta"
1.623,36.64177088505504,"no tempo, sem passa-alta"
1.624,39.36554768117221,"no tempo, sem passa-alta"
1.625,42.35015478613227,"no tempo, sem passa-alta"
1.626,45.30539580086943,"no tempo, sem passa-alta"
1.627,47.94394888383447,"no tempo, sem passa-alta"
1.628,50.00949181473472,"no tempo, sem passa-alta"
1.629,51.30179259935793,"no tempo, sem passa-alta"
1.63,51.696309572264525,"no tempo, sem passa-alta"
1.631,51.15638240273301,"no tempo, sem passa-alta"
1.632,49.7368206633593,"no tempo, sem passa-alta"
1.633,47.57853868720954,"no tempo, sem passa-alta"
1.634,44.89476189109239,"no tempo, sem passa-alta"
1.635,41.95015478613234,"no tempo, sem passa-alta"
1.636,39.03491377139519,"no tempo, sem passa-alta"
1.637,36.43636068843016,"no tempo, sem passa-alta"
1.638,34.410817757529905,"no tempo, sem passa-alta"
1.639,33.15851697290672,"no tempo, sem passa-alta"
1.64,32.80400000000015,"no tempo, sem passa-alta"
1.641,33.3839271695317,"no tempo, sem passa-alta"
1.642,34.84348890890543,"no tempo, sem passa-alta"
1.643,37.041770885055186,"no tempo, sem passa-alta"
1.644,39.765547681172336,"no tempo, sem passa-alta"
1.645,42.75015478613241,"no tempo, sem passa-alta"
1.646,45.705395800869546,"no tempo, sem passa-alta"
1.647,48.3439488838346,"no tempo, sem passa-alta"
1.648,50.409491814734835,"no tempo, sem passa-alta"
1.649,51.70179259935805,"no tempo, sem passa-alta"
1.65,52.096309572264644,"no tempo, sem passa-alta"
1.651,51.55638240273306,"no tempo, sem passa-alta"
1.652,50.13682066335936,"no tempo, sem passa-alta"
1.653,47.97853868720958,"no tempo, sem passa-alta"
1.654,45.2947618910924,"no tempo, sem passa-alta"
1.655,42.35015478613236,"no tempo, sem passa-alta"
1.656,39.43491377139522,"no tempo, sem passa-alta"
1.657,36.836360688430176,"no tempo, sem passa-alta"
1.658,34.81081775752992,"no tempo, sem passa-alta"
1.659,33.55851697290669,"no tempo, sem passa-alta"
1.66,33.204000000000136,"no tempo, sem passa-alta"
1.661,33.78392716953169,"no tempo, sem passa-alta"
1.662,35.243488908905405,"no tempo, sem passa-alta"
1.663,37.44177088505516,"no tempo, sem passa-alta"
1.664,40.165547681172356,"no tempo, sem passa-alta"
1.665,43.1501547861324,"no tempo, sem passa-alta"
1.666,46.105395800869545,"no tempo, sem passa-alta"
1.667,48.7439488838346,"no tempo, sem passa-alta"
1.668,50.80949181473488,"no tempo, sem passa-alta"
1.669,52.10179259935803,"no tempo, sem passa-alta"
1.67,52.49630957226454,"no tempo, sem passa-alta"
1.671,51.95638240273296,"no tempo, sem passa-alta"
1.672,50.53682066335919,"no tempo, sem passa-alta"
1.673,48.378538687209456,"no tempo, sem passa-alta"
1.674,45.69476189109228,"no tempo, sem passa-alta"
1.675,42.75015478613224,"no tempo, sem passa-alta"
1.676,39.8349137713951,"no tempo, sem passa-alta"
1.677,37.23636068843008,"no tempo, sem passa-alta"
1.678,35.21081775752983,"no tempo, sem passa-alta"
1.679,33.958516972906644,"no tempo, sem passa-alta"
1.68,33.6040000000001,"no tempo, sem passa-alta"
1.681,34.18392716953158,"no tempo, sem passa-alta"
1.682,35.64348890890537,"no tempo, sem passa-alta"
1.683,37.841770885055034,"no tempo, sem passa-alta"
1.684,40.565547681172234,"no tempo, sem passa-alta"
1.685,43.55015478613227,"no tempo, sem passa-alta"
1.686,46.50539580086942,"no tempo, sem passa-alta"
1.687,49.14394888383441,"no tempo, sem passa-alta"
1.688,51.20949181473463,"no tempo, sem passa-alta"
1.689,52.50179259935784,"no tempo, sem passa-alta"
1.69,52.89630957226434,"no tempo, sem passa-alta"
1.691,52.35638240273289,"no tempo, sem passa-alta"
1.692,50.93682066335912,"no tempo, sem passa-alta"
1.693,48.77853868720944,"no tempo, sem passa-alta"
1.694,46.09476189109224,"no tempo, sem passa-alta"
1.695,43.15015478613219,"no tempo, sem passa-alta"
1.696,40.234913771395064,"no tempo, sem passa-alta"
1.697,37.636360688430045,"no tempo, sem passa-alta"
1.698,35.61081775752979,"no tempo, sem passa-alta"
1.699,34.35851697290655,"no tempo, sem passa-alta"
1.7,34.004000000000076,"no tempo, sem passa-alta"
1.701,34.5839271695315,"no tempo, sem passa-alta"
1.702,36.043488908905296,"no tempo, sem passa-alta"
1.703,38.24177088505505,"no tempo, sem passa-alta"
1.704,40.96554768117222,"no tempo, sem passa-alta"
1.705,43.950154786132266,"no tempo, sem passa-alta"
1.706,46.9053958008694,"no tempo, sem passa-alta"
1.707,49.54394888383445,"no tempo, sem passa-alta"
1.708,51.609491814734675,"no tempo, sem passa-alta"
1.709,52.901792599358,"no tempo, sem passa-alta"
1.71,53.29630957226444,"no tempo, sem passa-alta"
1.711,52.75638240273298,"no tempo, sem passa-alta"
1.712,51.336820663359205,"no tempo, sem passa-alta"
1.713,49.178538687209425,"no tempo, sem passa-alta"
1.714,46.494761891092246,"no tempo, sem passa-alta"
1.715,43.550154786132204,"no tempo, sem passa-alta"
1.716,40.63491377139508,"no tempo, sem passa-alta"
1.717,38.036360688429994,"no tempo, sem passa-alta"
1.718,36.01081775752979,"no tempo, sem passa-alta"
1.719,34.758516972906506,"no tempo, sem passa-alta"
1.72,34.40400000000003,"no tempo, sem passa-alta"
1.721,34.98392716953159,"no tempo, sem passa-alta"
1.722,36.44348890890534,"no tempo, sem passa-alta"
1.723,38.64177088505509,"no tempo, sem passa-alta"
1.724,41.36554768117229,"no tempo, sem passa-alta"
1.725,44.35015478613232,"no tempo, sem passa-alta"
1.726,47.305395800869455,"no tempo, sem passa-alta"
1.727,49.943948883834544,"no tempo, sem passa-alta"
1.728,52.00949181473472,"no tempo, sem passa-alta"
1.729,53.30179259935799,"no tempo, sem passa-alta"
1.73,53.6963095722645,"no tempo, sem passa-alta"
1.731,53.156382402732966,"no tempo, sem passa-alta"
1.732,51.7368206633592,"no tempo, sem passa-alta"
1.733,49.5785386872095,"no tempo, sem passa-alta"
1.734,46.894761891092294,"no tempo, sem passa-alta"
1.735,43.95015478613226,"no tempo, sem passa-alta"
1.736,41.034913771395146,"no tempo, sem passa-alta"
1.737,38.436360688430064,"no tempo, sem passa-alta"
1.738,36.41081775752987,"no tempo, sem passa-alta"
1.739,35.158516972906654,"no tempo, sem passa-alta"
1.74,34.80400000000018,"no tempo, sem passa-alta"
1.741,35.38392716953168,"no tempo, sem passa-alta"
1.742,36.84348890890548,"no tempo, sem passa-alta"
1.743,39.04177088505515,"no tempo, sem passa-alta"
1.744,41.76554768117235,"no tempo, sem passa-alta"
1.745,44.750154786132384,"no tempo, sem passa-alta"
1.746,47.70539580086951,"no tempo, sem passa-alta"
1.747,50.34394888383456,"no tempo, sem passa-alta"
1.748,52.409491814734785,"no tempo, sem passa-alta"
1.749,53.70179259935798,"no tempo, sem passa-alta"
1.75,54.096309572264474,"no tempo, sem passa-alta"
1.751,53.55638240273308,"no tempo, sem passa-alta"
1.752,52.136820663359245,"no tempo, sem passa-alta"
1.753,49.978538687209586,"no tempo, sem passa-alta"
1.754,47.29476189109237,"no tempo, sem passa-alta"
1.755,44.35015478613234,"no tempo, sem passa-alta"
1.756,41.434913771395216,"no tempo, sem passa-alta"
1.757,38.83636068843014,"no tempo, sem passa-alta"
1.758,36.81081775752995,"no tempo, sem passa-alta"
1.759,35.55851697290666,"no tempo, sem passa-alta"
1.76,35.20400000000019,"no tempo, sem passa-alta"
1.761,35.78392716953163,"no tempo, sem passa-alta"
1.762,37.24348890890543,"no tempo, sem passa-alta"
1.763,39.44177088505511,"no tempo, sem passa-alta"
1.764,42.16554768117234,"no tempo, sem passa-alta"
1.765,45.15015478613239,"no tempo, sem passa-alta"
1.766,48.10539580086952,"no tempo, sem passa-alta"
1.767,50.74394888383459,"no tempo, sem passa-alta"
1.768,52.80949181473481,"no tempo, sem passa-alta"
1.769,54.101792599358134,"no tempo, sem passa-alta"
1.77,54.49630957226457,"no tempo, sem passa-alta"
1.771,53.956382402733105,"no tempo, sem passa-alta"
1.772,52.53682066335927,"no tempo, sem passa-alta"
1.773,50.378538687209584,"no tempo, sem passa-alta"
1.774,47.694761891092355,"no tempo, sem passa-alta"
1.775,44.75015478613232,"no tempo, sem passa-alta"
1.776,41.83491377139519,"no tempo, sem passa-alta"
1.777,39.23636068843011,"no tempo, sem passa-alta"
1.778,37.21081775752993,"no tempo, sem passa-alta"
1.779,35.958516972906644,"no tempo, sem passa-alta"
1.78,35.60400000000025,"no tempo, sem passa-alta"
1.781,36.183927169531685,"no tempo, sem passa-alta"
1.782,37.643488908905496,"no tempo, sem passa-alta"
1.783,39.84177088505521,"no tempo, sem passa-alta"
1.784,42.56554768117238,"no tempo, sem passa-alta"
1.785,45.55015478613244,"no tempo, sem passa-alta"
1.786,48.50539580086957,"no tempo, sem passa-alta"
1.787,51.14394888383467,"no tempo, sem passa-alta"
1.788,53.209491814734825,"no tempo, sem passa-alta"
1.789,54.501792599358076,"no tempo, sem passa-alta"
1.79,54.8963095722645,"no tempo, sem passa-alta"
1.791,54.35638240273303,"no tempo, sem passa-alta"
1.792,52.93682066335925,"no tempo, sem passa-alta"
1.793,50.77853868720957,"no tempo, sem passa-alta"
1.794,48.09476189109238,"no tempo, sem passa-alta"
1.795,45.15015478613234,"no tempo, sem passa-alta"
1.796,42.23491377139523,"no tempo, sem passa-alta"
1.797,39.63636068843016,"no tempo, sem passa-alta"
1.798,37.61081775753002,"no tempo, sem passa-alta"
1.799,36.35851697290675,"no tempo, sem passa-alta"
1.8,36.004000000000296,"no tempo, sem passa-alta"
1.801,36.5839271695318,"no tempo, sem passa-alta"
1.802,38.04348890890549,"no tempo, sem passa-alta"
1.803,40.24177088505522,"no tempo, sem passa-alta"
1.804,42.9655476811724,"no tempo, sem passa-alta"
1.805,45.950154786132444,"no tempo, sem passa-alta"
1.806,48.90539580086956,"no tempo, sem passa-alta"
1.807,51.54394888383462,"no tempo, sem passa-alta"
1.808,53.609491814734824,"no tempo, sem passa-alta"
1.809,54.90179259935807,"no tempo, sem passa-alta"
1.81,55.296309572264626,"no tempo, sem passa-alta"
1.811,54.75638240273308,"no tempo, sem passa-alta"
1.812,53.33682066335937,"no tempo, sem passa-alta"
1.813,51.17853868720964,"no tempo, sem passa-alta"
1.814,48.49476189109242,"no tempo, sem passa-alta"
1.815,45.55015478613238,"no tempo, sem passa-alta"
1.816,42.63491377139526,"no tempo, sem passa-alta"
1.817,40.0363606884302,"no tempo, sem passa-alta"
1.818,38.01081775752997,"no tempo, sem passa-alta"
1.819,36.758516972906754,"no tempo, sem passa-alta"
1.82,36.40400000000017,"no tempo, sem passa-alta"
1.821,36.98392716953168,"no tempo, sem passa-alta"
1.822,38.443488908905486,"no tempo, sem passa-alta"
1.823,40.64177088505517,"no tempo, sem passa-alta"
1.824,43.36554768117241,"no tempo, sem passa-alta"
1.825,46.35015478613246,"no tempo, sem passa-alta"
1.826,49.30539580086959,"no tempo, sem passa-alta"
1.827,51.94394888383463,"no tempo, sem passa-alta"
1.828,54.00949181473493,"no tempo, sem passa-alta"
1.829,55.301792599358116,"no tempo, sem passa-alta"
1.83,55.69630957226466,"no tempo, sem passa-alta"
1.831,55.156382402733186,"no tempo, sem passa-alta"
1.832,53.73682066335936,"no tempo, sem passa-alta"
1.833,51.578538687209644,"no tempo, sem passa-alta"
1.834,48.89476189109245,"no tempo, sem passa-alta"
1.835,45.95015478613241,"no tempo, sem passa-alta"
1.836,43.03491377139527,"no tempo, sem passa-alta"
1.837,40.436360688430234,"no tempo, sem passa-alta"
1.838,38.410817757529955,"no tempo, sem passa-alta"
1.839,37.15851697290673,"no tempo, sem passa-alta"
1.84,36.80400000000028,"no tempo, sem passa-alta"
1.841,37.383927169531795,"no tempo, sem passa-alta"
1.842,38.843488908905606,"no tempo, sem passa-alta"
1.843,41.04177088505534,"no tempo, sem passa-alta"
1.844,43.76554768117251,"no tempo, sem passa-alta"
1.845,46.75015478613255,"no tempo, sem passa-alta"
1.846,49.705395800869695,"no tempo, sem passa-alta"
1.847,52.34394888383472,"no tempo, sem passa-alta"
1.848,54.40949181473496,"no tempo, sem passa-alta"
1.849,55.7017925993582,"no tempo, sem passa-alta"
1.85,56.09630957226462,"no tempo, sem passa-alta"
1.851,55.55638240273314,"no tempo, sem passa-alta"
1.852,54.13682066335942,"no tempo, sem passa-alta"
1.853,51.97853868720968,"no tempo, sem passa-alta"
1.854,49.29476189109254,"no tempo, sem passa-alta"
1.855,46.3501547861325,"no tempo, sem passa-alta"
1.856,43.43491377139536,"no tempo, sem passa-alta"
1.857,40.83636068843032,"no tempo, sem passa-alta"
1.858,38.81081775753009,"no tempo, sem passa-alta"
1.859,37.55851697290688,"no tempo, sem passa-alta"
1.86,37.20400000000036,"no tempo, sem passa-alta"
1.861,37.783927169531886,"no tempo, sem passa-alta"
1.862,39.243488908905576,"no tempo, sem passa-alta"
1.863,41.44177088505531,"no tempo, sem passa-alta"
1.864,44.16554768117245,"no tempo, sem passa-alta"
1.865,47.15015478613251,"no tempo, sem passa-alta"
1.866,50.10539580086962,"no tempo, sem passa-alta"
1.867,52.7439488838347,"no tempo, sem passa-alta"
1.868,54.809491814734905,"no tempo, sem passa-alta"
1.869,56.10179259935814,"no tempo, sem passa-alta"
1.87,56.49630957226469,"no tempo, sem passa-alta"
1.871,55.956382402733134,"no tempo, sem passa-alta"
1.872,54.536820663359414,"no tempo, sem passa-alta"
1.873,52.37853868720968,"no tempo, sem passa-alta"
1.874,49.69476189109249,"no tempo, sem passa-alta"
1.875,46.750154786132434,"no tempo, sem passa-alta"
1.876,43.83491377139529,"no tempo, sem passa-alta"
1.877,41.23636068843026,"no tempo, sem passa-alta"
1.878,39.21081775752998,"no tempo, sem passa-alta"
1.879,37.95851697290677,"no tempo, sem passa-alta"
1.88,37.60400000000019,"no tempo, sem passa-alta"
1.881,38.18392716953178,"no tempo, sem passa-alta"
1.882,39.643488908905475,"no tempo, sem passa-alta"
1.883,41.84177088505527,"no tempo, sem passa-alta"
1.884,44.56554768117245,"no tempo, sem passa-alta"
1.885,47.5501547861325,"no tempo, sem passa-alta"
1.886,50.50539580086964,"no tempo, sem passa-alta"
1.887,53.14394888383468,"no tempo, sem passa-alta"
1.888,55.20949181473499,"no tempo, sem passa-alta"
1.889,56.501792599358154,"no tempo, sem passa-alta"
1.89,56.896309572264705,"no tempo, sem passa-alta"
1.891,56.356382402733146,"no tempo, sem passa-alta"
1.892,54.93682066335943,"no tempo, sem passa-alta"
1.893,52.77853868720965,"no tempo, sem passa-alta"
1.894,50.094761891092496,"no tempo, sem passa-alta"
1.895,47.15015478613245,"no tempo, sem passa-alta"
1.896,44.2349137713953,"no tempo, sem passa-alta"
1.897,41.63636068843026,"no tempo, sem passa-alta"
1.898,39.610817757529986,"no tempo, sem passa-alta"
1.899,38.358516972906855,"no tempo, sem passa-alta"
1.9,38.004000000000275,"no tempo, sem passa-alta"
1.901,38.5839271695318,"no tempo, sem passa-alta"
1.902,40.04348890890556,"no tempo, sem passa-alta"
1.903,42.241770885055246,"no tempo, sem passa-alta"
1.904,44.96554768117244,"no tempo, sem passa-alta"
1.905,47.950154786132465,"no tempo, sem passa-alta"
1.906,50.90539580086963,"no tempo, sem passa-alta"
1.907,53.54394888383465,"no tempo, sem passa-alta"
1.908,55.609491814734874,"no tempo, sem passa-alta"
1.909,56.90179259935804,"no tempo, sem passa-alta"
1.91,57.296309572264576,"no tempo, sem passa-alta"
1.911,56.75638240273308,"no tempo, sem passa-alta"
1.912,55.336820663359276,"no tempo, sem passa-alta"
1.913,53.17853868720955,"no tempo, sem passa-alta"
1.914,50.49476189109236,"no tempo, sem passa-alta"
1.915,47.55015478613232,"no tempo, sem passa-alta"
1.916,44.634913771395176,"no tempo, sem passa-alta"
1.917,42.03636068843018,"no tempo, sem passa-alta"
1.918,40.01081775752992,"no tempo, sem passa-alta"
1.919,38.75851697290672,"no tempo, sem passa-alta"
1.92,38.40400000000022,"no tempo, sem passa-alta"
1.921,38.98392716953168,"no tempo, sem passa-alta"
1.922,40.44348890890546,"no tempo, sem passa-alta"
1.923,42.641770885055195,"no tempo, sem passa-alta"
1.924,45.36554768117235,"no tempo, sem passa-alta"
1.925,48.35015478613241,"no tempo, sem passa-alta"
1.926,51.30539580086954,"no tempo, sem passa-alta"
1.927,53.94394888383457,"no tempo, sem passa-alta"
1.928,56.0094918147348,"no tempo, sem passa-alta"
1.929,57.30179259935809,"no tempo, sem passa-alta"
1.93,57.69630957226455,"no tempo, sem passa-alta"
1.931,57.15638240273313,"no tempo, sem passa-alta"
1.932,55.73682066335938,"no tempo, sem passa-alta"
1.933,53.578538687209615,"no tempo, sem passa-alta"
1.934,50.89476189109245,"no tempo, sem passa-alta"
1.935,47.9501547861324,"no tempo, sem passa-alta"
1.936,45.03491377139528,"no tempo, sem passa-alta"
1.937,42.43636068843023,"no tempo, sem passa-alta"
1.938,40.41081775753001,"no tempo, sem passa-alta"
1.939,39.15851697290669,"no tempo, sem passa-alta"
1.94,38.804000000000194,"no tempo, sem passa-alta"
1.941,39.383927169531724,"no tempo, sem passa-alta"
1.942,40.8434889089055,"no tempo, sem passa-alta"
1.943,43.04177088505528,"no tempo, sem passa-alta"
1.944,45.765547681172464,"no tempo, sem passa-alta"
1.945,48.750154786132505,"no tempo, sem passa-alta"
1.946,51.70539580086964,"no tempo, sem passa-alta"
1.947,54.34394888383471,"no tempo, sem passa-alta"
1.948,56.409491814734906,"no tempo, sem passa-alta"
1.949,57.701792599358136,"no tempo, sem passa-alta"
1.95,58.09630957226467,"no tempo, sem passa-alta"
1.951,57.55638240273309,"no tempo, sem passa-alta"
1.952,56.13682066335936,"no tempo, sem passa-alta"
1.953,53.97853868720964,"no tempo, sem passa-alta"
1.954,51.294761891092456,"no tempo, sem passa-alta"
1.955,48.350154786132435,"no tempo, sem passa-alta"
1.956,45.434913771395294,"no tempo, sem passa-alta"
1.957,42.83636068843021,"no tempo, sem passa-alta"
1.958,40.81081775752999,"no tempo, sem passa-alta"
1.959,39.55851697290681,"no tempo, sem passa-alta"
1.96,39.204000000000306,"no tempo, sem passa-alta"
1.961,39.78392716953184,"no tempo, sem passa-alta"
1.962,41.24348890890562,"no tempo, sem passa-alta"
1.963,43.44177088505532,"no tempo, sem passa-alta"
1.964,46.1655476811725,"no tempo, sem passa-alta"
1.965,49.15015478613253,"no tempo, sem passa-alta"
1.966,52.105395800869665,"no tempo, sem passa-alta"
1.967,54.74394888383472,"no tempo, sem passa-alta"
1.968,56.809491814734976,"no tempo, sem passa-alta"
1.969,58.10179259935815,"no tempo, sem passa-alta"
1.97,58.49630957226467,"no tempo, sem passa-alta"
1.971,57.95638240273316,"no tempo, sem passa-alta"
1.972,56.53682066335936,"no tempo, sem passa-alta"
1.973,54.37853868720969,"no tempo, sem passa-alta"
1.974,51.69476189109248,"no tempo, sem passa-alta"
1.975,48.750154786132455,"no tempo, sem passa-alta"
1.976,45.834913771395314,"no tempo, sem passa-alta"
1.977,43.23636068843027,"no tempo, sem passa-alta"
1.978,41.21081775753005,"no tempo, sem passa-alta"
1.979,39.95851697290679,"no tempo, sem passa-alta"
1.98,39.6040000000003,"no tempo, sem passa-alta"
1.981,40.1839271695317,"no tempo, sem passa-alta"
1.982,41.64348890890554,"no tempo, sem passa-alta"
1.983,43.84177088505519,"no tempo, sem passa-alta"
1.984,46.56554768117241,"no tempo, sem passa-alta"
1.985,49.55015478613245,"no tempo, sem passa-alta"
1.986,52.50539580086959,"no tempo, sem passa-alta"
1.987,55.14394888383464,"no tempo, sem passa-alta"
1.988,57.20949181473486,"no tempo, sem passa-alta"
1.989,58.50179259935814,"no tempo, sem passa-alta"
1.99,58.896309572264606,"no tempo, sem passa-alta"
1.991,58.35638240273317,"no tempo, sem passa-alta"
1.992,56.936820663359356,"no tempo, sem passa-alta"
1.993,54.77853868720964,"no tempo, sem passa-alta"
1.994,52.09476189109243,"no tempo, sem passa-alta"
1.995,49.150154786132404,"no tempo, sem passa-alta"
1.996,46.23491377139528,"no tempo, sem passa-alta"
1.997,43.63636068843021,"no tempo, sem passa-alta"
1.998,41.610817757530015,"no tempo, sem passa-alta"
1.999,40.3585169729067,"no tempo, sem passa-alta"
2.0,40.00400000000027,"no tempo, sem passa-alta"
2.001,40.58392716953168,"no tempo, sem passa-alta"
2.002,42.04348890890528,"no tempo, sem passa-alta"
2.003,44.241770885055075,"no tempo, sem passa-alta"
2.004,46.965547681172275,"no tempo, sem passa-alta"
2.005,49.95015478613232,"no tempo, sem passa-alta"
2.006,52.905395800869485,"no tempo, sem passa-alta"
2.007,55.54394888383446,"no tempo, sem passa-alta"
2.008,57.60949181473463,"no tempo, sem passa-alta"
2.009,58.90179259935792,"no tempo, sem passa-alta"
2.01,59.29630957226458,"no tempo, sem passa-alta"
2.011,58.75638240273293,"no tempo, sem passa-alta"
2.012,57.33682066335911,"no tempo, sem passa-alta"
2.013,55.17853868720938,"no tempo, sem passa-alta"
2.014,52.49476189109226,"no tempo, sem passa-alta"
2.015,49.5501547861322,"no tempo, sem passa-alta"
2.016,46.63491377139508,"no tempo, sem passa-alta"
2.017,44.03636068842999,"no tempo, sem passa-alta"
2.018,42.01081775752963,"no tempo, sem passa-alta"
2.019,40.7585169729065,"no tempo, sem passa-alta"
2.02,40.40400000000008,"no tempo, sem passa-alta"
2.021,40.98392716953156,"no tempo, sem passa-alta"
2.022,42.443488908905216,"no tempo, sem passa-alta"
2.023,44.64177088505506,"no tempo, sem passa-alta"
2.024,47.36554768117227,"no tempo, sem passa-alta"
2.025,50.350154786132315,"no tempo, sem passa-alta"
2.026,53.30539580086949,"no tempo, sem passa-alta"
2.027,55.943948883834516,"no tempo, sem passa-alta"
2.028,58.0094918147347,"no tempo, sem passa-alta"
2.029,59.30179259935799,"no tempo, sem passa-alta"
2.03,59.696309572264646,"no tempo, sem passa-alta"
2.031,59.156382402733065,"no tempo, sem passa-alta"
2.032,57.73682066335925,"no tempo, sem passa-alta"
2.033,55.57853868720955,"no tempo, sem passa-alta"
2.034,52.8947618910924,"no tempo, sem passa-alta"
2.035,49.95015478613235,"no tempo, sem passa-alta"
2.036,47.034913771395246,"no tempo, sem passa-alta"
2.037,44.43636068843019,"no tempo, sem passa-alta"
2.038,42.410817757529834,"no tempo, sem passa-alta"
2.039,41.15851697290671,"no tempo, sem passa-alta"
2.04,40.80400000000023,"no tempo, sem passa-alta"
2.041,41.38392716953171,"no tempo, sem passa-alta"
2.042,42.84348890890537,"no tempo, sem passa-alta"
2.043,45.04177088505518,"no tempo, sem passa-alta"
2.044,47.76554768117239,"no tempo, sem passa-alta"
2.045,50.75015478613243,"no tempo, sem passa-alta"
2.046,53.70539580086959,"no tempo, sem passa-alta"
2.047,56.34394888383458,"no tempo, sem passa-alta"
2.048,58.409491814734764,"no tempo, sem passa-alta"
2.049,59.70179259935799,"no tempo, sem passa-alta"
2.05,60.096309572264566,"no tempo, sem passa-alta"
2.051,59.55638240273306,"no tempo, sem passa-alta"
2.052,58.13682066335923,"no tempo, sem passa-alta"
2.053,55.978538687209564,"no tempo, sem passa-alta"
2.054,53.29476189109241,"no tempo, sem passa-alta"
2.055,50.35015478613237,"no tempo, sem passa-alta"
2.056,47.43491377139524,"no tempo, sem passa-alta"
2.057,44.83636068843018,"no tempo, sem passa-alta"
2.058,42.81081775752989,"no tempo, sem passa-alta"
2.059,41.558516972906716,"no tempo, sem passa-alta"
2.06,41.204000000000306,"no tempo, sem passa-alta"
2.061,41.78392716953179,"no tempo, sem passa-alta"
2.062,43.24348890890546,"no tempo, sem passa-alta"
2.063,45.44177088505517,"no tempo, sem passa-alta"
2.064,48.16554768117243,"no tempo, sem passa-alta"
2.065,51.15015478613247,"no tempo, sem passa-alta"
2.066,54.10539580086962,"no tempo, sem passa-alta"
2.067,56.74394888383464,"no tempo, sem passa-alta"
2.068,58.809491814734805,"no tempo, sem passa-alta"
2.069,60.10179259935808,"no tempo, sem passa-alta"
2.07,60.49630957226466,"no tempo, sem passa-alta"
2.071,59.95638240273314,"no tempo, sem passa-alta"
2.072,58.53682066335925,"no tempo, sem passa-alta"
2.073,56.378538687209506,"no tempo, sem passa-alta"
2.074,53.69476189109237,"no tempo, sem passa-alta"
2.075,50.750154786132335,"no tempo, sem passa-alta"
2.076,47.83491377139522,"no tempo, sem passa-alta"
2.077,45.23636068843015,"no tempo, sem passa-alta"
2.078,43.21081775752987,"no tempo, sem passa-alta"
2.079,41.95851697290657,"no tempo, sem passa-alta"
2.08,41.60400000000016,"no tempo, sem passa-alta"
2.081,42.183927169531664,"no tempo, sem passa-alta"
2.082,43.643488908905326,"no tempo, sem passa-alta"
2.083,45.841770885055034,"no tempo, sem passa-alta"
2.084,48.56554768117226,"no tempo, sem passa-alta"
2.085,51.550154786132325,"no tempo, sem passa-alta"
2.086,54.50539580086947,"no tempo, sem passa-alta"
2.087,57.14394888383457,"no tempo, sem passa-alta"
2.088,59.20949181473469,"no tempo, sem passa-alta"
2.089,60.50179259935796,"no tempo, sem passa-alta"
2.09,60.89630957226461,"no tempo, sem passa-alta"
2.091,60.35638240273315,"no tempo, sem passa-alta"
2.092,58.93682066335926,"no tempo, sem passa-alta"
2.093,56.778538687209526,"no tempo, sem passa-alta"
2.094,54.09476189109239,"no tempo, sem passa-alta"
2.095,51.15015478613236,"no tempo, sem passa-alta"
2.096,48.23491377139526,"no tempo, sem passa-alta"
2.097,45.636360688430216,"no tempo, sem passa-alta"
2.098,43.61081775752991,"no tempo, sem passa-alta"
2.099,42.358516972906685,"no tempo, sem passa-alta"
2.1,42.00400000000034,"no tempo, sem passa-alta"
2.101,42.5839271695319,"no tempo, sem passa-alta"
2.102,44.043488908905566,"no tempo, sem passa-alta"
2.103,46.24177088505519,"no tempo, sem passa-alta"
2.104,48.965547681172424,"no tempo, sem passa-alta"
2.105,51.95015478613248,"no tempo, sem passa-alta"
2.106,54.90539580086962,"no tempo, sem passa-alta"
2.107,57.543948883834716,"no tempo, sem passa-alta"
2.108,59.60949181473485,"no tempo, sem passa-alta"
2.109,60.90179259935805,"no tempo, sem passa-alta"
2.11,61.296309572264626,"no tempo, sem passa-alta"
2.111,60.75638240273323,"no tempo, sem passa-alta"
2.112,59.33682066335935,"no tempo, sem passa-alta"
2.113,57.17853868720961,"no tempo, sem passa-alta"
2.114,54.49476189109241,"no tempo, sem passa-alta"
2.115,51.55015478613238,"no tempo, sem passa-alta"
2.116,48.63491377139529,"no tempo, sem passa-alta"
2.117,46.03636068843024,"no tempo, sem passa-alta"
2.118,44.01081775752995,"no tempo, sem passa-alta"
2.119,42.75851697290666,"no tempo, sem passa-alta"
2.12,42.40400000000025,"no tempo, sem passa-alta"
2.121,42.98392716953181,"no tempo, sem passa-alta"
2.122,44.44348890890556,"no tempo, sem passa-alta"
2.123,46.64177088505522,"no tempo, sem passa-alta"
2.124,49.365547681172465,"no tempo, sem passa-alta"
2.125,52.35015478613251,"no tempo, sem passa-alta"
2.126,55.30539580086967,"no tempo, sem passa-alta"
2.127,57.9439488838348,"no tempo, sem passa-alta"
2.128,60.00949181473493,"no tempo, sem passa-alta"
2.129,61.30179259935812,"no tempo, sem passa-alta"
2.13,61.69630957226469,"no tempo, sem passa-alta"
2.131,61.15638240273336,"no tempo, sem passa-alta"
2.132,59.73682066335947,"no tempo, sem passa-alta"
2.133,57.57853868720974,"no tempo, sem passa-alta"
2.134,54.894761891092585,"no tempo, sem passa-alta"
2.135,51.95015478613254,"no tempo, sem passa-alta"
2.136,49.03491377139544,"no tempo, sem passa-alta"
2.137,46.43636068843043,"no tempo, sem passa-alta"
2.138,44.4108177575302,"no tempo, sem passa-alta"
2.139,43.15851697290678,"no tempo, sem passa-alta"
2.14,42.80400000000045,"no tempo, sem passa-alta"
2.141,43.38392716953195,"no tempo, sem passa-alta"
2.142,44.8434889089057,"no tempo, sem passa-alta"
2.143,47.04177088505532,"no tempo, sem passa-alta"
2.144,49.765547681172585,"no tempo, sem passa-alta"
2.145,52.75015478613261,"no tempo, sem passa-alta"
2.146,55.705395800869745,"no tempo, sem passa-alta"
2.147,58.343948883834884,"no tempo, sem passa-alta"
2.148,60.409491814735,"no tempo, sem passa-alta"
2.149,61.70179259935819,"no tempo, sem passa-alta"
2.15,62.09630957226469,"no tempo, sem passa-alta"
2.151,61.55638240273329,"no tempo, sem passa-alta"
2.152,60.1368206633594,"no tempo, sem passa-alta"
2.153,57.97853868720961,"no tempo, sem passa-alta"
2.154,55.29476189109245,"no tempo, sem passa-alta"
2.155,52.35015478613242,"no tempo, sem passa-alta"
2.156,49.4349137713953,"no tempo, sem passa-alta"
2.157,46.83636068843028,"no tempo, sem passa-alta"
2.158,44.810817757530046,"no tempo, sem passa-alta"
2.159,43.558516972906695,"no tempo, sem passa-alta"
2.16,43.204000000000306,"no tempo, sem passa-alta"
2.161,43.78392716953187,"no tempo, sem passa-alta"
2.162,45.24348890890562,"no tempo, sem passa-alta"
2.163,47.44177088505526,"no tempo, sem passa-alta"
2.164,50.16554768117246,"no tempo, sem passa-alta"
2.165,53.15015478613252,"no tempo, sem passa-alta"
2.166,56.10539580086966,"no tempo, sem passa-alta"
2.167,58.74394888383477,"no tempo, sem passa-alta"
2.168,60.80949181473492,"no tempo, sem passa-alta"
2.169,62.10179259935811,"no tempo, sem passa-alta"
2.17,62.49630957226468,"no tempo, sem passa-alta"
2.171,61.95638240273327,"no tempo, sem passa-alta"
2.172,60.536820663359435,"no tempo, sem passa-alta"
2.173,58.37853868720964,"no tempo, sem passa-alta"
2.174,55.69476189109247,"no tempo, sem passa-alta"
2.175,52.75015478613243,"no tempo, sem passa-alta"
2.176,49.834913771395314,"no tempo, sem passa-alta"
2.177,47.2363606884303,"no tempo, sem passa-alta"
2.178,45.21081775753005,"no tempo, sem passa-alta"
2.179,43.95851697290671,"no tempo, sem passa-alta"
2.18,43.60400000000019,"no tempo, sem passa-alta"
2.181,44.183927169531756,"no tempo, sem passa-alta"
2.182,45.6434889089055,"no tempo, sem passa-alta"
2.183,47.84177088505514,"no tempo, sem passa-alta"
2.184,50.565547681172326,"no tempo, sem passa-alta"
2.185,53.55015478613238,"no tempo, sem passa-alta"
2.186,56.505395800869515,"no tempo, sem passa-alta"
2.187,59.14394888383462,"no tempo, sem passa-alta"
2.188,61.209491814734825,"no tempo, sem passa-alta"
2.189,62.50179259935794,"no tempo, sem passa-alta"
2.19,62.8963095722645,"no tempo, sem passa-alta"
2.191,62.35638240273315,"no tempo, sem passa-alta"
2.192,60.93682066335938,"no tempo, sem passa-alta"
2.193,58.77853868720958,"no tempo, sem passa-alta"
2.194,56.09476189109239,"no tempo, sem passa-alta"
2.195,53.15015478613236,"no tempo, sem passa-alta"
2.196,50.23491377139525,"no tempo, sem passa-alta"
2.197,47.63636068843025,"no tempo, sem passa-alta"
2.198,45.61081775753002,"no tempo, sem passa-alta"
2.199,44.35851697290668,"no tempo, sem passa-alta"
2.2,44.004000000000225,"no tempo, sem passa-alta"
2.201,44.58392716953187,"no tempo, sem passa-alta"
2.202,46.04348890890567,"no tempo, sem passa-alta"
2.203,48.24177088505531,"no tempo, sem passa-alta"
2.204,50.96554768117247,"no tempo, sem passa-alta"
2.205,53.95015478613252,"no tempo, sem passa-alta"
2.206,56.90539580086967,"no tempo, sem passa-alta"
2.207,59.54394888383476,"no tempo, sem passa-alta"
2.208,61.609491814735016,"no tempo, sem passa-alta"
2.209,62.90179259935813,"no tempo, sem passa-alta"
2.21,63.29630957226462,"no tempo, sem passa-alta"
2.211,62.75638240273322,"no tempo, sem passa-alta"
2.212,61.33682066335945,"no tempo, sem passa-alta"
2.213,59.17853868720967,"no tempo, sem passa-alta"
2.214,56.494761891092466,"no tempo, sem passa-alta"
2.215,53.5501547861324,"no tempo, sem passa-alta"
2.216,50.634913771395276,"no tempo, sem passa-alta"
2.217,48.03636068843031,"no tempo, sem passa-alta"
2.218,46.01081775753008,"no tempo, sem passa-alta"
2.219,44.75851697290674,"no tempo, sem passa-alta"
2.22,44.40400000000022,"no tempo, sem passa-alta"
2.221,44.9839271695318,"no tempo, sem passa-alta"
2.222,46.443488908905614,"no tempo, sem passa-alta"
2.223,48.641770885055294,"no tempo, sem passa-alta"
2.224,51.36554768117245,"no tempo, sem passa-alta"
2.225,54.3501547861325,"no tempo, sem passa-alta"
2.226,57.305395800869626,"no tempo, sem passa-alta"
2.227,59.94394888383475,"no tempo, sem passa-alta"
2.228,62.00949181473501,"no tempo, sem passa-alta"
2.229,63.30179259935813,"no tempo, sem passa-alta"
2.23,63.69630957226463,"no tempo, sem passa-alta"
2.231,63.15638240273321,"no tempo, sem passa-alta"
2.232,61.73682066335955,"no tempo, sem passa-alta"
2.233,59.57853868720974,"no tempo, sem passa-alta"
2.234,56.894761891092564,"no tempo, sem passa-alta"
2.235,53.95015478613252,"no tempo, sem passa-alta"
2.236,51.034913771395374,"no tempo, sem passa-alta"
2.237,48.43636068843039,"no tempo, sem passa-alta"
2.238,46.41081775753021,"no tempo, sem passa-alta"
2.239,45.158516972906945,"no tempo, sem passa-alta"
2.24,44.80400000000029,"no tempo, sem passa-alta"
2.241,45.383927169531944,"no tempo, sem passa-alta"
2.242,46.84348890890569,"no tempo, sem passa-alta"
2.243,49.04177088505539,"no tempo, sem passa-alta"
2.244,51.76554768117253,"no tempo, sem passa-alta"
2.245,54.750154786132576,"no tempo, sem passa-alta"
2.246,57.7053958008697,"no tempo, sem passa-alta"
2.247,60.34394888383478,"no tempo, sem passa-alta"
2.248,62.40949181473507,"no tempo, sem passa-alta"
2.249,63.70179259935818,"no tempo, sem passa-alta"
2.25,64.09630957226466,"no tempo, sem passa-alta"
2.251,63.55638240273318,"no tempo, sem passa-alta"
2.252,62.1368206633595,"no tempo, sem passa-alta"
2.253,59.97853868720966,"no tempo, sem passa-alta"
2.254,57.29476189109242,"no tempo, sem passa-alta"
2.255,54.35015478613239,"no tempo, sem passa-alta"
2.256,51.43491377139522,"no tempo, sem passa-alta"
2.257,48.83636068843022,"no tempo, sem passa-alta"
2.258,46.81081775753003,"no tempo, sem passa-alta"
2.259,45.558516972906766,"no tempo, sem passa-alta"
2.26,45.20400000000012,"no tempo, sem passa-alta"
2.261,45.783927169531765,"no tempo, sem passa-alta"
2.262,47.243488908905576,"no tempo, sem passa-alta"
2.263,49.44177088505526,"no tempo, sem passa-alta"
2.264,52.1655476811724,"no tempo, sem passa-alta"
2.265,55.150154786132454,"no tempo, sem passa-alta"
2.266,58.10539580086956,"no tempo, sem passa-alta"
2.267,60.74394888383463,"no tempo, sem passa-alta"
2.268,62.80949181473497,"no tempo, sem passa-alta"
2.269,64.10179259935809,"no tempo, sem passa-alta"
2.27,64.49630957226455,"no tempo, sem passa-alta"
2.271,63.95638240273315,"no tempo, sem passa-alta"
2.272,62.53682066335947,"no tempo, sem passa-alta"
2.273,60.37853868720962,"no tempo, sem passa-alta"
2.274,57.6947618910924,"no tempo, sem passa-alta"
2.275,54.75015478613236,"no tempo, sem passa-alta"
2.276,51.834913771395186,"no tempo, sem passa-alta"
2.277,49.2363606884302,"no tempo, sem passa-alta"
2.278,47.21081775753004,"no tempo, sem passa-alta"
2.279,45.95851697290676,"no tempo, sem passa-alta"
2.28,45.60400000000012,"no tempo, sem passa-alta"
2.281,46.18392716953171,"no tempo, sem passa-alta"
2.282,47.643488908905525,"no tempo, sem passa-alta"
2.283,49.84177088505521,"no tempo, sem passa-alta"
2.284,52.56554768117234,"no tempo, sem passa-alta"
2.285,55.550154786132374,"no tempo, sem passa-alta"
2.286,58.50539580086951,"no tempo, sem passa-alta"
2.287,61.14394888383458,"no tempo, sem passa-alta"
2.288,63.20949181473488,"no tempo, sem passa-alta"
2.289,64.501792599358,"no tempo, sem passa-alta"
2.29,64.8963095722644,"no tempo, sem passa-alta"
2.291,64.35638240273298,"no tempo, sem passa-alta"
2.292,62.93682066335937,"no tempo, sem passa-alta"
2.293,60.7785386872096,"no tempo, sem passa-alta"
2.294,58.094761891092354,"no tempo, sem passa-alta"
2.295,55.15015478613232,"no tempo, sem passa-alta"
2.296,52.234913771395156,"no tempo, sem passa-alta"
2.297,49.63636068843017,"no tempo, sem passa-alta"
2.298,47.61081775753,"no tempo, sem passa-alta"
2.299,46.358516972906735,"no tempo, sem passa-alta"
2.3,46.00400000000009,"no tempo, sem passa-alta"
2.301,46.58392716953163,"no tempo, sem passa-alta"
2.302,48.04348890890552,"no tempo, sem passa-alta"
2.303,50.24177088505526,"no tempo, sem passa-alta"
2.304,52.96554768117239,"no tempo, sem passa-alta"
2.305,55.95015478613244,"no tempo, sem passa-alta"
2.306,58.90539580086956,"no tempo, sem passa-alta"
2.307,61.54394888383464,"no tempo, sem passa-alta"
2.308,63.60949181473492,"no tempo, sem passa-alta"
2.309,64.90179259935816,"no tempo, sem passa-alta"
2.31,65.29630957226456,"no tempo, sem passa-alta"
2.311,64.75638240273305,"no tempo, sem passa-alta"
2.312,63.33682066335938,"no tempo, sem passa-alta"
2.313,61.17853868720964,"no tempo, sem passa-alta"
2.314,58.49476189109242,"no tempo, sem passa-alta"
2.315,55.55015478613237,"no tempo, sem passa-alta"
2.316,52.63491377139521,"no tempo, sem passa-alta"
2.317,50.036360688430165,"no tempo, sem passa-alta"
2.318,48.01081775753005,"no tempo, sem passa-alta"
2.319,46.75851697290679,"no tempo, sem passa-alta"
2.32,46.40400000000015,"no tempo, sem passa-alta"
2.321,46.98392716953168,"no tempo, sem passa-alta"
2.322,48.44348890890552,"no tempo, sem passa-alta"
2.323,50.64177088505527,"no tempo, sem passa-alta"
2.324,53.36554768117244,"no tempo, sem passa-alta"
2.325,56.35015478613248,"no tempo, sem passa-alta"
2.326,59.305395800869576,"no tempo, sem passa-alta"
2.327,61.943948883834615,"no tempo, sem passa-alta"
2.328,64.00949181473494,"no tempo, sem passa-alta"
2.329,65.30179259935818,"no tempo, sem passa-alta"
2.33,65.6963095722646,"no tempo, sem passa-alta"
2.331,65.1563824027331,"no tempo, sem passa-alta"
2.332,63.736820663359424,"no tempo, sem passa-alta"
2.333,61.57853868720976,"no tempo, sem passa-alta"
2.334,58.894761891092514,"no tempo, sem passa-alta"
2.335,55.950154786132465,"no tempo, sem passa-alta"
2.336,53.03491377139529,"no tempo, sem passa-alta"
2.337,50.436360688430234,"no tempo, sem passa-alta"
2.338,48.41081775753012,"no tempo, sem passa-alta"
2.339,47.158516972906924,"no tempo, sem passa-alta"
2.34,46.80400000000036,"no tempo, sem passa-alta"
2.341,47.38392716953182,"no tempo, sem passa-alta"
2.342,48.84348890890571,"no tempo, sem passa-alta"
2.343,51.04177088505542,"no tempo, sem passa-alta"
2.344,53.765547681172585,"no tempo, sem passa-alta"
2.345,56.7501547861326,"no tempo, sem passa-alta"
2.346,59.70539580086971,"no tempo, sem passa-alta"
2.347,62.34394888383474,"no tempo, sem passa-alta"
2.348,64.40949181473502,"no tempo, sem passa-alta"
2.349,65.70179259935824,"no tempo, sem passa-alta"
2.35,66.09630957226463,"no tempo, sem passa-alta"
2.351,65.55638240273313,"no tempo, sem passa-alta"
2.352,64.13682066335937,"no tempo, sem passa-alta"
2.353,61.97853868720971,"no tempo, sem passa-alta"
2.354,59.29476189109244,"no tempo, sem passa-alta"
2.355,56.35015478613239,"no tempo, sem passa-alta"
2.356,53.434913771395244,"no tempo, sem passa-alta"
2.357,50.83636068843016,"no tempo, sem passa-alta"
2.358,48.810817757529996,"no tempo, sem passa-alta"
2.359,47.5585169729068,"no tempo, sem passa-alta"
2.36,47.204000000000235,"no tempo, sem passa-alta"
2.361,47.78392716953164,"no tempo, sem passa-alta"
2.362,49.24348890890553,"no tempo, sem passa-alta"
2.363,51.44177088505529,"no tempo, sem passa-alta"
2.364,54.16554768117244,"no tempo, sem passa-alta"
2.365,57.15015478613247,"no tempo, sem passa-alta"
2.366,60.10539580086958,"no tempo, sem passa-alta"
2.367,62.7439488838346,"no tempo, sem passa-alta"
2.368,64.80949181473488,"no tempo, sem passa-alta"
2.369,66.10179259935823,"no tempo, sem passa-alta"
2.37,66.49630957226462,"no tempo, sem passa-alta"
2.371,65.95638240273311,"no tempo, sem passa-alta"
2.372,64.53682066335942,"no tempo, sem passa-alta"
2.373,62.378538687209755,"no tempo, sem passa-alta"
2.374,59.69476189109249,"no tempo, sem passa-alta"
2.375,56.75015478613243,"no tempo, sem passa-alta"
2.376,53.83491377139529,"no tempo, sem passa-alta"
2.377,51.23636068843016,"no tempo, sem passa-alta"
2.378,49.21081775753005,"no tempo, sem passa-alta"
2.379,47.95851697290686,"no tempo, sem passa-alta"
2.38,47.6040000000003,"no tempo, sem passa-alta"
2.381,48.18392716953164,"no tempo, sem passa-alta"
2.382,49.64348890890561,"no tempo, sem passa-alta"
2.383,51.84177088505536,"no tempo, sem passa-alta"
2.384,54.56554768117252,"no tempo, sem passa-alta"
2.385,57.55015478613253,"no tempo, sem passa-alta"
2.386,60.50539580086964,"no tempo, sem passa-alta"
2.387,63.14394888383469,"no tempo, sem passa-alta"
2.388,65.20949181473493,"no tempo, sem passa-alta"
2.389,66.50179259935828,"no tempo, sem passa-alta"
2.39,66.89630957226458,"no tempo, sem passa-alta"
2.391,66.35638240273302,"no tempo, sem passa-alta"
2.392,64.93682066335931,"no tempo, sem passa-alta"
2.393,62.77853868720972,"no tempo, sem passa-alta"
2.394,60.09476189109248,"no tempo, sem passa-alta"
2.395,57.15015478613242,"no tempo, sem passa-alta"
2.396,54.23491377139527,"no tempo, sem passa-alta"
2.397,51.63636068843016,"no tempo, sem passa-alta"
2.398,49.61081775753006,"no tempo, sem passa-alta"
2.399,48.35851697290687,"no tempo, sem passa-alta"
2.4,48.00400000000032,"no tempo, sem passa-alta"
2.401,48.583927169531655,"no tempo, sem passa-alta"
2.402,50.0434889089055,"no tempo, sem passa-alta"
2.403,52.24177088505532,"no tempo, sem passa-alta"
2.404,54.965547681172495,"no tempo, sem passa-alta"
2.405,57.95015478613251,"no tempo, sem passa-alta"
2.406,60.905395800869606,"no tempo, sem passa-alta"
2.407,63.543948883834645,"no tempo, sem passa-alta"
2.408,65.60949181473492,"no tempo, sem passa-alta"
2.409,66.90179259935829,"no tempo, sem passa-alta"
2.41,67.29630957226472,"no tempo, sem passa-alta"
2.411,66.75638240273315,"no tempo, sem passa-alta"
2.412,65.3368206633594,"no tempo, sem passa-alta"
2.413,63.17853868720975,"no tempo, sem passa-alta"
2.414,60.49476189109255,"no tempo, sem passa-alta"
2.415,57.55015478613249,"no tempo, sem passa-alta"
2.416,54.63491377139534,"no tempo, sem passa-alta"
2.417,52.03636068843024,"no tempo, sem passa-alta"
2.418,50.010817757530084,"no tempo, sem passa-alta"
2.419,48.75851697290697,"no tempo, sem passa-alta"
2.42,48.40400000000041,"no tempo, sem passa-alta"
2.421,48.98392716953176,"no tempo, sem passa-alta"
2.422,50.4434889089056,"no tempo, sem passa-alta"
2.423,52.64177088505536,"no tempo, sem passa-alta"
2.424,55.365547681172565,"no tempo, sem passa-alta"
2.425,58.35015478613259,"no tempo, sem passa-alta"
2.426,61.30539580086971,"no tempo, sem passa-alta"
2.427,63.943948883834715,"no tempo, sem passa-alta"
2.428,66.00949181473493,"no tempo, sem passa-alta"
2.429,67.30179259935834,"no tempo, sem passa-alta"
2.43,67.69630957226478,"no tempo, sem passa-alta"
2.431,67.1563824027332,"no tempo, sem passa-alta"
2.432,65.73682066335945,"no tempo, sem passa-alta"
2.433,63.57853868720981,"no tempo, sem passa-alta"
2.434,60.894761891092614,"no tempo, sem passa-alta"
2.435,57.950154786132565,"no tempo, sem passa-alta"
2.436,55.034913771395416,"no tempo, sem passa-alta"
2.437,52.43636068843029,"no tempo, sem passa-alta"
2.438,50.41081775753009,"no tempo, sem passa-alta"
2.439,49.158516972906966,"no tempo, sem passa-alta"
2.44,48.80400000000047,"no tempo, sem passa-alta"
2.441,49.383927169531894,"no tempo, sem passa-alta"
2.442,50.843488908905734,"no tempo, sem passa-alta"
2.443,53.041770885055534,"no tempo, sem passa-alta"
2.444,55.7655476811727,"no tempo, sem passa-alta"
2.445,58.75015478613273,"no tempo, sem passa-alta"
2.446,61.70539580086986,"no tempo, sem passa-alta"
2.447,64.34394888383487,"no tempo, sem passa-alta"
2.448,66.4094918147351,"no tempo, sem passa-alta"
2.449,67.70179259935844,"no tempo, sem passa-alta"
2.45,68.09630957226489,"no tempo, sem passa-alta"
2.451,67.5563824027333,"no tempo, sem passa-alta"
2.452,66.13682066335953,"no tempo, sem passa-alta"
2.453,63.97853868720985,"no tempo, sem passa-alta"
2.454,61.29476189109268,"no tempo, sem passa-alta"
2.455,58.35015478613261,"no tempo, sem passa-alta"
2.456,55.4349137713955,"no tempo, sem passa-alta"
2.457,52.836360688430375,"no tempo, sem passa-alta"
2.458,50.81081775753019,"no tempo, sem passa-alta"
2.459,49.558516972907,"no tempo, sem passa-alta"
2.46,49.20400000000052,"no tempo, sem passa-alta"
2.461,49.78392716953194,"no tempo, sem passa-alta"
2.462,51.24348890890567,"no tempo, sem passa-alta"
2.463,53.441770885055476,"no tempo, sem passa-alta"
2.464,56.165547681172676,"no tempo, sem passa-alta"
2.465,59.15015478613271,"no tempo, sem passa-alta"
2.466,62.10539580086982,"no tempo, sem passa-alta"
2.467,64.74394888383485,"no tempo, sem passa-alta"
2.468,66.80949181473503,"no tempo, sem passa-alta"
2.469,68.10179259935836,"no tempo, sem passa-alta"
2.47,68.49630957226495,"no tempo, sem passa-alta"
2.471,67.95638240273335,"no tempo, sem passa-alta"
2.472,66.53682066335959,"no tempo, sem passa-alta"
2.473,64.37853868720993,"no tempo, sem passa-alta"
2.474,61.69476189109274,"no tempo, sem passa-alta"
2.475,58.75015478613267,"no tempo, sem passa-alta"
2.476,55.83491377139554,"no tempo, sem passa-alta"
2.477,53.23636068843047,"no tempo, sem passa-alta"
2.478,51.21081775753019,"no tempo, sem passa-alta"
2.479,49.95851697290708,"no tempo, sem passa-alta"
2.48,49.604000000000596,"no tempo, sem passa-alta"
2.481,50.183927169532026,"no tempo, sem passa-alta"
2.482,51.643488908905695,"no tempo, sem passa-alta"
2.483,53.84177088505556,"no tempo, sem passa-alta"
2.484,56.56554768117276,"no tempo, sem passa-alta"
2.485,59.55015478613277,"no tempo, sem passa-alta"
2.486,62.505395800869906,"no tempo, sem passa-alta"
2.487,65.1439488838349,"no tempo, sem passa-alta"
2.488,67.20949181473512,"no tempo, sem passa-alta"
2.489,68.50179259935838,"no tempo, sem passa-alta"
2.49,68.89630957226495,"no tempo, sem passa-alta"
2.491,68.3563824027333,"no tempo, sem passa-alta"
2.492,66.93682066335947,"no tempo, sem passa-alta"
2.493,64.77853868720982,"no tempo, sem passa-alta"
2.494,62.09476189109267,"no tempo, sem passa-alta"
2.495,59.15015478613262,"no tempo, sem passa-alta"
2.496,56.23491377139548,"no tempo, sem passa-alta"
2.497,53.63636068843041,"no tempo, sem passa-alta"
2.498,51.61081775753012,"no tempo, sem passa-alta"
2.499,50.358516972907005,"no tempo, sem passa-alta"
2.5,50.00400000000053,"no tempo, sem passa-alta"
2.501,50.58392716953197,"no tempo, sem passa-alta"
2.502,52.04348890890559,"no tempo, sem passa-alta"
2.503,54.2417708850554,"no tempo, sem passa-alta"
2.504,56.96554768117263,"no tempo, sem passa-alta"
2.505,59.95015478613267,"no tempo, sem passa-alta"
2.506,62.90539580086982,"no tempo, sem passa-alta"
2.507,65.54394888383477,"no tempo, sem passa-alta"
2.508,67.609491814735,"no tempo, sem passa-alta"
2.509,68.90179259935832,"no tempo, sem passa-alta"
2.51,69.29630957226496,"no tempo, sem passa-alta"
2.511,68.75638240273328,"no tempo, sem passa-alta"
2.512,67.33682066335946,"no tempo, sem passa-alta"
2.513,65.17853868720977,"no tempo, sem passa-alta"
2.514,62.49476189109264,"no tempo, sem passa-alta"
2.515,59.55015478613257,"no tempo, sem passa-alta"
2.516,56.634913771395446,"no tempo, sem passa-alta"
2.517,54.036360688430356,"no tempo, sem passa-alta"
2.518,52.01081775753005,"no tempo, sem passa-alta"
2.519,50.758516972907,"no tempo, sem passa-alta"
2.52,50.4040000000006,"no tempo, sem passa-alta"
2.521,50.98392716953203,"no tempo, sem passa-alta"
2.522,52.44348890890566,"no tempo, sem passa-alta"
2.523,54.64177088505546,"no tempo, sem passa-alta"
2.524,57.365547681172664,"no tempo, sem passa-alta"
2.525,60.35015478613271,"no tempo, sem passa-alta"
2.526,63.305395800869874,"no tempo, sem passa-alta"
2.527,65.94394888383485,"no tempo, sem passa-alta"
2.528,68.00949181473501,"no tempo, sem passa-alta"
2.529,69.30179259935828,"no tempo, sem passa-alta"
2.53,69.69630957226498,"no tempo, sem passa-alta"
2.531,69.15638240273337,"no tempo, sem passa-alta"
2.532,67.73682066335955,"no tempo, sem passa-alta"
2.533,65.57853868720986,"no tempo, sem passa-alta"
2.534,62.894761891092735,"no tempo, sem passa-alta"
2.535,59.95015478613268,"no tempo, sem passa-alta"
2.536,57.03491377139555,"no tempo, sem passa-alta"
2.537,54.436360688430476,"no tempo, sem passa-alta"
2.538,52.41081775753014,"no tempo, sem passa-alta"
2.539,51.15851697290699,"no tempo, sem passa-alta"
2.54,50.804000000000585,"no tempo, sem passa-alta"
2.541,51.38392716953209,"no tempo, sem passa-alta"
2.542,52.84348890890577,"no tempo, sem passa-alta"
2.543,55.04177088505558,"no tempo, sem passa-alta"
2.544,57.76554768117279,"no tempo, sem passa-alta"
2.545,60.750154786132825,"no tempo, sem passa-alta"
2.546,63.70539580086998,"no tempo, sem passa-alta"
2.547,66.34394888383503,"no tempo, sem passa-alta"
2.548,68.40949181473519,"no tempo, sem passa-alta"
2.549,69.70179259935844,"no tempo, sem passa-alta"
2.55,70.09630957226506,"no tempo, sem passa-alta"
2.551,69.55638240273352,"no tempo, sem passa-alta"
2.552,68.13682066335969,"no tempo, sem passa-alta"
2.553,65.97853868720999,"no tempo, sem passa-alta"
2.554,63.29476189109282,"no tempo, sem passa-alta"
2.555,60.35015478613278,"no tempo, sem passa-alta"
2.556,57.43491377139566,"no tempo, sem passa-alta"
2.557,54.83636068843061,"no tempo, sem passa-alta"
2.558,52.81081775753029,"no tempo, sem passa-alta"
2.559,51.558516972907135,"no tempo, sem passa-alta"
2.56,51.20400000000068,"no tempo, sem passa-alta"
2.561,51.78392716953218,"no tempo, sem passa-alta"
2.562,53.24348890890587,"no tempo, sem passa-alta"
2.563,55.44177088505558,"no tempo, sem passa-alta"
2.564,58.165547681172825,"no tempo, sem passa-alta"
2.565,61.15015478613286,"no tempo, sem passa-alta"
2.566,64.10539580087001,"no tempo, sem passa-alta"
2.567,66.74394888383505,"no tempo, sem passa-alta"
2.568,68.80949181473521,"no tempo, sem passa-alta"
2.569,70.1017925993584,"no tempo, sem passa-alta"
2.57,70.49630957226503,"no tempo, sem passa-alta"
2.571,69.9563824027335,"no tempo, sem passa-alta"
2.572,68.53682066335966,"no tempo, sem passa-alta"
2.573,66.37853868720994,"no tempo, sem passa-alta"
2.574,63.694761891092796,"no tempo, sem passa-alta"
2.575,60.75015478613275,"no tempo, sem passa-alta"
2.576,57.834913771395634,"no tempo, sem passa-alta"
2.577,55.23636068843059,"no tempo, sem passa-alta"
2.578,53.21081775753032,"no tempo, sem passa-alta"
2.579,51.95851697290704,"no tempo, sem passa-alta"
2.58,51.60400000000067,"no tempo, sem passa-alta"
2.581,52.18392716953217,"no tempo, sem passa-alta"
2.582,53.643488908905866,"no tempo, sem passa-alta"
2.583,55.84177088505554,"no tempo, sem passa-alta"
2.584,58.5655476811728,"no tempo, sem passa-alta"
2.585,61.55015478613283,"no tempo, sem passa-alta"
2.586,64.50539580086996,"no tempo, sem passa-alta"
2.587,67.143948883835,"no tempo, sem passa-alta"
2.588,69.20949181473516,"no tempo, sem passa-alta"
2.589,70.50179259935841,"no tempo, sem passa-alta"
2.59,70.89630957226497,"no tempo, sem passa-alta"
2.591,70.35638240273349,"no tempo, sem passa-alta"
2.592,68.93682066335958,"no tempo, sem passa-alta"
2.593,66.77853868720983,"no tempo, sem passa-alta"
2.594,64.09476189109272,"no tempo, sem passa-alta"
2.595,61.150154786132674,"no tempo, sem passa-alta"
2.596,58.23491377139555,"no tempo, sem passa-alta"
2.597,55.636360688430486,"no tempo, sem passa-alta"
2.598,53.610817757530214,"no tempo, sem passa-alta"
2.599,52.35851697290694,"no tempo, sem passa-alta"
2.6,52.00400000000056,"no tempo, sem passa-alta"
2.601,52.583927169532075,"no tempo, sem passa-alta"
2.602,54.04348890890575,"no tempo, sem passa-alta"
2.603,56.241770885055416,"no tempo, sem passa-alta"
2.604,58.96554768117267,"no tempo, sem passa-alta"
2.605,61.950154786132735,"no tempo, sem passa-alta"
2.606,64.90539580086987,"no tempo, sem passa-alta"
2.607,67.543948883835,"no tempo, sem passa-alta"
2.608,69.6094918147351,"no tempo, sem passa-alta"
2.609,70.90179259935834,"no tempo, sem passa-alta"
2.61,71.29630957226496,"no tempo, sem passa-alta"
2.611,70.75638240273355,"no tempo, sem passa-alta"
2.612,69.33682066335963,"no tempo, sem passa-alta"
2.613,67.1785386872099,"no tempo, sem passa-alta"
2.614,64.49476189109274,"no tempo, sem passa-alta"
2.615,61.550154786132715,"no tempo, sem passa-alta"
2.616,58.63491377139561,"no tempo, sem passa-alta"
2.617,56.03636068843058,"no tempo, sem passa-alta"
2.618,54.01081775753028,"no tempo, sem passa-alta"
2.619,52.758516972907024,"no tempo, sem passa-alta"
2.62,52.4040000000007,"no tempo, sem passa-alta"
2.621,52.9839271695323,"no tempo, sem passa-alta"
2.622,54.44348890890599,"no tempo, sem passa-alta"
2.623,56.64177088505562,"no tempo, sem passa-alta"
2.624,59.365547681172856,"no tempo, sem passa-alta"
2.625,62.350154786132904,"no tempo, sem passa-alta"
2.626,65.30539580087006,"no tempo, sem passa-alta"
2.627,67.94394888383516,"no tempo, sem passa-alta"
2.628,70.00949181473528,"no tempo, sem passa-alta"
2.629,71.30179259935845,"no tempo, sem passa-alta"
2.63,71.696309572265,"no tempo, sem passa-alta"
2.631,71.15638240273371,"no tempo, sem passa-alta"
2.632,69.73682066335981,"no tempo, sem passa-alta"
2.633,67.57853868721003,"no tempo, sem passa-alta"
2.634,64.89476189109286,"no tempo, sem passa-alta"
2.635,61.95015478613284,"no tempo, sem passa-alta"
2.636,59.034913771395736,"no tempo, sem passa-alta"
2.637,56.43636068843069,"no tempo, sem passa-alta"
2.638,54.41081775753043,"no tempo, sem passa-alta"
2.639,53.158516972907044,"no tempo, sem passa-alta"
2.64,52.804000000000656,"no tempo, sem passa-alta"
2.641,53.38392716953224,"no tempo, sem passa-alta"
2.642,54.843488908906004,"no tempo, sem passa-alta"
2.643,57.04177088505565,"no tempo, sem passa-alta"
2.644,59.76554768117289,"no tempo, sem passa-alta"
2.645,62.75015478613294,"no tempo, sem passa-alta"
2.646,65.7053958008701,"no tempo, sem passa-alta"
2.647,68.34394888383521,"no tempo, sem passa-alta"
2.648,70.4094918147353,"no tempo, sem passa-alta"
2.649,71.70179259935848,"no tempo, sem passa-alta"
2.65,72.09630957226503,"no tempo, sem passa-alta"
2.651,71.55638240273368,"no tempo, sem passa-alta"
2.652,70.13682066335983,"no tempo, sem passa-alta"
2.653,67.97853868721006,"no tempo, sem passa-alta"
2.654,65.2947618910929,"no tempo, sem passa-alta"
2.655,62.35015478613286,"no tempo, sem passa-alta"
2.656,59.43491377139574,"no tempo, sem passa-alta"
2.657,56.83636068843075,"no tempo, sem passa-alta"
2.658,54.810817757530536,"no tempo, sem passa-alta"
2.659,53.55851697290715,"no tempo, sem passa-alta"
2.66,53.204000000000775,"no tempo, sem passa-alta"
2.661,53.783927169532305,"no tempo, sem passa-alta"
2.662,55.24348890890607,"no tempo, sem passa-alta"
2.663,57.441770885055725,"no tempo, sem passa-alta"
2.664,60.16554768117296,"no tempo, sem passa-alta"
2.665,63.150154786132994,"no tempo, sem passa-alta"
2.666,66.10539580087013,"no tempo, sem passa-alta"
2.667,68.74394888383524,"no tempo, sem passa-alta"
2.668,70.80949181473538,"no tempo, sem passa-alta"
2.669,72.10179259935856,"no tempo, sem passa-alta"
2.67,72.49630957226503,"no tempo, sem passa-alta"
2.671,71.95638240273368,"no tempo, sem passa-alta"
2.672,70.53682066335978,"no tempo, sem passa-alta"
2.673,68.37853868721001,"no tempo, sem passa-alta"
2.674,65.69476189109284,"no tempo, sem passa-alta"
2.675,62.75015478613281,"no tempo, sem passa-alta"
2.676,59.83491377139569,"no tempo, sem passa-alta"
2.677,57.23636068843068,"no tempo, sem passa-alta"
2.678,55.21081775753046,"no tempo, sem passa-alta"
2.679,53.958516972907134,"no tempo, sem passa-alta"
2.68,53.6040000000007,"no tempo, sem passa-alta"
2.681,54.183927169532296,"no tempo, sem passa-alta"
2.682,55.643488908906065,"no tempo, sem passa-alta"
2.683,57.84177088505572,"no tempo, sem passa-alta"
2.684,60.56554768117288,"no tempo, sem passa-alta"
2.685,63.55015478613295,"no tempo, sem passa-alta"
2.686,66.50539580087006,"no tempo, sem passa-alta"
2.687,69.14394888383517,"no tempo, sem passa-alta"
2.688,71.20949181473536,"no tempo, sem passa-alta"
2.689,72.50179259935852,"no tempo, sem passa-alta"
2.69,72.89630957226507,"no tempo, sem passa-alta"
2.691,72.35638240273363,"no tempo, sem passa-alta"
2.692,70.93682066335985,"no tempo, sem passa-alta"
2.693,68.77853868721004,"no tempo, sem passa-alta"
2.694,66.09476189109286,"no tempo, sem passa-alta"
2.695,63.15015478613282,"no tempo, sem passa-alta"
2.696,60.234913771395725,"no tempo, sem passa-alta"
2.697,57.63636068843067,"no tempo, sem passa-alta"
2.698,55.610817757530434,"no tempo, sem passa-alta"
2.699,54.35851697290711,"no tempo, sem passa-alta"
2.7,54.00400000000061,"no tempo, sem passa-alta"
2.701,54.5839271695322,"no tempo, sem passa-alta"
2.702,56.04348890890597,"no tempo, sem passa-alta"
2.703,58.24177088505562,"no tempo, sem passa-alta"
2.704,60.9655476811728,"no tempo, sem passa-alta"
2.705,63.95015478613286,"no tempo, sem passa-alta"
2.706,66.90539580087,"no tempo, sem passa-alta"
2.707,69.5439488838351,"no tempo, sem passa-alta"
2.708,71.60949181473536,"no tempo, sem passa-alta"
2.709,72.90179259935847,"no tempo, sem passa-alta"
2.71,73.29630957226502,"no tempo, sem passa-alta"
2.711,72.75638240273365,"no tempo, sem passa-alta"
2.712,71.33682066335992,"no tempo, sem passa-alta"
2.713,69.17853868721008,"no tempo, sem passa-alta"
2.714,66.49476189109288,"no tempo, sem passa-alta"
2.715,63.55015478613285,"no tempo, sem passa-alta"
2.716,60.634913771395716,"no tempo, sem passa-alta"
2.717,58.036360688430726,"no tempo, sem passa-alta"
2.718,56.01081775753053,"no tempo, sem passa-alta"
2.719,54.758516972907195,"no tempo, sem passa-alta"
2.72,54.4040000000007,"no tempo, sem passa-alta"
2.721,54.983927169532365,"no tempo, sem passa-alta"
2.722,56.4434889089062,"no tempo, sem passa-alta"
2.723,58.64177088505585,"no tempo, sem passa-alta"
2.724,61.36554768117302,"no tempo, sem passa-alta"
2.725,64.35015478613307,"no tempo, sem passa-alta"
2.726,67.3053958008702,"no tempo, sem passa-alta"
2.727,69.94394888383529,"no tempo, sem passa-alta"
2.728,72.00949181473555,"no tempo, sem passa-alta"
2.729,73.30179259935866,"no tempo, sem passa-alta"
2.73,73.69630957226514,"no tempo, sem passa-alta"
2.731,73.1563824027337,"no tempo, sem passa-alta"
2.732,71.73682066336002,"no tempo, sem passa-alta"
2.733,69.57853868721021,"no tempo, sem passa-alta"
2.734,66.894761891093,"no tempo, sem passa-alta"
2.735,63.95015478613296,"no tempo, sem passa-alta"
2.736,61.03491377139583,"no tempo, sem passa-alta"
2.737,58.43636068843083,"no tempo, sem passa-alta"
2.738,56.41081775753063,"no tempo, sem passa-alta"
2.739,55.15851697290731,"no tempo, sem passa-alta"
2.74,54.80400000000075,"no tempo, sem passa-alta"
2.741,55.383927169532356,"no tempo, sem passa-alta"
2.742,56.84348890890619,"no tempo, sem passa-alta"
2.743,59.0417708850559,"no tempo, sem passa-alta"
2.744,61.76554768117304,"no tempo, sem passa-alta"
2.745,64.75015478613311,"no tempo, sem passa-alta"
2.746,67.70539580087022,"no tempo, sem passa-alta"
2.747,70.34394888383534,"no tempo, sem passa-alta"
2.748,72.40949181473556,"no tempo, sem passa-alta"
2.749,73.70179259935868,"no tempo, sem passa-alta"
2.75,74.09630957226516,"no tempo, sem passa-alta"
2.751,73.5563824027337,"no tempo, sem passa-alta"
2.752,72.13682066336008,"no tempo, sem passa-alta"
2.753,69.97853868721026,"no tempo, sem passa-alta"
2.754,67.29476189109306,"no tempo, sem passa-alta"
2.755,64.350154786133,"no tempo, sem passa-alta"
2.756,61.43491377139583,"no tempo, sem passa-alta"
2.757,58.836360688430865,"no tempo, sem passa-alta"
2.758,56.8108177575307,"no tempo, sem passa-alta"
2.759,55.558516972907434,"no tempo, sem passa-alta"
2.76,55.20400000000074,"no tempo, sem passa-alta"
2.761,55.78392716953241,"no tempo, sem passa-alta"
2.762,57.243488908906194,"no tempo, sem passa-alta"
2.763,59.44177088505591,"no tempo, sem passa-alta"
2.764,62.165547681173045,"no tempo, sem passa-alta"
2.765,65.15015478613309,"no tempo, sem passa-alta"
2.766,68.1053958008702,"no tempo, sem passa-alta"
2.767,70.74394888383527,"no tempo, sem passa-alta"
2.768,72.80949181473561,"no tempo, sem passa-alta"
2.769,74.1017925993587,"no tempo, sem passa-alta"
2.77,74.49630957226518,"no tempo, sem passa-alta"
2.771,73.95638240273365,"no tempo, sem passa-alta"
2.772,72.53682066336003,"no tempo, sem passa-alta"
2.773,70.37853868721018,"no tempo, sem passa-alta"
2.774,67.69476189109298,"no tempo, sem passa-alta"
2.775,64.75015478613294,"no tempo, sem passa-alta"
2.776,61.83491377139577,"no tempo, sem passa-alta"
2.777,59.23636068843075,"no tempo, sem passa-alta"
2.778,57.210817757530585,"no tempo, sem passa-alta"
2.779,55.95851697290733,"no tempo, sem passa-alta"
2.78,55.6040000000007,"no tempo, sem passa-alta"
2.781,56.1839271695323,"no tempo, sem passa-alta"
2.782,57.64348890890616,"no tempo, sem passa-alta"
2.783,59.84177088505585,"no tempo, sem passa-alta"
2.784,62.56554768117298,"no tempo, sem passa-alta"
2.785,65.55015478613299,"no tempo, sem passa-alta"
2.786,68.50539580087012,"no tempo, sem passa-alta"
2.787,71.14394888383518,"no tempo, sem passa-alta"
2.788,73.20949181473551,"no tempo, sem passa-alta"
2.789,74.50179259935868,"no tempo, sem passa-alta"
2.79,74.89630957226514,"no tempo, sem passa-alta"
2.791,74.35638240273369,"no tempo, sem passa-alta"
2.792,72.93682066336,"no tempo, sem passa-alta"
2.793,70.77853868721022,"no tempo, sem passa-alta"
2.794,68.09476189109301,"no tempo, sem passa-alta"
2.795,65.15015478613296,"no tempo, sem passa-alta"
2.796,62.2349137713958,"no tempo, sem passa-alta"
2.797,59.63636068843082,"no tempo, sem passa-alta"
2.798,57.61081775753062,"no tempo, sem passa-alta"
2.799,56.358516972907374,"no tempo, sem passa-alta"
2.8,56.00400000000076,"no tempo, sem passa-alta"
2.801,56.58392716953223,"no tempo, sem passa-alta"
2.802,58.04348890890608,"no tempo, sem passa-alta"
2.803,60.24177088505578,"no tempo, sem passa-alta"
2.804,62.96554768117292,"no tempo, sem passa-alta"
2.805,65.95015478613294,"no tempo, sem passa-alta"
2.806,68.90539580087005,"no tempo, sem passa-alta"
2.807,71.5439488838351,"no tempo, sem passa-alta"
2.808,73.60949181473536,"no tempo, sem passa-alta"
2.809,74.90179259935857,"no tempo, sem passa-alta"
2.81,75.29630957226496,"no tempo, sem passa-alta"
2.811,74.75638240273351,"no tempo, sem passa-alta"
2.812,73.33682066335987,"no tempo, sem passa-alta"
2.813,71.17853868721015,"no tempo, sem passa-alta"
2.814,68.4947618910929,"no tempo, sem passa-alta"
2.815,65.55015478613286,"no tempo, sem passa-alta"
2.816,62.634913771395695,"no tempo, sem passa-alta"
2.817,60.03636068843069,"no tempo, sem passa-alta"
2.818,58.01081775753055,"no tempo, sem passa-alta"
2.819,56.75851697290731,"no tempo, sem passa-alta"
2.82,56.40400000000069,"no tempo, sem passa-alta"
2.821,56.98392716953224,"no tempo, sem passa-alta"
2.822,58.44348890890615,"no tempo, sem passa-alta"
2.823,60.641770885055905,"no tempo, sem passa-alta"
2.824,63.36554768117303,"no tempo, sem passa-alta"
2.825,66.35015478613309,"no tempo, sem passa-alta"
2.826,69.3053958008702,"no tempo, sem passa-alta"
2.827,71.94394888383528,"no tempo, sem passa-alta"
2.828,74.00949181473555,"no tempo, sem passa-alta"
2.829,75.30179259935883,"no tempo, sem passa-alta"
2.83,75.6963095722652,"no tempo, sem passa-alta"
2.831,75.15638240273368,"no tempo, sem passa-alta"
2.832,73.73682066335999,"no tempo, sem passa-alta"
2.833,71.57853868721025,"no tempo, sem passa-alta"
2.834,68.89476189109303,"no tempo, sem passa-alta"
2.835,65.95015478613296,"no tempo, sem passa-alta"
2.836,63.03491377139582,"no tempo, sem passa-alta"
2.837,60.43636068843075,"no tempo, sem passa-alta"
2.838,58.410817757530594,"no tempo, sem passa-alta"
2.839,57.158516972907364,"no tempo, sem passa-alta"
2.84,56.80400000000075,"no tempo, sem passa-alta"
2.841,57.383927169532235,"no tempo, sem passa-alta"
2.842,58.84348890890609,"no tempo, sem passa-alta"
2.843,61.04177088505585,"no tempo, sem passa-alta"
2.844,63.76554768117301,"no tempo, sem passa-alta"
2.845,66.75015478613304,"no tempo, sem passa-alta"
2.846,69.70539580087014,"no tempo, sem passa-alta"
2.847,72.34394888383518,"no tempo, sem passa-alta"
2.848,74.4094918147355,"no tempo, sem passa-alta"
2.849,75.70179259935871,"no tempo, sem passa-alta"
2.85,76.09630957226507,"no tempo, sem passa-alta"
2.851,75.55638240273355,"no tempo, sem passa-alta"
2.852,74.13682066335983,"no tempo, sem passa-alta"
2.853,71.9785386872102,"no tempo, sem passa-alta"
2.854,69.29476189109296,"no tempo, sem passa-alta"
2.855,66.3501547861329,"no tempo, sem passa-alta"
2.856,63.43491377139575,"no tempo, sem passa-alta"
2.857,60.83636068843067,"no tempo, sem passa-alta"
2.858,58.81081775753056,"no tempo, sem passa-alta"
2.859,57.558516972907384,"no tempo, sem passa-alta"
2.86,57.20400000000085,"no tempo, sem passa-alta"
2.861,57.783927169532205,"no tempo, sem passa-alta"
2.862,59.243488908906116,"no tempo, sem passa-alta"
2.863,61.441770885055824,"no tempo, sem passa-alta"
2.864,64.165547681173,"no tempo, sem passa-alta"
2.865,67.15015478613302,"no tempo, sem passa-alta"
2.866,70.10539580087011,"no tempo, sem passa-alta"
2.867,72.74394888383513,"no tempo, sem passa-alta"
2.868,74.80949181473542,"no tempo, sem passa-alta"
2.869,76.10179259935873,"no tempo, sem passa-alta"
2.87,76.4963095722651,"no tempo, sem passa-alta"
2.871,75.95638240273358,"no tempo, sem passa-alta"
2.872,74.53682066335982,"no tempo, sem passa-alta"
2.873,72.37853868721018,"no tempo, sem passa-alta"
2.874,69.69476189109292,"no tempo, sem passa-alta"
2.875,66.75015478613287,"no tempo, sem passa-alta"
2.876,63.83491377139572,"no tempo, sem passa-alta"
2.877,61.236360688430565,"no tempo, sem passa-alta"
2.878,59.210817757530414,"no tempo, sem passa-alta"
2.879,57.95851697290724,"no tempo, sem passa-alta"
2.88,57.60400000000069,"no tempo, sem passa-alta"
2.881,58.18392716953205,"no tempo, sem passa-alta"
2.882,59.64348890890595,"no tempo, sem passa-alta"
2.883,61.84177088505572,"no tempo, sem passa-alta"
2.884,64.5655476811729,"no tempo, sem passa-alta"
2.885,67.55015478613292,"no tempo, sem passa-alta"
2.886,70.50539580087003,"no tempo, sem passa-alta"
2.887,73.14394888383507,"no tempo, sem passa-alta"
2.888,75.20949181473533,"no tempo, sem passa-alta"
2.889,76.50179259935871,"no tempo, sem passa-alta"
2.89,76.8963095722651,"no tempo, sem passa-alta"
2.891,76.35638240273356,"no tempo, sem passa-alta"
2.892,74.93682066335984,"no tempo, sem passa-alta"
2.893,72.77853868721019,"no tempo, sem passa-alta"
2.894,70.0947618910929,"no tempo, sem passa-alta"
2.895,67.15015478613284,"no tempo, sem passa-alta"
2.896,64.23491377139571,"no tempo, sem passa-alta"
2.897,61.636360688430614,"no tempo, sem passa-alta"
2.898,59.610817757530526,"no tempo, sem passa-alta"
2.899,58.358516972907296,"no tempo, sem passa-alta"
2.9,58.00400000000076,"no tempo, sem passa-alta"
2.901,58.583927169532124,"no tempo, sem passa-alta"
2.902,60.04348890890599,"no tempo, sem passa-alta"
2.903,62.24177088505576,"no tempo, sem passa-alta"
2.904,64.96554768117292,"no tempo, sem passa-alta"
2.905,67.95015478613294,"no tempo, sem passa-alta"
2.906,70.90539580087004,"no tempo, sem passa-alta"
2.907,73.54394888383506,"no tempo, sem passa-alta"
2.908,75.60949181473528,"no tempo, sem passa-alta"
2.909,76.9017925993586,"no tempo, sem passa-alta"
2.91,77.29630957226496,"no tempo, sem passa-alta"
2.911,76.75638240273338,"no tempo, sem passa-alta"
2.912,75.33682066335966,"no tempo, sem passa-alta"
2.913,73.17853868721004,"no tempo, sem passa-alta"
2.914,70.49476189109282,"no tempo, sem passa-alta"
2.915,67.55015478613277,"no tempo, sem passa-alta"
2.916,64.63491377139563,"no tempo, sem passa-alta"
2.917,62.03636068843052,"no tempo, sem passa-alta"
2.918,60.01081775753038,"no tempo, sem passa-alta"
2.919,58.758516972907216,"no tempo, sem passa-alta"
2.92,58.40400000000068,"no tempo, sem passa-alta"
2.921,58.98392716953206,"no tempo, sem passa-alta"
2.922,60.44348890890592,"no tempo, sem passa-alta"
2.923,62.641770885055735,"no tempo, sem passa-alta"
2.924,65.36554768117293,"no tempo, sem passa-alta"
2.925,68.35015478613295,"no tempo, sem passa-alta"
2.926,71.30539580087003,"no tempo, sem passa-alta"
2.927,73.94394888383506,"no tempo, sem passa-alta"
2.928,76.00949181473533,"no tempo, sem passa-alta"
2.929,77.30179259935865,"no tempo, sem passa-alta"
2.93,77.69630957226514,"no tempo, sem passa-alta"
2.931,77.15638240273356,"no tempo, sem passa-alta"
2.932,75.73682066335978,"no tempo, sem passa-alta"
2.933,73.57853868721014,"no tempo, sem passa-alta"
2.934,70.89476189109293,"no tempo, sem passa-alta"
2.935,67.95015478613287,"no tempo, sem passa-alta"
2.936,65.03491377139571,"no tempo, sem passa-alta"
2.937,62.4363606884306,"no tempo, sem passa-alta"
2.938,60.41081775753036,"no tempo, sem passa-alta"
2.939,59.15851697290721,"no tempo, sem passa-alta"
2.94,58.80400000000068,"no tempo, sem passa-alta"
2.941,59.38392716953204,"no tempo, sem passa-alta"
2.942,60.84348890890584,"no tempo, sem passa-alta"
2.943,63.04177088505561,"no tempo, sem passa-alta"
2.944,65.76554768117282,"no tempo, sem passa-alta"
2.945,68.75015478613285,"no tempo, sem passa-alta"
2.946,71.70539580086997,"no tempo, sem passa-alta"
2.947,74.34394888383495,"no tempo, sem passa-alta"
2.948,76.40949181473518,"no tempo, sem passa-alta"
2.949,77.70179259935855,"no tempo, sem passa-alta"
2.95,78.09630957226497,"no tempo, sem passa-alta"
2.951,77.55638240273336,"no tempo, sem passa-alta"
2.952,76.1368206633596,"no tempo, sem passa-alta"
2.953,73.97853868720995,"no tempo, sem passa-alta"
2.954,71.29476189109279,"no tempo, sem passa-alta"
2.955,68.35015478613273,"no tempo, sem passa-alta"
2.956,65.4349137713956,"no tempo, sem passa-alta"
2.957,62.83636068843049,"no tempo, sem passa-alta"
2.958,60.810817757530245,"no tempo, sem passa-alta"
2.959,59.55851697290715,"no tempo, sem passa-alta"
2.96,59.20400000000069,"no tempo, sem passa-alta"
2.961,59.78392716953213,"no tempo, sem passa-alta"
2.962,61.24348890890587,"no tempo, sem passa-alta"
2.963,63.441770885055675,"no tempo, sem passa-alta"
2.964,66.16554768117284,"no tempo, sem passa-alta"
2.965,69.15015478613289,"no tempo, sem passa-alta"
2.966,72.10539580087003,"no tempo, sem passa-alta"
2.967,74.74394888383502,"no tempo, sem passa-alta"
2.968,76.80949181473522,"no tempo, sem passa-alta"
2.969,78.10179259935853,"no tempo, sem passa-alta"
2.97,78.49630957226503,"no tempo, sem passa-alta"
2.971,77.95638240273342,"no tempo, sem passa-alta"
2.972,76.53682066335965,"no tempo, sem passa-alta"
2.973,74.37853868720993,"no tempo, sem passa-alta"
2.974,71.6947618910928,"no tempo, sem passa-alta"
2.975,68.75015478613271,"no tempo, sem passa-alta"
2.976,65.83491377139559,"no tempo, sem passa-alta"
2.977,63.23636068843047,"no tempo, sem passa-alta"
2.978,61.21081775753021,"no tempo, sem passa-alta"
2.979,59.95851697290704,"no tempo, sem passa-alta"
2.98,59.60400000000059,"no tempo, sem passa-alta"
2.981,60.18392716953203,"no tempo, sem passa-alta"
2.982,61.64348890890572,"no tempo, sem passa-alta"
2.983,63.84177088505553,"no tempo, sem passa-alta"
2.984,66.56554768117275,"no tempo, sem passa-alta"
2.985,69.5501547861328,"no tempo, sem passa-alta"
2.986,72.5053958008699,"no tempo, sem passa-alta"
2.987,75.14394888383491,"no tempo, sem passa-alta"
2.988,77.20949181473507,"no tempo, sem passa-alta"
2.989,78.50179259935837,"no tempo, sem passa-alta"
2.99,78.89630957226498,"no tempo, sem passa-alta"
2.991,78.35638240273337,"no tempo, sem passa-alta"
2.992,76.93682066335961,"no tempo, sem passa-alta"
2.993,74.77853868720993,"no tempo, sem passa-alta"
2.994,72.09476189109276,"no tempo, sem passa-alta"
2.995,69.15015478613267,"no tempo, sem passa-alta"
2.996,66.23491377139555,"no tempo, sem passa-alta"
2.997,63.636360688430486,"no tempo, sem passa-alta"
2.998,61.61081775753023,"no tempo, sem passa-alta"
2.999,60.35851697290714,"no tempo, sem passa-alta"
3.0,60.004000000000616,"no tempo, sem passa-alta"
3.001,60.583927169532075,"no tempo, sem passa-alta"
3.002,62.043488908905715,"no tempo, sem passa-alta"
3.003,64.24177088505553,"no tempo, sem passa-alta"
3.004,66.96554768117272,"no tempo, sem passa-alta"
3.005,69.95015478613274,"no tempo, sem passa-alta"
3.006,72.9053958008699,"no tempo, sem passa-alta"
3.007,75.54394888383489,"no tempo, sem passa-alta"
3.008,77.60949181473508,"no tempo, sem passa-alta"
3.009,78.90179259935832,"no tempo, sem passa-alta"
3.01,79.29630957226495,"no tempo, sem passa-alta"
3.011,78.75638240273325,"no tempo, sem passa-alta"
3.012,77.33682066335942,"no tempo, sem passa-alta"
3.013,75.17853868720977,"no tempo, sem passa-alta"
3.014,72.49476189109266,"no tempo, sem passa-alta"
3.015,69.55015478613261,"no tempo, sem passa-alta"
3.016,66.63491377139547,"no tempo, sem passa-alta"
3.017,64.03636068843039,"no tempo, sem passa-alta"
3.018,62.01081775753007,"no tempo, sem passa-alta"
3.019,60.758516972906975,"no tempo, sem passa-alta"
3.02,60.404000000000536,"no tempo, sem passa-alta"
3.021,60.98392716953198,"no tempo, sem passa-alta"
3.022,62.443488908905614,"no tempo, sem passa-alta"
3.023,64.64177088505544,"no tempo, sem passa-alta"
3.024,67.36554768117269,"no tempo, sem passa-alta"
3.025,70.35015478613272,"no tempo, sem passa-alta"
3.026,73.30539580086986,"no tempo, sem passa-alta"
3.027,75.94394888383485,"no tempo, sem passa-alta"
3.028,78.00949181473506,"no tempo, sem passa-alta"
3.029,79.30179259935835,"no tempo, sem passa-alta"
3.03,79.69630957226497,"no tempo, sem passa-alta"
3.031,79.1563824027334,"no tempo, sem passa-alta"
3.032,77.73682066335957,"no tempo, sem passa-alta"
3.033,75.57853868720987,"no tempo, sem passa-alta"
3.034,72.89476189109273,"no tempo, sem passa-alta"
3.035,69.95015478613269,"no tempo, sem passa-alta"
3.036,67.03491377139558,"no tempo, sem passa-alta"
3.037,64.43636068843051,"no tempo, sem passa-alta"
3.038,62.41081775753018,"no tempo, sem passa-alta"
3.039,61.15851697290704,"no tempo, sem passa-alta"
3.04,60.804000000000585,"no tempo, sem passa-alta"
3.041,61.38392716953204,"no tempo, sem passa-alta"
3.042,62.84348890890568,"no tempo, sem passa-alta"
3.043,65.04177088505546,"no tempo, sem passa-alta"
3.044,67.76554768117268,"no tempo, sem passa-alta"
3.045,70.75015478613273,"no tempo, sem passa-alta"
3.046,73.70539580086988,"no tempo, sem passa-alta"
3.047,76.34394888383486,"no tempo, sem passa-alta"
3.048,78.409491814735,"no tempo, sem passa-alta"
3.049,79.70179259935824,"no tempo, sem passa-alta"
3.05,80.09630957226491,"no tempo, sem passa-alta"
3.051,79.55638240273336,"no tempo, sem passa-alta"
3.052,78.1368206633595,"no tempo, sem passa-alta"
3.053,75.97853868720978,"no tempo, sem passa-alta"
3.054,73.29476189109265,"no tempo, sem passa-alta"
3.055,70.3501547861326,"no tempo, sem passa-alta"
3.056,67.43491377139549,"no tempo, sem passa-alta"
3.057,64.8363606884304,"no tempo, sem passa-alta"
3.058,62.810817757530096,"no tempo, sem passa-alta"
3.059,61.55851697290689,"no tempo, sem passa-alta"
3.06,61.204000000000505,"no tempo, sem passa-alta"
3.061,61.78392716953204,"no tempo, sem passa-alta"
3.062,63.243488908905746,"no tempo, sem passa-alta"
3.063,65.44177088505552,"no tempo, sem passa-alta"
3.064,68.16554768117275,"no tempo, sem passa-alta"
3.065,71.15015478613277,"no tempo, sem passa-alta"
3.066,74.10539580086994,"no tempo, sem passa-alta"
3.067,76.743948883835,"no tempo, sem passa-alta"
3.068,78.80949181473513,"no tempo, sem passa-alta"
3.069,80.10179259935835,"no tempo, sem passa-alta"
3.07,80.49630957226496,"no tempo, sem passa-alta"
3.071,79.95638240273341,"no tempo, sem passa-alta"
3.072,78.53682066335955,"no tempo, sem passa-alta"
3.073,76.37853868720983,"no tempo, sem passa-alta"
3.074,73.69476189109264,"no tempo, sem passa-alta"
3.075,70.7501547861326,"no tempo, sem passa-alta"
3.076,67.83491377139549,"no tempo, sem passa-alta"
3.077,65.23636068843044,"no tempo, sem passa-alta"
3.078,63.21081775753011,"no tempo, sem passa-alta"
3.079,61.95851697290685,"no tempo, sem passa-alta"
3.08,61.60400000000041,"no tempo, sem passa-alta"
3.081,62.18392716953193,"no tempo, sem passa-alta"
3.082,63.64348890890563,"no tempo, sem passa-alta"
3.083,65.84177088505533,"no tempo, sem passa-alta"
3.084,68.56554768117256,"no tempo, sem passa-alta"
3.085,71.5501547861326,"no tempo, sem passa-alta"
3.086,74.50539580086976,"no tempo, sem passa-alta"
3.087,77.14394888383478,"no tempo, sem passa-alta"
3.088,79.20949181473493,"no tempo, sem passa-alta"
3.089,80.5017925993581,"no tempo, sem passa-alta"
3.09,80.89630957226471,"no tempo, sem passa-alta"
3.091,80.35638240273327,"no tempo, sem passa-alta"
3.092,78.93682066335941,"no tempo, sem passa-alta"
3.093,76.7785386872097,"no tempo, sem passa-alta"
3.094,74.09476189109255,"no tempo, sem passa-alta"
3.095,71.15015478613252,"no tempo, sem passa-alta"
3.096,68.2349137713954,"no tempo, sem passa-alta"
3.097,65.63636068843037,"no tempo, sem passa-alta"
3.098,63.61081775753011,"no tempo, sem passa-alta"
3.099,62.358516972906855,"no tempo, sem passa-alta"
3.1,62.00400000000048,"no tempo, sem passa-alta"
3.101,62.583927169532025,"no tempo, sem passa-alta"
3.102,64.04348890890574,"no tempo, sem passa-alta"
3.103,66.24177088505537,"no tempo, sem passa-alta"
3.104,68.96554768117261,"no tempo, sem passa-alta"
3.105,71.95015478613264,"no tempo, sem passa-alta"
3.106,74.90539580086978,"no tempo, sem passa-alta"
3.107,77.54394888383489,"no tempo, sem passa-alta"
3.108,79.60949181473502,"no tempo, sem passa-alta"
3.109,80.90179259935825,"no tempo, sem passa-alta"
3.11,81.29630957226479,"no tempo, sem passa-alta"
3.111,80.75638240273335,"no tempo, sem passa-alta"
3.112,79.33682066335942,"no tempo, sem passa-alta"
3.113,77.17853868720967,"no tempo, sem passa-alta"
3.114,74.49476189109254,"no tempo, sem passa-alta"
3.115,71.55015478613251,"no tempo, sem passa-alta"
3.116,68.6349137713954,"no tempo, sem passa-alta"
3.117,66.03636068843035,"no tempo, sem passa-alta"
3.118,64.01081775753008,"no tempo, sem passa-alta"
3.119,62.758516972906754,"no tempo, sem passa-alta"
3.12,62.404000000000394,"no tempo, sem passa-alta"
3.121,62.98392716953194,"no tempo, sem passa-alta"
3.122,64.44348890890565,"no tempo, sem passa-alta"
3.123,66.64177088505535,"no tempo, sem passa-alta"
3.124,69.3655476811726,"no tempo, sem passa-alta"
3.125,72.35015478613268,"no tempo, sem passa-alta"
3.126,75.3053958008698,"no tempo, sem passa-alta"
3.127,77.94394888383495,"no tempo, sem passa-alta"
3.128,80.00949181473503,"no tempo, sem passa-alta"
3.129,81.30179259935825,"no tempo, sem passa-alta"
3.13,81.69630957226485,"no tempo, sem passa-alta"
3.131,81.15638240273348,"no tempo, sem passa-alta"
3.132,79.73682066335955,"no tempo, sem passa-alta"
3.133,77.57853868720976,"no tempo, sem passa-alta"
3.134,74.8947618910926,"no tempo, sem passa-alta"
3.135,71.95015478613256,"no tempo, sem passa-alta"
3.136,69.03491377139547,"no tempo, sem passa-alta"
3.137,66.43636068843044,"no tempo, sem passa-alta"
3.138,64.41081775753018,"no tempo, sem passa-alta"
3.139,63.15851697290681,"no tempo, sem passa-alta"
3.14,62.80400000000053,"no tempo, sem passa-alta"
3.141,63.383927169532065,"no tempo, sem passa-alta"
3.142,64.84348890890577,"no tempo, sem passa-alta"
3.143,67.04177088505539,"no tempo, sem passa-alta"
3.144,69.76554768117263,"no tempo, sem passa-alta"
3.145,72.75015478613268,"no tempo, sem passa-alta"
3.146,75.70539580086982,"no tempo, sem passa-alta"
3.147,78.34394888383491,"no tempo, sem passa-alta"
3.148,80.409491814735,"no tempo, sem passa-alta"
3.149,81.70179259935817,"no tempo, sem passa-alta"
3.15,82.09630957226469,"no tempo, sem passa-alta"
3.151,81.55638240273339,"no tempo, sem passa-alta"
3.152,80.13682066335953,"no tempo, sem passa-alta"
3.153,77.97853868720975,"no tempo, sem passa-alta"
3.154,75.29476189109258,"no tempo, sem passa-alta"
3.155,72.35015478613255,"no tempo, sem passa-alta"
3.156,69.43491377139543,"no tempo, sem passa-alta"
3.157,66.83636068843042,"no tempo, sem passa-alta"
3.158,64.81081775753016,"no tempo, sem passa-alta"
3.159,63.55851697290678,"no tempo, sem passa-alta"
3.16,63.20400000000037,"no tempo, sem passa-alta"
3.161,63.78392716953198,"no tempo, sem passa-alta"
3.162,65.24348890890575,"no tempo, sem passa-alta"
3.163,67.4417708850554,"no tempo, sem passa-alta"
3.164,70.16554768117263,"no tempo, sem passa-alta"
3.165,73.15015478613269,"no tempo, sem passa-alta"
3.166,76.10539580086983,"no tempo, sem passa-alta"
3.167,78.74394888383496,"no tempo, sem passa-alta"
3.168,80.80949181473514,"no tempo, sem passa-alta"
3.169,82.1017925993583,"no tempo, sem passa-alta"
3.17,82.49630957226482,"no tempo, sem passa-alta"
3.171,81.95638240273345,"no tempo, sem passa-alta"
3.172,80.53682066335958,"no tempo, sem passa-alta"
3.173,78.3785386872098,"no tempo, sem passa-alta"
3.174,75.69476189109261,"no tempo, sem passa-alta"
3.175,72.75015478613255,"no tempo, sem passa-alta"
3.176,69.83491377139545,"no tempo, sem passa-alta"
3.177,67.23636068843047,"no tempo, sem passa-alta"
3.178,65.2108177575302,"no tempo, sem passa-alta"
3.179,63.95851697290683,"no tempo, sem passa-alta"
3.18,63.604000000000354,"no tempo, sem passa-alta"
3.181,64.1839271695319,"no tempo, sem passa-alta"
3.182,65.64348890890568,"no tempo, sem passa-alta"
3.183,67.84177088505534,"no tempo, sem passa-alta"
3.184,70.56554768117253,"no tempo, sem passa-alta"
3.185,73.55015478613257,"no tempo, sem passa-alta"
3.186,76.50539580086969,"no tempo, sem passa-alta"
3.187,79.1439488838348,"no tempo, sem passa-alta"
3.188,81.20949181473497,"no tempo, sem passa-alta"
3.189,82.50179259935814,"no tempo, sem passa-alta"
3.19,82.89630957226458,"no tempo, sem passa-alta"
3.191,82.3563824027332,"no tempo, sem passa-alta"
3.192,80.93682066335938,"no tempo, sem passa-alta"
3.193,78.77853868720962,"no tempo, sem passa-alta"
3.194,76.09476189109245,"no tempo, sem passa-alta"
3.195,73.1501547861324,"no tempo, sem passa-alta"
3.196,70.23491377139527,"no tempo, sem passa-alta"
3.197,67.63636068843027,"no tempo, sem passa-alta"
3.198,65.61081775753009,"no tempo, sem passa-alta"
3.199,64.35851697290677,"no tempo, sem passa-alta"
3.2,64.00400000000035,"no tempo, sem passa-alta"
3.201,64.58392716953198,"no tempo, sem passa-alta"
3.202,66.04348890890577,"no tempo, sem passa-alta"
3.203,68.24177088505543,"no tempo, sem passa-alta"
3.204,70.96554768117258,"no tempo, sem passa-alta"
3.205,73.95015478613261,"no tempo, sem passa-alta"
3.206,76.90539580086974,"no tempo, sem passa-alta"
3.207,79.54394888383486,"no tempo, sem passa-alta"
3.208,81.60949181473507,"no tempo, sem passa-alta"
3.209,82.90179259935822,"no tempo, sem passa-alta"
3.21,83.29630957226473,"no tempo, sem passa-alta"
3.211,82.75638240273328,"no tempo, sem passa-alta"
3.212,81.3368206633595,"no tempo, sem passa-alta"
3.213,79.17853868720968,"no tempo, sem passa-alta"
3.214,76.49476189109248,"no tempo, sem passa-alta"
3.215,73.55015478613245,"no tempo, sem passa-alta"
3.216,70.63491377139535,"no tempo, sem passa-alta"
3.217,68.03636068843032,"no tempo, sem passa-alta"
3.218,66.01081775753012,"no tempo, sem passa-alta"
3.219,64.75851697290682,"no tempo, sem passa-alta"
3.22,64.40400000000027,"no tempo, sem passa-alta"
3.221,64.98392716953188,"no tempo, sem passa-alta"
3.222,66.44348890890568,"no tempo, sem passa-alta"
3.223,68.64177088505535,"no tempo, sem passa-alta"
3.224,71.36554768117253,"no tempo, sem passa-alta"
3.225,74.3501547861326,"no tempo, sem passa-alta"
3.226,77.30539580086972,"no tempo, sem passa-alta"
3.227,79.94394888383478,"no tempo, sem passa-alta"
3.228,82.00949181473511,"no tempo, sem passa-alta"
3.229,83.30179259935821,"no tempo, sem passa-alta"
3.23,83.69630957226472,"no tempo, sem passa-alta"
3.231,83.15638240273331,"no tempo, sem passa-alta"
3.232,81.73682066335962,"no tempo, sem passa-alta"
3.233,79.57853868720977,"no tempo, sem passa-alta"
3.234,76.89476189109257,"no tempo, sem passa-alta"
3.235,73.95015478613253,"no tempo, sem passa-alta"
3.236,71.03491377139537,"no tempo, sem passa-alta"
3.237,68.43636068843038,"no tempo, sem passa-alta"
3.238,66.41081775753018,"no tempo, sem passa-alta"
3.239,65.15851697290688,"no tempo, sem passa-alta"
3.24,64.80400000000027,"no tempo, sem passa-alta"
3.241,65.38392716953197,"no tempo, sem passa-alta"
3.242,66.84348890890577,"no tempo, sem passa-alta"
3.243,69.04177088505543,"no tempo, sem passa-alta"
3.244,71.76554768117255,"no tempo, sem passa-alta"
3.245,74.75015478613261,"no tempo, sem passa-alta"
3.246,77.70539580086975,"no tempo, sem passa-alta"
3.247,80.34394888383484,"no tempo, sem passa-alta"
3.248,82.4094918147351,"no tempo, sem passa-alta"
3.249,83.70179259935819,"no tempo, sem passa-alta"
3.25,84.09630957226462,"no tempo, sem passa-alta"
3.251,83.55638240273316,"no tempo, sem passa-alta"
3.252,82.13682066335956,"no tempo, sem passa-alta"
3.253,79.97853868720972,"no tempo, sem passa-alta"
3.254,77.2947618910925,"no tempo, sem passa-alta"
3.255,74.35015478613248,"no tempo, sem passa-alta"
3.256,71.43491377139532,"no tempo, sem passa-alta"
3.257,68.83636068843035,"no tempo, sem passa-alta"
3.258,66.81081775753015,"no tempo, sem passa-alta"
3.259,65.55851697290683,"no tempo, sem passa-alta"
3.26,65.20400000000024,"no tempo, sem passa-alta"
3.261,65.78392716953194,"no tempo, sem passa-alta"
3.262,67.24348890890573,"no tempo, sem passa-alta"
3.263,69.44177088505543,"no tempo, sem passa-alta"
3.264,72.16554768117254,"no tempo, sem passa-alta"
3.265,75.15015478613263,"no tempo, sem passa-alta"
3.266,78.10539580086974,"no tempo, sem passa-alta"
3.267,80.74394888383479,"no tempo, sem passa-alta"
3.268,82.80949181473517,"no tempo, sem passa-alta"
3.269,84.10179259935826,"no tempo, sem passa-alta"
3.27,84.49630957226475,"no tempo, sem passa-alta"
3.271,83.9563824027333,"no tempo, sem passa-alta"
3.272,82.53682066335959,"no tempo, sem passa-alta"
3.273,80.37853868720974,"no tempo, sem passa-alta"
3.274,77.6947618910925,"no tempo, sem passa-alta"
3.275,74.75015478613246,"no tempo, sem passa-alta"
3.276,71.8349137713953,"no tempo, sem passa-alta"
3.277,69.23636068843032,"no tempo, sem passa-alta"
3.278,67.21081775753017,"no tempo, sem passa-alta"
3.279,65.95851697290689,"no tempo, sem passa-alta"
3.28,65.60400000000028,"no tempo, sem passa-alta"
3.281,66.18392716953191,"no tempo, sem passa-alta"
3.282,67.64348890890575,"no tempo, sem passa-alta"
3.283,69.8417708850554,"no tempo, sem passa-alta"
3.284,72.56554768117255,"no tempo, sem passa-alta"
3.285,75.55015478613255,"no tempo, sem passa-alta"
3.286,78.50539580086968,"no tempo, sem passa-alta"
3.287,81.14394888383471,"no tempo, sem passa-alta"
3.288,83.20949181473502,"no tempo, sem passa-alta"
3.289,84.50179259935815,"no tempo, sem passa-alta"
3.29,84.89630957226457,"no tempo, sem passa-alta"
3.291,84.35638240273319,"no tempo, sem passa-alta"
3.292,82.93682066335953,"no tempo, sem passa-alta"
3.293,80.77853868720973,"no tempo, sem passa-alta"
3.294,78.09476189109252,"no tempo, sem passa-alta"
3.295,75.15015478613245,"no tempo, sem passa-alta"
3.296,72.2349137713953,"no tempo, sem passa-alta"
3.297,69.63636068843034,"no tempo, sem passa-alta"
3.298,67.61081775753017,"no tempo, sem passa-alta"
3.299,66.35851697290694,"no tempo, sem passa-alta"
3.3,66.00400000000029,"no tempo, sem passa-alta"
3.301,66.58392716953185,"no tempo, sem passa-alta"
3.302,68.04348890890576,"no tempo, sem passa-alta"
3.303,70.2417708850555,"no tempo, sem passa-alta"
3.304,72.9655476811726,"no tempo, sem passa-alta"
3.305,75.95015478613263,"no tempo, sem passa-alta"
3.306,78.90539580086977,"no tempo, sem passa-alta"
3.307,81.54394888383486,"no tempo, sem passa-alta"
3.308,83.60949181473512,"no tempo, sem passa-alta"
3.309,84.90179259935844,"no tempo, sem passa-alta"
3.31,85.2963095722648,"no tempo, sem passa-alta"
3.311,84.75638240273334,"no tempo, sem passa-alta"
3.312,83.33682066335962,"no tempo, sem passa-alta"
3.313,81.1785386872099,"no tempo, sem passa-alta"
3.314,78.49476189109265,"no tempo, sem passa-alta"
3.315,75.5501547861326,"no tempo, sem passa-alta"
3.316,72.63491377139545,"no tempo, sem passa-alta"
3.317,70.03636068843042,"no tempo, sem passa-alta"
3.318,68.01081775753028,"no tempo, sem passa-alta"
3.319,66.75851697290699,"no tempo, sem passa-alta"
3.32,66.4040000000004,"no tempo, sem passa-alta"
3.321,66.9839271695319,"no tempo, sem passa-alta"
3.322,68.44348890890576,"no tempo, sem passa-alta"
3.323,70.64177088505554,"no tempo, sem passa-alta"
3.324,73.36554768117267,"no tempo, sem passa-alta"
3.325,76.3501547861327,"no tempo, sem passa-alta"
3.326,79.30539580086982,"no tempo, sem passa-alta"
3.327,81.94394888383482,"no tempo, sem passa-alta"
3.328,84.00949181473514,"no tempo, sem passa-alta"
3.329,85.3017925993583,"no tempo, sem passa-alta"
3.33,85.69630957226472,"no tempo, sem passa-alta"
3.331,85.15638240273317,"no tempo, sem passa-alta"
3.332,83.73682066335951,"no tempo, sem passa-alta"
3.333,81.57853868720981,"no tempo, sem passa-alta"
3.334,78.89476189109261,"no tempo, sem passa-alta"
3.335,75.95015478613256,"no tempo, sem passa-alta"
3.336,73.03491377139538,"no tempo, sem passa-alta"
3.337,70.43636068843031,"no tempo, sem passa-alta"
3.338,68.41081775753022,"no tempo, sem passa-alta"
3.339,67.15851697290702,"no tempo, sem passa-alta"
3.34,66.80400000000049,"no tempo, sem passa-alta"
3.341,67.38392716953193,"no tempo, sem passa-alta"
3.342,68.84348890890585,"no tempo, sem passa-alta"
3.343,71.04177088505557,"no tempo, sem passa-alta"
3.344,73.76554768117278,"no tempo, sem passa-alta"
3.345,76.7501547861328,"no tempo, sem passa-alta"
3.346,79.7053958008699,"no tempo, sem passa-alta"
3.347,82.34394888383497,"no tempo, sem passa-alta"
3.348,84.40949181473525,"no tempo, sem passa-alta"
3.349,85.70179259935844,"no tempo, sem passa-alta"
3.35,86.09630957226479,"no tempo, sem passa-alta"
3.351,85.5563824027333,"no tempo, sem passa-alta"
3.352,84.13682066335957,"no tempo, sem passa-alta"
3.353,81.97853868720983,"no tempo, sem passa-alta"
3.354,79.29476189109259,"no tempo, sem passa-alta"
3.355,76.35015478613253,"no tempo, sem passa-alta"
3.356,73.43491377139541,"no tempo, sem passa-alta"
3.357,70.83636068843032,"no tempo, sem passa-alta"
3.358,68.81081775753019,"no tempo, sem passa-alta"
3.359,67.55851697290703,"no tempo, sem passa-alta"
3.36,67.20400000000045,"no tempo, sem passa-alta"
3.361,67.78392716953181,"no tempo, sem passa-alta"
3.362,69.24348890890566,"no tempo, sem passa-alta"
3.363,71.44177088505543,"no tempo, sem passa-alta"
3.364,74.16554768117258,"no tempo, sem passa-alta"
3.365,77.15015478613262,"no tempo, sem passa-alta"
3.366,80.10539580086974,"no tempo, sem passa-alta"
3.367,82.74394888383476,"no tempo, sem passa-alta"
3.368,84.80949181473507,"no tempo, sem passa-alta"
3.369,86.10179259935832,"no tempo, sem passa-alta"
3.37,86.49630957226475,"no tempo, sem passa-alta"
3.371,85.95638240273321,"no tempo, sem passa-alta"
3.372,84.53682066335953,"no tempo, sem passa-alta"
3.373,82.37853868720984,"no tempo, sem passa-alta"
3.374,79.69476189109257,"no tempo, sem passa-alta"
3.375,76.75015478613251,"no tempo, sem passa-alta"
3.376,73.83491377139538,"no tempo, sem passa-alta"
3.377,71.23636068843025,"no tempo, sem passa-alta"
3.378,69.21081775753017,"no tempo, sem passa-alta"
3.379,67.95851697290696,"no tempo, sem passa-alta"
3.38,67.60400000000043,"no tempo, sem passa-alta"
3.381,68.18392716953174,"no tempo, sem passa-alta"
3.382,69.64348890890568,"no tempo, sem passa-alta"
3.383,71.8417708850554,"no tempo, sem passa-alta"
3.384,74.56554768117257,"no tempo, sem passa-alta"
3.385,77.5501547861326,"no tempo, sem passa-alta"
3.386,80.50539580086968,"no tempo, sem passa-alta"
3.387,83.14394888383475,"no tempo, sem passa-alta"
3.388,85.20949181473502,"no tempo, sem passa-alta"
3.389,86.50179259935832,"no tempo, sem passa-alta"
3.39,86.89630957226467,"no tempo, sem passa-alta"
3.391,86.35638240273305,"no tempo, sem passa-alta"
3.392,84.93682066335933,"no tempo, sem passa-alta"
3.393,82.77853868720973,"no tempo, sem passa-alta"
3.394,80.09476189109247,"no tempo, sem passa-alta"
3.395,77.1501547861324,"no tempo, sem passa-alta"
3.396,74.23491377139527,"no tempo, sem passa-alta"
3.397,71.63636068843017,"no tempo, sem passa-alta"
3.398,69.61081775753004,"no tempo, sem passa-alta"
3.399,68.35851697290691,"no tempo, sem passa-alta"
3.4,68.00400000000033,"no tempo, sem passa-alta"
3.401,68.5839271695317,"no tempo, sem passa-alta"
3.402,70.0434889089056,"no tempo, sem passa-alta"
3.403,72.24177088505539,"no tempo, sem passa-alta"
3.404,74.96554768117261,"no tempo, sem passa-alta"
3.405,77.95015478613264,"no tempo, sem passa-alta"
3.406,80.90539580086971,"no tempo, sem passa-alta"
3.407,83.54394888383472,"no tempo, sem passa-alta"
3.408,85.60949181473501,"no tempo, sem passa-alta"
3.409,86.90179259935837,"no tempo, sem passa-alta"
3.41,87.29630957226478,"no tempo, sem passa-alta"
3.411,86.75638240273324,"no tempo, sem passa-alta"
3.412,85.33682066335948,"no tempo, sem passa-alta"
3.413,83.17853868720984,"no tempo, sem passa-alta"
3.414,80.49476189109262,"no tempo, sem passa-alta"
3.415,77.55015478613257,"no tempo, sem passa-alta"
3.416,74.63491377139546,"no tempo, sem passa-alta"
3.417,72.03636068843039,"no tempo, sem passa-alta"
3.418,70.0108177575302,"no tempo, sem passa-alta"
3.419,68.75851697290712,"no tempo, sem passa-alta"
3.42,68.40400000000062,"no tempo, sem passa-alta"
3.421,68.98392716953194,"no tempo, sem passa-alta"
3.422,70.44348890890586,"no tempo, sem passa-alta"
3.423,72.6417708850556,"no tempo, sem passa-alta"
3.424,75.36554768117279,"no tempo, sem passa-alta"
3.425,78.35015478613283,"no tempo, sem passa-alta"
3.426,81.30539580086993,"no tempo, sem passa-alta"
3.427,83.94394888383488,"no tempo, sem passa-alta"
3.428,86.00949181473513,"no tempo, sem passa-alta"
3.429,87.30179259935855,"no tempo, sem passa-alta"
3.43,87.69630957226502,"no tempo, sem passa-alta"
3.431,87.15638240273341,"no tempo, sem passa-alta"
3.432,85.7368206633597,"no tempo, sem passa-alta"
3.433,83.57853868721003,"no tempo, sem passa-alta"
3.434,80.89476189109286,"no tempo, sem passa-alta"
3.435,77.9501547861328,"no tempo, sem passa-alta"
3.436,75.03491377139565,"no tempo, sem passa-alta"
3.437,72.43636068843054,"no tempo, sem passa-alta"
3.438,70.41081775753031,"no tempo, sem passa-alta"
3.439,69.15851697290715,"no tempo, sem passa-alta"
3.44,68.80400000000071,"no tempo, sem passa-alta"
3.441,69.38392716953211,"no tempo, sem passa-alta"
3.442,70.84348890890595,"no tempo, sem passa-alta"
3.443,73.04177088505574,"no tempo, sem passa-alta"
3.444,75.76554768117292,"no tempo, sem passa-alta"
3.445,78.75015478613294,"no tempo, sem passa-alta"
3.446,81.70539580087004,"no tempo, sem passa-alta"
3.447,84.34394888383507,"no tempo, sem passa-alta"
3.448,86.40949181473525,"no tempo, sem passa-alta"
3.449,87.70179259935861,"no tempo, sem passa-alta"
3.45,88.09630957226501,"no tempo, sem passa-alta"
3.451,87.55638240273345,"no tempo, sem passa-alta"
3.452,86.13682066335964,"no tempo, sem passa-alta"
3.453,83.97853868720993,"no tempo, sem passa-alta"
3.454,81.29476189109279,"no tempo, sem passa-alta"
3.455,78.35015478613272,"no tempo, sem passa-alta"
3.456,75.43491377139559,"no tempo, sem passa-alta"
3.457,72.83636068843045,"no tempo, sem passa-alta"
3.458,70.8108177575303,"no tempo, sem passa-alta"
3.459,69.55851697290707,"no tempo, sem passa-alta"
3.46,69.20400000000058,"no tempo, sem passa-alta"
3.461,69.78392716953202,"no tempo, sem passa-alta"
3.462,71.2434889089057,"no tempo, sem passa-alta"
3.463,73.44177088505555,"no tempo, sem passa-alta"
3.464,76.16554768117273,"no tempo, sem passa-alta"
3.465,79.15015478613276,"no tempo, sem passa-alta"
3.466,82.10539580086991,"no tempo, sem passa-alta"
3.467,84.74394888383489,"no tempo, sem passa-alta"
3.468,86.80949181473504,"no tempo, sem passa-alta"
3.469,88.10179259935832,"no tempo, sem passa-alta"
3.47,88.49630957226492,"no tempo, sem passa-alta"
3.471,87.9563824027333,"no tempo, sem passa-alta"
3.472,86.53682066335955,"no tempo, sem passa-alta"
3.473,84.37853868720987,"no tempo, sem passa-alta"
3.474,81.69476189109268,"no tempo, sem passa-alta"
3.475,78.75015478613261,"no tempo, sem passa-alta"
3.476,75.83491377139548,"no tempo, sem passa-alta"
3.477,73.23636068843037,"no tempo, sem passa-alta"
3.478,71.21081775753018,"no tempo, sem passa-alta"
3.479,69.95851697290703,"no tempo, sem passa-alta"
3.48,69.6040000000006,"no tempo, sem passa-alta"
3.481,70.18392716953201,"no tempo, sem passa-alta"
3.482,71.64348890890577,"no tempo, sem passa-alta"
3.483,73.84177088505565,"no tempo, sem passa-alta"
3.484,76.56554768117286,"no tempo, sem passa-alta"
3.485,79.55015478613286,"no tempo, sem passa-alta"
3.486,82.50539580087002,"no tempo, sem passa-alta"
3.487,85.14394888383504,"no tempo, sem passa-alta"
3.488,87.20949181473523,"no tempo, sem passa-alta"
3.489,88.50179259935845,"no tempo, sem passa-alta"
3.49,88.89630957226512,"no tempo, sem passa-alta"
3.491,88.35638240273344,"no tempo, sem passa-alta"
3.492,86.93682066335964,"no tempo, sem passa-alta"
3.493,84.77853868721002,"no tempo, sem passa-alta"
3.494,82.09476189109284,"no tempo, sem passa-alta"
3.495,79.15015478613279,"no tempo, sem passa-alta"
3.496,76.23491377139563,"no tempo, sem passa-alta"
3.497,73.63636068843057,"no tempo, sem passa-alta"
3.498,71.61081775753033,"no tempo, sem passa-alta"
3.499,70.35851697290725,"no tempo, sem passa-alta"
3.5,70.00400000000074,"no tempo, sem passa-alta"
3.501,70.58392716953222,"no tempo, sem passa-alta"
3.502,72.0434889089058,"no tempo, sem passa-alta"
3.503,74.24177088505564,"no tempo, sem passa-alta"
3.504,76.96554768117291,"no tempo, sem passa-alta"
3.505,79.95015478613291,"no tempo, sem passa-alta"
3.506,82.9053958008701,"no tempo, sem passa-alta"
3.507,85.54394888383507,"no tempo, sem passa-alta"
3.508,87.60949181473532,"no tempo, sem passa-alta"
3.509,88.9017925993586,"no tempo, sem passa-alta"
3.51,89.2963095722652,"no tempo, sem passa-alta"
3.511,88.75638240273358,"no tempo, sem passa-alta"
3.512,87.33682066335972,"no tempo, sem passa-alta"
3.513,85.17853868721002,"no tempo, sem passa-alta"
3.514,82.49476189109288,"no tempo, sem passa-alta"
3.515,79.55015478613281,"no tempo, sem passa-alta"
3.516,76.6349137713957,"no tempo, sem passa-alta"
3.517,74.03636068843062,"no tempo, sem passa-alta"
3.518,72.01081775753029,"no tempo, sem passa-alta"
3.519,70.75851697290727,"no tempo, sem passa-alta"
3.52,70.40400000000085,"no tempo, sem passa-alta"
3.521,70.98392716953225,"no tempo, sem passa-alta"
3.522,72.44348890890589,"no tempo, sem passa-alta"
3.523,74.64177088505568,"no tempo, sem passa-alta"
3.524,77.36554768117288,"no tempo, sem passa-alta"
3.525,80.35015478613295,"no tempo, sem passa-alta"
3.526,83.3053958008701,"no tempo, sem passa-alta"
3.527,85.9439488838351,"no tempo, sem passa-alta"
3.528,88.00949181473528,"no tempo, sem passa-alta"
3.529,89.3017925993585,"no tempo, sem passa-alta"
3.53,89.69630957226516,"no tempo, sem passa-alta"
3.531,89.15638240273347,"no tempo, sem passa-alta"
3.532,87.73682066335965,"no tempo, sem passa-alta"
3.533,85.57853868720991,"no tempo, sem passa-alta"
3.534,82.8947618910928,"no tempo, sem passa-alta"
3.535,79.95015478613274,"no tempo, sem passa-alta"
3.536,77.03491377139561,"no tempo, sem passa-alta"
3.537,74.43636068843054,"no tempo, sem passa-alta"
3.538,72.41081775753018,"no tempo, sem passa-alta"
3.539,71.15851697290697,"no tempo, sem passa-alta"
3.54,70.80400000000061,"no tempo, sem passa-alta"
3.541,71.3839271695321,"no tempo, sem passa-alta"
3.542,72.84348890890581,"no tempo, sem passa-alta"
3.543,75.04177088505554,"no tempo, sem passa-alta"
3.544,77.76554768117279,"no tempo, sem passa-alta"
3.545,80.75015478613284,"no tempo, sem passa-alta"
3.546,83.70539580086998,"no tempo, sem passa-alta"
3.547,86.34394888383501,"no tempo, sem passa-alta"
3.548,88.40949181473513,"no tempo, sem passa-alta"
3.549,89.70179259935841,"no tempo, sem passa-alta"
3.55,90.096309572265,"no tempo, sem passa-alta"
3.551,89.55638240273348,"no tempo, sem passa-alta"
3.552,88.13682066335963,"no tempo, sem passa-alta"
3.553,85.97853868720992,"no tempo, sem passa-alta"
3.554,83.29476189109278,"no tempo, sem passa-alta"
3.555,80.3501547861327,"no tempo, sem passa-alta"
3.556,77.43491377139561,"no tempo, sem passa-alta"
3.557,74.8363606884306,"no tempo, sem passa-alta"
3.558,72.8108177575303,"no tempo, sem passa-alta"
3.559,71.55851697290716,"no tempo, sem passa-alta"
3.56,71.20400000000073,"no tempo, sem passa-alta"
3.561,71.78392716953229,"no tempo, sem passa-alta"
3.562,73.24348890890595,"no tempo, sem passa-alta"
3.563,75.44177088505565,"no tempo, sem passa-alta"
3.564,78.16554768117284,"no tempo, sem passa-alta"
3.565,81.15015478613292,"no tempo, sem passa-alta"
3.566,84.10539580087007,"no tempo, sem passa-alta"
3.567,86.74394888383506,"no tempo, sem passa-alta"
3.568,88.80949181473524,"no tempo, sem passa-alta"
3.569,90.10179259935845,"no tempo, sem passa-alta"
3.57,90.4963095722651,"no tempo, sem passa-alta"
3.571,89.95638240273352,"no tempo, sem passa-alta"
3.572,88.53682066335973,"no tempo, sem passa-alta"
3.573,86.37853868720998,"no tempo, sem passa-alta"
3.574,83.69476189109287,"no tempo, sem passa-alta"
3.575,80.75015478613281,"no tempo, sem passa-alta"
3.576,77.83491377139572,"no tempo, sem passa-alta"
3.577,75.23636068843066,"no tempo, sem passa-alta"
3.578,73.21081775753039,"no tempo, sem passa-alta"
3.579,71.9585169729071,"no tempo, sem passa-alta"
3.58,71.60400000000077,"no tempo, sem passa-alta"
3.581,72.18392716953224,"no tempo, sem passa-alta"
3.582,73.64348890890597,"no tempo, sem passa-alta"
3.583,75.84177088505562,"no tempo, sem passa-alta"
3.584,78.56554768117292,"no tempo, sem passa-alta"
3.585,81.55015478613294,"no tempo, sem passa-alta"
3.586,84.50539580087009,"no tempo, sem passa-alta"
3.587,87.14394888383511,"no tempo, sem passa-alta"
3.588,89.20949181473523,"no tempo, sem passa-alta"
3.589,90.50179259935851,"no tempo, sem passa-alta"
3.59,90.89630957226511,"no tempo, sem passa-alta"
3.591,90.3563824027336,"no tempo, sem passa-alta"
3.592,88.93682066335973,"no tempo, sem passa-alta"
3.593,86.77853868720996,"no tempo, sem passa-alta"
3.594,84.09476189109282,"no tempo, sem passa-alta"
3.595,81.1501547861328,"no tempo, sem passa-alta"
3.596,78.23491377139567,"no tempo, sem passa-alta"
3.597,75.63636068843064,"no tempo, sem passa-alta"
3.598,73.61081775753036,"no tempo, sem passa-alta"
3.599,72.35851697290711,"no tempo, sem passa-alta"
3.6,72.0040000000007,"no tempo, sem passa-alta"
3.601,72.58392716953226,"no tempo, sem passa-alta"
3.602,74.04348890890593,"no tempo, sem passa-alta"
3.603,76.24177088505563,"no tempo, sem passa-alta"
3.604,78.96554768117286,"no tempo, sem passa-alta"
3.605,81.95015478613291,"no tempo, sem passa-alta"
3.606,84.90539580087005,"no tempo, sem passa-alta"
3.607,87.5439488838351,"no tempo, sem passa-alta"
3.608,89.60949181473518,"no tempo, sem passa-alta"
3.609,90.90179259935837,"no tempo, sem passa-alta"
3.61,91.29630957226502,"no tempo, sem passa-alta"
3.611,90.75638240273358,"no tempo, sem passa-alta"
3.612,89.33682066335963,"no tempo, sem passa-alta"
3.613,87.17853868720991,"no tempo, sem passa-alta"
3.614,84.49476189109274,"no tempo, sem passa-alta"
3.615,81.55015478613272,"no tempo, sem passa-alta"
3.616,78.63491377139563,"no tempo, sem passa-alta"
3.617,76.03636068843058,"no tempo, sem passa-alta"
3.618,74.0108177575303,"no tempo, sem passa-alta"
3.619,72.758516972907,"no tempo, sem passa-alta"
3.62,72.40400000000066,"no tempo, sem passa-alta"
3.621,72.98392716953228,"no tempo, sem passa-alta"
3.622,74.44348890890602,"no tempo, sem passa-alta"
3.623,76.64177088505569,"no tempo, sem passa-alta"
3.624,79.36554768117293,"no tempo, sem passa-alta"
3.625,82.35015478613298,"no tempo, sem passa-alta"
3.626,85.30539580087013,"no tempo, sem passa-alta"
3.627,87.94394888383523,"no tempo, sem passa-alta"
3.628,90.00949181473534,"no tempo, sem passa-alta"
3.629,91.30179259935848,"no tempo, sem passa-alta"
3.63,91.69630957226506,"no tempo, sem passa-alta"
3.631,91.1563824027338,"no tempo, sem passa-alta"
3.632,89.73682066335992,"no tempo, sem passa-alta"
3.633,87.57853868721011,"no tempo, sem passa-alta"
3.634,84.89476189109297,"no tempo, sem passa-alta"
3.635,81.95015478613294,"no tempo, sem passa-alta"
3.636,79.03491377139585,"no tempo, sem passa-alta"
3.637,76.43636068843085,"no tempo, sem passa-alta"
3.638,74.41081775753055,"no tempo, sem passa-alta"
3.639,73.1585169729072,"no tempo, sem passa-alta"
3.64,72.80400000000078,"no tempo, sem passa-alta"
3.641,73.38392716953234,"no tempo, sem passa-alta"
3.642,74.84348890890615,"no tempo, sem passa-alta"
3.643,77.04177088505577,"no tempo, sem passa-alta"
3.644,79.76554768117306,"no tempo, sem passa-alta"
3.645,82.75015478613308,"no tempo, sem passa-alta"
3.646,85.70539580087024,"no tempo, sem passa-alta"
3.647,88.34394888383537,"no tempo, sem passa-alta"
3.648,90.40949181473546,"no tempo, sem passa-alta"
3.649,91.70179259935864,"no tempo, sem passa-alta"
3.65,92.09630957226514,"no tempo, sem passa-alta"
3.651,91.55638240273382,"no tempo, sem passa-alta"
3.652,90.13682066336,"no tempo, sem passa-alta"
3.653,87.97853868721023,"no tempo, sem passa-alta"
3.654,85.29476189109305,"no tempo, sem passa-alta"
3.655,82.35015478613302,"no tempo, sem passa-alta"
3.656,79.4349137713959,"no tempo, sem passa-alta"
3.657,76.8363606884309,"no tempo, sem passa-alta"
3.658,74.81081775753066,"no tempo, sem passa-alta"
3.659,73.55851697290723,"no tempo, sem passa-alta"
3.66,73.20400000000089,"no tempo, sem passa-alta"
3.661,73.7839271695324,"no tempo, sem passa-alta"
3.662,75.24348890890614,"no tempo, sem passa-alta"
3.663,77.44177088505583,"no tempo, sem passa-alta"
3.664,80.16554768117307,"no tempo, sem passa-alta"
3.665,83.1501547861331,"no tempo, sem passa-alta"
3.666,86.10539580087024,"no tempo, sem passa-alta"
3.667,88.74394888383533,"no tempo, sem passa-alta"
3.668,90.80949181473555,"no tempo, sem passa-alta"
3.669,92.10179259935869,"no tempo, sem passa-alta"
3.67,92.49630957226512,"no tempo, sem passa-alta"
3.671,91.95638240273372,"no tempo, sem passa-alta"
3.672,90.53682066335983,"no tempo, sem passa-alta"
3.673,88.37853868721004,"no tempo, sem passa-alta"
3.674,85.69476189109287,"no tempo, sem passa-alta"
3.675,82.75015478613282,"no tempo, sem passa-alta"
3.676,79.83491377139566,"no tempo, sem passa-alta"
3.677,77.23636068843065,"no tempo, sem passa-alta"
3.678,75.21081775753044,"no tempo, sem passa-alta"
3.679,73.95851697290708,"no tempo, sem passa-alta"
3.68,73.60400000000068,"no tempo, sem passa-alta"
3.681,74.18392716953224,"no tempo, sem passa-alta"
3.682,75.64348890890604,"no tempo, sem passa-alta"
3.683,77.84177088505567,"no tempo, sem passa-alta"
3.684,80.56554768117289,"no tempo, sem passa-alta"
3.685,83.55015478613296,"no tempo, sem passa-alta"
3.686,86.50539580087009,"no tempo, sem passa-alta"
3.687,89.14394888383521,"no tempo, sem passa-alta"
3.688,91.20949181473537,"no tempo, sem passa-alta"
3.689,92.50179259935855,"no tempo, sem passa-alta"
3.69,92.89630957226505,"no tempo, sem passa-alta"
3.691,92.35638240273359,"no tempo, sem passa-alta"
3.692,90.93682066335988,"no tempo, sem passa-alta"
3.693,88.77853868721003,"no tempo, sem passa-alta"
3.694,86.09476189109284,"no tempo, sem passa-alta"
3.695,83.1501547861328,"no tempo, sem passa-alta"
3.696,80.23491377139568,"no tempo, sem passa-alta"
3.697,77.63636068843063,"no tempo, sem passa-alta"
3.698,75.6108177575304,"no tempo, sem passa-alta"
3.699,74.3585169729071,"no tempo, sem passa-alta"
3.7,74.00400000000064,"no tempo, sem passa-alta"
3.701,74.58392716953227,"no tempo, sem passa-alta"
3.702,76.04348890890601,"no tempo, sem passa-alta"
3.703,78.24177088505567,"no tempo, sem passa-alta"
3.704,80.9655476811728,"no tempo, sem passa-alta"
3.705,83.95015478613287,"no tempo, sem passa-alta"
3.706,86.90539580087,"no tempo, sem passa-alta"
3.707,89.54394888383507,"no tempo, sem passa-alta"
3.708,91.60949181473538,"no tempo, sem passa-alta"
3.709,92.9017925993585,"no tempo, sem passa-alta"
3.71,93.29630957226506,"no tempo, sem passa-alta"
3.711,92.75638240273366,"no tempo, sem passa-alta"
3.712,91.33682066335989,"no tempo, sem passa-alta"
3.713,89.17853868721008,"no tempo, sem passa-alta"
3.714,86.49476189109286,"no tempo, sem passa-alta"
3.715,83.55015478613284,"no tempo, sem passa-alta"
3.716,80.63491377139573,"no tempo, sem passa-alta"
3.717,78.03636068843072,"no tempo, sem passa-alta"
3.718,76.01081775753053,"no tempo, sem passa-alta"
3.719,74.7585169729072,"no tempo, sem passa-alta"
3.72,74.40400000000066,"no tempo, sem passa-alta"
3.721,74.98392716953236,"no tempo, sem passa-alta"
3.722,76.44348890890616,"no tempo, sem passa-alta"
3.723,78.6417708850558,"no tempo, sem passa-alta"
3.724,81.36554768117294,"no tempo, sem passa-alta"
3.725,84.350154786133,"no tempo, sem passa-alta"
3.726,87.30539580087014,"no tempo, sem passa-alta"
3.727,89.94394888383522,"no tempo, sem passa-alta"
3.728,92.00949181473557,"no tempo, sem passa-alta"
3.729,93.30179259935863,"no tempo, sem passa-alta"
3.73,93.69630957226514,"no tempo, sem passa-alta"
3.731,93.15638240273366,"no tempo, sem passa-alta"
3.732,91.73682066335995,"no tempo, sem passa-alta"
3.733,89.57853868721011,"no tempo, sem passa-alta"
3.734,86.8947618910929,"no tempo, sem passa-alta"
3.735,83.95015478613284,"no tempo, sem passa-alta"
3.736,81.03491377139571,"no tempo, sem passa-alta"
3.737,78.43636068843074,"no tempo, sem passa-alta"
3.738,76.41081775753052,"no tempo, sem passa-alta"
3.739,75.15851697290724,"no tempo, sem passa-alta"
3.74,74.80400000000066,"no tempo, sem passa-alta"
3.741,75.3839271695323,"no tempo, sem passa-alta"
3.742,76.84348890890617,"no tempo, sem passa-alta"
3.743,79.04177088505583,"no tempo, sem passa-alta"
3.744,81.76554768117298,"no tempo, sem passa-alta"
3.745,84.75015478613302,"no tempo, sem passa-alta"
3.746,87.70539580087014,"no tempo, sem passa-alta"
3.747,90.34394888383524,"no tempo, sem passa-alta"
3.748,92.40949181473543,"no tempo, sem passa-alta"
3.749,93.70179259935857,"no tempo, sem passa-alta"
3.75,94.09630957226499,"no tempo, sem passa-alta"
3.751,93.55638240273358,"no tempo, sem passa-alta"
3.752,92.13682066335991,"no tempo, sem passa-alta"
3.753,89.97853868721012,"no tempo, sem passa-alta"
3.754,87.2947618910929,"no tempo, sem passa-alta"
3.755,84.35015478613285,"no tempo, sem passa-alta"
3.756,81.43491377139568,"no tempo, sem passa-alta"
3.757,78.83636068843073,"no tempo, sem passa-alta"
3.758,76.81081775753056,"no tempo, sem passa-alta"
3.759,75.55851697290736,"no tempo, sem passa-alta"
3.76,75.20400000000069,"no tempo, sem passa-alta"
3.761,75.78392716953242,"no tempo, sem passa-alta"
3.762,77.24348890890622,"no tempo, sem passa-alta"
3.763,79.44177088505594,"no tempo, sem passa-alta"
3.764,82.16554768117307,"no tempo, sem passa-alta"
3.765,85.15015478613316,"no tempo, sem passa-alta"
3.766,88.10539580087026,"no tempo, sem passa-alta"
3.767,90.74394888383533,"no tempo, sem passa-alta"
3.768,92.8094918147357,"no tempo, sem passa-alta"
3.769,94.10179259935876,"no tempo, sem passa-alta"
3.77,94.49630957226525,"no tempo, sem passa-alta"
3.771,93.95638240273375,"no tempo, sem passa-alta"
3.772,92.53682066336013,"no tempo, sem passa-alta"
3.773,90.37853868721031,"no tempo, sem passa-alta"
3.774,87.69476189109312,"no tempo, sem passa-alta"
3.775,84.75015478613308,"no tempo, sem passa-alta"
3.776,81.8349137713959,"no tempo, sem passa-alta"
3.777,79.23636068843088,"no tempo, sem passa-alta"
3.778,77.21081775753075,"no tempo, sem passa-alta"
3.779,75.95851697290747,"no tempo, sem passa-alta"
3.78,75.60400000000088,"no tempo, sem passa-alta"
3.781,76.18392716953241,"no tempo, sem passa-alta"
3.782,77.64348890890628,"no tempo, sem passa-alta"
3.783,79.84177088505598,"no tempo, sem passa-alta"
3.784,82.56554768117313,"no tempo, sem passa-alta"
3.785,85.55015478613316,"no tempo, sem passa-alta"
3.786,88.50539580087029,"no tempo, sem passa-alta"
3.787,91.14394888383536,"no tempo, sem passa-alta"
3.788,93.20949181473567,"no tempo, sem passa-alta"
3.789,94.5017925993588,"no tempo, sem passa-alta"
3.79,94.89630957226522,"no tempo, sem passa-alta"
3.791,94.3563824027338,"no tempo, sem passa-alta"
3.792,92.93682066336011,"no tempo, sem passa-alta"
3.793,90.7785386872103,"no tempo, sem passa-alta"
3.794,88.09476189109309,"no tempo, sem passa-alta"
3.795,85.15015478613303,"no tempo, sem passa-alta"
3.796,82.23491377139588,"no tempo, sem passa-alta"
3.797,79.63636068843088,"no tempo, sem passa-alta"
3.798,77.61081775753071,"no tempo, sem passa-alta"
3.799,76.35851697290751,"no tempo, sem passa-alta"
3.8,76.00400000000086,"no tempo, sem passa-alta"
3.801,76.5839271695323,"no tempo, sem passa-alta"
3.802,78.04348890890611,"no tempo, sem passa-alta"
3.803,80.24177088505584,"no tempo, sem passa-alta"
3.804,82.96554768117296,"no tempo, sem passa-alta"
3.805,85.95015478613301,"no tempo, sem passa-alta"
3.806,88.90539580087015,"no tempo, sem passa-alta"
3.807,91.5439488838352,"no tempo, sem passa-alta"
3.808,93.60949181473543,"no tempo, sem passa-alta"
3.809,94.9017925993586,"no tempo, sem passa-alta"
3.81,95.29630957226495,"no tempo, sem passa-alta"
3.811,94.75638240273346,"no tempo, sem passa-alta"
3.812,93.33682066335984,"no tempo, sem passa-alta"
3.813,91.17853868721005,"no tempo, sem passa-alta"
3.814,88.49476189109282,"no tempo, sem passa-alta"
3.815,85.55015478613278,"no tempo, sem passa-alta"
3.816,82.63491377139563,"no tempo, sem passa-alta"
3.817,80.03636068843062,"no tempo, sem passa-alta"
3.818,78.01081775753049,"no tempo, sem passa-alta"
3.819,76.75851697290723,"no tempo, sem passa-alta"
3.82,76.40400000000064,"no tempo, sem passa-alta"
3.821,76.98392716953217,"no tempo, sem passa-alta"
3.822,78.44348890890603,"no tempo, sem passa-alta"
3.823,80.64177088505582,"no tempo, sem passa-alta"
3.824,83.36554768117298,"no tempo, sem passa-alta"
3.825,86.35015478613302,"no tempo, sem passa-alta"
3.826,89.30539580087012,"no tempo, sem passa-alta"
3.827,91.9439488838352,"no tempo, sem passa-alta"
3.828,94.0094918147355,"no tempo, sem passa-alta"
3.829,95.30179259935873,"no tempo, sem passa-alta"
3.83,95.69630957226515,"no tempo, sem passa-alta"
3.831,95.15638240273358,"no tempo, sem passa-alta"
3.832,93.73682066335991,"no tempo, sem passa-alta"
3.833,91.5785386872102,"no tempo, sem passa-alta"
3.834,88.89476189109295,"no tempo, sem passa-alta"
3.835,85.9501547861329,"no tempo, sem passa-alta"
3.836,83.03491377139575,"no tempo, sem passa-alta"
3.837,80.4363606884307,"no tempo, sem passa-alta"
3.838,78.41081775753054,"no tempo, sem passa-alta"
3.839,77.15851697290734,"no tempo, sem passa-alta"
3.84,76.80400000000068,"no tempo, sem passa-alta"
3.841,77.38392716953229,"no tempo, sem passa-alta"
3.842,78.84348890890611,"no tempo, sem passa-alta"
3.843,81.04177088505585,"no tempo, sem passa-alta"
3.844,83.76554768117305,"no tempo, sem passa-alta"
3.845,86.75015478613305,"no tempo, sem passa-alta"
3.846,89.70539580087012,"no tempo, sem passa-alta"
3.847,92.34394888383517,"no tempo, sem passa-alta"
3.848,94.40949181473552,"no tempo, sem passa-alta"
3.849,95.70179259935881,"no tempo, sem passa-alta"
3.85,96.09630957226514,"no tempo, sem passa-alta"
3.851,95.55638240273365,"no tempo, sem passa-alta"
3.852,94.13682066335991,"no tempo, sem passa-alta"
3.853,91.97853868721035,"no tempo, sem passa-alta"
3.854,89.2947618910931,"no tempo, sem passa-alta"
3.855,86.35015478613306,"no tempo, sem passa-alta"
3.856,83.43491377139593,"no tempo, sem passa-alta"
3.857,80.8363606884308,"no tempo, sem passa-alta"
3.858,78.81081775753067,"no tempo, sem passa-alta"
3.859,77.55851697290754,"no tempo, sem passa-alta"
3.86,77.20400000000096,"no tempo, sem passa-alta"
3.861,77.78392716953236,"no tempo, sem passa-alta"
3.862,79.24348890890624,"no tempo, sem passa-alta"
3.863,81.44177088505596,"no tempo, sem passa-alta"
3.864,84.16554768117312,"no tempo, sem passa-alta"
3.865,87.15015478613316,"no tempo, sem passa-alta"
3.866,90.10539580087026,"no tempo, sem passa-alta"
3.867,92.74394888383526,"no tempo, sem passa-alta"
3.868,94.80949181473554,"no tempo, sem passa-alta"
3.869,96.1017925993589,"no tempo, sem passa-alta"
3.87,96.49630957226529,"no tempo, sem passa-alta"
3.871,95.95638240273372,"no tempo, sem passa-alta"
3.872,94.53682066335993,"no tempo, sem passa-alta"
3.873,92.3785386872103,"no tempo, sem passa-alta"
3.874,89.69476189109301,"no tempo, sem passa-alta"
3.875,86.75015478613295,"no tempo, sem passa-alta"
3.876,83.83491377139578,"no tempo, sem passa-alta"
3.877,81.23636068843065,"no tempo, sem passa-alta"
3.878,79.2108177575305,"no tempo, sem passa-alta"
3.879,77.9585169729073,"no tempo, sem passa-alta"
3.88,77.6040000000008,"no tempo, sem passa-alta"
3.881,78.18392716953214,"no tempo, sem passa-alta"
3.882,79.64348890890608,"no tempo, sem passa-alta"
3.883,81.84177088505582,"no tempo, sem passa-alta"
3.884,84.56554768117302,"no tempo, sem passa-alta"
3.885,87.55015478613304,"no tempo, sem passa-alta"
3.886,90.50539580087015,"no tempo, sem passa-alta"
3.887,93.14394888383514,"no tempo, sem passa-alta"
3.888,95.20949181473536,"no tempo, sem passa-alta"
3.889,96.50179259935877,"no tempo, sem passa-alta"
3.89,96.8963095722651,"no tempo, sem passa-alta"
3.891,96.35638240273359,"no tempo, sem passa-alta"
3.892,94.93682066335984,"no tempo, sem passa-alta"
3.893,92.77853868721016,"no tempo, sem passa-alta"
3.894,90.0947618910929,"no tempo, sem passa-alta"
3.895,87.15015478613283,"no tempo, sem passa-alta"
3.896,84.23491377139568,"no tempo, sem passa-alta"
3.897,81.63636068843059,"no tempo, sem passa-alta"
3.898,79.61081775753048,"no tempo, sem passa-alta"
3.899,78.3585169729072,"no tempo, sem passa-alta"
3.9,78.00400000000063,"no tempo, sem passa-alta"
3.901,78.58392716953203,"no tempo, sem passa-alta"
3.902,80.04348890890591,"no tempo, sem passa-alta"
3.903,82.24177088505571,"no tempo, sem passa-alta"
3.904,84.96554768117285,"no tempo, sem passa-alta"
3.905,87.95015478613287,"no tempo, sem passa-alta"
3.906,90.90539580087,"no tempo, sem passa-alta"
3.907,93.54394888383501,"no tempo, sem passa-alta"
3.908,95.60949181473521,"no tempo, sem passa-alta"
3.909,96.90179259935854,"no tempo, sem passa-alta"
3.91,97.29630957226495,"no tempo, sem passa-alta"
3.911,96.75638240273337,"no tempo, sem passa-alta"
3.912,95.33682066335967,"no tempo, sem passa-alta"
3.913,93.17853868721004,"no tempo, sem passa-alta"
3.914,90.49476189109278,"no tempo, sem passa-alta"
3.915,87.55015478613272,"no tempo, sem passa-alta"
3.916,84.63491377139557,"no tempo, sem passa-alta"
3.917,82.03636068843045,"no tempo, sem passa-alta"
3.918,80.0108177575304,"no tempo, sem passa-alta"
3.919,78.75851697290722,"no tempo, sem passa-alta"
3.92,78.40400000000072,"no tempo, sem passa-alta"
3.921,78.98392716953207,"no tempo, sem passa-alta"
3.922,80.4434889089059,"no tempo, sem passa-alta"
3.923,82.64177088505573,"no tempo, sem passa-alta"
3.924,85.36554768117293,"no tempo, sem passa-alta"
3.925,88.35015478613293,"no tempo, sem passa-alta"
3.926,91.30539580087004,"no tempo, sem passa-alta"
3.927,93.94394888383509,"no tempo, sem passa-alta"
3.928,96.00949181473533,"no tempo, sem passa-alta"
3.929,97.30179259935862,"no tempo, sem passa-alta"
3.93,97.6963095722652,"no tempo, sem passa-alta"
3.931,97.15638240273357,"no tempo, sem passa-alta"
3.932,95.73682066335982,"no tempo, sem passa-alta"
3.933,93.57853868721013,"no tempo, sem passa-alta"
3.934,90.89476189109294,"no tempo, sem passa-alta"
3.935,87.95015478613288,"no tempo, sem passa-alta"
3.936,85.03491377139572,"no tempo, sem passa-alta"
3.937,82.43636068843063,"no tempo, sem passa-alta"
3.938,80.41081775753044,"no tempo, sem passa-alta"
3.939,79.15851697290734,"no tempo, sem passa-alta"
3.94,78.80400000000077,"no tempo, sem passa-alta"
3.941,79.38392716953217,"no tempo, sem passa-alta"
3.942,80.84348890890594,"no tempo, sem passa-alta"
3.943,83.04177088505574,"no tempo, sem passa-alta"
3.944,85.76554768117295,"no tempo, sem passa-alta"
3.945,88.75015478613297,"no tempo, sem passa-alta"
3.946,91.7053958008701,"no tempo, sem passa-alta"
3.947,94.3439488838351,"no tempo, sem passa-alta"
3.948,96.40949181473529,"no tempo, sem passa-alta"
3.949,97.70179259935863,"no tempo, sem passa-alta"
3.95,98.09630957226501,"no tempo, sem passa-alta"
3.951,97.55638240273345,"no tempo, sem passa-alta"
3.952,96.13682066335964,"no tempo, sem passa-alta"
3.953,93.97853868721,"no tempo, sem passa-alta"
3.954,91.29476189109285,"no tempo, sem passa-alta"
3.955,88.3501547861328,"no tempo, sem passa-alta"
3.956,85.43491377139567,"no tempo, sem passa-alta"
3.957,82.83636068843055,"no tempo, sem passa-alta"
3.958,80.8108177575303,"no tempo, sem passa-alta"
3.959,79.55851697290726,"no tempo, sem passa-alta"
3.96,79.20400000000078,"no tempo, sem passa-alta"
3.961,79.78392716953225,"no tempo, sem passa-alta"
3.962,81.24348890890597,"no tempo, sem passa-alta"
3.963,83.44177088505582,"no tempo, sem passa-alta"
3.964,86.16554768117302,"no tempo, sem passa-alta"
3.965,89.15015478613309,"no tempo, sem passa-alta"
3.966,92.1053958008702,"no tempo, sem passa-alta"
3.967,94.74394888383516,"no tempo, sem passa-alta"
3.968,96.80949181473538,"no tempo, sem passa-alta"
3.969,98.10179259935866,"no tempo, sem passa-alta"
3.97,98.49630957226512,"no tempo, sem passa-alta"
3.971,97.95638240273345,"no tempo, sem passa-alta"
3.972,96.5368206633597,"no tempo, sem passa-alta"
3.973,94.37853868721002,"no tempo, sem passa-alta"
3.974,91.6947618910929,"no tempo, sem passa-alta"
3.975,88.75015478613282,"no tempo, sem passa-alta"
3.976,85.83491377139569,"no tempo, sem passa-alta"
3.977,83.23636068843061,"no tempo, sem passa-alta"
3.978,81.21081775753031,"no tempo, sem passa-alta"
3.979,79.95851697290719,"no tempo, sem passa-alta"
3.98,79.60400000000078,"no tempo, sem passa-alta"
3.981,80.18392716953221,"no tempo, sem passa-alta"
3.982,81.64348890890587,"no tempo, sem passa-alta"
3.983,83.8417708850557,"no tempo, sem passa-alta"
3.984,86.56554768117289,"no tempo, sem passa-alta"
3.985,89.55015478613295,"no tempo, sem passa-alta"
3.986,92.50539580087006,"no tempo, sem passa-alta"
3.987,95.14394888383507,"no tempo, sem passa-alta"
3.988,97.20949181473524,"no tempo, sem passa-alta"
3.989,98.50179259935857,"no tempo, sem passa-alta"
3.99,98.89630957226508,"no tempo, sem passa-alta"
3.991,98.35638240273349,"no tempo, sem passa-alta"
3.992,96.93682066335968,"no tempo, sem passa-alta"
3.993,94.77853868721003,"no tempo, sem passa-alta"
3.994,92.09476189109284,"no tempo, sem passa-alta"
3.995,89.15015478613276,"no tempo, sem passa-alta"
3.996,86.23491377139565,"no tempo, sem passa-alta"
3.997,83.6363606884306,"no tempo, sem passa-alta"
3.998,81.61081775753024,"no tempo, sem passa-alta"
3.999,80.3585169729072,"no tempo, sem passa-alta"
0.0,0.00019634713421699826,na frequência
0.001,0.00019662730057817718,na frequência
0.002,0.00020006600292814096,na frequência
0.003,0.00021385774216434522,na frequência
0.004,0.00024721209676963036,na frequência
0.005,0.0003077928297278362,na frequência
0.006,0.00039784946765866085,na frequência
0.007,0.0005109256593680936,na frequência
0.008,0.0006299894907168022,na frequência
0.009,0.0007276359664388205,na frequência
0.01,0.0007686857519600277,na frequência
0.011,0.0007150931289843355,na frequência
0.012,0.0005326415424380952,na frequência
0.013,0.00019851563538461847,na frequência
0.014,-0.0002914400369201121,na frequência
0.015,-0.0009170802929176306,na frequência
0.016,-0.0016311602779608715,na frequência
0.017,-0.002360319639136908,na frequência
0.018,-0.003010332215038805,na frequência
0.019,-0.0034755186594947265,na frequência
0.02,-0.0036515825671343547,na frequência
0.021,-0.0034505287660845907,na frequência
0.022,-0.002815844578415278,na frequência
0.023,-0.0017358502045348157,na frequência
0.024,-0.00025311076934542826,na frequência
0.025,0.0015319229228522838,na frequência
0.026,0.0034643246936449756,na frequência
0.027,0.00534564969374304,na frequência
0.028,0.006951999128263389,na frequência
0.029,0.008057779998029964,na frequência
0.03,0.008462854011445963,na frequência
0.031,0.008020081135820107,na frequência
0.032,0.00665988513334362,na frequência
0.033,0.004408476690058054,na frequência
0.034,0.0013967978664430924,na frequência
0.035,-0.002141916577683301,na frequência
0.036,-0.005886897299736765,na frequência
0.037,-0.009456463860984504,na frequência
0.038,-0.012444596988262202,na frequência
0.039,-0.014464178870606451,na frequência
0.04,-0.015192526730531349,na frequência
0.041,-0.014414173442269144,na frequência
0.042,-0.012055713592050724,na frequência
0.043,-0.008207992546420437,na frequência
0.044,-0.0031319624972366913,na frequência
0.045,0.002753913611965383,na frequência
0.046,0.008904903670831372,na frequência
0.047,0.014697987059104547,na frequência
0.048,0.01949262237692784,na frequência
0.049,0.022698596925620738,na frequência
0.05,0.023844012272998046,na frequência
0.051,0.022635909985282174,na frequência
0.052,0.01900629192186776,na frequência
0.053,0.013137367457633824,na frequência
0.054,0.005461701072889179,na frequência
0.055,-0.003364616582269649,na frequência
0.056,-0.012514825331893372,na frequência
0.057,-0.02106651841952496,na frequência
0.058,-0.028092287669753892,na frequência
0.059,-0.03275730471042433,na frequência
0.06,-0.03441382032729783,na frequência
0.061,-0.03268223895366025,na frequência
0.062,-0.02750920415304583,na frequência
0.063,-0.019194995456183712,na frequência
0.064,-0.008385348855391555,na frequência
0.065,0.003973676944092748,na frequência
0.066,0.01671529848398681,na frequência
0.067,0.028559751231833595,na frequência
0.068,0.03824048676398704,na frequência
0.069,0.044636600950057254,na frequência
0.07,0.04689790234993886,na frequência
0.071,0.04454903405956941,na frequência
0.072,0.03756051235845269,na frequência
0.073,0.026377364091841764,na frequência
0.074,0.011900003484798435,na frequência
0.075,-0.00458327385300199,na frequência
0.076,-0.02150774986031532,na frequência
0.077,-0.03717841880663622,na frequência
0.078,-0.04993740231291255,na frequência
0.079,-0.058336331119032914,na frequência
0.08,-0.061296030231723544,na frequência
0.081,-0.05823628103646528,na frequência
0.082,-0.04916069788876382,na frequência
0.083,-0.03468569666474836,na frequência
0.084,-0.016007814008743307,na frequência
0.085,0.005190232822835501,na frequência
0.086,0.026887977664739597,na frequência
0.087,0.04691739222690276,na frequência
0.088,0.06317717460012554,na frequência
0.089,0.0738501813702905,na frequência
0.09,0.0776017686855806,na frequência
0.091,0.07373778121944617,na frequência
0.092,0.06230414807198396,na frequência
0.093,0.04411527303229948,na frequência
0.094,0.020705185720986553,na frequência
0.095,-0.0057968881163940195,na frequência
0.096,-0.03285703375440373,na frequência
0.097,-0.0577765362994621,na frequência
0.098,-0.07795868675913692,na frequência
0.099,-0.09117635014828211,na frequência
0.1,-0.09581299210323355,na frequência
0.101,-0.09105147431349558,na frequência
0.102,-0.07698924746552296,na frequência
0.103,-0.05466525390096062,na frequência
0.104,-0.025992304103256248,na frequência
0.105,0.006401890427152584,na frequência
0.106,0.03941239205052033,na frequência
0.107,0.06975226559058625,na frequência
0.108,0.09427753308864012,na frequência
0.109,0.11030995117672164,na frequência
0.11,0.11592474233500638,na frequência
0.111,0.11017276880959621,na frequência
0.112,0.09321219648362701,na frequência
0.113,0.0663330009840113,na frequência
0.114,0.03186796759537072,na frequência
0.115,-0.007004852627156672,na frequência
0.116,-0.04655206611889804,na frequência
0.117,-0.08284112930611616,na frequência
0.118,-0.11212906881632186,na frequência
0.119,-0.131245527769481,na frequência
0.12,-0.1379312092491973,na frequência
0.121,-0.1310959924868232,na frequência
0.122,-0.11096793747999638,na frequência
0.123,-0.0791144861912928,na frequência
0.124,-0.03832948924728792,na frequência
0.125,0.007606944536301938,na frequência
0.126,0.05427568755694433,na frequência
0.127,0.0970413588867213,na frequência
0.128,0.13151041097565913,na frequência
0.129,0.1539794896398469,na frequência
0.13,0.16182858480305493,na frequência
0.131,0.15381764385816626,na frequência
0.132,0.13025378257375841,na frequência
0.133,0.09300827384324212,na frequência
0.134,0.04537701044193916,na frequência
0.135,-0.00820627134770215,na frequência
0.136,-0.06257960089516174,na frequência
0.137,-0.1123477042807799,na frequência
0.138,-0.15241504141275602,na frequência
0.139,-0.17850450837515738,na frequência
0.14,-0.18760927699811722,na frequência
0.141,-0.1783304508088521,na frequência
0.142,-0.15106334327544918,na frequência
0.143,-0.10800934760564153,na frequência
0.144,-0.053007251390793916,na frequência
0.145,0.008804173474471448,na frequência
0.146,0.07146318793190509,na frequência
0.147,0.12875775724375718,na frequência
0.148,0.1748391039481352,na frequência
0.149,0.20481576387091524,na frequência
0.15,0.21526808159923044,na frequência
0.151,0.20462944430541286,na frequência
0.152,0.17339248367081156,na frequência
0.153,0.12411492149502973,na frequência
0.154,0.061219159247025014,na frequência
0.155,-0.009399761033520096,na frequência
0.156,-0.0809236034480169,na frequência
0.157,-0.1462669057941007,na frequência
0.158,-0.1987765939172773,na frequência
0.159,-0.2329063840977758,na frequência
0.16,-0.24479788604235195,na frequência
0.161,-0.23270793911251975,na frequência
0.162,-0.19723558935588903,na frequência
0.163,-0.141321007174585,na frequência
0.164,-0.07001078263316445,na frequência
0.165,0.009992724489656619,na frequência
0.166,0.09095826470280406,na frequência
0.167,0.16487049751977256,na frequência
0.168,0.22422119152699782,na frequência
0.169,0.2627689460296448,na frequência
0.17,0.27619083673986655,na frequência
0.171,0.26255836756361106,na frequência
0.172,0.2225860690400318,na frequência
0.173,0.15962258602649662,na frequência
0.174,0.07937911807497058,na frequência
0.175,-0.010583808734909753,na frequência
0.176,-0.10156563969857725,na frequência
0.177,-0.18456493453633874,na frequência
0.178,-0.25116765489966275,na frequência
0.179,-0.2943971571066436,na frequência
0.18,-0.3094402982980304,na frequência
0.181,-0.2941745049406229,na frequência
0.182,-0.24943883363994812,na frequência
0.183,-0.1790163287314441,na frequência
0.184,-0.08932305613117403,na frequência
0.185,0.011171654977252374,na frequência
0.186,0.11274189222000199,na frequência
0.187,0.20534413730681034,na frequência
0.188,0.27960811873936736,na frequência
0.189,0.3277820051924528,na frequência
0.19,0.344536871535541,na frequência
0.191,0.32754737259790856,na frequência
0.192,0.27778610177744406,na frequência
0.193,0.1994963205825331,na frequência
0.194,0.0998390440874964,na frequência
0.195,-0.011757183036375367,na frequência
0.196,-0.12448529148328383,na frequência
0.197,-0.2272039640659157,na frequência
0.198,-0.30953650608033473,na frequência
0.199,-0.36291614539621964,na frequência
0.2,-0.38147273840496476,na frequência
0.201,-0.3626695243629832,na frequência
0.202,-0.30762161146977235,na frequência
0.203,-0.22105818277974354,na frequência
0.204,-0.11092510174310397,na frequência
0.205,0.012339695541675182,na frequência
0.206,0.136792450104946,na frequência
0.207,0.25013859561053237,na frequência
0.208,0.34094507217819037,na frequência
0.209,0.39979061454501996,na frequência
0.21,0.4202385577084243,na frequência
0.211,0.3995321333267058,na frequência
0.212,0.33893790698665743,na frequência
0.213,0.24369656750241278,na frequência
0.214,0.12257853199918237,na frequência
0.215,-0.012918945379702111,na frequência
0.216,-0.14966016399698487,na frequência
0.217,-0.27414214292365036,na frequência
0.218,-0.3738257760258584,na frequência
0.219,-0.43839596365203776,na frequência
0.22,-0.46082435649246994,na frequência
0.221,-0.43812564106967683,na frequência
0.222,-0.37172674575825915,na frequência
0.223,-0.2674053233044604,na frequência
0.224,-0.13479584650733387,na frequência
0.225,0.013495447069699554,na frequência
0.226,0.16308595709890475,na frequência
0.227,0.29920942067286216,na frequência
0.228,0.40817127713792434,na frequência
0.229,0.4787234716568477,na frequência
0.23,0.5032209536138359,na frequência
0.231,0.47844138317781965,na frequência
0.232,0.4059809172787931,na frequência
0.233,0.2921794982184852,na frequência
0.234,0.147574943220783,na frequência
0.235,-0.014068135027722938,na frequência
0.236,-0.1770655861762545,na frequência
0.237,-0.3253333096722926,na frequência
0.238,-0.44397216717381394,na frequência
0.239,-0.5207622580411435,na frequência
0.24,-0.5474169654816925,na frequência
0.241,-0.5204685005198166,na frequência
0.242,-0.4416910725752618,na frequência
0.243,-0.3180121002916581,na frequência
0.244,-0.16091181106123026,na frequência
0.245,0.014637701553200535,na frequência
0.246,0.19159640813590345,na frequência
0.247,0.3525081401425975,na frequência
0.248,0.4812203557560773,na frequência
0.249,0.5645026578793942,na frequência
0.25,0.5934021571431422,na frequência
0.251,0.5641972533688117,na frequência
0.252,0.4788489886369114,na frequência
0.253,0.3448972999330785,na frequência
0.254,0.1748036581973611,na frequência
0.255,-0.015203554146033638,na frequência
0.256,-0.20667443395695995,na frequência
0.257,-0.38072685272658346,na frequência
0.258,-0.5199063484652544,na frequência
0.259,-0.6099336261120362,na frequência
0.26,-0.6411649815271201,na frequência
0.261,-0.6096167036981087,na frequência
0.262,-0.5174454012318842,na frequência
0.263,-0.3728284201099117,na frequência
0.264,-0.189247065868729,na frequência
0.265,0.015765492419180523,na frequência
0.266,0.2222958313231648,na frequência
0.267,0.40998232245574584,na frequência
0.268,0.5600203884035132,na frequência
0.269,0.6570436936395998,na frequência
0.27,0.6906933476984061,na frequência
0.271,0.6567152939473223,na frequência
0.272,0.5574703932863236,na frequência
0.273,0.40179813421094035,na frequência
0.274,0.20423799639176832,na frequência
0.275,-0.0163238884980587,na frequência
0.276,-0.23845729118411033,na frequência
0.277,-0.4402679084516656,na frequência
0.278,-0.6015531852608162,na frequência
0.279,-0.7058218712593521,na frequência
0.28,-0.741975694494965,na frequência
0.281,-0.7054820845649798,na frequência
0.282,-0.5989147899649835,na frequência
0.283,-0.43180001178089644,na frequência
0.284,-0.21977348219959064,na frequência
0.285,0.01687786243873165,na frequência
0.286,0.2551540757671296,na frequência
0.287,0.471575383004098,na frequência
0.288,0.6444937342404494,na frequência
0.289,0.7562553675071739,na frequência
0.29,0.7949986166271246,na frequência
0.291,0.7559042979661568,na frequência
0.292,0.6417676303377676,na frequência
0.293,0.4628259279830886,na frequência
0.294,0.23584898340801713,na frequência
0.295,-0.017427966054152217,na frequência
0.296,-0.27238273312572886,na frequência
0.297,-0.5038976660459238,na frequência
0.298,-0.6888320595884121,na frequência
0.299,-0.8083323303500081,na frequência
0.3,-0.8497495936862395,na frequência
0.301,-0.8079700241223711,na frequência
0.302,-0.6860188389963909,na frequência
0.303,-0.49486869093560765,na frequência
0.304,-0.2524609608729082,na frequência
0.305,0.017973673771197015,na frequência
0.306,0.29013866113909254,na frequência
0.307,0.5372264710819938,na frequência
0.308,0.7345569507745674,na frequência
0.309,0.8620396814661082,na frequência
0.31,0.9062149298908461,na frequência
0.311,0.8616662726637024,na frequência
0.312,0.7316573969326001,na frequência
0.313,0.527920337323493,na frequência
0.314,0.26960530203761346,na frequência
0.315,-0.018514821501889756,na frequência
0.316,-0.3084174065163118,na frequência
0.317,-0.571553460213694,na frequência
0.318,-0.7816569699178714,na frequência
0.319,-0.917363972970995,na frequência
0.32,-0.9643804575650027,na frequência
0.321,-0.9169795211470904,na frequência
0.322,-0.7786717332536941,na frequência
0.323,-0.5619723668690746,na frequência
0.324,-0.2872773981400307,na frequência
0.325,0.019051686028614397,na frequência
0.326,0.3272148994098826,na frequência
0.327,0.60687063193212,na frequência
0.328,0.8301209900465103,na frequência
0.329,0.9742920727997137,na frequência
0.33,1.0242323657071748,na frequência
0.331,0.9738966823338273,na frequência
0.332,0.8270508262007655,na frequência
0.333,0.5970169716857986,na frequência
0.334,0.3054734961096632,na frequência
0.335,-0.01958351669851035,na frequência
0.336,-0.3465258751416717,na frequência
0.337,-0.6431686395928085,na frequência
0.338,-0.8799364172968093,na frequência
0.339,-1.0328092978527197,na frequência
0.34,-1.0857552515492706,na frequência
0.341,-1.0324030818719168,na frequência
0.342,-0.876782114909575,na frequência
0.343,-0.6330448903176455,na frequência
0.344,-0.3241885033251187,na frequência
0.345,0.02011077128227255,na frequência
0.346,0.3663461418088698,na frequência
0.347,0.680439081729911,na frequência
0.348,0.931091494770912,na frequência
0.349,1.092901722160707,na frequência
0.35,1.1489344237822225,na frequência
0.351,1.0924847473922823,na frequência
0.352,0.927853765311958,na frequência
0.353,0.6700476415711321,na frequência
0.354,0.34341818075351915,na frequência
0.355,-0.020632971846408804,na frequência
0.356,-0.38667049314126145,na frequência
0.357,-0.7186724794960542,na frequência
0.358,-0.983573351763526,na frequência
0.359,-1.1545543047027815,na frequência
0.36,-1.2137541153736948,na frequência
0.361,-1.154126712347764,na frequência
0.362,-0.9802530706452885,na frequência
0.363,-0.7080160269856712,na frequência
0.364,-0.36315775232455655,na frequência
0.365,0.021149983875586448,na frequência
0.366,0.40749387186616143,na frequência
0.367,0.7578593203747023,na frequência
0.368,1.0373689243072017,na frequência
0.369,1.2177516836813176,na frequência
0.37,1.280198148917114,na frequência
0.371,1.2173135502694732,na frequência
0.372,1.0339668529783745,na frequência
0.373,0.7469403985578202,na frequência
0.374,0.3834020383786847,na frequência
0.375,-0.021662016957521645,na frequência
0.376,-0.42881150375758426,na frequência
0.377,-0.7979903242041477,na frequência
0.378,-1.0924653511793776,na frequência
0.379,-1.2824786999489117,na frequência
0.38,-1.3482505843854473,na frequência
0.381,-1.2820301432729921,na frequência
0.382,-1.088982348467054,na frequência
0.383,-0.7868116563673183,na frequência
0.384,-0.40414656095802365,na frequência
0.385,0.02216841681689879,na frequência
0.386,0.45061759223538195,na frequência
0.387,0.8390550458098363,na frequência
0.388,1.148848490251287,na frequência
0.389,1.3487188329702215,na frequência
0.39,1.4178940808203946,na frequência
0.391,1.3482599758176441,na frequência
0.392,1.1452854397663697,na frequência
0.393,0.827619426474234,na frequência
0.394,0.4253856742736665,na frequência
0.395,-0.022669574944909104,na frequência
0.396,-0.4729072605271698,na frequência
0.397,-0.8810438419313493,na frequência
0.398,-1.2065049022507022,na frequência
0.399,-1.4164561933813034,na frequência
0.4,-1.489111889600406,na frequência
0.401,-1.4159871206133468,na frequência
0.402,-1.202862626592995,na frequência
0.403,-0.8693540083075006,na frequência
0.404,-0.44711448130511144,na frequência
0.405,0.023165050137924376,na frequência
0.406,0.4956747183878737,na frequência
0.407,0.9239460898326242,na frequência
0.408,1.2654201276262829,na frequência
0.409,1.4856738641241032,na frequência
0.41,1.561886265523274,na frequência
0.411,1.4851947250076034,na frequência
0.412,1.2616995924716408,na frequência
0.413,0.9120050265440187,na frequência
0.414,0.46932757531967667,na frequência
0.415,-0.023654733087555554,na frequência
0.416,-0.5189143288077871,na frequência
0.417,-0.967751152407662,na frequência
0.418,-1.325579546625108,na frequência
0.419,-1.556354652398387,na frequência
0.42,-1.6361991079045373,na frequência
0.421,-1.5558655389179812,na frequência
0.422,-1.3217816176511559,na frequência
0.423,-0.9555617276630245,na frequência
0.424,-0.49201921926080733,na frequência
0.425,0.024138784396744425,na frequência
0.426,0.5426206630933637,na frequência
0.427,1.0124485494109456,na frequência
0.428,1.3869686651999655,na frequência
0.429,1.628481488246085,na frequência
0.43,1.7120324693543127,na frequência
0.431,1.627982530882197,na frequência
0.432,1.3830942991278874,na frequência
0.433,1.0000138003159682,na frequência
0.434,0.5151842625599785,na frequência
0.435,-0.024616625466083262,na frequência
0.436,-0.5667874037969451,na frequência
0.437,-1.0580267769615472,na frequência
0.438,-1.4495718557974682,na frequência
0.439,-1.7020360915160717,na frequência
0.44,-1.789367154007529,na frequência
0.441,-1.7015274228569754,na frequência
0.442,-1.445622027551269,na frequência
0.443,-1.045349800129293,na frequência
0.444,-0.5388165198911298,na frequência
0.445,0.02508859946826113,na frequência
0.446,0.5914090388464542,na frequência
0.447,1.104475028025205,na frequência
0.448,1.5133740971991656,na frequência
0.449,1.7770007239317862,na frequência
0.45,1.8681844746072196,na frequência
0.451,1.7764824450961472,na frequência
0.452,1.5093497327354712,na frequência
0.453,1.0915588788162547,na frequência
0.454,0.5629104770385664,na frequência
0.455,-0.02555429532716749,na frequência
0.456,-0.6164792216949028,na frequência
0.457,-1.1517815947536212,na frequência
0.458,-1.5783594247562303,na frequência
0.459,-1.8533566926166194,na frequência
0.46,-1.9484648144208938,na frequência
0.461,-1.8528289612851616,na frequência
0.462,-1.574261576592433,na frequência
0.463,-1.138629549267268,na frequência
0.464,-0.5874601323020971,na frequência
0.465,0.02601362602996651,na frequência
0.466,0.641991765570753,na frequência
0.467,1.199934775095232,na frequência
0.468,1.6445117460088532,na frequência
0.469,1.9310850716327121,na frequência
0.47,2.030188251917137,na frequência
0.471,1.9305479939323968,na frequência
0.472,1.6403413772250517,na frequência
0.473,1.1865500067905377,na frequência
0.474,0.6124592138298591,na frequência
0.475,-0.026466715729310836,na frequência
0.476,-0.667940634999416,na frequência
0.477,-1.2489229681784741,na frequência
0.478,-1.7118150388487052,na frequência
0.479,-2.0101670013466935,na frequência
0.48,-2.113334959308752,na frequência
0.481,-2.009620719665999,na frequência
0.482,-1.7075731982117532,na frequência
0.483,-1.2353088093318016,na frequência
0.484,-0.6379019474840238,na frequência
0.485,0.026913047716043168,na frequência
0.486,0.6943190132644966,na frequência
0.487,1.2987336650612564,na frequência
0.488,1.7802522695035166,na frequência
0.489,2.0905825377530163,na frequência
0.49,2.1978839874952625,na frequência
0.491,2.0900271942781194,na frequência
0.492,1.7759400184653091,na frequência
0.493,1.2848934971154935,na frequência
0.494,0.6637816315049471,na frequência
0.495,-0.027352929211555643,na frequência
0.496,-0.721120800863143,na frequência
0.497,-1.3493549748046023,na frequência
0.498,-1.849806939970255,na frequência
0.499,-2.1723122148449234,na frequência
0.5,-2.283814836848608,na frequência
0.501,-2.171747925370376,na frequência
0.502,-1.8454253002227092,na frequência
0.503,-1.3352921495728487,na frequência
0.504,-0.6900921761433471,na frequência
0.505,0.027785975042207745,na frequência
0.506,0.7483391282360576,na frequência
0.507,1.4007741717234687,na frequência
0.508,1.9204616749615007,na frequência
0.509,2.2553356761485666,na frequência
0.51,2.3711061379643916,na frequência
0.511,2.2547626067166457,na frequência
0.512,1.916011781210319,na frequência
0.513,1.386492239327086,na frequência
0.514,0.7168270233341939,na frequência
0.515,-0.028212118541851634,na frequência
0.516,-0.7759672936433646,na frequência
0.517,-1.452978556776386,na frequência
0.518,-1.9921990035190125,na frequência
0.519,-2.3396323734792537,na frequência
0.52,-2.459736264737235,na frequência
0.521,-2.33905064314641,na frequência
0.522,-1.9876819091931486,na frequência
0.523,-1.4384809746883982,na frequência
0.524,-0.7439793958840846,na frequência
0.525,0.028631456426285323,na frequência
0.526,0.8039987023387475,na frequência
0.527,1.5059554907605128,na frequência
0.528,2.06500148545116,na frequência
0.529,2.425181785375323,na frequência
0.53,2.549683643122801,na frequência
0.531,2.42459154759849,na frequência
0.532,2.0604183249736923,na frequência
0.533,1.4912458659982983,na frequência
0.534,0.7715429443596833,na frequência
0.535,-0.029043524322417743,na frequência
0.536,-0.8324260676096567,na frequência
0.537,-1.5596915240745681,na frequência
0.538,-2.1388507731494975,na frequência
0.539,-2.5119624144332917,na frequência
0.54,-2.6409256876160483,na frequência
0.541,-2.5113638205584694,na frequência
0.542,-2.1342026888304475,na frequência
0.543,-1.5447735033682854,na frequência
0.544,-0.799510480706409,na frequência
0.545,0.029448602397127203,na frequência
0.546,0.8612427504919332,na frequência
0.547,1.6141737650874388,na frequência
0.548,2.2137290029457573,na frequência
0.549,2.5999531958047957,na frequência
0.55,2.7334402209194284,na frequência
0.551,2.599346374880308,na frequência
0.552,2.2090171044993476,na frequência
0.553,1.5990509739229104,na frequência
0.554,0.8278753830143368,na frequência
0.555,-0.029846328595886467,na frequência
0.556,-0.8904413962915516,na frequência
0.557,-1.669388544952238,na frequência
0.558,-2.289617492954209,na frequência
0.559,-2.689132232541618,na frequência
0.56,-2.8272042510279176,na frequência
0.561,-2.6885173586439084,na frequência
0.562,-2.2848429916681243,na frequência
0.563,-1.6540647876619643,na frequência
0.564,-0.856630578373954,na frequência
0.565,0.030236655254988785,na frequência
0.566,0.920014827209854,na frequência
0.567,1.7253222428847474,na frequência
0.568,2.3664974977659563,na frequência
0.569,2.779477476632095,na frequência
0.57,2.922194575749411,na frequência
0.571,2.7788546805763095,na frequência
0.572,2.361661530050586,na frequência
0.573,1.7098012383324566,na frequência
0.574,0.8857688191317379,na frequência
0.575,-0.03061965840006665,na frequência
0.576,-0.9499559376381737,na frequência
0.577,-1.7819612673992635,na frequência
0.578,-2.444350275090888,na frequência
0.579,-2.870966880067489,na frequência
0.58,-3.0183880168141655,na frequência
0.581,-2.870336325479124,na frequência
0.582,-2.4394540541235665,na frequência
0.583,-1.7662468752424563,na frequência
0.584,-0.9152832293764659,na frequência
0.585,0.03099491912163356,na frequência
0.586,0.980257006031743,na frequência
0.587,1.8392913014077852,na frequência
0.588,2.523156266904127,na frequência
0.589,2.963577514971419,na frequência
0.59,3.1157604820672,na frequência
0.591,2.96293936174603,na frequência
0.592,2.518201009453914,na frequência
0.593,1.823387412140915,na frequência
0.594,0.9451661704029043,na frequência
0.595,-0.03136269719274884,na frequência
0.596,-1.010910902970316,na frequência
0.597,-1.8972985397991426,na frequência
0.598,-2.6028963613681677,na frequência
0.599,-3.0572868544897513,na frequência
0.6,-3.214288259815073,na frequência
0.601,-3.056641243592241,na frequência
0.602,-2.597883257248306,na frequência
0.603,-1.881209028610501,na frequência
0.604,-0.975410533620414,na frequência
0.605,0.03172265176930952,na frequência
0.606,1.0419098303523695,na frequência
0.607,1.9559684517533458,na frequência
0.608,2.6835506826335878,na frequência
0.609,3.1520715941990836,na frequência
0.61,3.3139468757466375,na frequência
0.611,3.1514187072123194,na frequência
0.612,2.678481013334279,na frequência
0.613,1.9396973553580932,na frequência
0.614,1.0060087755711198,na frequência
0.615,-0.03207475327364116,na frequência
0.616,-1.0732461768523585,na frequência
0.617,-2.015286576498286,na frequência
0.618,-2.765099323703048,na frequência
0.619,-3.2479083190109885,na frequência
0.62,-3.414711690991115,na frequência
0.621,-3.2472482973487704,na frequência
0.622,-2.7599743009032673,na frequência
0.623,-1.9988378511646239,na frequência
0.624,-1.036953217539018,na frequência
0.625,0.0324190622154999,na frequência
0.626,1.1049123757820378,na frequência
0.627,2.0752384603403664,na frequência
0.628,2.847522362296073,na frequência
0.629,3.3447735971062906,na frequência
0.63,3.51655807297609,na frequência
0.631,3.3441066136049833,na frequência
0.632,2.842343270549578,na frequência
0.633,2.058616194721526,na frequência
0.634,1.0682365071098363,na frequência
0.635,-0.032755200086185696,na frequência
0.636,-1.1369003106921356,na frequência
0.637,-2.1358089992934772,na frequência
0.638,-2.9307991428983753,na frequência
0.639,-3.442643203893651,na frequência
0.64,-3.619460563915245,na frequência
0.641,-3.4419694262558567,na frequência
0.642,-2.9255672664163055,na frequência
0.643,-2.119017304385104,na frequência
0.644,-1.0998505951007644,na frequência
0.645,0.033083411373177225,na frequência
0.646,1.1692024121349132,na frequência
0.647,2.1969835660928663,na frequência
0.648,3.01490942926471,na frequência
0.649,3.5414932950251012,na frequência
0.65,3.7233940692112246,na frequência
0.651,3.5408128748374703,na frequência
0.652,3.0096260297735036,na frequência
0.653,2.1800265416215496,na frequência
0.654,1.1317879338935006,na frequência
0.655,-0.03340337512166119,na frequência
0.656,-1.2018104836703163,na frequência
0.657,-2.2587468549452834,na frequência
0.658,-3.099832271962901,na frequência
0.659,-3.641299300552078,na frequência
0.66,-3.82833278184213,na frequência
0.661,-3.6406124262239645,na frequência
0.662,-3.09449869413135,na frequência
0.663,-2.241628746431135,na frequência
0.664,-1.1640405564081702,na frequência
0.665,0.03371507918594381,na frequência
0.666,1.2347165261246125,na frequência
0.667,2.321083652595113,na frequência
0.668,3.1855467230948156,na frequência
0.669,3.7420365802411646,na frequência
0.67,3.934250775362128,na frequência
0.671,3.741343402618765,na frequência
0.672,3.1801642458117296,na frequência
0.673,2.3038086284376553,na frequência
0.674,1.1966003960506768,na frequência
0.675,-0.03401857264103217,na frequência
0.676,-1.2679125631124417,na frequência
0.677,-2.383978737240202,na frequência
0.678,-3.2720318084385926,na frequência
0.679,-3.8436804683599344,na frequência
0.68,-4.041122120382996,na frequência
0.681,-3.8429811684791644,na frequência
0.682,-3.2666017798224183,na frequência
0.683,-2.3665510900410873,na frequência
0.684,-1.2294596753499603,na frequência
0.685,0.034313513534698824,na frequência
0.686,1.3013901271053823,na frequência
0.687,2.447416304888791,na frequência
0.688,3.3592658961200264,na frequência
0.689,3.9462055867690173,na frequência
0.69,4.148920144312276,na frequência
0.691,3.94550033929206,na frequência
0.692,3.3537896602778745,na frequência
0.693,2.429840341352875,na frequência
0.694,1.2626099785762162,na frequência
0.695,-0.034600135096067464,na frequência
0.696,-1.3351412606501052,na frequência
0.697,-2.5113810014576776,na frequência
0.698,-3.447227755182786,na frequência
0.699,-4.049586925330102,na frequência
0.7,-4.257618528804371,na frequência
0.701,-4.0488758911886364,na frequência
0.702,-3.4417066372918423,na frequência
0.703,-2.493661019550573,na frequência
0.704,-1.2960433688790196,na frequência
0.705,0.03487813530164483,na frequência
0.706,1.3691574168990905,na frequência
0.707,2.57585683828412,na frequência
0.708,3.5358954898570407,na frequência
0.709,4.153798798486343,na frequência
0.71,4.367190292022604,na frequência
0.711,4.153082172117125,na frequência
0.712,3.5303308901974653,na frequência
0.713,2.5579972672356845,na frequência
0.714,1.3297515048645498,na frequência
0.715,-0.035147518981078055,na frequência
0.716,-1.4034302572780413,na frequência
0.717,-2.6408279422208802,na frequência
0.718,-3.6252472389651014,na frequência
0.719,-4.25881549092557,na frequência
0.72,-4.477608377630857,na frequência
0.721,-4.258093431426198,na frequência
0.722,-3.619640495249048,na frequência
0.723,-2.6228331361105783,na frequência
0.724,-1.3637259784919953,na frequência
0.725,0.03540832702699804,na frequência
0.726,1.4379514486739766,na frequência
0.727,2.7062784212177675,na frequência
0.728,3.7152611098724755,na frequência
0.729,4.364611259473896,na frequência
0.73,4.588845723851639,na frequência
0.731,4.363883955020103,na frequência
0.732,3.7096136255835948,na frequência
0.733,2.688152850296983,na frequência
0.734,1.397958640196901,na frequência
0.735,-0.03566025107849474,na frequência
0.736,-1.4727122195704148,na frequência
0.737,-2.77219186357927,na frequência
0.738,-3.8059146225759597,na frequência
0.739,-4.471159723788706,na frequência
0.74,-4.70087460264702,na frequência
0.741,-4.470427355070023,na frequência
0.742,-3.800227793718426,na frequência
0.743,-2.7539400041385793,na frequência
0.744,-1.4324407548208753,na frequência
0.745,0.03590351631311573,na frequência
0.746,1.5077042780737853,na frequência
0.747,2.8385522874151294,na frequência
0.748,3.897185686479191,na frequência
0.749,4.578434866122925,na frequência
0.75,4.813667637965346,na frequência
0.751,4.577697602143834,na frequência
0.752,3.891460892951241,na frequência
0.753,2.8201786083229066,na frequência
0.754,1.4671640480392791,na frequência
0.755,-0.036137838942957766,na frequência
0.756,-1.5429187773403987,na frequência
0.757,-2.905343117767145,na frequência
0.758,-3.989051592754405,na frequência
0.759,-4.686410042246318,na frequência
0.76,-4.927196838373978,na frequência
0.761,-4.685668082576982,na frequência
0.762,-3.983290282422144,na frequência
0.763,-2.886852205562686,na frequência
0.764,-1.5021198556052628,na frequência
0.765,0.03636324042277131,na frequência
0.766,1.578347090201133,na frequência
0.767,2.9725479185752186,na frequência
0.768,4.081489700565611,na frequência
0.769,4.795058618880588,na frequência
0.77,5.041434182762222,na frequência
0.771,4.794312129671017,na frequência
0.772,4.075693261281,na frequência
0.773,2.9539442855198317,na frequência
0.774,1.5372994771926523,na frequência
0.775,-0.03657975610784312,na frequência
0.776,-1.613980581296505,na frequência
0.777,-3.0401502288194355,na frequência
0.778,-4.174477337318492,na frequência
0.779,-4.904353937766134,na frequência
0.78,-5.156351647595213,na frequência
0.781,-4.903603113229497,na frequência
0.782,-4.1686472193923025,na frequência
0.783,-3.021438495424207,na frequência
0.784,-1.5726944455881913,na frequência
0.785,0.036787108870113584,na frequência
0.786,1.6498102248987567,na frequência
0.787,3.1081331259549554,na frequência
0.788,4.267991309137841,na frequência
0.789,5.014268774665942,na frequência
0.79,5.271920616027455,na frequência
0.791,5.013513800517995,na frequência
0.792,4.262128952089096,na frequência
0.793,3.089317910832522,na frequência
0.794,1.6082957559736066,na frequência
0.795,-0.036985518439922566,na frequência
0.796,-1.6858274496804744,na frequência
0.797,-3.1764801025790463,na frequência
0.798,-4.362008805606172,na frequência
0.799,-5.124776268103038,na frequência
0.8,-5.388112826388416,na frequência
0.801,-5.124017320146528,na frequência
0.802,-4.356115635081765,na frequência
0.803,-3.1575660172520585,na frequência
0.804,-1.6440948500808792,na frequência
0.805,0.037174718720076674,na frequência
0.806,1.7220231612807997,na frequência
0.807,3.2451740977992594,na frequência
0.808,4.456506443256838,na frequência
0.809,5.235848978099775,na frequência
0.81,5.504899449127408,na frequência
0.811,5.235086260068306,na frequência
0.812,4.450583946301533,na frequência
0.813,3.2261658586138395,na frequência
0.814,1.680082794116176,na frequência
0.815,-0.037354747526060814,na frequência
0.816,-1.758388496751128,na frequência
0.817,-3.314198213362959,na frequência
0.818,-4.5514609403338415,na frequência
0.819,-5.347459516531612,na frequência
0.82,-5.6222516698064355,na frequência
0.821,-5.346693200410452,na frequência
0.822,-4.5455105459972875,na frequência
0.823,-3.2951004623645943,na frequência
0.824,-1.7162506469380845,na frequência
0.825,0.037525636822841484,na frequência
0.826,1.7949145742748005,na frequência
0.827,3.38353552349063,na frequência
0.828,4.646848986950193,na frequência
0.829,5.459580477440606,na frequência
0.83,5.740140679071113,na frequência
0.831,5.458810762341825,na frequência
0.832,4.640872183545523,na frequência
0.833,3.3643530031366,na frequência
0.834,1.7525896794354157,na frequência
0.835,-0.0376871388171533,na frequência
0.836,-1.831592165908057,na frequência
0.837,-3.453168695439149,na frequência
0.838,-4.742646814657146,na frequência
0.839,-5.572183956837964,na frequência
0.84,-5.858537144005414,na frequência
0.841,-5.571411032446885,na frequência
0.842,-4.736645076518708,na frequência
0.843,-3.4339061384496627,na frequência
0.844,-1.7890906691115154,na frequência
0.845,0.03783946990223756,na frequência
0.846,1.8684124771152781,na frequência
0.847,3.5230808013500994,na frequência
0.848,4.838831037022719,na frequência
0.849,5.685242418176377,na frequência
0.85,5.9774120944761915,na frequência
0.851,5.684466465814512,na frequência
0.852,4.832805826365438,na frequência
0.853,3.503742932884389,na frequência
0.854,1.8257448287764981,na frequência
0.855,-0.03798238124281051,na frequência
0.856,-1.9053662202133521,na frequência
0.857,-3.593254397908248,na frequência
0.858,-4.935377738638293,na frequência
0.859,-5.798727793645169,na frequência
0.86,-6.096736039506265,na frequência
0.861,-5.797949020179093,na frequência
0.862,-4.9293305729671495,na frequência
0.863,-3.5738460357123474,na frequência
0.864,-1.8625430099628324,na frequência
0.865,0.038115926778337084,na frequência
0.866,1.9424443509046083,na frequência
0.867,3.663672228431651,na frequência
0.868,5.032263139741722,na frequência
0.869,5.912612108301052,na frequência
0.87,6.216479547950701,na frequência
0.871,5.911830690318317,na frequência
0.872,5.026195480148158,na frequência
0.873,3.6441981151974208,na frequência
0.874,1.8994760840479799,na frequência
0.875,-0.03824013685200912,na frequência
0.876,-1.9796377978064115,na frequência
0.877,-3.734317009022769,na frequência
0.878,-5.129463439301051,na frequência
0.879,-6.02686738002366,na frequência
0.88,-6.33661320494641,na frequência
0.881,-6.026083520367166,na frequência
0.882,-5.12337680304282,na frequência
0.883,-3.7147819800901747,na frequência
0.884,-1.9365351168933984,na frequência
0.885,0.03835479142209534,na frequência
0.886,2.016937184495363,na frequência
0.887,3.8051711004110964,na frequência
0.888,5.226954437620667,na frequência
0.889,6.141465193884586,na frequência
0.89,6.457107139128006,na frequência
0.891,6.140679085108556,na frequência
0.892,5.220850324894385,na frequência
0.893,3.785579973631885,na frequência
0.894,1.9737107220625418,na frequência
0.895,-0.03846010527827849,na frequência
0.896,-2.0543335504514286,na frequência
0.897,-3.8762172615743715,na frequência
0.898,-5.324712319276551,na frequência
0.899,-6.256377510775061,na frequência
0.9,-6.577931853135339,na frequência
0.901,-6.255589338435845,na frequência
0.902,-5.318592219517996,na frequência
0.903,-3.856574846114061,na frequência
0.904,-2.010993939692438,na frequência
0.905,0.03855584646841169,na frequência
0.906,2.091817470184466,na frequência
0.907,3.9474377727437133,na frequência
0.908,5.422712782965796,na frequência
0.909,6.371575806879187,na frequência
0.91,6.699057375348055,na frequência
0.911,6.370785779898694,na frequência
0.912,5.416578235178236,na frequência
0.913,3.9277489586327468,na frequência
0.914,2.0483754627395894,na frequência
0.915,-0.03864208484587583,na frequência
0.916,-2.129379773748744,na frequência
0.917,-4.018815124959023,na frequência
0.918,-5.520931697107256,na frequência
0.919,-6.487031692306923,na frequência
0.92,-6.82045383858607,na frequência
0.921,-6.486239990629715,na frequência
0.922,-5.514784185102732,na frequência
0.923,-3.999084725825628,na frequência
0.924,-2.0858460299175716,na frequência
0.925,0.03871885056726813,na frequência
0.926,2.1670112578974483,na frequência
0.927,4.090331784682777,na frequência
0.928,5.619344918316725,na frequência
0.929,6.6027167834703615,na frequência
0.93,6.942091406119457,na frequência
0.931,6.601923612479579,na frequência
0.932,5.61318597906246,na frequência
0.933,4.070564699114966,na frequência
0.934,2.1233965597748603,na frequência
0.935,-0.03878595000892458,na frequência
0.936,-2.2047024527991983,na frequência
0.937,-4.161969912095332,na frequência
0.938,-5.7179279620501475,na frequência
0.939,-6.71860232687083,na frequência
0.94,-7.063939849474364,na frequência
0.941,-6.717807880855685,na frequência
0.942,-5.711759112461107,na frequência
0.943,-4.142171013528392,na frequência
0.944,-2.1610175570399615,na frequência
0.945,0.038843597758955115,na frequência
0.946,2.2424442898708286,na frequência
0.947,4.233712061923629,na frequência
0.948,5.816656733267109,na frequência
0.949,6.834659956172516,na frequência
0.95,7.185969328296156,na frequência
0.951,6.833864423637991,na frequência
0.952,5.810479480532655,na frequência
0.953,4.2138862134526285,na frequência
0.954,2.198699946321231,na frequência
0.955,-0.03889157841202254,na frequência
0.956,-2.2802272623036863,na frequência
0.957,-4.305540345719437,na frequência
0.958,-5.915506693274706,na frequência
0.959,-6.950860866247467,na frequência
0.96,-7.30814957409849,na frequência
0.961,-6.950064457057653,na frequência
0.962,-5.9093225887565834,na frequência
0.963,-4.285692480030195,na frequência
0.964,-2.236434319013445,na frequência
0.965,0.03892997751045049,na frequência
0.966,2.318042131084338,na frequência
0.967,4.377437110076562,na frequência
0.968,6.0144535071746255,na frequência
0.969,7.067176426854127,na frequência
0.97,7.430450467209619,na frequência
0.971,7.06637932305804,na frequência
0.972,6.008264047970682,na frequência
0.973,4.357572081625812,na frequência
0.974,2.27421133704893,na frequência
0.975,-0.03895882619982358,na frequência
0.976,-2.355879619343761,na frequência
0.977,-4.44938468155107,na frequência
0.978,-6.113472839840637,na frequência
0.979,-7.183578029805507,na frequência
0.98,-7.552841934967109,na frequência
0.981,-7.182780438120713,na frequência
0.982,-6.107279573271523,na frequência
0.983,-4.429507422151337,na frequência
0.984,-2.3120218299617243,na frequência
0.985,0.038977956102799784,na frequência
0.986,2.393730219813979,na frequência
0.987,4.521365127310402,na frequência
0.988,6.212540070353001,na frequência
0.989,7.300036757802959,na frequência
0.99,7.6752935756385865,na frequência
0.991,7.2992388730960815,na frequência
0.992,6.20634452077954,na frequência
0.993,4.5014805360516466,na frequência
0.994,2.349856249692929,na frequência
0.995,-0.03898758274927787,na frequência
0.996,-2.4315848141890086,na frequência
0.997,-4.593360907769563,na frequência
0.998,-6.311630974935401,na frequência
0.999,-7.416524094431623,na frequência
1.0,-7.797775392034207,na frequência
1.001,-7.415726106871646,na frequência
1.002,-6.3054346577632145,na frequência
1.003,-4.573473871325918,na frequência
1.004,-2.3877054630606542,na frequência
1.005,0.03898750694207189,na frequência
1.006,2.4694338714124147,na frequência
1.007,4.665354074677005,na frequência
1.008,6.410720927515455,na frequência
1.009,7.533011129702352,na frequência
1.01,7.920257004413117,na frequência
1.011,7.532213248957748,na frequência
1.012,6.40452539721096,na frequência
1.013,4.645469538441244,na frequência
1.014,2.4255600174664096,na frequência
1.015,-0.038977829680962424,na frequência
1.016,-2.5072681405172603,na frequência
1.017,-4.737326939028345,na frequência
1.018,-6.509785539775011,na frequência
1.019,-7.649469169257066,na frequência
1.02,-8.04270822588539,na frequência
1.021,-7.648671578226826,na frequência
1.022,-6.5035922972272155,na frequência
1.023,-4.717449767959229,na frequência
1.024,-2.463410554643887,na frequência
1.025,0.03895858403239438,na frequência
1.026,2.5450783294605546,na frequência
1.027,4.809261797812627,na frequência
1.028,6.608800436373245,na frequência
1.029,7.7658695582911905,na frequência
1.03,8.165098934967428,na frequência
1.031,7.765072463813523,na frequência
1.032,6.6026110298370915,na frequência
1.033,4.789396926719601,na frequência
1.034,2.501247873669525,na frequência
1.035,-0.0389296258288325,na frequência
1.036,-2.5828549500300477,na frequência
1.037,-4.881140733582386,na frequência
1.038,-6.707741009613942,na frequência
1.039,-7.882183391767835,na frequência
1.04,-8.28739874186277,na frequência
1.041,-7.881386988114691,na frequência
1.042,-6.701556961555979,na frequência
1.043,-4.8612930570907755,na frequência
1.044,-2.5390624303164597,na frequência
1.045,0.03889117244284779,na frequência
1.046,2.62058889261774,na frequência
1.047,4.95294622274641,na frequência
1.048,6.806583058456511,na frequência
1.049,7.998382181076406,na frequência
1.05,8.409577679496248,na frequência
1.051,7.997586658802536,na frequência
1.052,6.800405882943595,na frequência
1.053,4.933120620662783,na frequência
1.054,2.5768450915893664,na frequência
1.055,-0.038843040549239816,na frequência
1.056,-2.6582706592263152,na frequência
1.057,-5.0246603665651275,na frequência
1.058,-6.905302020052718,na frequência
1.059,-8.114437088502227,na frequência
1.06,-8.53160544319215,na frequência
1.061,-8.113642655928391,na frequência
1.062,-6.899133265351714,na frequência
1.063,-5.00486176691569,na frequência
1.064,-2.614586418695002,na frequência
1.065,0.03878534633488287,na frequência
1.066,2.695891044194513,na frequência
1.067,5.096265549589249,na frequência
1.068,7.0038736029910345,na frequência
1.069,8.230319532314535,na frequência
1.07,8.653451964656352,na frequência
1.071,8.22952637193898,na frequência
1.072,6.99771476428268,na frequência
1.073,5.076498797471207,na frequência
1.074,2.652277090046168,na frequência
1.075,-0.03871812552712628,na frequência
1.076,-2.733440798658653,na frequência
1.077,-5.167744149566154,na frequência
1.078,-7.10227354328857,na frequência
1.079,-8.34600098915098,na frequência
1.08,-8.775087260782172,na frequência
1.081,-8.345209306718193,na frequência
1.082,-7.096126160337399,na frequência
1.083,-5.148014152540263,na frequência
1.084,-2.68990793278145,na frequência
1.085,0.03864125720775474,na frequência
1.086,2.7709105100618077,na frequência
1.087,5.239078372960058,na frequência
1.088,7.200477396211098,na frequência
1.089,8.461452742439963,na frequência
1.09,8.896481139043692,na frequência
1.091,8.460662730450197,na frequência
1.092,7.19434298024309,na frequência
1.093,5.2193899910684785,na frequência
1.094,2.7274694632905994,na frequência
1.095,-0.038554961300997434,na frequência
1.096,-2.808291135689479,na frequência
1.097,-5.310250822218439,na frequência
1.098,-7.298461134633131,na frequência
1.099,-8.576646508946066,na frequência
1.1,-9.017603849114575,na frequência
1.101,-8.575858357073002,na frequência
1.102,-7.292341188857515,na frequência
1.103,-5.290608898037699,na frequência
1.104,-2.764952606659736,na frequência
1.105,0.03845906998711693,na frequência
1.106,2.8455732677605856,na frequência
1.107,5.381243757164184,na frequência
1.108,7.396200409171254,na frequência
1.109,8.691553699932161,na frequência
1.11,9.13842534724005,na frequência
1.111,8.69076761399113,na frequência
1.112,7.390096466362264,na frequência
1.113,5.361653171346823,na frequência
1.114,2.802347995559185,na frequência
1.115,-0.03835371434415747,na frequência
1.116,-2.8827478029802043,na frequência
1.117,-5.452039744695889,na frequência
1.118,-7.493671175154673,na frequência
1.119,-8.806146022460487,na frequência
1.12,-9.258915868932322,na frequência
1.121,-8.805362183309175,na frequência
1.122,-7.487584715336593,na frequência
1.123,-5.432505292260545,na frequência
1.124,-2.839646401898765,na frequência
1.125,0.038238933309773834,na frequência
1.126,2.91980559356943,na frequência
1.127,5.522621352958782,na frequência
1.128,7.590849430650233,na frequência
1.129,8.920395261661248,na frequência
1.13,9.379045755603212,na frequência
1.131,8.919613872743021,na frequência
1.132,7.5847819757251065,na frequência
1.133,5.503147884140349,na frequência
1.134,2.8768387390133157,na frequência
1.135,-0.03811462832410736,na frequência
1.136,-2.95673735897215,na frequência
1.137,-5.592971020302209,na frequência
1.138,-7.687711042828427,na frequência
1.139,-9.0342730646761,na frequência
1.14,-9.498785196318137,na frequência
1.141,-9.033494315545244,na frequência
1.142,-7.6816640834891325,na frequência
1.143,-5.573563330631156,na frequência
1.144,-2.9139156405008233,na frequência
1.145,0.03798102238247219,na frequência
1.146,2.993534180984279,na frequência
1.147,5.6630715843221,na frequência
1.148,7.784232308436661,na frequência
1.149,9.14775152980915,na frequência
1.15,9.618104842666938,na frequência
1.151,9.146975608009202,na frequência
1.152,7.778207327607196,na frequência
1.153,5.643734449048118,na frequência
1.154,2.9508681469780393,na frequência
1.155,-0.03783796278475007,na frequência
1.156,-3.0301867987065236,na frequência
1.157,-5.732905571529844,na frequência
1.158,-7.8803892405221125,na frequência
1.159,-9.260802492498089,na frequência
1.16,-9.736975096080325,na frequência
1.161,-9.260029600185197,na frequência
1.162,-7.874387746263196,na frequência
1.163,-5.713643794182133,na frequência
1.164,-2.9876870197676255,na frequência
1.165,0.03768559515255021,na frequência
1.166,3.066686267690838,na frequência
1.167,5.802455838902021,na frequência
1.168,7.976158189539421,na frequência
1.169,9.37339812306522,na frequência
1.17,9.855366679305613,na frequência
1.171,9.372628438233466,na frequência
1.172,7.970181637377676,na frequência
1.173,5.783274134532815,na frequência
1.174,3.024363180642024,na frequência
1.175,-0.03752396203225923,na frequência
1.176,-3.1030235983878347,na frequência
1.177,-5.87170525330392,na frequência
1.178,-8.071515564532858,na frequência
1.179,-9.4855106901289,na frequência
1.18,-9.973250442257376,na frequência
1.181,-9.484744412727448,na frequência
1.182,-8.065565449246488,na frequência
1.183,-5.8526083850990585,na frequência
1.184,-3.0608876865706582,na frequência
1.185,0.03735298635817283,na frequência
1.186,3.1391896979379994,na frequência
1.187,5.940636591676874,na frequência
1.188,8.16643769175857,na frequência
1.189,9.597112377708061,na frequência
1.19,10.090597137715859,na frequência
1.191,9.596349693182567,na frequência
1.192,8.16051547432805,na frequência
1.193,5.921629261104432,na frequência
1.194,3.0972513443660272,na frequência
1.195,-0.03717289456591262,na frequência
1.196,-3.1751758293721095,na frequência
1.197,-6.009233034307671,na frequência
1.198,-8.260901339687848,na frequência
1.199,-9.708175839356247,na frequência
1.2,-10.207378001782798,na frequência
1.201,-9.707416931894409,na frequência
1.202,-8.255008473469822,na frequência
1.203,-5.990319919639723,na frequência
1.204,-3.133445366855401,na frequência
1.205,0.0369835486430177,na frequência
1.206,3.210972934469757,na frequência
1.207,6.077477480904629,na frequência
1.208,8.35488303054602,na frequência
1.209,9.818673507274285,na frequência
1.21,10.323564062590386,na frequência
1.211,9.817918574231957,na frequência
1.212,8.34902098979929,na frequência
1.213,6.058663279242933,na frequência
1.214,3.169460700365066,na frequência
1.215,-0.036785108371302666,na frequência
1.216,-3.2465722831942623,na frequência
1.217,-6.145353184536556,na frequência
1.218,-8.44835965594305,na frequência
1.219,-9.928578186745336,na frequência
1.22,-10.439126710643588,na frequência
1.221,-9.927827402053662,na frequência
1.222,-8.442529862518812,na frequência
1.223,-6.12664250159036,na frequência
1.224,-3.2052884720991655,na frequência
1.225,0.036577620148541976,na frequência
1.226,3.2819651002557806,na frequência
1.227,6.212843417125161,na frequência
1.228,8.541308182146237,na frequência
1.229,10.037862801738111,na frequência
1.23,10.554037485053088,na frequência
1.231,10.037116360680383,na frequência
1.232,8.535512094604393,na frequência
1.233,6.194240899844765,na frequência
1.234,3.2409199390515036,na frequência
1.235,-0.03636102756958815,na frequência
1.236,-3.317142535192678,na frequência
1.237,-6.279931398984743,na frequência
1.238,-8.633705539007737,na frequência
1.239,-10.146500243160773,na frequência
1.24,-10.668267881117576,na frequência
1.241,-10.145758325931055,na frequência
1.242,-8.627944579608648,na frequência
1.243,-6.261441625787649,na frequência
1.244,-3.2763461363267594,na frequência
1.245,0.03613556072429174,na frequência
1.246,3.352096087749321,na frequência
1.247,6.346600758400149,na frequência
1.248,8.725529111549356,na frequência
1.249,10.25446388999389,na frequência
1.25,10.781789898340854,na frequência
1.251,10.253726676228204,na frequência
1.252,8.71980469500117,na frequência
1.253,6.32822828155559,na frequência
1.254,3.3115585045120413,na frequência
1.255,-0.03590109582540286,na frequência
1.256,-3.386816956982744,na frequência
1.257,-6.4128348725263855,na frequência
1.258,-8.816756074816304,na frequência
1.259,-10.361726940134611,na frequência
1.26,-10.894575369223434,na frequência
1.261,-10.360994621267821,na frequência
1.262,-8.8110696326778,na frequência
1.263,-6.394584254033948,na frequência
1.264,-3.3465482301272482,na frequência
1.265,0.0356578063734172,na frequência
1.266,3.4212966815476564,na frequência
1.267,6.478617494142123,na frequência
1.268,8.907364004320687,na frequência
1.269,10.468263001674005,na frequência
1.27,11.006596528502223,na frequência
1.271,10.467535746405508,na frequência
1.272,8.901716915808121,na frequência
1.273,6.460493201681689,na frequência
1.274,3.3813067002049384,na frequência
1.275,-0.035405742736759026,na frequência
1.276,-3.455526755018194,na frequência
1.277,-6.543932403955343,na frequência
1.278,-8.997330566249385,na frequência
1.279,-10.57404582163583,na frequência
1.28,-11.117825780808404,na frequência
1.281,-10.573323819440457,na frequência
1.282,-8.991724244833556,na frequência
1.283,-6.525938939772189,na frequência
1.284,-3.41582542679412,na frequência
1.285,0.03514486833578004,na frequência
1.286,3.48949862266289,na frequência
1.287,6.608763367825412,na frequência
1.288,9.086633434962833,na frequência
1.289,10.679049163592554,na frequência
1.29,11.228235538303373,na frequência
1.291,10.678332588296653,na frequência
1.292,9.08106925540454,na frequência
1.293,6.590905159041361,na frequência
1.294,3.4500957270664374,na frequência
1.295,-0.03487541700582985,na frequência
1.296,-3.523204074863792,na frequência
1.297,-6.6730945644904525,na frequência
1.298,-9.175250752974978,na frequência
1.299,-10.783247297579354,na frequência
1.3,-11.337798738005528,na frequência
1.301,-10.782536323107673,na frequência
1.302,-9.16973008250725,na frequência
1.303,-6.655376009147955,na frequência
1.304,-3.484109323471879,na frequência
1.305,0.034597278668941994,na frequência
1.306,3.5566346209940463,na frequência
1.307,6.736909949876519,na frequência
1.308,9.26316048777753,na frequência
1.309,10.886614351403635,na frequência
1.31,11.446488189485242,na frequência
1.311,10.885909162178244,na frequência
1.312,9.257684706608709,na frequência
1.313,6.719335447007808,na frequência
1.314,3.5178576963956254,na frequência
1.315,-0.034310640063218975,na frequência
1.316,-3.589782121075575,na frequência
1.317,-6.80019387706856,na frequência
1.318,-9.350341037381586,na frequência
1.319,-10.989124898934856,na frequência
1.32,-11.554277143059908,na frequência
1.321,-10.988425657291504,na frequência
1.322,-9.344911473405668,na frequência
1.323,-6.782767728502855,na frequência
1.324,-3.5513325455957596,na frequência
1.325,0.03401555551523559,na frequência
1.326,3.622638390381435,na frequência
1.327,6.862930736037791,na frequência
1.328,9.43677090615555,na frequência
1.329,11.090753672760096,na frequência
1.33,11.661139039744567,na frequência
1.331,11.090060561258168,na frequência
1.332,9.431388919161538,na frequência
1.333,6.845657271738267,na frequência
1.334,3.5845256915046058,na frequência
1.335,-0.03371200744373569,na frequência
1.336,-3.6551952215491057,na frequência
1.337,-6.9251049371260205,na frequência
1.338,-9.522428649417716,na frequência
1.339,-11.191475469636366,na frequência
1.34,-11.767047377378244,na frequência
1.341,-11.190788654653202,na frequência
1.342,-9.517095558171244,na frequência
1.343,-6.907988405592961,na frequência
1.344,-3.6174287855078475,na frequência
1.345,0.0334002333905366,na frequência
1.346,3.6874447476277523,na frequência
1.347,6.986701308488379,na frequência
1.348,9.607293303352632,na frequência
1.349,11.291265610699615,na frequência
1.35,11.871976198744656,na frequência
1.351,11.2905852593318,na frequência
1.352,9.602010419092032,na frequência
1.353,6.969745926286063,na frequência
1.354,3.6500338842276996,na frequência
1.355,-0.03308013643539216,na frequência
1.356,-3.719378839473813,na frequência
1.357,-7.047704482612434,na frequência
1.358,-9.691343762666664,na frequência
1.359,-11.39009931216866,na frequência
1.36,-11.975899457174446,na frequência
1.361,-11.389425600769401,na frequência
1.362,-9.68611240590179,na frequência
1.363,-7.030914458924049,na frequência
1.364,-3.6823328137593356,na frequência
1.365,0.03275191601307597,na frequência
1.366,3.750989729199133,na frequência
1.367,7.10809950981901,na frequência
1.368,9.774559381436472,na frequência
1.369,11.487952270754217,na frequência
1.37,12.078791583705273,na frequência
1.371,11.48728535420724,na frequência
1.372,9.769380820376973,na frequência
1.373,7.0914789538374725,na frequência
1.374,3.7143176376289935,na frequência
1.375,-0.032415630293381306,na frequência
1.376,-3.7822696045451143,na frequência
1.377,-7.167871485977695,na frequência
1.378,-9.85691963521714,na frequência
1.379,-11.584800360946176,na frequência
1.38,-12.180627220114939,na frequência
1.381,-11.584140413831374,na frequência
1.382,-9.85179516770857,na frequência
1.383,-7.151424528869177,na frequência
1.384,-3.7459805359798324,na frequência
1.385,0.03207127984858284,na frequência
1.386,3.8132106551143012,na frequência
1.387,7.227005560974807,na frequência
1.388,9.93840409140014,na frequência
1.389,11.680619566932117,na frequência
1.39,12.281381112135499,na frequência
1.391,11.679966747138323,na frequência
1.392,9.93333497205405,na frequência
1.393,7.210736246381209,na frequência
1.394,3.7773135445808648,na frequência
1.395,-0.031719105785862386,na frequência
1.396,-3.843805406464427,na frequência
1.397,-7.285487307271055,na frequência
1.398,-10.018992810442448,na frequência
1.399,-11.77538641445302,na frequência
1.4,-12.381028569692697,na frequência
1.401,-11.774740881180168,na frequência
1.402,-10.01398028634162,na frequência
1.403,-7.269399644165823,na frequência
1.404,-3.808309104442658,na frequência
1.405,0.03135902373647853,na frequência
1.406,3.8740461398936676,na frequência
1.407,7.343302127548048,na frequência
1.408,10.098665743323512,na frequência
1.409,11.869077359929655,na frequência
1.41,12.479544849509427,na frequência
1.411,11.868439280449516,na frequência
1.412,10.09371106728647,na frequência
1.413,7.32740010953491,na frequência
1.414,3.8389594370517583,na frequência
1.415,-0.03099124525064601,na frequência
1.416,-3.9039255080762696,na frequência
1.417,-7.400435862043301,na frequência
1.418,-10.177403327913009,na frequência
1.419,-11.961669373114844,na frequência
1.42,-12.576905721269881,na frequência
1.421,-11.961038893820673,na frequência
1.422,-10.172507700478578,na frequência
1.423,-7.384723380092688,na frequência
1.424,-3.8692570185877684,na frequência
1.425,0.03061583211328426,na frequência
1.426,3.9334361196017844,na frequência
1.427,7.456874404710835,na frequência
1.428,10.255186137870227,na frequência
1.429,12.053139619598422,na frequência
1.43,12.673087184386274,na frequência
1.431,12.052516906075663,na frequência
1.432,10.250350787060796,na frequência
1.433,7.441355365902934,na frequência
1.434,3.8991944379056225,na frequência
1.435,-0.03023280220219457,na frequência
1.436,-3.9625706082948895,na frequência
1.437,-7.512603735591598,na frequência
1.438,-10.331994877641508,na frequência
1.439,-12.14346541802835,na frequência
1.44,-12.768065387108098,na frequência
1.441,-12.14285061868624,na frequência
1.442,-10.327220986143896,na frequência
1.443,-7.497281953724692,na frequência
1.444,-3.9287641630498933,na frequência
1.445,0.029842399937248503,na frequência
1.446,3.9913219395572663,na frequência
1.447,7.567610261669346,na frequência
1.448,10.407810756165516,na frequência
1.449,12.232624644754573,na frequência
1.45,12.86181705999858,na frequência
1.451,12.232017909882668,na frequência
1.452,10.403099499153459,na frequência
1.453,7.552489513311365,na frequência
1.454,3.9579590672191007,na frequência
1.455,-0.029444552858393442,na frequência
1.456,-4.0196828515914955,na frequência
1.457,-7.621880244732559,na frequência
1.458,-10.482614903263427,na frequência
1.459,-12.32059514056063,na frequência
1.46,-12.954318914779998,na frequência
1.461,-12.319996627386972,na frequência
1.462,-10.477967458276815,na frequência
1.463,-7.606964283489154,na frequência
1.464,-3.986771814522527,na frequência
1.465,0.029039483993021066,na frequência
1.466,4.047646463536872,na frequência
1.467,7.675400402774104,na frequência
1.468,10.556388961676221,na frequência
1.469,12.407355290631664,na frequência
1.47,13.04554820949896,na frequência
1.471,12.406765136076494,na frequência
1.472,10.551806454021213,na frequência
1.473,7.660692877163123,na frequência
1.474,4.015195340194121,na frequência
1.475,-0.028627258427076707,na frequência
1.476,-4.075205850548934,na frequência
1.477,-7.728157515027673,na frequência
1.478,-10.629114723241836,na frequência
1.479,-12.492883692818816,na frequência
1.48,-13.135482449625396,na frequência
1.481,-12.492302052513496,na frequência
1.482,-10.624598303668497,na frequência
1.483,-7.713662084136088,na frequência
1.484,-4.043222688200545,na frequência
1.485,0.028207910470288585,na frequência
1.486,4.102354135273388,na frequência
1.487,7.780138477260725,na frequência
1.488,10.700774147511911,na frequência
1.489,12.577159139110565,na frequência
1.49,13.224099331979714,na frequência
1.491,12.576586151048682,na frequência
1.492,10.696324919447989,na frequência
1.493,7.765858701464962,na frequência
1.494,4.07084680415637,na frequência
1.495,-0.027781687517594328,na frequência
1.496,-4.129084767518136,na frequência
1.497,-7.831330615994525,na frequência
1.498,-10.771349708980695,na frequência
1.499,-12.660160994092497,na frequência
1.5,-13.311377152454138,na frequência
1.501,-12.659596798700207,na frequência
1.502,-10.76696876839196,na frequência
1.503,-7.8172700160916655,na frequência
1.504,-4.098061038556814,na frequência
1.505,0.027348528322271956,na frequência
1.506,4.155390986051257,na frequência
1.507,7.881721135750154,na frequência
1.508,10.840823831615772,na frequência
1.509,12.741868618534998,na frequência
1.51,13.397294220399063,na frequência
1.511,12.741313362090581,na frequência
1.512,10.8365122736296,na frequência
1.513,7.86788320239277,na frequência
1.514,4.124858542608245,na frequência
1.515,-0.026908666712924686,na frequência
1.516,-4.181266419541602,na frequência
1.517,-7.931297714745575,na frequência
1.518,-10.909179476727067,na frequência
1.519,-12.822261946771318,na frequência
1.52,-13.481829422819553,na frequência
1.521,-12.821715755800888,na frequência
1.522,-10.904938344325267,na frequência
1.523,-7.917685831273566,na frequência
1.524,-4.151232754242469,na frequência
1.525,0.026462170665657134,na frequência
1.526,4.206704652472307,na frequência
1.527,7.980048099148542,na frequência
1.528,10.976399766809458,na frequência
1.529,12.901321141157066,na frequência
1.53,13.564961910292215,na frequência
1.531,12.90078416044004,na frequência
1.532,10.972230126497173,na frequência
1.533,7.966665654277583,na frequência
1.534,4.1771772160391825,na frequência
1.535,-0.026009090039865783,na frequência
1.536,-4.231699337987526,na frequência
1.537,-8.027960180470794,na frequência
1.538,-11.042468026922535,na frequência
1.539,-12.979026596906849,na frequência
1.54,-13.646671064801987,na frequência
1.541,-12.978498953146309,na frequência
1.542,-11.038370896016641,na frequência
1.543,-8.014810459130317,na frequência
1.544,-4.202685393612459,na frequência
1.545,0.025549674772875747,na frequência
1.546,4.256244451803276,na frequência
1.547,8.07502228404546,na frequência
1.548,11.107368106320308,na frequência
1.549,13.055359295229634,na frequência
1.55,13.726936882550607,na frequência
1.551,13.054841118100681,na frequência
1.552,11.103344494778012,na frequência
1.553,8.06210852948859,na frequência
1.554,4.22775115687913,na frequência
1.555,-0.025083874102644538,na frequência
1.556,-4.280333773858656,na frequência
1.557,-8.121222634965063,na frequência
1.558,-11.17108383046298,na frequência
1.559,-13.13030024315087,na frequência
1.56,-13.805739403306163,na frequência
1.561,-13.129791667138623,na frequência
1.562,-11.167134744363375,na frequência
1.563,-8.10854805354261,na frequência
1.564,-4.252368185604631,na frequência
1.565,0.024611931930269452,na frequência
1.566,4.303961482293444,na frequência
1.567,8.166549948244958,na frequência
1.568,11.233599584824129,na frequência
1.569,13.203831048347014,na frequência
1.57,13.883059273619905,na frequência
1.571,13.203332188730077,na frequência
1.572,11.229725978247066,na frequência
1.573,8.154117637038047,na frequência
1.574,4.276530461013413,na frequência
1.575,-0.024133918639488827,na frequência
1.576,-4.32712171048292,na frequência
1.577,-8.210993012620314,na frequência
1.578,-11.294899926767798,na frequência
1.579,-13.275933560211598,na frequência
1.58,-13.95887741801503,na frequência
1.581,-13.275444550086018,na frequência
1.582,-11.291102775520093,na frequência
1.583,-8.198806069262021,na frequência
1.584,-4.3002320646556855,na frequência
1.585,0.023649898730759324,na frequência
1.586,4.349808680545425,na frequência
1.587,8.254540789293747,na frequência
1.588,11.354969648912814,na frequência
1.589,13.346589897252873,na frequência
1.59,14.033175029910133,na frequência
1.591,13.346110851222624,na frequência
1.592,11.351249877873496,na frequência
1.593,8.242602202930795,na frequência
1.594,4.323467021425992,na frequência
1.595,-0.023160124180258285,na frequência
1.596,-4.372016932311998,na frequência
1.597,-8.297182675477073,na frequência
1.598,-11.413794075954725,na frequência
1.599,-13.415782775680594,na frequência
1.6,-14.105933930274826,na frequência
1.601,-13.415313811853828,na frequência
1.602,-11.410152602812067,na frequência
1.603,-8.285495391771372,na frequência
1.604,-4.346229759563804,na frequência
1.605,0.022664553934165967,na frequência
1.606,4.393740824173756,na frequência
1.607,8.338907988388204,na frequência
1.608,11.471358533553845,na frequência
1.609,13.483494964890669,na frequência
1.61,14.177136011407626,na frequência
1.611,13.483036205183781,na frequência
1.612,11.467796269242331,na frequência
1.613,8.327474909778775,na frequência
1.614,4.368514525570986,na frequência
1.615,-0.022163441205327646,na frequência
1.616,-4.414975120329334,na frequência
1.617,-8.379706550057973,na frequência
1.618,-11.52764892820408,na frequência
1.619,-13.549709859827999,na frequência
1.62,-14.246763799196279,na frequência
1.621,-13.549261407490516,na frequência
1.622,-11.524166731877768,na frequência
1.623,-8.368530468060033,na frequência
1.624,-4.390315881274107,na frequência
1.625,0.021656858220158327,na frequência
1.626,4.435714539155922,na frequência
1.627,8.419568260921046,na frequência
1.628,11.5826513474285,na frequência
1.629,13.614411108978171,na frequência
1.63,14.314800109933561,na frequência
1.631,13.61397308466366,na frequência
1.632,11.579250098302035,na frequência
1.633,8.408651963168785,na frequência
1.634,4.41162848414652,na frequência
1.635,-0.021144883203076992,na frequência
1.636,-4.455953906795244,na frequência
1.637,-8.458483219303522,na frequência
1.638,-11.636352144488331,na frequência
1.639,-13.677582663664309,na frequência
1.64,-14.381228063649976,na frequência
1.641,-13.677155169141056,na frequência
1.642,-11.633032669240176,na frequência
1.643,-8.447829380640442,na frequência
1.644,-4.432446954266198,na frequência
1.645,0.020627769585139528,na frequência
1.646,4.47568836185691,na frequência
1.647,8.496441960691433,na frequência
1.648,11.68873821104602,na frequência
1.649,13.739209082721285,na frequência
1.65,14.446031419238519,na frequência
1.651,13.738792223790142,na frequência
1.652,11.685501329412913,na frequência
1.653,8.486053210989269,na frequência
1.654,4.452766313617642,na frequência
1.655,-0.02010548521619519,na frequência
1.656,-4.494912874925739,na frequência
1.657,-8.53343495927085,na frequência
1.658,-11.73979646243796,na frequência
1.659,-13.799275003178535,na frequência
1.66,-14.509194032227864,na frequência
1.661,-13.798868888484508,na frequência
1.662,-11.736642984691303,na frequência
1.663,-8.523313879307654,na frequência
1.664,-4.472581410113946,na frequência
1.665,0.019578291814978166,na frequência
1.666,4.513622829250023,na frequência
1.667,8.56945320750096,na frequência
1.668,11.78951441368079,na frequência
1.669,13.857765710181857,na frequência
1.67,14.570700416075628,na frequência
1.671,13.857370430240897,na frequência
1.672,11.786445098615577,na frequência
1.673,8.559602265810648,na frequência
1.674,4.491887419957745,na frequência
1.675,-0.01904626282722735,na frequência
1.676,-4.531813560662104,na frequência
1.677,-8.604487779741845,na frequência
1.678,-11.837879768258322,na frequência
1.679,-13.914666752215142,na frequência
1.68,-14.630535384947017,na frequência
1.681,-13.914282414556025,na frequência
1.682,-11.83489539319854,na frequência
1.683,-8.594909436955044,na frequência
1.684,-4.510679609887524,na frequência
1.685,0.018509489259249313,na frequência
1.686,4.549480530711423,na frequência
1.687,8.638529971923232,na frequência
1.688,11.88488052359263,na frequência
1.689,13.969964011694309,na frequência
1.69,14.688684088839457,na frequência
1.691,13.969590704589686,na frequência
1.692,11.881981811854423,na frequência
1.693,8.629226571990404,na frequência
1.694,4.528953227447181,na frequência
1.695,-0.01796822535703737,na frequência
1.696,-4.566619507713162,na frequência
1.697,-8.671571517140638,na frequência
1.698,-11.930505220138036,na frequência
1.699,-14.023643986306283,na frequência
1.7,-14.745132325742542,na frequência
1.701,-14.02328180258915,na frequência
1.702,-11.927692888435832,na frequência
1.703,-8.662545357903575,na frequência
1.704,-4.546703920109227,na frequência
1.705,0.017422447029091112,na frequência
1.706,4.58322610442325,na frequência
1.707,8.703604104263677,na frequência
1.708,11.97474244258312,na frequência
1.709,14.075693274459196,na frequência
1.71,14.799866013004282,na frequência
1.711,14.075342308878477,na frequência
1.712,11.972017195619438,na frequência
1.713,8.694857429061122,na frequência
1.714,4.56392716814221,na frequência
1.715,-0.016872423668074028,na frequência
1.716,-4.599296352343727,na frequência
1.717,-8.734619952410235,na frequência
1.718,-12.01758139208975,na frequência
1.719,-14.126099142819546,na frequência
1.72,-14.852871747675847,na frequência
1.721,-14.125759472534252,na frequência
1.722,-12.014943883491787,na frequência
1.723,-8.72615489137943,na frequência
1.724,-4.580618792168448,na frequência
1.725,0.016318229247655424,na frequência
1.726,4.614826233345146,na frequência
1.727,8.764611364788232,na frequência
1.728,12.059011463873237,na frequência
1.729,14.174849128991317,na frequência
1.73,14.90413643550759,na frequência
1.731,14.174520847803423,na frequência
1.732,12.056462364403453,na frequência
1.733,8.756430036566796,na frequência
1.734,4.596774697702035,na frequência
1.735,-0.01575996661017094,na frequência
1.736,-4.629811871926034,na frequência
1.737,-8.793570888101144,na frequência
1.738,-12.099022372971048,na frequência
1.739,-14.221931132926839,na frequência
1.74,-14.953647347374403,na frequência
1.741,-14.221614315034245,na frequência
1.742,-12.096562298053072,na frequência
1.743,-8.785675291189207,na frequência
1.744,-4.612390788231741,na frequência
1.745,0.01519789010838489,na frequência
1.746,4.644249693090881,na frequência
1.747,8.82149150494709,na frequência
1.748,12.137604380232657,na frequência
1.749,14.2673336753854,na frequência
1.75,15.001392408914608,na frequência
1.751,14.267028400077205,na frequência
1.752,12.135233939132169,na frequência
1.753,8.813883590977062,na frequência
1.754,4.627463364570976,na frequência
1.755,-0.014631982844382174,na frequência
1.756,-4.658135977810196,na frequência
1.757,-8.848366169126551,na frequência
1.758,-12.174747809100092,na frequência
1.759,-14.31104539781923,na frequência
1.76,-15.047359685180668,na frequência
1.761,-14.310751745405007,na frequência
1.762,-12.172467596687198,na frequência
1.763,-8.841047830287916,na frequência
1.764,-4.641988566381492,na frequência
1.765,0.014062521016759824,na frequência
1.766,4.671467431061704,na frequência
1.767,8.874188375101777,na frequência
1.768,12.210443614128282,na frequência
1.769,14.353055627543105,na frequência
1.77,15.091537940022624,na frequência
1.771,14.352773661286236,na frequência
1.772,12.208254174706612,na frequência
1.773,8.867161389812951,na frequência
1.774,4.655962884816101,na frequência
1.775,-0.013489578389364565,na frequência
1.776,-4.684240705308628,na frequência
1.777,-8.898951702226501,na frequência
1.778,-12.24468294755419,na frequência
1.779,-14.393353968087023,na frequência
1.78,-15.133916251540569,na frequência
1.781,-14.393083767545791,na frequência
1.782,-12.242584841311622,na frequência
1.783,-8.892217834252113,na frequência
1.784,-4.669382889682236,na frequência
1.785,0.012913268675970563,na frequência
1.786,4.696452611506318,na frequência
1.787,8.922649993489987,na frequência
1.788,12.277457304947927,na frequência
1.789,14.43193041099614,na frequência
1.79,15.174484089371393,na frequência
1.791,14.431672035798574,na frequência
1.792,12.275451035546288,na frequência
1.793,8.91621088344536,na frequência
1.794,4.6822451648921195,na frequência
1.795,-0.012333845585361597,na frequência
1.796,-4.708100254243499,na frequência
1.797,-8.94527752514435,na frequência
1.798,-12.308758728515587,na frequência
1.799,-14.468775571816872,na frequência
1.8,-15.213231582206829,na frequência
1.801,-14.46852908721901,na frequência
1.802,-12.306844794014843,na frequência
1.803,-8.939134766418537,na frequência
1.804,-4.694546688408975,na frequência
1.805,0.011751298515463466,na frequência
1.806,4.71918060463657,na frequência
1.807,8.966828558373097,na frequência
1.808,12.338579339132709,na frequência
1.809,14.503880204109578,na frequência
1.81,15.250149015438973,na frequência
1.811,14.503645675524051,na frequência
1.812,12.33675822097687,na frequência
1.813,8.96098368045042,na frequência
1.814,4.706284282238136,na frequência
1.815,-0.011165909586257284,na frequência
1.816,-4.729691062237529,na frequência
1.817,-8.987297903837472,na frequência
1.818,-12.36691190122017,na frequência
1.819,-14.53723576229844,na frequência
1.82,-15.28522738960444,na frequência
1.821,-14.53701323864264,na frequência
1.822,-12.36518403091258,na frequência
1.823,-8.981752322271674,na frequência
1.824,-4.717455130093054,na frequência
1.825,0.010577751559162773,na frequência
1.826,4.7396289704633165,na frequência
1.827,9.006680456405718,na frequência
1.828,12.393749378430993,na frequência
1.829,14.568833979844033,na frequência
1.83,15.318458022458005,na frequência
1.831,14.568623526003263,na frequência
1.832,12.392115202253189,na frequência
1.833,9.00143556939635,na frequência
1.834,4.728056487427498,na frequência
1.835,-0.009986948056590414,na frequência
1.836,-4.7489918460700125,na frequência
1.837,-9.024971392940543,na frequência
1.838,-12.4190850988742,na frequência
1.839,-14.598667001110782,na frequência
1.84,-15.349832646791063,na frequência
1.841,-14.59846866173555,na frequência
1.842,-12.417545005541223,na frequência
1.843,-9.020028472983178,na frequência
1.844,-4.738085638920264,na frequência
1.845,0.009393751338645222,na frequência
1.846,4.757777491879693,na frequência
1.847,9.042166319470038,na frequência
1.848,12.442912936039763,na frequência
1.849,14.626727595182734,na frequência
1.85,15.37934365612527,na frequência
1.851,14.626541421097663,na frequência
1.852,12.441467309342261,na frequência
1.853,9.037526591896855,na frequência
1.854,4.747540259287017,na frequência
1.855,-0.008798156190247767,na frequência
1.856,-4.765983586854589,na frequência
1.857,-9.058260838972053,na frequência
1.858,-12.465226855850407,na frequência
1.859,-14.653008683782863,na frequência
1.86,-15.406983615146345,na frequência
1.861,-14.65283472513341,na frequência
1.862,-12.463876060904761,na frequência
1.863,-9.053925461231175,na frequência
1.864,-4.756417871613495,na frequência
1.865,0.008200449741397144,na frequência
1.866,4.773608241949881,na frequência
1.867,9.073251111061984,na frequência
1.868,12.48602147792634,na frequência
1.869,14.677503901813127,na frequência
1.87,15.432745817200084,na frequência
1.871,14.67734219281074,na frequência
1.872,12.484765830658896,na frequência
1.873,9.06922112694065,na frequência
1.874,4.764716369970544,na frequência
1.875,-0.007600702925384131,na frequência
1.876,-4.78064950759572,na frequência
1.877,-9.087133377337317,na frequência
1.878,-12.505291620517143,na frequência
1.879,-14.700207163489331,na frequência
1.88,-15.456623873143418,na frequência
1.881,-14.70005775400787,na frequência
1.882,-12.504131450673936,na frequência
1.883,-9.08340981103196,na frequência
1.884,-4.772433712533902,na frequência
1.885,0.0069990482992416895,na frequência
1.886,4.787105621390656,na frequência
1.887,9.099904177946433,na frequência
1.888,12.523032485027,na frequência
1.889,14.721112813995928,na frequência
1.89,15.47861182940845,na frequência
1.891,14.720975733391475,na frequência
1.892,12.521968063895514,na frequência
1.893,9.096487925861739,na frequência
1.894,4.779567900812417,na frequência
1.895,-0.00639573583956862,na frequência
1.896,-4.792975098697046,na frequência
1.897,-9.111560476581358,na frequência
1.898,-12.539239814832735,na frequência
1.899,-14.740215821397387,na frequência
1.9,-15.498704392131044,na frequência
1.901,-14.740091105756843,na frequência
1.902,-12.538271409582343,na frequência
1.903,-9.108452388458913,na frequência
1.904,-4.786117321565616,na frequência
1.905,0.00579076478756581,na frequência
1.906,4.798256339666337,na frequência
1.907,9.122099244156487,na frequência
1.908,12.553909457143025,na frequência
1.909,14.757511318262106,na frequência
1.91,15.516896450184142,na frequência
1.911,14.757399002184261,na frequência
1.912,12.55303731437063,na frequência
1.913,9.119300098360393,na frequência
1.914,4.792080213353664,na frequência
1.915,-0.005184426364666766,na frequência
1.916,-4.8029481791264725,na frequência
1.917,-9.131518013709961,na frequência
1.918,-12.567037920705156,na frequência
1.919,-14.772995159930366,na frequência
1.92,-15.533183631747965,na frequência
1.921,-14.772895262654117,na frequência
1.922,-12.566262238700807,na frequência
1.923,-9.12902847565865,na frequência
1.924,-4.797455194072826,na frequência
1.925,0.004576788808114742,na frequência
1.926,4.807049386165111,na frequência
1.927,9.139814396421322,na frequência
1.928,12.578621910050831,na frequência
1.929,14.786663478690844,na frequência
1.93,15.547561880028015,na frequência
1.931,14.786576034832352,na frequência
1.932,12.577942900114284,na frequência
1.933,9.137635110175651,na frequência
1.934,4.802240937297349,na frequência
1.935,-0.0039679926468116754,na frequência
1.936,-4.810558929886762,na frequência
1.937,-9.146986316797111,na frequência
1.938,-12.588658529150312,na frequência
1.939,-14.79851285504321,na frequência
1.94,-15.560027591381004,na frequência
1.941,-14.798437878438516,na frequência
1.942,-12.58807634338055,na frequência
1.943,-9.145117797011487,na frequência
1.944,-4.806436173067116,na frequência
1.945,0.003358284697367803,na frequência
1.946,4.813476048053918,na frequência
1.947,9.153032115658943,na frequência
1.948,12.597145418292891,na frequência
1.949,14.808540487870514,na frequência
1.95,15.570577818039125,na frequência
1.951,14.808477999657258,na frequência
1.952,12.596660205612501,na frequência
1.953,9.151474831277765,na frequência
1.954,4.810040011057686,na frequência
1.955,-0.002747667724832874,na frequência
1.956,-4.815799870926036,na frequência
1.957,-9.157950149584119,na frequência
1.958,-12.604080330626761,na frequência
1.959,-14.816743749648777,na frequência
1.96,-15.57920980363366,na frequência
1.961,-14.816693768692344,na frequência
1.962,-12.603692217644975,na frequência
1.963,-9.1567044951666,na frequência
1.964,-4.813051415279157,na frequência
1.965,0.002136436108414465,na frequência
1.966,4.817529965223687,na frequência
1.967,9.16173934105016,na frequência
1.968,12.609461686325586,na frequência
1.969,14.823120742449197,na frequência
1.97,15.58592153883361,na frequência
1.971,14.823083272843697,na frequência
1.972,12.609170752366268,na frequência
1.973,9.160805599382556,na frequência
1.974,4.815469736493486,na frequência
1.975,-0.0015246545005326996,na frequência
1.976,-4.8186658258657395,na frequência
1.977,-9.164398685185493,na frequência
1.978,-12.6132880962157,na frequência
1.979,-14.827669840230199,na frequência
1.98,-15.59071132401269,na frequência
1.981,-14.827644901181667,na frequência
1.982,-12.613094432951543,na frequência
1.983,-9.16377711640478,na frequência
1.984,-4.817294371891797,na frequência
1.985,0.0009124704372384071,na frequência
1.986,4.819207159662642,na frequência
1.987,9.165927503438418,na frequência
1.988,12.615558584419427,na frequência
1.989,14.830389879564859,na frequência
1.99,15.5935779272911,na frequência
1.991,14.830377469257893,na frequência
1.992,12.615462223730917,na frequência
1.993,9.165618237137517,na frequência
1.994,4.818524787293447,na frequência
1.995,-0.00030012668068609186,na frequência
1.996,-4.819153932147245,na frequência
1.997,-9.166325524701131,na frequência
1.998,-12.61627270343646,na frequência
1.999,-14.83128030820945,na frequência
2.0,-15.594520765988698,na frequência
2.001,-14.831280432716518,na frequência
2.002,-12.616273675110413,na frequência
2.003,-9.16632864617865,na frequência
2.004,-4.819160821689881,na frequência
2.005,-0.00031237142286043475,na frequência
2.006,4.818506008112392,na frequência
2.007,9.165592500401155,na frequência
2.008,12.615430125257754,na frequência
2.009,14.830340753796484,na frequência
2.01,15.593539454540998,na frequência
2.011,14.830353416155896,na frequência
2.012,12.615528435179746,na frequência
2.013,9.165908018045911,na frequência
2.014,4.819202170024148,na frequência
2.015,0.0009247272667232379,na frequência
2.016,-4.817263689704094,na frequência
2.017,-9.163728749934586,na frequência
2.018,-12.613031192030542,na frequência
2.019,-14.82757157760378,na frequência
2.02,-15.590634359231363,na frequência
2.021,-14.827596766687664,na frequência
2.022,-12.613226799966554,na frequência
2.023,-9.164356562003695,na frequência
2.024,-4.818648920495439,na frequência
2.025,-0.001536880702378019,na frequência
2.026,4.815427200316561,na frequência
2.027,9.160734658155581,na frequência
2.028,12.609076429074573,na frequência
2.029,14.822973404973968,na frequência
2.03,15.585806147827613,na frequência
2.031,14.823011124521608,na frequência
2.032,12.60936930662742,na frequência
2.033,9.161674639440854,na frequência
2.034,4.8175011976043605,na frequência
2.035,0.0021486781303939723,na frequência
2.036,-4.812996986181414,na frequência
2.037,-9.156610947488048,na frequência
2.038,-12.603566786475108,na frequência
2.039,-14.816547335463648,na frequência
2.04,-15.57905596748871,na frequência
2.041,-14.81659756797064,na frequência
2.042,-12.603956845013075,na frequência
2.043,-9.157862841577154,na frequência
2.044,-4.815759205716136,na frequência
2.045,-0.002759881765233949,na frequência
2.046,4.809973741434502,na frequência
2.047,9.151358737229025,na frequência
2.048,12.596503732403455,na frequência
2.049,14.808295069847468,na frequência
2.05,15.570385604990708,na frequência
2.051,14.808357806301936,na frequência
2.052,12.596990882429159,na frequência
2.053,9.15292224530196,na frequência
2.054,4.813423515013949,na frequência
2.055,0.0033704846143771767,na frequência
2.056,-4.806358065317923,na frequência
2.057,-9.144979174259769,na frequência
2.058,-12.587888858779335,na frequência
2.059,-14.798218492269132,na frequência
2.06,-15.55979704700634,na frequência
2.061,-14.798293719882158,na frequência
2.062,-12.588472985458003,na frequência
2.063,-9.146853918541781,na frequência
2.064,-4.810494552343372,na frequência
2.065,-0.003980188777671446,na frequência
2.066,4.802150994415545,na frequência
2.067,9.137473973776554,na frequência
2.068,12.57772442843665,na frequência
2.069,14.786320221778848,na frequência
2.07,15.547293033939006,na frequência
2.071,14.786407914221103,na frequência
2.072,12.57840537212591,na frequência
2.073,9.13965946847507,na frequência
2.074,4.8069731433996195,na frequência
2.075,0.004588939538005277,na frequência
2.076,-4.797353478710191,na frequência
2.077,-9.128844907528235,na frequência
2.078,-12.566012877545482,na frequência
2.079,-14.772603130895778,na frequência
2.08,-15.532876596531706,na frequência
2.081,-14.772703276476374,na frequência
2.082,-12.566790490075027,na frequência
2.083,-9.131340643044881,na frequência
2.084,-4.802860139153862,na frequência
2.085,-0.005196578166719032,na frequência
2.086,4.791966701058538,na frequência
2.087,9.119094094356385,na frequência
2.088,12.552757076131758,na frequência
2.089,14.757070575160158,na frequência
2.09,15.51655125363662,na frequência
2.091,14.757183140744631,na frequência
2.092,12.553631148803778,na frequência
2.093,9.121899429703033,na frequência
2.094,4.798156480769814,na frequência
2.095,0.00580287278480002,na frequência
2.096,-4.785992080502088,na frequência
2.097,-9.108224037689038,na frequência
2.098,-12.537960399659116,na frequência
2.099,-14.739726498590464,na frequência
2.1,-15.498321151214572,na frequência
2.101,-14.73985146015759,na frequência
2.102,-12.538930724285969,na frequência
2.103,-9.111338291834198,na frequência
2.104,-4.792863466974266,na frequência
2.105,-0.006407815685881664,na frequência
2.106,4.779430946130153,na frequência
2.107,9.096237271867068,na frequência
2.108,12.5216263492229,na frequência
2.109,14.720575029279066,na frequência
2.11,15.478190634980312,na frequência
2.111,14.720712358309688,na frequência
2.112,12.52269269098913,na frequência
2.113,9.09965968324726,na frequência
2.114,4.78698225295328,na frequência
2.115,0.0070111085965950445,na frequência
2.116,-4.77228506347195,na frequência
2.117,-9.083136898190457,na frequência
2.118,-12.50375909525028,na frequência
2.119,-14.699621028731901,na frequência
2.12,-15.45616480335777,na frequência
2.121,-14.699770683807905,na frequência
2.122,-12.504921175995213,na frequência
2.123,-9.08686659982015,na frequência
2.124,-4.780514397458575,na frequência
2.125,-0.007612703176446632,na frequência
2.126,4.764556102680406,na frequência
2.127,9.068926063864993,na frequência
2.128,12.484362969273736,na frequência
2.129,14.67686959851792,na frequência
2.13,15.432249031021165,na frequência
2.131,14.677031552654254,na frequência
2.132,12.485620522089837,na frequência
2.133,9.072962165078232,na frequência
2.134,4.773461472550781,na frequência
2.135,0.00821243647040345,na frequência
2.136,-4.7562459759604625,na frequência
2.137,-9.053608271043252,na frequência
2.138,-12.463442743466835,na frequência
2.139,-14.65232632931727,na frequência
2.14,-15.406449186602872,na frequência
2.141,-14.652500533897864,na frequência
2.142,-12.46479544077167,na frequência
2.143,-9.057949750073407,na frequência
2.144,-4.76582514995641,na frequência
2.145,-0.008810083451807518,na frequência
2.146,4.747356819043473,na frequência
2.147,9.037187392430392,na frequência
2.148,12.441003680395859,na frequência
2.149,14.6259973847382,na frequência
2.15,15.378771750394439,na frequência
2.151,14.626183800909049,na frequência
2.152,12.44245119664539,na frequência
2.153,9.041833190305486,na frequência
2.154,4.757607449777548,na frequência
2.155,0.009405636613305377,na frequência
2.156,-4.7378906817828526,na frequência
2.157,-9.01966733329249,na frequência
2.158,-12.417051167825145,na frequência
2.159,-14.597889110438881,na frequência
2.16,-15.349223399414889,na frequência
2.161,-14.598087694134644,na frequência
2.162,-12.418593149694601,na frequência
2.163,-9.024616309394961,na frequência
2.164,-4.748810247481595,na frequência
2.165,-0.009998798220412846,na frequência
2.166,4.727850048681337,na frequência
2.167,9.001052562809294,na frequência
2.168,12.39159125893504,na frequência
2.169,14.568008581254142,na frequência
2.17,15.317811559498727,na frequência
2.171,14.56821927618253,na frequência
2.172,12.393227311372005,na frequência
2.173,9.00630347417023,na frequência
2.174,4.739435825951847,na frequência
2.175,0.01058952725275127,na frequência
2.176,-4.717237299161573,na frequência
2.177,-8.981347583680732,na frequência
2.178,-12.364630153406875,na frequência
2.179,-14.53636309589405,na frequência
2.18,-15.284543915706685,na frequência
2.181,-14.536585859999368,na frequência
2.182,-12.366359892533348,na frequência
2.183,-8.986899164242795,na frequência
2.184,-4.729486468463986,na frequência
2.185,-0.011177657409724496,na frequência
2.186,4.706055063052686,na frequência
2.187,8.960557259785766,na frequência
2.188,12.33617449608474,na frequência
2.189,14.502960445592803,na frequência
2.19,15.249428650097192,na frequência
2.191,14.503195215026306,na frequência
2.192,12.337997477344693,na frequência
2.193,8.966408113138261,na frequência
2.194,4.718964566606081,na frequência
2.195,0.011762971458768576,na frequência
2.196,-4.694306180103369,na frequência
2.197,-8.938686809771422,na frequência
2.198,-12.306231404782375,na frequência
2.199,-14.467808976186737,na frequência
2.2,-15.212474538017347,na frequência
2.201,-14.468055697525386,na frequência
2.202,-12.308147187338612,na frequência
2.203,-8.944835505618295,na frequência
2.204,-4.707872850226063,na frequência
2.205,-0.012345462992060078,na frequência
2.206,4.681993407412968,na frequência
2.207,8.915741484850685,na frequência
2.208,12.274808119793013,na frequência
2.209,14.430917210834034,na frequência
2.21,15.173690545673397,na frequência
2.211,14.431175824750705,na frequência
2.212,12.276816234007963,na frequência
2.213,8.922186510576726,na frequência
2.214,4.696213902550545,na frequência
2.215,0.012924835698971886,na frequência
2.216,-4.669119934078542,na frequência
2.217,-8.891727095450538,na frequência
2.218,-12.241912540635505,na frequência
2.219,-14.39229439496779,na frequência
2.22,-15.133086381388654,na frequência
2.221,-14.392564830596825,na frequência
2.222,-12.244012476915186,na frequência
2.223,-8.898466839642497,na frequência
2.224,-4.6839907172570765,na frequência
2.225,-0.013501056830898929,na frequência
2.226,4.655688833464836,na frequência
2.227,8.866649471392268,na frequência
2.228,12.207552696348964,na frequência
2.229,14.351949978916315,na frequência
2.23,15.090671992758079,na frequência
2.231,14.35223217945474,na frequência
2.232,12.209743956334144,na frequência
2.233,8.873682300587912,na frequência
2.234,4.671206274510409,na frequência
2.235,0.01407395757822697,na frequência
2.236,-4.641703436939692,na frequência
2.237,-8.840514808359226,na frequência
2.238,-12.17173706348638,na frequência
2.239,-14.309893906382753,na frequência
2.24,-15.046457824711466,na frequência
2.241,-14.310187793083328,na frequência
2.242,-12.174019088274708,na frequência
2.243,-8.847838959945966,na frequência
2.244,-4.657863670677894,na frequência
2.245,-0.014643329450293372,na frequência
2.246,4.627167271204883,na frequência
2.247,8.813329639262086,na frequência
2.248,12.134474571770292,na frequência
2.249,14.266136654563997,na frequência
2.25,15.00045489418118,na frequência
2.251,14.266442159798535,na frequência
2.252,12.136846808013528,na frequência
2.253,8.820943320532445,na frequência
2.254,4.643966329317117,na frequência
2.255,0.015209168006914828,na frequência
2.256,-4.6120837827479235,na frequência
2.257,-8.785100527996685,na frequência
2.258,-12.095774268471764,na frequência
2.259,-14.220688870643267,na frequência
2.26,-14.952674400338845,na frequência
2.261,-14.221005920191317,na frequência
2.262,-12.098236133124956,na frequência
2.263,-8.793001863681054,na frequência
2.264,-4.629517524523612,na frequência
2.265,-0.015771179228408483,na frequência
2.266,4.596456846549779,na frequência
2.267,8.755834591355715,na frequência
2.268,12.055645851672157,na frequência
2.269,14.17356191455492,na frequência
2.27,14.90312827502386,na frequência
2.271,14.173890423376024,na frequência
2.272,12.058196723661657,na frequência
2.273,8.764021611410902,na frequência
2.274,4.61452094308233,na frequência
2.275,0.016329339575518836,na frequência
2.276,-4.580290210271355,na frequência
2.277,-8.725538949679768,na frequência
2.278,-12.014099129649985,na frequência
2.279,-14.124767329415494,na frequência
2.28,-14.851828666520236,na frequência
2.281,-14.12510722636911,na frequência
2.282,-12.016738399329448,na frequência
2.283,-8.73400966349296,na frequência
2.284,-4.598980243377577,na frequência
2.285,-0.01688347853340447,na frequência
2.286,4.563587886456561,na frequência
2.287,8.694221092376125,na frequência
2.288,11.971144358464825,na frequência
2.289,14.074317150084015,na frequência
2.29,14.798788218162974,na frequência
2.291,14.074668341951664,na frequência
2.292,11.973871355913994,na frequência
2.293,8.70297338182427,na frequência
2.294,4.5828992071671,na frequência
2.295,0.01743339728571823,na frequência
2.296,-4.54635406742379,na frequência
2.297,-8.661888826798247,na frequência
2.298,-11.926792225198804,na frequência
2.299,-14.022223921081705,na frequência
2.3,-14.744020121157451,na frequência
2.301,-14.02258632648216,na frequência
2.302,-11.929606288041068,na frequência
2.303,-8.670920547922195,na frequência
2.304,-4.566281931392052,na frequência
2.305,-0.017979094205350425,na frequência
2.306,4.5285928669472755,na frequência
2.307,8.628549988174672,na frequência
2.308,11.881053527415116,na frequência
2.309,13.96850034704013,na frequência
2.31,14.687537737637848,na frequência
2.311,13.968873877318636,na frequência
2.312,11.883953962795987,na frequência
2.313,8.637858914617368,na frequência
2.314,4.549132359843361,na frequência
2.315,0.018520278390916595,na frequência
2.316,-4.510308822981728,na frequência
2.317,-8.594212956756003,na frequência
2.318,-11.83393970292022,na frequência
2.319,-13.91315983329951,na frequência
2.32,-14.62935515032375,na frequência
2.321,-13.913544389727457,na frequência
2.322,-11.83692578204011,na frequência
2.323,-8.603796771877889,na frequência
2.324,-4.531454850507658,na frequência
2.325,-0.01905693644936682,na frequência
2.326,4.491506333621745,na frequência
2.327,8.558886098786145,na frequência
2.328,11.785462278088987,na frequência
2.329,13.85621594396765,na frequência
2.33,14.56948663270414,na frequência
2.331,13.85661144156581,na frequência
2.332,11.788533283894774,na frequência
2.333,8.568742467279957,na frequência
2.334,4.513253717068627,na frequência
2.335,0.019588896906794193,na frequência
2.336,-4.472190068093536,na frequência
2.337,-8.522578151403373,na frequência
2.338,-11.735633225371886,na frequência
2.339,-13.797682730917556,na frequência
2.34,-14.507946948568918,na frequência
2.341,-13.79808906251076,na frequência
2.342,-11.73878838093378,na frequência
2.343,-8.53270461251183,na frequência
2.344,-4.494533403118847,na frequência
2.345,-0.020115971550582777,na frequência
2.346,4.45236485883612,na frequência
2.347,8.485298148675675,na frequência
2.348,11.684464923784496,na frequência
2.349,13.737574729166841,na frequência
2.35,14.444751382627409,na frequência
2.351,13.737991800160096,na frequência
2.352,11.687703461859432,na frequência
2.353,8.49569222052532,na frequência
2.354,4.475298654474132,na frequência
2.355,0.02063816236814859,na frequência
2.356,-4.432035460718655,na frequência
2.357,-8.44705514799241,na frequência
2.358,-11.631969853711981,na frequência
2.359,-13.675906621542078,na frequência
2.36,-14.379915376651436,na frequência
2.361,-13.67633432939286,na frequência
2.362,-11.635290975904011,na frequência
2.363,-8.457714266858464,na frequência
2.364,-4.455554059312254,na frequência
2.365,-0.02115518237470229,na frequência
2.366,4.411207047683742,na frequência
2.367,8.407858742382102,na frequência
2.368,11.57816112314934,na frequência
2.369,13.612693777109222,na frequência
2.37,14.313455078364262,na frequência
2.371,13.613132009971492,na frequência
2.372,11.581563997355227,na frequência
2.373,8.418780259208033,na frequência
2.374,4.435304620814078,na frequência
2.375,0.02166702923708657,na frequência
2.376,-4.389884640346437,na frequência
2.377,-8.367718491649859,na frequência
2.378,-11.52305190477813,na frequência
2.379,-13.547951696657352,na frequência
2.38,-14.245386797827678,na frequência
2.381,-13.54840035630041,na frequência
2.382,-11.526535711080633,na frequência
2.383,-8.378899741012379,na frequência
2.384,-4.414555280950179,na frequência
2.385,-0.022173531222630896,na frequência
2.386,4.368073536122712,na frequência
2.387,8.326644327029753,na frequência
2.388,11.466655813799052,na frequência
2.389,13.481696362550396,na frequência
2.39,14.175727328306841,na frequência
2.391,13.48215532843668,na frequência
2.392,11.470219672922326,na frequência
2.393,8.338082520523008,na frequência
2.394,4.393311117556392,na frequência
2.395,0.0226745116288402,na frequência
2.396,-4.345779178090691,na frequência
2.397,-8.284646453975235,na frequência
2.398,-11.40898684526126,na frequência
2.399,-13.413944211163736,na frequência
2.4,-14.104493954312982,na frequência
2.401,-13.414413376114082,na frequência
2.402,-11.41262988991293,na frequência
2.403,-8.296338787240753,na frequência
2.404,-4.371577496795926,na frequência
2.405,-0.023169976823525236,na frequência
2.406,4.323006932077739,na frequência
2.407,8.241735095333668,na frequência
2.408,11.350059084533187,na frequência
2.409,13.344711812071385,na frequência
2.41,14.03170410109742,na frequência
2.411,13.34519106027792,na frequência
2.412,11.353780415685076,na frequência
2.413,8.253678683069559,na frequência
2.414,4.3493596219303186,na frequência
2.415,0.02365964448689386,na frequência
2.416,-4.299762577138109,na frequência
2.417,-8.197920998788389,na frequência
2.418,-11.28988722999522,na frequência
2.419,-13.274016404310743,na frequência
2.42,-13.957375882824275,na frequência
2.421,-13.274505611470147,na frequência
2.422,-11.293685917305702,na frequência
2.423,-8.210112875754332,na frequência
2.424,-4.326663111404494,na frequência
2.425,-0.02414352425008326,na frequência
2.426,4.276051724592887,na frequência
2.427,8.153214857938027,na frequência
2.428,11.228486018633971,na frequência
2.429,13.201875329041219,na frequência
2.43,13.881527544868952,na frequência
2.431,13.202374384334066,na frequência
2.432,11.232361144498297,na frequência
2.433,8.165652045213289,na frequência
2.434,4.303493504519141,na frequência
2.435,0.024621444751911657,na frequência
2.436,-4.251880267754952,na frequência
2.437,-8.107627737189457,na frequência
2.438,-11.165870624697927,na frequência
2.439,-13.12830640075355,na frequência
2.44,-13.804177806548287,na frequência
2.441,-13.128815170960802,na frequência
2.442,-11.16982121278387,na frequência
2.443,-8.120307135712824,na frequência
2.444,-4.279856481910506,na frequência
2.445,-0.02509324169392787,na frequência
2.446,4.2272542270372595,na frequência
2.447,8.061170950772459,na frequência
2.448,11.102056573357242,na frequência
2.449,13.053327856277775,na frequência
2.45,13.725345846096776,na frequência
2.451,13.053846222340113,na frequência
2.452,11.106081661764144,na frequência
2.453,8.074089451134519,na frequência
2.454,4.255757997708928,na frequência
2.455,0.02555892653763052,na frequência
2.456,-4.20217954534477,na frequência
2.457,-8.013855823125176,na frequência
2.458,-11.037059467240791,na frequência
2.459,-12.976958048857798,na frequência
2.46,-13.645050963864263,na frequência
2.461,-12.977485882409253,na frequência
2.462,-11.041158061831968,na frequência
2.463,-8.027010236204893,na frequência
2.464,-4.231203837152956,na frequência
2.465,-0.0260182223343659,na frequência
2.466,4.176662572251834,na frequência
2.467,7.965694191359927,na frequência
2.468,10.970895505530718,na frequência
2.469,12.899215982252857,na frequência
2.47,13.563313129799829,na frequência
2.471,12.899753147265706,na frequência
2.472,10.975066583401237,na frequência
2.473,7.979081253927751,na frequência
2.474,4.206200200271763,na frequência
2.475,0.026471151555242066,na frequência
2.476,-4.1507094742829045,na frequência
2.477,-7.916697816065476,na frequência
2.478,-10.903580897820197,na frequência
2.479,-12.820120730273478,na frequência
2.48,-13.480152411343242,na frequência
2.481,-12.820667104086189,na frequência
2.482,-10.907823449456256,na frequência
2.483,-7.930314254249298,na frequência
2.484,-4.1807531889962375,na frequência
2.485,-0.026917543779861906,na frequência
2.486,4.124326704738141,na frequência
2.487,7.866878826964674,na frequência
2.488,10.835132284146553,na frequência
2.489,12.739691829940373,na frequência
2.49,13.395589338622383,na frequência
2.491,12.740247267402813,na frequência
2.492,10.839445242043146,na frequência
2.493,7.880721249954443,na frequência
2.494,4.154869051655903,na frequência
2.495,0.02735724797992838,na frequência
2.496,-4.097520824456001,na frequência
2.497,-7.816249577579397,na frequência
2.498,-10.765566624415346,na frequência
2.499,-12.657949206490375,na frequência
2.5,-13.309644865803438,na frequência
2.501,-12.658513577450869,na frequência
2.502,-10.769948938096949,na frequência
2.503,-7.830314590238464,na frequência
2.504,-4.128554294319979,na frequência
2.505,-0.02779028137551656,na frequência
2.506,4.070298315992242,na frequência
2.507,7.76482242328284,na frequência
2.508,10.69490094143974,na frequência
2.509,12.574912882766986,na frequência
2.51,13.222340048389741,na frequência
2.511,12.575486047075954,na frequência
2.512,10.699351527760804,na frequência
2.513,7.7791065522918,na frequência
2.514,4.10181524748899,na frequência
2.515,0.02821637303638809,na frequência
2.516,-4.04266606136264,na frequência
2.517,-7.712610218711903,na frequência
2.518,-10.623152836406847,na frequência
2.519,-12.490603511157111,na frequência
2.52,-13.133696590058706,na frequência
2.521,-12.491185321875028,na frequência
2.522,-10.627670586151414,na frequência
2.523,-7.727109922889285,na frequência
2.524,-4.07465865556808,na frequência
2.525,-0.028635559132165166,na frequência
2.526,4.01463074330372,na frequência
2.527,7.65962571799136,na frequência
2.528,10.550339890664846,na frequência
2.529,12.405041779653772,na frequência
2.53,13.043736255763546,na frequência
2.531,12.405632103092927,na frequência
2.532,10.554923708755616,na frequência
2.533,7.6743374488817775,na frequência
2.534,4.047091144875246,na frequência
2.535,0.029047670670787923,na frequência
2.536,-3.9861993358167194,na frequência
2.537,-7.605882041814672,na frequência
2.538,-10.476480107823408,na frequência
2.539,-12.318248827660279,na frequência
2.54,-12.952481260104369,na frequência
2.541,-12.318847507563751,na frequência
2.542,-10.481128842022532,na frequência
2.543,-7.620802137553531,na frequência
2.544,-4.019119492888601,na frequência
2.545,-0.029452570740441792,na frequência
2.546,3.957378899864583,na frequência
2.547,7.551392507042639,na frequência
2.548,10.401591778231886,na frequência
2.549,12.230246146313627,na frequência
2.55,12.859954204395097,na frequência
2.551,12.230853042295058,na frequência
2.552,10.406304296077025,na frequência
2.553,7.566517307866601,na frequência
2.554,3.9907507181557245,na frequência
2.555,0.02985028292276138,na frequência
2.556,-3.928176416921619,na frequência
2.557,-7.496170422992797,na frequência
2.558,-10.325693239074177,na frequência
2.559,-12.141055303699398,na frequência
2.56,-12.766177768525754,na frequência
2.561,-12.141670264670838,na frequência
2.562,-10.330468375051318,na frequência
2.563,-7.511496192743227,na frequência
2.564,-3.9619916563480597,na frequência
2.565,-0.03024054289913676,na frequência
2.566,3.8985992601049007,na frequência
2.567,7.440229583669921,na frequência
2.568,10.248803386124425,na frequência
2.569,12.0506984746077,na frequência
2.57,12.671175257197966,na frequência
2.571,12.051321343599321,na frequência
2.572,10.253639951496663,na frequência
2.573,7.455752524974094,na frequência
2.574,3.9328495557327074,na frequência
2.575,0.03062340136428641,na frequência
2.576,-3.8686545861331836,na frequência
2.577,-7.383583657100373,na frequência
2.578,-10.170941063122804,na frequência
2.579,-11.959197832729705,na frequência
2.58,-12.574969997790125,na frequência
2.581,-11.959828465911093,na frequência
2.582,-10.175837884121165,na frequência
2.583,-7.3992999689788785,na frequência
2.584,-3.903331525469534,na frequência
2.585,-0.030998691165312398,na frequência
2.586,3.8383498472804307,na frequência
2.587,7.326246674557311,na frequência
2.588,10.092125526686829,na frequência
2.589,11.866575989889176,na frequência
2.59,12.477585752721183,na frequência
2.591,11.867214220787739,na frequência
2.592,10.097081373298208,na frequência
2.593,7.342152446449069,na frequência
2.594,3.8734448304375975,na frequência
2.595,0.031366290322339604,na frequência
2.596,-3.8076925611951364,na frequência
2.597,-7.268232834299299,na frequência
2.598,-10.012376285074815,na frequência
2.599,-11.7728558709199,na frequência
2.6,-12.379046631467391,na frequência
2.601,-11.773501549838965,na frequência
2.602,-10.017389949953014,na frequência
2.603,-7.284324164560998,na frequência
2.604,-3.8431969590173054,na frequência
2.605,-0.031726229322463564,na frequência
2.606,3.7766901644778663,na frequência
2.607,7.209556316724497,na frequência
2.608,9.931712875922544,na frequência
2.609,11.678060455262948,na frequência
2.61,12.27937679752376,na frequência
2.611,11.67871342108536,na frequência
2.612,9.936783118323778,na frequência
2.613,7.225829229322055,na frequência
2.614,3.812595208822399,na frequência
2.615,0.03207825098330302,na frequência
2.616,-3.7453504770101063,na frequência
2.617,-7.150231771294825,na frequência
2.618,-9.850155374238742,na frequência
2.619,-11.582213304547743,na frequência
2.62,-12.178601014084448,na frequência
2.621,-11.582873391217568,na frequência
2.622,-9.85528093319106,na frequência
2.623,-7.166682236015444,na frequência
2.624,-3.7816472884258103,na frequência
2.625,-0.03242242132973979,na frequência
2.626,3.7136810842706898,na frequência
2.627,7.090273694594496,na frequência
2.628,9.767723768926551,na frequência
2.629,11.485337940437836,na frequência
2.63,12.076744026157355,na frequência
2.631,11.48600499493148,na frequência
2.632,9.77290339932734,na frequência
2.633,7.106897681549474,na frequência
2.634,3.750360745223239,na frequência
2.635,0.03275857536342225,na frequência
2.636,-3.681689871511937,na frequência
2.637,-7.02969694255502,na frequência
2.638,-9.684438451410122,na frequência
2.639,-11.387458308223128,na frequência
2.64,-11.973830997859071,na frequência
2.641,-11.388132154799058,na frequência
2.642,-9.689670852901305,na frequência
2.643,-7.046490316371284,na frequência
2.644,-3.718743286814004,na frequência
2.645,-0.03308660682943318,na frequência
2.646,3.6493847667475063,na frequência
2.647,6.968516507393487,na frequência
2.648,9.600320027746488,na frequência
2.649,11.288598625328598,na frequência
2.65,11.869887398493976,na frequência
2.651,11.289279105971033,na frequência
2.652,9.605603925673217,na frequência
2.653,6.985475148798307,na frequência
2.654,3.686802825833733,na frequência
2.655,0.03340655359139523,na frequência
2.656,-3.6167736151299072,na frequência
2.657,-6.906747352373625,na frequência
2.658,-9.51538911472328,na frequência
2.659,-11.18878313997794,na frequência
2.66,-11.764938725235442,na frequência
2.661,-11.189470084501655,na frequência
2.662,-9.520723200703246,na frequência
2.663,-6.923867069887747,na frequência
2.664,-3.654547075747274,na frequência
2.665,-0.03371816606406918,na frequência
2.666,3.583864636239168,na frequência
2.667,6.844404893260224,na frequência
2.668,9.429666843989798,na frequência
2.669,11.088036656558403,na frequência
2.67,11.659011048291639,na frequência
2.671,11.08872989083035,na frequência
2.672,9.43504979255549,na frequência
2.673,6.861681448624657,na frequência
2.674,3.6219841590968156,na frequência
2.675,0.03402152637478017,na frequência
2.676,-3.550665796382376,na frequência
2.677,-6.781504364672893,na frequência
2.678,-9.343174225255785,na frequência
2.679,-10.98638389860156,na frequência
2.68,-11.552130376685728,na frequência
2.681,-10.987083261404763,na frequência
2.682,-9.348604727766913,na frequência
2.683,-6.79893352411816,na frequência
2.684,-3.589122014127196,na frequência
2.685,-0.034316471902289106,na frequência
2.686,3.5171853659067405,na frequência
2.687,6.7180613562768166,na frequência
2.688,9.255932659628968,na frequência
2.689,10.883849997758032,na frequência
2.69,11.444323121545708,na frequência
2.691,10.884555305088991,na frequência
2.692,9.261409353241348,na frequência
2.693,6.73563878487567,na frequência
2.694,3.5559687438146375,na frequência
2.695,0.03460291287764975,na frequência
2.696,-3.4834316342775375,na frequência
2.697,-6.654091561852109,na frequência
2.698,-9.167963724034006,na frequência
2.699,-10.78046031492492,na frequência
2.7,-11.33561595523918,na frequência
2.701,-10.781171401490901,na frequência
2.702,-9.17348527478443,na frequência
2.703,-6.671812948314881,na frequência
2.704,-3.5225326368300753,na frequência
2.705,-0.03488089494454772,na frequência
2.706,3.4494128061237177,na frequência
2.707,6.589610634500302,na frequência
2.708,9.079288986460385,na frequência
2.709,10.676240216706148,na frequência
2.71,11.226035550462178,na frequência
2.711,10.676956904271103,na frequência
2.712,9.084854026326028,na frequência
2.713,6.607471597640845,na frequência
2.714,3.4888217738055474,na frequência
2.715,0.03515017649582847,na frequência
2.716,-3.4151374512309514,na frequência
2.717,-6.524634662449854,na frequência
2.718,-8.989930506138398,na frequência
2.719,-10.57121559856217,na frequência
2.72,-11.115609124957736,na frequência
2.721,-10.571937705972056,na frequência
2.722,-8.995537653299479,na frequência
2.723,-6.542630782053888,na frequência
2.724,-3.4548446424397086,na frequência
2.725,-0.03541085651316176,na frequência
2.726,3.3806138663731047,na frequência
2.727,6.459179523201173,na frequência
2.728,8.899910182845712,na frequência
2.729,10.465412232281563,na frequência
2.73,11.004363790263612,na frequência
2.731,10.46613959118267,na frequência
2.732,8.905558073312807,na frequência
2.733,6.477306387900444,na frequência
2.734,3.420609521931671,na frequência
2.735,0.03566277486283662,na frequência
2.736,-3.345850656831166,na frequência
2.737,-6.393261444797723,na frequência
2.738,-8.809250296120906,na frequência
2.739,-10.358856281556152,na frequência
2.74,-10.892327042239106,na frequência
2.741,-10.35958870073166,na frequência
2.742,-8.814937512799789,na frequência
2.743,-6.411514546591696,na frequência
2.744,-3.3861248609389305,na frequência
2.745,-0.035905859002518366,na frequência
2.746,3.3108564223026478,na frequência
2.747,6.326896725790896,na frequência
2.748,8.717973260769574,na frequência
2.749,10.251574094514043,na frequência
2.75,10.779526592068237,na frequência
2.751,10.252311402492028,na frequência
2.752,8.723698418767277,na frequência
2.753,6.345271588183796,na frequência
2.754,3.351399273586775,na frequência
2.755,0.03614016267581753,na frequência
2.756,-3.275639675630188,na frequência
2.757,-6.26010161185929,na frequência
2.758,-8.626101462184801,na frequência
2.759,-10.143591998858831,na frequência
2.76,-10.66599012257533,na frequência
2.761,-10.14433401040861,na frequência
2.762,-8.631863142190806,na frequência
2.763,-6.2785936908504905,na frequência
2.764,-3.316441156710708,na frequência
2.765,-0.03636545256258489,na frequência
2.766,3.240209285182037,na frequência
2.767,6.192892765747406,na frequência
2.768,8.533657752441592,na frequência
2.769,10.034936822752869,na frequência
2.77,10.551745832531157,na frequência
2.771,10.035683350807442,na frequência
2.772,8.539454524783377,na frequência
2.773,6.211497486390208,na frequência
2.774,3.2812593121694262,na frequência
2.775,0.03658184521969029,na frequência
2.776,-3.2045738257229863,na frequência
2.777,-6.125286608634548,na frequência
2.778,-8.44066478507216,na frequência
2.779,-9.9256352260851,na frequência
2.78,-10.436821767604195,na frequência
2.781,-9.926386096250221,na frequência
2.782,-8.446495238939663,na frequência
2.783,-6.143999409339917,na frequência
2.784,-3.2458623080262075,na frequência
2.785,-0.03678918300164621,na frequência
2.786,3.1687421853358755,na frequência
2.787,6.057299907748069,na frequência
2.788,8.347145581473848,na frequência
2.789,9.815714243994668,na frequência
2.79,10.321246339503583,na frequência
2.791,9.816469258932807,na frequência
2.792,8.353008254086658,na frequência
2.793,6.076116134977651,na frequência
2.794,3.210258886872315,na frequência
2.795,0.036987411304389615,na frequência
2.796,-3.1327232207448463,na frequência
2.797,-5.988949465817474,na frequência
2.798,-8.253123256111405,na frequência
2.799,-9.705201049454846,na frequência
2.8,-10.205048127526664,na frequência
2.801,-9.705960032654941,na frequência
2.802,-8.259016720351948,na frequência
2.803,-6.007864505719673,na frequência
2.804,-3.1744579356682263,na frequência
2.805,-0.037176592214923275,na frequência
2.806,3.0965256998631605,na frequência
2.807,5.920252020200725,na frequência
2.808,8.158620872954803,na frequência
2.809,9.594122768060728,na frequência
2.81,10.088255652992729,na frequência
2.811,9.594885528391623,na frequência
2.812,8.164543666880476,na frequência
2.813,5.939261193835326,na frequência
2.814,3.138468114505685,na frequência
2.815,0.037356500918524785,na frequência
2.816,-3.0601587362235074,na frequência
2.817,-5.851224706717642,na frequência
2.818,-8.063661937351744,na frequência
2.819,-9.48250699661942,na frequência
2.82,-9.970897923218436,na frequência
2.821,-9.4832733422488,na frequência
2.822,-8.069612592240299,na frequência
2.823,-5.8703233125958585,na frequência
2.824,-3.1022984865606875,na frequência
2.825,-0.037527272254128004,na frequência
2.826,3.02363112829279,na frequência
2.827,5.781884387572308,na frequência
2.828,7.968269715528286,na frequência
2.829,9.370381117379283,na frequência
2.83,9.853003743744297,na frequência
2.831,9.371150869006344,na frequência
2.832,7.974246782566403,na frequência
2.833,5.801067742188016,na frequência
2.834,3.06595785477262,na frequência
2.835,0.037688750933215304,na frequência
2.836,-2.9869519931973785,na frequência
2.837,-5.712248266771549,na frequência
2.838,-7.872467829704178,na frequência
2.839,-9.257772871073268,na frequência
2.84,-9.734602267717348,na frequência
2.841,-9.25854582636586,na frequência
2.842,-7.878469809262115,na frequência
2.843,-5.7315115994685515,na frequência
2.844,-3.0294552022078842,na frequência
2.845,-0.0378409009880255,na frequência
2.846,2.9501303898039515,na frequência
2.847,5.642333547434157,na frequência
2.848,7.7762799513890855,na frequência
2.849,9.144710087970184,na frequência
2.85,9.615722766415066,na frequência
2.851,9.14548606655565,na frequência
2.852,7.78230538310405,na frequência
2.853,5.66167213572383,na frequência
2.854,2.9927996343119694,na frequência
2.855,0.037983792999287766,na frequência
2.856,-2.9131752864162235,na frequência
2.857,-5.572157354694485,na frequência
2.858,-7.679729680134705,na frequência
2.859,-9.031220523441311,na frequência
2.86,-9.496394422859188,na frequência
2.861,-9.031999329412816,na frequência
2.862,-7.685777068336362,na frequência
2.863,-5.591566413381473,na frequência
2.864,-2.9560000198403698,na frequência
2.865,-0.038117210794313114,na frequência
2.866,2.8760959868371287,na frequência
2.867,5.501737193134494,na frequência
2.868,7.582841031016631,na frequência
2.869,8.917332374200589,na frequência
2.87,9.376646875503527,na frequência
2.871,8.918113812140367,na frequência
2.872,7.588908876986496,na frequência
2.873,5.52121192317451,na frequência
2.874,2.9190656289176258,na frequência
2.875,0.03824130817845996,na frequência
2.876,-2.838901457473731,na frequência
2.877,-5.431090260510171,na frequência
2.878,-7.485637738008592,na frequência
2.879,-8.803073574551858,na frequência
2.88,-9.256509510711442,na frequência
2.881,-8.803857461418668,na frequência
2.882,-7.49172456398072,na frequência
2.883,-5.450625885532413,na frequência
2.884,-2.8820054438064933,na frequência
2.885,-0.03835593195731157,na frequência
2.886,2.801600989441425,na frequência
2.887,5.360234092626835,na frequência
2.888,7.388143879532006,na frequência
2.889,8.688472400735456,na frequência
2.89,9.136012044193656,na frequência
2.891,8.68925853035217,na frequência
2.892,7.394248158082292,na frequência
2.893,5.379825753987699,na frequência
2.894,2.844828633208327,na frequência
2.895,0.03846106547938179,na frequência
2.896,-2.7642037875277836,na frequência
2.897,-5.289186186648404,na frequência
2.898,-7.2903835380067905,na frequência
2.899,-8.573557168634006,na frequência
2.9,-9.015184258741144,na frequência
2.901,-8.574345357978993,na frequência
2.902,-7.296503784728333,na frequência
2.903,-5.3088290826328635,na frequência
2.904,-2.8075444653135615,na frequência
2.905,-0.0385567878823096,na frequência
2.906,2.7267189645372643,na frequência
2.907,5.217963949210061,na frequência
2.908,7.192380702283804,na frequência
2.909,8.458356091403,na frequência
2.91,8.8940558181974,na frequência
2.911,8.459146140935346,na frequência
2.912,7.198515396872728,na frequência
2.913,5.237653217683818,na frequência
2.914,2.770161961624456,na frequência
2.915,0.03864289167230005,na frequência
2.916,-2.689155958530966,na frequência
2.917,-5.146585147132012,na frequência
2.918,-7.094159750544973,na frequência
2.919,-8.34289779329916,na frequência
2.92,-8.77265681093959,na frequência
2.921,-8.343689505227587,na frequência
2.922,-7.100307373536754,na frequência
2.923,-5.166315921097362,na frequência
2.924,-2.732690543678338,na frequência
2.925,-0.038719550303551516,na frequência
2.926,2.6515238469376485,na frequência
2.927,5.075067206054297,na frequência
2.928,6.9957447365555065,na frequência
2.929,8.227210586846255,na frequência
2.93,8.651017021386451,na frequência
2.931,8.228003775573773,na frequência
2.932,7.001903790459863,na frequência
2.933,5.0948346459028295,na frequência
2.934,2.6951393162609767,na frequência
2.935,0.038786612256960736,na frequência
2.936,-2.613832038878525,na frequência
2.937,-5.00342788669844,na frequência
2.938,-6.897160047644494,na frequência
2.939,-8.111323110539011,na frequência
2.94,-8.529166545608152,na frequência
2.941,-8.11211756721588,na frequência
2.942,-6.90332898645917,na frequência
2.943,-5.023227075453806,na frequência
2.944,-2.6575175778466185,na frequência
2.945,-0.03884408087683772,na frequência
2.946,2.5760898278261957,na frequência
2.947,4.931684872005851,na frequência
2.948,6.798430028373102,na frequência
2.949,7.99526399110676,na frequência
2.95,8.407135494199,na frequência
2.951,7.996059531295767,na frequência
2.952,6.804607353013538,na frequência
2.953,4.951510958655022,na frequência
2.954,2.6198347025700643,na frequência
2.955,0.038892043818734366,na frequência
2.956,-2.5383064143468306,na frequência
2.957,-4.8598557421359185,na frequência
2.958,-6.699578908230313,na frequência
2.959,-7.879061724684288,na frequência
2.96,-8.284953827984673,na frequência
2.961,-7.8798581463700375,na frequência
2.962,-6.705763082987736,na frequência
2.963,-4.879703817365735,na frequência
2.964,-2.5820998077891817,na frequência
2.965,-0.038930302210571234,na frequência
2.966,2.500491313968435,na frequência
2.967,4.787958418061799,na frequência
2.968,6.600631279711603,na frequência
2.969,7.762745188150317,na frequência
2.97,8.16265190136036,na frequência
2.971,7.76354229239587,na frequência
2.972,6.6068207737650475,na frequência
2.973,4.807823576963649,na frequência
2.974,2.5443224100972905,na frequência
2.975,0.03895904983451169,na frequência
2.976,-2.462653657415639,na frequência
2.977,-4.716010444108536,na frequência
2.978,-6.5016113663117965,na frequência
2.979,-7.646342895938601,na frequência
2.98,-8.040259711436164,na frequência
2.981,-7.6471404957954565,na frequência
2.982,-6.507804671796047,na frequência
2.983,-4.735887813848868,na frequência
2.984,-2.5065116790953033,na frequência
2.985,-0.03897813626575492,na frequência
2.986,2.424802915255842,na frequência
2.987,4.644029697793189,na frequência
2.988,6.402543715218502,na frequência
2.989,7.529883673464096,na frequência
2.99,7.917807550239634,na frequência
2.991,7.530681558589198,na frequência
2.992,6.408739276872098,na frequência
2.993,4.663914333062563,na frequência
2.994,2.468676986500504,na frequência
2.995,0.03898758552685493,na frequência
2.996,-2.3869484117443447,na frequência
2.997,-4.572033938310817,na frequência
2.998,-6.303452782643434,na frequência
2.999,-7.4133962815161745,na frequência
3.0,-7.795325670344073,na frequência
3.001,-7.414194267312823,na frequência
3.002,-6.309649096181931,na frequência
3.003,-4.591920969058917,na frequência
3.004,-2.4308277548806294,na frequência
3.005,-0.03898749365259922,na frequência
3.006,2.3490993779656555,na frequência
3.007,4.500040810322572,na frequência
3.008,6.204362888584071,na frequência
3.009,7.296909322668879,na frequência
3.01,7.6728441438837285,na frequência
3.011,7.297707205807352,na frequência
3.012,6.210558412194869,na frequência
3.013,4.519925310077868,na frequência
3.014,2.392973139921576,na frequência
3.015,0.03897767022570914,na frequência
3.016,-2.3112653497128672,na frequência
3.017,-4.428068279998342,na frequência
3.018,-6.10529868982346,na frequência
3.019,-7.18045175003736,na frequência
3.02,-7.550393405829911,na frequência
3.021,-7.181249331680713,na frequência
3.022,-6.111491890804011,na frequência
3.023,-4.44794533623731,na frequência
3.024,-2.355122696466724,na frequência
3.025,-0.03895833005501076,na frequência
3.026,2.2734554528003215,na frequência
3.027,4.356133900257137,na frequência
3.028,6.006284428312598,na frequência
3.029,7.064052102245483,na frequência
3.03,7.428003479138816,na frequência
3.031,7.064849195302982,na frequência
3.032,6.012473797834546,na frequência
3.033,4.375998637138508,na frequência
3.034,2.3172856006440323,na frequência
3.035,0.03892932303991077,na frequência
3.036,-2.2356791624858388,na frequência
3.037,-4.284255556755457,na frequência
3.038,-5.907344661246458,na frequência
3.039,-6.9477392153186095,na frequência
3.04,-7.305704666358611,na frequência
3.041,-6.948535609137595,na frequência
3.042,-5.913528644151978,na frequência
3.043,-4.304103030789731,na frequência
3.044,-2.2794712405893582,na frequência
3.045,-0.03889069458796715,na frequência
3.046,2.197945775569945,na frequência
3.047,4.212450974807362,na frequência
3.048,5.808503805174222,na frequência
3.049,6.8315418063721385,na frequência
3.05,7.183527175231487,na frequência
3.051,6.832337317463517,na frequência
3.052,5.814680901512039,na frequência
3.053,4.232276327320739,na frequência
3.054,2.2416890294213667,na frequência
3.055,0.038842548861118556,na frequência
3.056,-2.1602644962743955,na frequência
3.057,-4.140737754196972,na frequência
3.058,-5.709786119945418,na frequência
3.059,-6.715488407237576,na frequência
3.06,-7.0615010028411875,na frequência
3.061,-6.716282832114737,na frequência
3.062,-5.7159547911134805,na frequência
3.063,-4.160536071648272,na frequência
3.064,-2.203948103344788,na frequência
3.065,-0.038784703621348525,na frequência
3.066,2.1226448233990647,na frequência
3.067,4.069133797133768,na frequência
3.068,5.6112161762955965,na frequência
3.069,6.599607870513617,na frequência
3.07,6.939656478911725,na frequência
3.071,6.600401011691805,na frequência
3.072,5.617374897212399,na frequência
3.073,4.088900189752807,na frequência
3.074,2.166257998562425,na frequência
3.075,0.03871739543195815,na frequência
3.076,-2.085095819505385,na frequência
3.077,-3.9976565548150926,na frequência
3.078,-5.512818083068722,na frequência
3.079,-6.483928580959526,na frequência
3.08,-6.818023465047638,na frequência
3.081,-6.484720252415755,na frequência
3.082,-5.518965353359196,na frequência
3.083,-4.017386173986459,na frequência
3.084,-2.1286278391977764,na frequência
3.085,-0.038640473540762096,na frequência
3.086,2.0476269079612477,na frequência
3.087,3.9263238125322166,na frequência
3.088,5.414616257752045,na frequência
3.089,6.368479209035022,na frequência
3.09,6.6966320890153765,na frequência
3.091,6.3692692009852765,na frequência
3.092,5.420750531709113,na frequência
3.093,3.9460117467052993,na frequência
3.094,2.0910669730565363,na frequência
3.095,0.03855400548475647,na frequência
3.096,-2.0102472998819616,na frequência
3.097,-3.855153151640667,na frequência
3.098,-5.316634926023962,na frequência
3.099,-6.253288250583548,na frequência
3.1,-6.575512327065591,na frequência
3.101,-6.254076381919412,na frequência
3.102,-5.322754717562598,na frequência
3.103,-3.8747945839026463,na frequência
3.104,-2.0535847459068206,na frequência
3.105,-0.0384581031862531,na frequência
3.106,1.972966115463058,na frequência
3.107,3.784162017982256,na frequência
3.108,5.218898137320396,na frequência
3.109,6.138383989957406,na frequência
3.11,6.4546939153342695,na frequência
3.111,6.139170058180256,na frequência
3.112,5.225001920314872,na frequência
3.113,3.803752077687468,na frequência
3.114,2.0161902167233112,na frequência
3.115,0.038352592186574934,na frequência
3.116,-1.935792759567986,na frequência
3.117,-3.7133681411451063,na frequência
3.118,-5.1214302266429685,na frequência
3.119,-6.023795003234328,na frequência
3.12,-6.334206893260383,na frequência
3.121,-6.024578813464117,na frequência
3.122,-5.127516493108038,na frequência
3.123,-3.732901991534551,na frequência
3.124,-1.9788928464761344,na frequência
3.125,-0.03823773159043117,na frequência
3.126,1.898736173351213,na frequência
3.127,3.642788760705818,na frequência
3.128,5.02425501876491,na frequência
3.129,5.909549343976832,na frequência
3.13,6.214080774666324,na frequência
3.131,5.91033071246221,na frequência
3.132,5.030322286141442,na frequência
3.133,3.6622616104519525,na frequência
3.134,1.941701648829286,na frequência
3.135,0.038113368776927836,na frequência
3.136,-1.8618056722751715,na frequência
3.137,-3.572441453949717,na frequência
3.138,-4.927396642858959,na frequência
3.139,-5.795675342166974,na frequência
3.14,-6.094345328547465,na frequência
3.141,-5.796454061154425,na frequência
3.142,-4.933443384161146,na frequência
3.143,-3.591848453337359,na frequência
3.144,-1.9046258749721052,na frequência
3.145,-0.037979594226046735,na frequência
3.146,1.8250103238720583,na frequência
3.147,3.5023435488971715,na frequência
3.148,4.830878983521769,na frequência
3.149,5.682201095974815,na frequência
3.15,5.975030114278719,na frequência
3.151,5.68297698801363,na frequência
3.152,4.836903736010943,na frequência
3.153,3.5216799529478098,na frequência
3.154,1.8676747457376524,na frequência
3.155,0.037836527122695016,na frequência
3.156,-1.7883591077328291,na frequência
3.157,-3.4325122293833212,na frequência
3.158,-4.73472573084644,na frequência
3.159,-5.569154467085625,na frequência
3.16,-5.856164422761781,na frequência
3.161,-5.569927331783916,na frequência
3.162,-4.740726990027102,na frequência
3.163,-3.4517732399975833,na frequência
3.164,-1.8308571855347437,na frequência
3.165,-0.03768400025987588,na frequência
3.166,1.7518612785171557,na frequência
3.167,3.362964944890915,na frequência
3.168,4.638960835992755,na frequência
3.169,5.456563580896125,na frequência
3.17,5.737777820061316,na frequência
3.171,5.45733322722944,na frequência
3.172,4.644937120369321,na frequência
3.173,3.382145808285253,na frequência
3.174,1.7941825241826002,na frequência
3.175,0.037522296153431584,na frequência
3.176,-1.7155255983339943,na frequência
3.177,-3.293718614538299,na frequência
3.178,-4.543607690201981,na frequência
3.179,-5.344455984226265,na frequência
3.18,-5.6198992876645715,na frequência
3.181,-5.345222231900935,na frequência
3.182,-4.5495575442815825,na frequência
3.183,-3.312814626380302,na frequência
3.184,-1.7576596068290646,na frequência
3.185,-0.03735125882341939,na frequência
3.186,1.6793612196759835,na frequência
3.187,3.2247905015325378,na frequência
3.188,4.448689987784071,na frequência
3.189,5.232859494043919,na frequência
3.19,5.502558054294616,na frequência
3.191,5.233622138478708,na frequência
3.192,4.4546119124365156,na frequência
3.193,3.2437969034239527,na frequência
3.194,1.7212975326033453,na frequência
3.195,0.03717100260244716,na frequência
3.196,-1.643377009252094,na frequência
3.197,-3.1561975725275886,na frequência
3.198,-4.354231123945194,na frequência
3.199,-5.121801636711249,na frequência
3.2,-5.385783079462159,na frequência
3.201,-5.122560505383168,na frequência
3.202,-4.360123689151518,na frequência
3.203,-3.175109721212597,na frequência
3.204,-1.6851053404808078,na frequência
3.205,-0.03698165330434948,na frequência
3.206,1.6075817504106569,na frequência
3.207,3.0879566429585337,na frequência
3.208,4.2602542827555325,na frequência
3.209,5.011309678676177,na frequência
3.21,5.269603027288801,na frequência
3.211,5.0120645743886945,na frequência
3.212,4.266116014630932,na frequência
3.213,3.1067698420246175,na frequência
3.214,1.6490917637138287,na frequência
3.215,0.03678305029783357,na frequência
3.216,-1.5719844923887725,na frequência
3.217,-3.020084776586106,na frequência
3.218,-4.166782885953139,na frequência
3.219,-4.90141112345538,na frequência
3.22,-5.154046810491067,na frequência
3.221,-4.902161860277785,na frequência
3.222,-4.172612338749323,na frequência
3.223,-3.038794384721432,na frequência
3.224,-1.6132659461212673,na frequência
3.225,-0.03657550050854789,na frequência
3.226,1.5365937614297858,na frequência
3.227,2.95259846491299,na frequência
3.228,4.073839744150746,na frequência
3.229,4.7921328383840365,na frequência
3.23,5.0391426966236015,na frequência
3.231,4.792879240646333,na frequência
3.232,4.079635498521697,na frequência
3.233,2.9711998939448736,na frequência
3.234,1.577636506969357,na frequência
3.235,0.03635884277865548,na frequência
3.236,-1.5014184933464338,na frequência
3.237,-2.8855145532791666,na frequência
3.238,-3.981447973275192,na frequência
3.239,-4.683501958388778,na frequência
3.24,-4.924919196306447,na frequência
3.241,-4.684243825788879,na frequência
3.242,-3.9872085668834445,na frequência
3.243,-2.9040031650088154,na frequência
3.244,-1.5422123391272327,na frequência
3.245,-0.03613321635000688,na frequência
3.246,1.4664672977417497,na frequência
3.247,2.8188495409039924,na frequência
3.248,3.889630333599315,na frequência
3.249,4.575545267176324,na frequência
3.25,4.811404489676847,na frequência
3.251,4.576282433384374,na frequência
3.252,3.895354378363612,na frequência
3.253,2.8372208230265024,na frequência
3.254,1.5070022437703845,na frequência
3.255,0.03589875287216067,na frequência
3.256,-1.4317487073894632,na frequência
3.257,-2.7526197707722613,na frequência
3.258,-3.7984093596601545,na frequência
3.259,-4.468289267086663,na frequência
3.26,-4.698626436399127,na frequência
3.261,-4.469021539142724,na frequência
3.262,-3.8040954210473332,na frequência
3.263,-2.77086915700193,na frequência
3.264,-1.4720147074895509,na frequência
3.265,-0.03565529745523927,na frequência
3.266,1.3972715122936799,na frequência
3.267,2.6868418178509597,na frequência
3.268,3.707807801646963,na frequência
3.269,4.361760672599246,na frequência
3.27,4.586613120126328,na frequência
3.271,4.3624878708925054,na frequência
3.272,3.713454478728149,na frequência
3.273,2.704964808200784,na frequência
3.274,1.4372586347091796,na frequência
3.275,0.035403182608874754,na frequência
3.276,-1.3630439471243476,na frequência
3.277,-2.621531641148303,na frequência
3.278,-3.617847745656538,na frequência
3.279,-4.255985502632469,na frequência
3.28,-4.475391916894927,na frequência
3.281,-4.2567074572503385,na frequência
3.282,-3.623453664086342,na frequência
3.283,-2.639523792049041,na frequência
3.284,-1.4027423624241004,na frequência
3.285,-0.03514223979018508,na frequência
3.286,1.3290746790614825,na frequência
3.287,2.5567055673469135,na frequência
3.288,3.528551589698287,na frequência
3.289,4.150990045662206,na frequência
3.29,4.364990446225006,na frequência
3.291,4.151706561648335,na frequência
3.292,3.5341153326114023,na frequência
3.293,2.5745623888934763,na frequência
3.294,1.3684745246818004,na frequência
3.295,0.034872634406300014,na frequência
3.296,-1.2953720055673517,na frequência
3.297,-2.4923795247236358,na frequência
3.298,-3.4399413171801148,na frequência
3.299,-4.046800176190962,na frequência
3.3,-4.255435933918128,na frequência
3.301,-4.0475110946626565,na frequência
3.302,-3.4454615474484953,na frequência
3.303,-2.5100966640677638,na frequência
3.304,-1.3344636302185782,na frequência
3.305,-0.03459450297604144,na frequência
3.306,1.2619441561640934,na frequência
3.307,2.4285692827593293,na frequência
3.308,3.352038673655938,na frequência
3.309,3.9434414683146968,na frequência
3.31,4.146755262457156,na frequência
3.311,3.9441466015340576,na frequência
3.312,3.3575140045351652,na frequência
3.313,2.4461423312872985,na frequência
3.314,1.3007178648545712,na frequência
3.315,0.03430769532744731,na frequência
3.316,-1.2287996095938303,na frequência
3.317,-2.365290827779736,na frequência
3.318,-3.2648656000177203,na frequência
3.319,-3.8409396854517475,na frequência
3.32,-4.038975516124095,na frequência
3.321,-3.8416388613356958,na frequência
3.322,-3.270294684236835,na frequência
3.323,-2.3827154548755036,na frequência
3.324,-1.2672458420924935,na frequência
3.325,-0.034012570981788566,na frequência
3.326,1.195946254612255,na frequência
3.327,2.302559484255317,na frequência
3.328,3.178443317963327,na frequência
3.329,3.7393198339226275,na frequência
3.33,3.9321230068540025,na frequência
3.331,3.7400128894121307,na frequência
3.332,3.1838248347485014,na frequência
3.333,2.3198314184971167,na frequência
3.334,1.2340555614797863,na frequência
3.335,0.03370895131996666,na frequência
3.336,-1.1633924400011801,na frequência
3.337,-2.2403909631483003,na frequência
3.338,-3.0927933730014248,na frequência
3.339,-3.638607197084093,na frequência
3.34,-3.826224296081008,na frequência
3.341,-3.6392939435826763,na frequência
3.342,-3.098125959320325,na frequência
3.343,-2.257505890047389,na frequência
3.344,-1.2011553477423065,na frequência
3.345,-0.033397029457106334,na frequência
3.346,1.131146097543037,na frequência
3.347,2.178800521398721,na frequência
3.348,3.0079368341515966,na frequência
3.349,3.5388265789321536,na frequência
3.35,3.721305485858008,na frequência
3.351,3.5395068662479154,na frequência
3.352,3.013219212601524,na frequência
3.353,2.195754275191796,na frequência
3.354,1.1685533641280372,na frequência
3.355,0.033076945605159516,na frequência
3.356,-1.099215102846909,na frequência
3.357,-2.1178032575756136,na frequência
3.358,-2.923894523471734,na frequência
3.359,-3.4400024669439375,na frequência
3.36,-3.6173923147905427,na frequência
3.361,-3.440676113475465,na frequência
3.362,-2.92912536316141,na frequência
3.363,-2.1345916137771126,na frequência
3.364,-1.1362574432830816,na frequência
3.365,-0.03274855307117706,na frequência
3.366,1.0676075735060495,na frequência
3.367,2.0574144734056463,na frequência
3.368,2.8406874400952757,na frequência
3.369,3.3421595176474455,na frequência
3.37,3.51451070400591,na frequência
3.371,3.342826360027782,na frequência
3.372,2.84586545597396,na frequência
3.373,2.0740332978545437,na frequência
3.374,1.1042758585409695,na frequência
3.375,0.03241224016203872,na frequência
3.376,-1.0363309996164087,na frequência
3.377,-1.9976487601296626,na frequência
3.378,-2.758335806183902,na frequência
3.379,-3.245321566226108,na frequência
3.38,-3.412685734699651,na frequência
3.381,-3.2459814493006087,na frequência
3.382,-2.7634597392829265,na frequência
3.383,-2.0140939800228077,na frequência
3.384,-1.0726162182460375,na frequência
3.385,-0.032067814888491704,na frequência
3.386,1.0053933644257564,na frequência
3.387,1.9385211203886785,na frequência
3.388,2.6768601860833408,na frequência
3.389,3.1495127391039066,na frequência
3.39,3.3119427504041963,na frequência
3.391,3.15016548158605,na frequência
3.392,2.681928735184185,na frequência
3.393,1.954788622623847,na frequência
3.394,1.0412864897954341,na frequência
3.395,0.03171550000914939,na frequência
3.396,-0.9748021822135271,na frequência
3.397,-1.8800460430189958,na frequência
3.398,-2.596280602054412,na frequência
3.399,-3.054756614616025,na frequência
3.4,-3.2123065665226593,na frequência
3.401,-3.055402076240707,na frequência
3.402,-2.6012925579733097,na frequência
3.403,-1.8961318755259624,na frequência
3.404,-1.0102944397641063,na frequência
3.405,-0.03135543800686101,na frequência
3.406,0.9445649263757685,na frequência
3.407,1.822237862541431,na frequência
3.408,2.5166168239308484,na frequência
3.409,2.9610764419894164,na frequência
3.41,3.1138016181342505,na frequência
3.411,2.96171444811687,na frequência
3.412,2.5215709192494704,na frequência
3.413,1.838138010134757,na frequência
3.414,0.9796474972013868,na frequência
3.415,0.03098748416222876,na frequência
3.416,-0.914689305989715,na frequência
3.417,-1.765111104686384,na frequência
3.418,-2.4378887828170086,na frequência
3.419,-2.8684956222859874,na frequência
3.42,-3.0164525070744457,na frequência
3.421,-2.869126019437139,na frequência
3.422,-2.4427838029549074,na frequência
3.423,-1.7808216556382237,na frequência
3.424,-0.9493535487536487,na frequência
3.425,-0.030612057831278894,na frequência
3.426,0.8851823615043213,na frequência
3.427,1.7086795325641206,na frequência
3.428,2.36011557160839,na frequência
3.429,2.7770366674539715,na frequência
3.43,2.9202829239454924,na frequência
3.431,2.777659309374006,na frequência
3.432,2.3649503272439647,na frequência
3.433,1.7241966379222013,na frequência
3.434,0.9194197593579315,na frequência
3.435,0.030228949576055077,na frequência
3.436,-0.8560516666214885,na frequência
3.437,-1.65295735313124,na frequência
3.438,-2.2833166517393697,na frequência
3.439,-2.686722403160547,na frequência
3.44,-2.8253168429187663,na frequência
3.441,-2.6873371167486657,na frequência
3.442,-2.2880899110061796,na frequência
3.443,-1.66827712581481,na frequência
3.444,-0.8898536940459487,na frequência
3.445,-0.02983841429056865,na frequência
3.446,0.8273042681607025,na frequência
3.447,1.597958194415318,na frequência
3.448,2.2075108721611607,na frequência
3.449,2.5975750338895396,na frequência
3.45,2.7315776372281153,na frequência
3.451,2.5981816900392256,na frequência
3.452,2.212221502284333,na frequência
3.453,1.6130769215140421,na frequência
3.454,0.8606626736288358,na frequência
3.455,0.02944059499517418,na frequência
3.456,-0.7989471917255846,na frequência
3.457,-1.5436955386460869,na frequência
3.458,-2.1327168283642726,na frequência
3.459,-2.509616426680411,na frequência
3.46,-2.6390882868136005,na frequência
3.461,-2.5102148584313646,na frequência
3.462,-2.1373636324952003,na frequência
3.463,-1.5586094379579578,na frequência
3.464,-0.8318536753702268,na frequência
3.465,-0.029035347109027575,na frequência
3.466,0.7709876934086117,na frequência
3.467,1.4901830493860486,na frequência
3.468,2.0589532642414894,na frequência
3.469,2.4228685868578466,na frequência
3.47,2.547871926836038,na frequência
3.471,2.423458651775816,na frequência
3.472,2.0635351061805673,na frequência
3.473,1.504888456366356,na frequência
3.474,0.8034341559263429,na frequência
3.475,0.028623123986102058,na frequência
3.476,-0.7434323148771131,na frequência
3.477,-1.4374335708606987,na frequência
3.478,-1.9862380196575238,na frequência
3.479,-2.337352558163078,na frequência
3.48,-2.4579507049638734,na frequência
3.481,-2.3379341198273944,na frequência
3.482,-1.9907537871273073,na frequência
3.483,-1.4519268842359325,na frequência
3.484,-0.7754107862173866,na frequência
3.485,-0.028203693620834754,na frequência
3.486,0.7162881799526611,na frequência
3.487,1.3854604330361697,na frequência
3.488,1.914589339334975,na frequência
3.489,2.2530897308425057,na frequência
3.49,2.3693470841163187,na frequência
3.491,2.253662625121454,na frequência
3.492,1.9190378768509313,na frequência
3.493,1.3997380148685339,na frequência
3.494,0.7477906873760627,na frequência
3.495,0.027777346321233125,na frequência
3.496,-0.6895618199769601,na frequência
3.497,-1.3342763148374293,na frequência
3.498,-1.844024778751489,na frequência
3.499,-2.17010079501384,na frequência
3.5,-2.282082847993727,na frequência
3.501,-2.170664905202433,na frequência
3.502,-1.8484050378232832,na frequência
3.503,-1.3483347156021896,na frequência
3.504,-0.7205806876355269,na frequência
3.505,-0.027344223510749714,na frequência
3.506,0.663259770264022,na frequência
3.507,1.2838937634572543,na frequência
3.508,1.7745616443380396,na frequência
3.509,2.0884061001955376,na frequência
3.51,2.1961793787535115,na frequência
3.511,2.088961267592439,na frequência
3.512,1.7788725051692926,na frequência
3.513,1.2977294559157497,na frequência
3.514,0.6937872667261813,na frequência
3.515,0.026904178481056352,na frequência
3.516,-0.6373887927611186,na frequência
3.517,-1.2343255000344944,na frequência
3.518,-1.706217381595588,na frequência
3.519,-2.0080261250709253,na frequência
3.52,-2.1116582073828827,na frequência
3.521,-2.008572219442318,na frequência
3.522,-1.710457793926131,na frequência
3.523,-1.2479350902462347,na frequência
3.524,-0.6674174117917863,na frequência
3.525,-0.026457702516816103,na frequência
3.526,0.6119548830411833,na frequência
3.527,1.1855833635113635,na frequência
3.528,1.6390084599585852,na frequência
3.529,1.9289803078498007,na frequência
3.53,2.0285397943427017,na frequência
3.531,1.9295172034702182,na frequência
3.532,1.6431773954538997,na frequência
3.533,1.19896352014842,na frequência
3.534,0.641477250613672,na frequência
3.535,0.026004534493028243,na frequência
3.536,-0.5869646790641864,na frequência
3.537,-1.1376797325460029,na frequência
3.538,-1.5729518027151221,na frequência
3.539,-1.8512884791065858,na frequência
3.54,-1.946844960270548,na frequência
3.541,-1.851816021487591,na frequência
3.542,-1.5770481887222236,na frequência
3.543,-1.1508270882348148,na frequência
3.544,-0.61597342303626,na frequência
3.545,-0.025545004549594717,na frequência
3.546,0.5624241505529337,na frequência
3.547,1.0906262532784514,na frequência
3.548,1.508063558507855,na frequência
3.549,1.7749696823175363,na frequência
3.55,1.866593760751363,na frequência
3.551,1.7754877684296149,na frequência
3.552,1.5120864383928057,na frequência
3.553,1.1035376448048713,na frequência
3.554,0.5909122202824812,na frequência
3.555,0.02507924983452233,na frequência
3.556,-0.5383393035064539,na frequência
3.557,-1.0444344612248997,na frequência
3.558,-1.4443596381700559,na frequência
3.559,-1.7000426236179786,na frequência
3.56,-1.7878058473664105,na frequência
3.561,-1.7005511034226493,na frequência
3.562,-1.4483079749461216,na frequência
3.563,-1.0571066363473847,na frequência
3.564,-0.5662995813931726,na frequência
3.565,-0.024607118663419584,na frequência
3.566,0.5147163683276664,na frequência
3.567,0.999116061487057,na frequência
3.568,1.3818560865831535,na frequência
3.569,1.6265261346210327,na frequência
3.57,1.7105010204951459,na frequência
3.571,1.627024891258682,na frequência
3.572,1.3857289231452634,na frequência
3.573,1.0115459189015963,na frequência
3.574,0.5421419889536258,na frequência
3.575,0.024129145622491563,na frequência
3.576,-0.4915607487919156,na frequência
3.577,-0.9546818056872018,na frequência
3.578,-1.3205678918921953,na frequência
3.579,-1.554437918602223,na frequência
3.58,-1.6346979174813938,na frequência
3.581,-1.5549268378189558,na frequência
3.582,-1.3243642901922454,na frequência
3.583,-0.9668663045575872,na frequência
3.584,-0.5184449796312706,na frequência
3.585,-0.02364503187255084,na frequência
3.586,0.46887856624677915,na frequência
3.587,0.9111430549610376,na frequência
3.588,1.2605105616070702,na frequência
3.589,1.4837961340472354,na frequência
3.59,1.5604155979730394,na frequência
3.591,1.484275071537103,na frequência
3.592,1.2642295376117783,na frequência
3.593,0.9230791180052325,na frequência
3.594,0.49521467956869636,na frequência
3.595,0.02315515349650276,na frequência
3.596,-0.4466751842569467,na frequência
3.597,-0.8685103435755143,na frequência
3.598,-1.2016987311702934,na frequência
3.599,-1.4146180540927622,na frequência
3.6,-1.4876722600469663,na frequência
3.601,-1.4150869218453401,na frequência
3.602,-1.2053394274151952,na frequência
3.603,-0.8801951155098146,na frequência
3.604,-0.47245680090797376,na frequência
3.605,-0.022659639910315877,na frequência
3.606,0.42495604439897405,na frequência
3.607,0.8267941254670002,na frequência
3.608,1.1441468182222534,na frequência
3.609,1.3469206259370474,na frequência
3.61,1.416485702594853,na frequência
3.611,1.347379282745179,na frequência
3.612,1.147708285413602,na frequência
3.613,0.8382246468414378,na frequência
3.614,0.4501767014995226,na frequência
3.615,0.022158330783588958,na frequência
3.616,-0.4037268124344148,na frequência
3.617,-0.7860050235477786,na frequência
3.618,-1.087869374799917,na frequência
3.619,-1.280720925382002,na frequência
3.62,-1.3468738813192584,na frequência
3.621,-1.28116926899107,na frequência
3.622,-1.091350755907658,na frequência
3.623,-0.7971785063392707,na frequência
3.624,-0.42838032973347084,na frequência
3.625,-0.02165181154139084,na frequência
3.626,0.38299225572603146,na frequência
3.627,0.746152624107465,na frequência
3.628,1.0328798032415472,na frequência
3.629,1.2160347991714453,na frequência
3.63,1.2788534827967706,na frequência
3.631,1.2164727274730307,na frequência
3.632,1.0362802562270728,na frequência
3.633,0.7570663366314639,na frequência
3.634,0.40707258359509335,na frequência
3.635,0.021139733995959583,na frequência
3.636,-0.362757954737183,na frequência
3.637,-0.707247214121425,na frequência
3.638,-0.9791921129636827,na frequência
3.639,-1.1528786348765037,na frequência
3.64,-1.2124417010839392,na frequência
3.641,-1.153306014115074,na frequência
3.642,-0.9825107474391668,na frequência
3.643,-0.7178983866029575,na frequência
3.644,-0.38625904926746846,na frequência
3.645,-0.02062252889045144,na frequência
3.646,0.34302862329581363,na frequência
3.647,0.669298141099364,na frequência
3.648,0.9268193266594643,na frequência
3.649,1.0912678201482884,na frequência
3.65,1.1476547566105557,na frequência
3.651,1.0916845788130722,na frequência
3.652,0.9300553914889111,na frequência
3.653,0.6796842465900047,na frequência
3.654,0.3659448198734622,na frequência
3.655,0.020100313276967485,na frequência
3.656,-0.3238091079273618,na frequência
3.657,-0.6323147149302055,na frequência
3.658,-0.8757742809165688,na frequência
3.659,-1.0312174388222328,na frequência
3.66,-1.0845084849195636,na frequência
3.661,-1.0316234443733323,na frequência
3.662,-0.8789269182877864,na frequência
3.663,-0.6424331019329973,na frequência
3.664,-0.3461346341471432,na frequência
3.665,-0.019572913289776,na frequência
3.666,0.3051044816730938,na frequência
3.667,0.596306418656037,na frequência
3.668,0.8260699539648912,na frequência
3.669,0.9727427152882305,na frequência
3.67,1.0230188969079899,na frequência
3.671,0.9731378814370362,na frequência
3.672,0.8291384136641375,na frequência
3.673,0.6061546317959045,na frequência
3.674,0.3268338834436722,na frequência
3.675,0.019040976131640953,na frequência
3.676,-0.28691883087627545,na frequência
3.677,-0.5612815983016396,na frequência
3.678,-0.77771806331678,na frequência
3.679,-0.915857525166634,na frequência
3.68,-0.9632006081737019,na frequência
3.681,-0.9162417624899971,na frequência
3.682,-0.7807016043293642,na frequência
3.683,-0.5708572316265679,na frequência
3.684,-0.30804677842434003,na frequência
3.685,-0.018504087863690517,na frequência
3.686,0.2692571792932923,na frequência
3.687,0.5272494218030472,na frequência
3.688,0.7307310523538614,na frequência
3.689,0.860576402324368,na frequência
3.69,0.9050688591611366,na frequência
3.691,0.8609495877606103,na frequência
3.692,0.733628882065898,na frequência
3.693,0.5365500280846475,na frequência
3.694,0.28977834708779765,na frequência
3.695,0.01796274682605202,na frequência
3.696,-0.25212354705448115,na frequência
3.697,-0.4942179781465061,na frequência
3.698,-0.68512023742555,na frequência
3.699,-0.8069127416477473,na frequência
3.7,-0.84863778119754,na frequência
3.701,-0.8072748219216652,na frequência
3.702,-0.6879317182470521,na frequência
3.703,-0.5032413782212218,na frequência
3.704,-0.27203302508637617,na frequência
3.705,-0.017417051158240163,na frequência
3.706,0.235522160316371,na frequência
3.707,0.46219537903695745,na frequência
3.708,0.6408967968544016,na frequência
3.709,0.754879671182802,na frequência
3.71,0.7939211480357106,na frequência
3.711,0.755230521757041,na frequência
3.712,0.6436211647854263,na frequência
3.713,0.4709392412864034,na frequência
3.714,0.2548148963766979,na frequência
3.715,0.0168668066747878,na frequência
3.716,-0.21945747738081586,na frequência
3.717,-0.43118991982454874,na frequência
3.718,-0.5980720670590687,na frequência
3.719,-0.7044904833957539,na frequência
3.72,-0.7409329417155264,na frequência
3.721,-0.704830035579011,na frequência
3.722,-0.6007086855217064,na frequência
3.723,-0.43965213993895297,na frequência
3.724,-0.23812878151291972,na frequência
3.725,-0.016312738908456834,na frequência
3.726,0.2039328568308726,na frequência
3.727,0.4012086323314931,na frequência
3.728,0.5566559851417158,na frequência
3.729,0.6557569731128607,na frequência
3.73,0.6896855919267574,na frequência
3.731,0.6560851505129954,na frequência
3.732,0.5592042183050304,na frequência
3.733,0.4093871443186953,na frequência
3.734,0.22197815118141553,na frequência
3.735,0.01575434380736678,na frequência
3.736,-0.18895276177710818,na frequência
3.737,-0.3722595359808333,na frequência
3.738,-0.5166593786905236,na frequência
3.739,-0.6086917576518258,na frequência
3.74,-0.6401923179936287,na frequência
3.741,-0.6090084477313316,na frequência
3.742,-0.5191185347468948,na frequência
3.743,-0.38015222747061717,na frequência
3.744,-0.20636746833372835,na frequência
3.745,-0.015192207521970645,na frequência
3.746,0.17452047153846112,na frequência
3.747,0.344349390098284,na frequência
3.748,0.4780917678415181,na frequência
3.749,0.563306137714885,na frequência
3.75,0.5924650575438526,na frequência
3.751,0.563611307653318,na frequência
3.752,0.4804613304534423,na frequência
3.753,0.3519544487959603,na frequência
3.754,0.19130047267365366,na frequência
3.755,0.014626399327505875,na frequência
3.756,-0.16063957334124535,na frequência
3.757,-0.3174850637734537,na frequência
3.758,-0.4409626073446288,na frequência
3.759,-0.5196112062126836,na frequência
3.76,-0.5465154371537313,na frequência
3.761,-0.5199047379806717,na frequência
3.762,-0.44324190651933687,na frequência
3.763,-0.3248004855641509,na frequência
3.764,-0.17678055923251373,na frequência
3.765,-0.01405669479397021,na frequência
3.766,0.1473138965311455,na frequência
3.767,0.2916736289261936,na frequência
3.768,0.4052815394331363,na frequência
3.769,0.4776182613371703,na frequência
3.77,0.502355345448771,na frequência
3.771,0.4779001060446139,na frequência
3.772,0.4074700597055047,na frequência
3.773,0.29869767884677056,na frequência
3.774,0.16281197730964864,na frequência
3.775,0.01348392429894986,na frequência
3.776,-0.1345460186053527,na frequência
3.777,-0.2669207256716402,na frequência
3.778,-0.3710566239573307,na frequência
3.779,-0.43733690751513776,na frequência
3.78,-0.45999491150284516,na frequência
3.781,-0.437607001804467,na frequência
3.782,-0.3731538376708669,na frequência
3.783,-0.2736516890463258,na frequência
3.784,-0.1493973947445833,na frequência
3.785,-0.012907454829171678,na frequência
3.786,0.12233985679295073,na frequência
3.787,0.24323321792198388,na frequência
3.788,0.338297048399556,na frequência
3.789,0.3987778099988095,na frequência
3.79,0.41944529395202235,na frequência
3.791,0.39903605123038993,na frequência
3.792,0.3403023661794492,na frequência
3.793,0.2496693263081933,na frequência
3.794,0.13654072075968404,na frequência
3.795,0.01232799435177356,na frequência
3.796,-0.11069789315111976,na frequência
3.797,-0.2206164589973768,na frequência
3.798,-0.30701044504750474,na frequência
3.799,-0.3619500745928124,na frequência
3.8,-0.3807161341469866,na frequência
3.801,-0.36219645356792013,na frequência
3.802,-0.3089234809130898,na frequência
3.803,-0.22675628700351924,na frequência
3.804,-0.12424495686159145,na frequência
3.805,-0.011745566456398375,na frequência
3.806,0.09962306733065107,na frequência
3.807,0.19907604345379257,na frequência
3.808,0.2772044940726434,na frequência
3.809,0.3268626947237871,na frequência
3.81,0.34381684051952566,na frequência
3.811,0.32709709688015987,na frequência
3.812,0.27902466864620423,na frequência
3.813,0.20491791557582897,na frequência
3.814,0.11251277498824505,na frequência
3.815,0.011159901030081836,na frequência
3.816,-0.08911857653307989,na frequência
3.817,-0.1786178002003812,na frequência
3.818,-0.2488871116810914,na frequência
3.819,-0.29352493581595657,na frequência
3.82,-0.3087571696629631,na frequência
3.821,-0.29374733557228,na frequência
3.822,-0.2506140401855713,na frequência
3.823,-0.1841603710767063,na frequência
3.824,-0.10134787501335324,na frequência
3.825,-0.010571979287118909,na frequência
3.826,0.07918614721430557,na frequência
3.827,0.1592458860006465,na frequência
3.828,0.22206437126153103,na frequência
3.829,0.26194409069162883,na frequência
3.83,0.27554482331137387,na frequência
3.831,0.2621544369550561,na frequência
3.832,0.22369763515838156,na frequência
3.833,0.1644877994068262,na frequência
3.834,0.09075203421251152,na frequência
3.835,0.009980970733679371,na frequência
3.836,-0.06982919988570849,na frequência
3.837,-0.14096604087552989,na frequência
3.838,-0.1967438378287179,na frequência
3.839,-0.2321288811223392,na frequência
3.84,-0.2441889047187324,na frequência
3.841,-0.23232707984870724,na frequência
3.842,-0.19828294993815196,na frequência
3.843,-0.14590587738993363,na frequência
3.844,-0.08072865407156955,na frequência
3.845,-0.009387769094837605,na frequência
3.846,0.06104933784127534,na frequência
3.847,0.12378211536297813,na frequência
3.848,0.1729311477407879,na frequência
3.849,0.20408610391190743,na frequência
3.85,0.2146966449300202,na frequência
3.851,0.20427217470757342,na frequência
3.852,0.17437586506063976,na frequência
3.853,0.1284188606194492,na frequência
3.854,0.07127994133913908,na frequência
3.855,0.008792318923306123,na frequência
3.856,-0.052848863122096204,na frequência
3.857,-0.10769841771245262,na frequência
3.858,-0.15063217634860646,na frequência
3.859,-0.17782260882787404,na frequência
3.86,-0.18707518145302612,na frequência
3.861,-0.17799643414662925,na frequência
3.862,-0.15198199939746015,na frequência
3.863,-0.11203071377169731,na frequência
3.864,-0.06240780769429006,na frequência
3.865,-0.008194278582637757,na frequência
3.866,0.04523035548346854,na frequência
3.867,0.09271953926545846,na frequência
3.868,0.12985311341791875,na frequência
3.869,0.15334562682452024,na frequência
3.87,0.1613321411381894,na frequência
3.871,0.15350721139737195,na frequência
3.872,0.13110780414017237,na frequência
3.873,0.09674645907709459,na frequência
3.874,0.05411547065070114,na frequência
3.875,0.007594870505190389,na frequência
3.876,-0.03819457689127738,na frequência
3.877,-0.07884801883846476,na frequência
3.878,-0.110597893541509,na frequência
3.879,-0.13065997361597792,na frequência
3.88,-0.13747262500516527,na frequência
3.881,-0.13080927540697845,na frequência
3.882,-0.11175713808024441,na frequência
3.883,-0.08256856253823378,na frequência
3.884,-0.04640366227864842,na frequência
3.885,-0.00699292475178616,na frequência
3.886,0.03174458006175729,na frequência
3.887,0.06608858960727304,na frequência
3.888,0.09287256695708111,na frequência
3.889,0.10977252939469834,na frequência
3.89,0.11550378124098098,na frequência
3.891,0.10990946094293884,na frequência
3.892,0.09393597813157609,na frequência
3.893,0.06950168770739147,na frequência
3.894,0.03927540864571708,na frequência
3.895,0.006389666146361387,na frequência
3.896,-0.025880931922339475,na frequência
3.897,-0.0544434317094882,na frequência
3.898,-0.07668060002461473,na frequência
3.899,-0.09068760602959908,na frequência
3.9,-0.09543025799948943,na frequência
3.901,-0.09081222582760085,na frequência
3.902,-0.07764809970589864,na frequência
3.903,-0.057548517699397755,na frequência
3.904,-0.03273201167595992,na frequência
3.905,-0.005784873826976062,na frequência
3.906,0.02060535895759039,na frequência
3.907,0.04391560557674719,na frequência
3.908,0.06202608019645105,na frequência
3.909,0.0734099079447599,na frequência
3.91,0.07725690513158459,na frequência
3.911,0.073522079185604,na frequência
3.912,0.06289721791406112,na frequência
3.913,0.04671159660188253,na frequência
3.914,0.02677457889037084,na frequência
3.915,0.00517808835223611,na frequência
3.916,-0.01591987273716523,na frequência
3.917,-0.03450851908286011,na frequência
3.918,-0.04891353270532392,na frequência
3.919,-0.0579447051495814,na frequência
3.92,-0.06098930919166343,na frequência
3.921,-0.058044482844112205,na frequência
3.922,-0.0496882585157919,na frequência
3.923,-0.03699497182840966,na frequência
3.924,-0.02140603768045461,na frequência
3.925,-0.004570997048023791,na frequência
3.926,0.011824015727980555,na frequência
3.927,0.026222808144476892,na frequência
3.928,0.03734444098603022,na frequência
3.929,0.04429399991474269,na frequência
3.93,0.04662961419392621,na frequência
3.931,0.044381335374599665,na frequência
3.932,0.03802251581315347,na frequência
3.933,0.028399037769237703,na frequência
3.934,0.016625677937919928,na frequência
3.935,0.003961690128072637,na frequência
3.936,-0.008320875906945939,na frequência
3.937,-0.01906260505502983,na frequência
3.938,-0.027323750510459866,na frequência
3.939,-0.032463246710416435,na frequência
3.94,-0.03418343710964291,na frequência
3.941,-0.03253806149337073,na frequência
3.942,-0.027904893224949788,na frequência
3.943,-0.020927903779055512,na frequência
3.944,-0.01243662271114013,na frequência
3.945,-0.003352208343186286,na frequência
3.946,0.005409488668188182,na frequência
3.947,0.013027917307059331,na frequência
3.948,0.01885225262473314,na frequência
3.949,0.022453769825527586,na frequência
3.95,0.02365234862693426,na frequência
3.951,0.022516185832364526,na frequência
3.952,0.01933660037058176,na frequência
3.953,0.014582245226709851,na frequência
3.954,0.008838864144278601,na frequência
3.955,0.0027417949256182696,na frequência
3.956,-0.0030913376416264165,na frequência
3.957,-0.008120849899851845,na frequência
3.958,-0.011932497100822406,na frequência
3.959,-0.014268335015770685,na frequência
3.96,-0.015039072911439218,na frequência
3.961,-0.014318130056681444,na frequência
3.962,-0.012319517079509928,na frequência
3.963,-0.009363204284344503,na frequência
3.964,-0.005832671347522096,na frequência
3.965,-0.002129781315768362,na frequência
3.966,0.0013680198006554233,na frequência
3.967,0.004343849379742863,na frequência
3.968,0.006567642557677965,na frequência
3.969,0.007910633048333214,na frequência
3.97,0.008347630259006927,na frequência
3.971,0.007948039802446379,na frequência
3.972,0.006857728939740285,na frequência
3.973,0.005274657521030653,na frequência
3.974,0.0034216125464874895,na frequência
3.975,0.0015193854278117258,na frequência
3.976,-0.00023665048923086264,na frequência
3.977,-0.0016942925501756381,na frequência
3.978,-0.002755210230432485,na frequência
3.979,-0.0033781808896154917,na frequência
3.98,-0.003575369035507667,na frequência
3.981,-0.0034029316603653046,na frequência
3.982,-0.002947774553133994,na frequência
3.983,-0.00231254956678138,na frequência
3.984,-0.0016009621681024547,na frequência
3.985,-0.0009051800090637294,na frequência
3.986,-0.0002966548582291759,na frequência
3.987,0.00017892887562475057,na frequência
3.988,0.0005024969681073149,na frequência
3.989,0.0006787145700300218,na frequência
3.99,0.0007303471094729795,na frequência
3.991,0.0006910713749338394,na frequência
3.992,0.0005980282748445686,na frequência
3.993,0.0004852878244485479,na frequência
3.994,0.0003791147064178581,na frequência
3.995,0.00029553268827723847,na frequência
3.996,0.0002402539283711252,na frequência
3.997,0.00021063293853337982,na frequência
3.998,0.00019898562743184654,na frequência
3.999,0.00019642668567540763,na frequência
