freq_hz,T,material,f_n_hz,rotulo
10.0,1.0003216184766592,ASA (atual),557.1959983514148,ASA (atual) — f_n = 557 Hz
10.081933005705391,1.0003269120274967,ASA (atual),557.1959983514148,ASA (atual) — f_n = 557 Hz
10.164537313153179,1.0003322927343097,ASA (atual),557.1959983514148,ASA (atual) — f_n = 557 Hz
10.247818422520304,1.0003377620330416,ASA (atual),557.1959983514148,ASA (atual) — f_n = 557 Hz
10.331781879048327,1.0003433213833257,ASA (atual),557.1959983514148,ASA (atual) — f_n = 557 Hz
10.416433273412618,1.000348972268877,ASA (atual),557.1959983514148,ASA (atual) — f_n = 557 Hz
10.501778242094659,1.0003547161978905,ASA (atual),557.1959983514148,ASA (atual) — f_n = 557 Hz
10.587822467757288,1.0003605547034462,ASA (atual),557.1959983514148,ASA (atual) — f_n = 557 Hz
10.674571679623137,1.0003664893439215,ASA (atual),557.1959983514148,ASA (atual) — f_n = 557 Hz
10.762031653856054,1.0003725217034083,ASA (atual),557.1959983514148,ASA (atual) — f_n = 557 Hz
10.850208213945757,1.0003786533921408,ASA (atual),557.1959983514148,ASA (atual) — f_n = 557 Hz
10.939107231095548,1.000384886046926,ASA (atual),557.1959983514148,ASA (atual) — f_n = 557 Hz
11.028734624613278,1.0003912213315849,ASA (atual),557.1959983514148,ASA (atual) — f_n = 557 Hz
11.119096362305447,1.0003976609373995,ASA (atual),557.1959983514148,ASA (atual) — f_n = 557 Hz
11.21019846087461,1.0004042065835672,ASA (atual),557.1959983514148,ASA (atual) — f_n = 557 Hz
11.302046986319949,1.0004108600176624,ASA (atual),557.1959983514148,ASA (atual) — f_n = 557 Hz
11.39464805434123,1.0004176230161086,ASA (atual),557.1959983514148,ASA (atual) — f_n = 557 Hz
11.488007830745957,1.0004244973846532,ASA (atual),557.1959983514148,ASA (atual) — f_n = 557 Hz
11.582132531859965,1.0004314849588554,ASA (atual),557.1959983514148,ASA (atual) — f_n = 557 Hz
11.67702842494132,1.0004385876045794,ASA (atual),557.1959983514148,ASA (atual) — f_n = 557 Hz
11.772701828597594,1.0004458072184959,ASA (atual),557.1959983514148,ASA (atual) — f_n = 557 Hz
11.869159113206635,1.000453145728594,ASA (atual),557.1959983514148,ASA (atual) — f_n = 557 Hz
11.966406701340691,1.0004606050946978,ASA (atual),557.1959983514148,ASA (atual) — f_n = 557 Hz
12.064451068194096,1.0004681873089967,ASA (atual),557.1959983514148,ASA (atual) — f_n = 557 Hz
12.163298742014371,1.0004758943965795,ASA (atual),557.1959983514148,ASA (atual) — f_n = 557 Hz
12.262956304536962,1.0004837284159813,ASA (atual),557.1959983514148,ASA (atual) — f_n = 557 Hz
12.363430391423421,1.000491691459737,ASA (atual),557.1959983514148,ASA (atual) — f_n = 557 Hz
12.464727692703297,1.0004997856549462,ASA (atual),557.1959983514148,ASA (atual) — f_n = 557 Hz
12.566854953219538,1.0005080131638446,ASA (atual),557.1959983514148,ASA (atual) — f_n = 557 Hz
12.669818973077641,1.000516376184389,ASA (atual),557.1959983514148,ASA (atual) — f_n = 557 Hz
12.773626608098386,1.000524876950847,ASA (atual),557.1959983514148,ASA (atual) — f_n = 557 Hz
12.878284770274378,1.0005335177344026,ASA (atual),557.1959983514148,ASA (atual) — f_n = 557 Hz
12.983800428230232,1.0005423008437657,ASA (atual),557.1959983514148,ASA (atual) — f_n = 557 Hz
13.090180607686618,1.0005512286257967,ASA (atual),557.1959983514148,ASA (atual) — f_n = 557 Hz
13.197432391928043,1.000560303466139,ASA (atual),557.1959983514148,ASA (atual) — f_n = 557 Hz
13.30556292227448,1.0005695277898623,ASA (atual),557.1959983514148,ASA (atual) — f_n = 557 Hz
13.414579398556903,1.0005789040621182,ASA (atual),557.1959983514148,ASA (atual) — f_n = 557 Hz
13.524489079596641,1.0005884347888048,ASA (atual),557.1959983514148,ASA (atual) — f_n = 557 Hz
13.635299283688758,1.000598122517243,ASA (atual),557.1959983514148,ASA (atual) — f_n = 557 Hz
13.747017389089276,1.0006079698368655,ASA (atual),557.1959983514148,ASA (atual) — f_n = 557 Hz
13.85965083450652,1.0006179793799157,ASA (atual),557.1959983514148,ASA (atual) — f_n = 557 Hz
13.973207119596355,1.0006281538221589,ASA (atual),557.1959983514148,ASA (atual) — f_n = 557 Hz
14.087693805461612,1.0006384958836052,ASA (atual),557.1959983514148,ASA (atual) — f_n = 557 Hz
14.20311851515548,1.0006490083292459,ASA (atual),557.1959983514148,ASA (atual) — f_n = 557 Hz
14.319488934189147,1.0006596939697991,ASA (atual),557.1959983514148,ASA (atual) — f_n = 557 Hz
14.436812811043469,1.000670555662472,ASA (atual),557.1959983514148,ASA (atual) — f_n = 557 Hz
14.555097957684964,1.0006815963117324,ASA (atual),557.1959983514148,ASA (atual) — f_n = 557 Hz
14.674352250085917,1.0006928188700952,ASA (atual),557.1959983514148,ASA (atual) — f_n = 557 Hz
14.794583628748839,1.0007042263389212,ASA (atual),557.1959983514148,ASA (atual) — f_n = 557 Hz
14.915800099235163,1.0007158217692305,ASA (atual),557.1959983514148,ASA (atual) — f_n = 557 Hz
15.038009732698281,1.000727608262527,ASA (atual),557.1959983514148,ASA (atual) — f_n = 557 Hz
15.161220666420972,1.0007395889716408,ASA (atual),557.1959983514148,ASA (atual) — f_n = 557 Hz
15.285441104357227,1.0007517671015804,ASA (atual),557.1959983514148,ASA (atual) — f_n = 557 Hz
15.41067931767851,1.0007641459104024,ASA (atual),557.1959983514148,ASA (atual) — f_n = 557 Hz
15.53694364532444,1.0007767287100946,ASA (atual),557.1959983514148,ASA (atual) — f_n = 557 Hz
15.664242494558119,1.0007895188674742,ASA (atual),557.1959983514148,ASA (atual) — f_n = 557 Hz
15.792584341525846,1.0008025198051005,ASA (atual),557.1959983514148,ASA (atual) — f_n = 557 Hz
15.921977731821563,1.0008157350022044,ASA (atual),557.1959983514148,ASA (atual) — f_n = 557 Hz
16.05243128105581,1.000829167995633,ASA (atual),557.1959983514148,ASA (atual) — f_n = 557 Hz
16.183953675429432,1.000842822380808,ASA (atual),557.1959983514148,ASA (atual) — f_n = 557 Hz
16.31655367231191,1.0008567018127041,ASA (atual),557.1959983514148,ASA (atual) — f_n = 557 Hz
16.4502401008245,1.0008708100068415,ASA (atual),557.1959983514148,ASA (atual) — f_n = 557 Hz
16.585021862428093,1.0008851507402954,ASA (atual),557.1959983514148,ASA (atual) — f_n = 557 Hz
16.720907931515928,1.0008997278527227,ASA (atual),557.1959983514148,ASA (atual) — f_n = 557 Hz
16.857907356011157,1.0009145452474066,ASA (atual),557.1959983514148,ASA (atual) — f_n = 557 Hz
16.99602925796927,1.0009296068923177,ASA (atual),557.1959983514148,ASA (atual) — f_n = 557 Hz
17.13528283418549,1.0009449168211952,ASA (atual),557.1959983514148,ASA (atual) — f_n = 557 Hz
17.27567735680717,1.0009604791346434,ASA (atual),557.1959983514148,ASA (atual) — f_n = 557 Hz
17.417222173951156,1.0009762980012493,ASA (atual),557.1959983514148,ASA (atual) — f_n = 557 Hz
17.5599267103262,1.0009923776587186,ASA (atual),557.1959983514148,ASA (atual) — f_n = 557 Hz
17.703800467860546,1.001008722415029,ASA (atual),557.1959983514148,ASA (atual) — f_n = 557 Hz
17.84885302633458,1.0010253366496062,ASA (atual),557.1959983514148,ASA (atual) — f_n = 557 Hz
17.995094044018725,1.0010422248145183,ASA (atual),557.1959983514148,ASA (atual) — f_n = 557 Hz
18.14253325831649,1.0010593914356887,ASA (atual),557.1959983514148,ASA (atual) — f_n = 557 Hz
18.291180486412888,1.0010768411141335,ASA (atual),557.1959983514148,ASA (atual) — f_n = 557 Hz
18.441045625928048,1.0010945785272172,ASA (atual),557.1959983514148,ASA (atual) — f_n = 557 Hz
18.592138655576314,1.0011126084299293,ASA (atual),557.1959983514148,ASA (atual) — f_n = 557 Hz
18.74446963583059,1.0011309356561848,ASA (atual),557.1959983514148,ASA (atual) — f_n = 557 Hz
18.89804870959229,1.0011495651201456,ASA (atual),557.1959983514148,ASA (atual) — f_n = 557 Hz
19.052886102866683,1.0011685018175644,ASA (atual),557.1959983514148,ASA (atual) — f_n = 557 Hz
19.208992125443725,1.0011877508271516,ASA (atual),557.1959983514148,ASA (atual) — f_n = 557 Hz
19.366377171584606,1.001207317311965,ASA (atual),557.1959983514148,ASA (atual) — f_n = 557 Hz
19.525051720713826,1.0012272065208252,ASA (atual),557.1959983514148,ASA (atual) — f_n = 557 Hz
19.685026338116966,1.001247423789752,ASA (atual),557.1959983514148,ASA (atual) — f_n = 557 Hz
19.84631167564415,1.001267974543428,ASA (atual),557.1959983514148,ASA (atual) — f_n = 557 Hz
20.0089184724193,1.0012888642966868,ASA (atual),557.1959983514148,ASA (atual) — f_n = 557 Hz
20.172857555555247,1.0013100986560248,ASA (atual),557.1959983514148,ASA (atual) — f_n = 557 Hz
20.33813984087459,1.001331683321141,ASA (atual),557.1959983514148,ASA (atual) — f_n = 557 Hz
20.504776333636535,1.0013536240865017,ASA (atual),557.1959983514148,ASA (atual) — f_n = 557 Hz
20.672778129269705,1.001375926842934,ASA (atual),557.1959983514148,ASA (atual) — f_n = 557 Hz
20.842156414110878,1.0013985975792437,ASA (atual),557.1959983514148,ASA (atual) — f_n = 557 Hz
21.01292246614989,1.0014216423838636,ASA (atual),557.1959983514148,ASA (atual) — f_n = 557 Hz
21.185087655780492,1.001445067446528,ASA (atual),557.1959983514148,ASA (atual) — f_n = 557 Hz
21.358663446557518,1.0014688790599786,ASA (atual),557.1959983514148,ASA (atual) — f_n = 557 Hz
21.533661395960163,1.0014930836216962,ASA (atual),557.1959983514148,ASA (atual) — f_n = 557 Hz
21.71009315616149,1.0015176876356653,ASA (atual),557.1959983514148,ASA (atual) — f_n = 557 Hz
21.887970474804327,1.0015426977141675,ASA (atual),557.1959983514148,ASA (atual) — f_n = 557 Hz
22.067305195783483,1.0015681205796068,ASA (atual),557.1959983514148,ASA (atual) — f_n = 557 Hz
22.24810926003437,1.0015939630663642,ASA (atual),557.1959983514148,ASA (atual) — f_n = 557 Hz
22.430394706328038,1.001620232122687,ASA (atual),557.1959983514148,ASA (atual) — f_n = 557 Hz
22.614173672072813,1.0016469348126102,ASA (atual),557.1959983514148,ASA (atual) — f_n = 557 Hz
22.799458394122478,1.0016740783179083,ASA (atual),557.1959983514148,ASA (atual) — f_n = 557 Hz
22.98626120959104,1.001701669940085,ASA (atual),557.1959983514148,ASA (atual) — f_n = 557 Hz
23.17459455667414,1.0017297171023933,ASA (atual),557.1959983514148,ASA (atual) — f_n = 557 Hz
23.364470975477364,1.0017582273518955,ASA (atual),557.1959983514148,ASA (atual) — f_n = 557 Hz
23.555903108851087,1.0017872083615522,ASA (atual),557.1959983514148,ASA (atual) — f_n = 557 Hz
23.748903703232415,1.001816667932355,ASA (atual),557.1959983514148,ASA (atual) — f_n = 557 Hz
23.943485609493788,1.0018466139954898,ASA (atual),557.1959983514148,ASA (atual) — f_n = 557 Hz
24.139661783798747,1.0018770546145417,ASA (atual),557.1959983514148,ASA (atual) — f_n = 557 Hz
24.33744528846458,1.0019079979877366,ASA (atual),557.1959983514148,ASA (atual) — f_n = 557 Hz
24.536849292832034,1.0019394524502223,ASA (atual),557.1959983514148,ASA (atual) — f_n = 557 Hz
24.73788707414223,1.001971426476389,ASA (atual),557.1959983514148,ASA (atual) — f_n = 557 Hz
24.94057201842073,1.0020039286822302,ASA (atual),557.1959983514148,ASA (atual) — f_n = 557 Hz
25.14491762136884,1.0020369678277459,ASA (atual),557.1959983514148,ASA (atual) — f_n = 557 Hz
25.350937489262176,1.0020705528193858,ASA (atual),557.1959983514148,ASA (atual) — f_n = 557 Hz
25.55864533985665,1.0021046927125374,ASA (atual),557.1959983514148,ASA (atual) — f_n = 557 Hz
25.768055003301903,1.002139396714055,ASA (atual),557.1959983514148,ASA (atual) — f_n = 557 Hz
25.979180423062154,1.0021746741848365,ASA (atual),557.1959983514148,ASA (atual) — f_n = 557 Hz
26.192035656844567,1.0022105346424417,ASA (atual),557.1959983514148,ASA (atual) — f_n = 557 Hz
26.40663487753539,1.0022469877637585,ASA (atual),557.1959983514148,ASA (atual) — f_n = 557 Hz
26.622992374143518,1.0022840433877174,ASA (atual),557.1959983514148,ASA (atual) — f_n = 557 Hz
26.841122552752058,1.0023217115180492,ASA (atual),557.1959983514148,ASA (atual) — f_n = 557 Hz
27.061039937477435,1.0023600023260966,ASA (atual),557.1959983514148,ASA (atual) — f_n = 557 Hz
27.282759171436563,1.0023989261536708,ASA (atual),557.1959983514148,ASA (atual) — f_n = 557 Hz
27.506295017721776,1.002438493515962,ASA (atual),557.1959983514148,ASA (atual) — f_n = 557 Hz
27.731662360383908,1.0024787151044983,ASA (atual),557.1959983514148,ASA (atual) — f_n = 557 Hz
27.95887620542324,1.0025196017901594,ASA (atual),557.1959983514148,ASA (atual) — f_n = 557 Hz
28.187951681788768,1.0025611646262422,ASA (atual),557.1959983514148,ASA (atual) — f_n = 557 Hz
28.41890404238551,1.002603414851581,ASA (atual),557.1959983514148,ASA (atual) — f_n = 557 Hz
28.6517486650901,1.0026463638937233,ASA (atual),557.1959983514148,ASA (atual) — f_n = 557 Hz
28.886501053774726,1.0026900233721614,ASA (atual),557.1959983514148,ASA (atual) — f_n = 557 Hz
29.123176839339497,1.0027344051016218,ASA (atual),557.1959983514148,ASA (atual) — f_n = 557 Hz
29.361791780753187,1.0027795210954138,ASA (atual),557.1959983514148,ASA (atual) — f_n = 557 Hz
29.602361766102483,1.002825383568836,ASA (atual),557.1959983514148,ASA (atual) — f_n = 557 Hz
29.84490281365001,1.0028720049426463,ASA (atual),557.1959983514148,ASA (atual) — f_n = 557 Hz
30.089431072900773,1.0029193978465905,ASA (atual),557.1959983514148,ASA (atual) — f_n = 557 Hz
30.335962825677584,1.002967575122996,ASA (atual),557.1959983514148,ASA (atual) — f_n = 557 Hz
30.584514487205062,1.003016549830431,ASA (atual),557.1959983514148,ASA (atual) — f_n = 557 Hz
30.835102607202757,1.0030663352474267,ASA (atual),557.1959983514148,ASA (atual) — f_n = 557 Hz
31.087743870986984,1.0031169448762676,ASA (atual),557.1959983514148,ASA (atual) — f_n = 557 Hz
31.342455100581933,1.0031683924468493,ASA (atual),557.1959983514148,ASA (atual) — f_n = 557 Hz
31.599253255839628,1.0032206919206075,ASA (atual),557.1959983514148,ASA (atual) — f_n = 557 Hz
31.85815543556931,1.003273857494516,ASA (atual),557.1959983514148,ASA (atual) — f_n = 557 Hz
32.1191788786759,1.0033279036051566,ASA (atual),557.1959983514148,ASA (atual) — f_n = 557 Hz
32.38234096530782,1.0033828449328646,ASA (atual),557.1959983514148,ASA (atual) — f_n = 557 Hz
32.64765921801427,1.003438696405947,ASA (atual),557.1959983514148,ASA (atual) — f_n = 557 Hz
32.915151302911994,1.003495473204979,ASA (atual),557.1959983514148,ASA (atual) — f_n = 557 Hz
33.18483503086154,1.0035531907671775,ASA (atual),557.1959983514148,ASA (atual) — f_n = 557 Hz
33.456728358653166,1.0036118647908534,ASA (atual),557.1959983514148,ASA (atual) — f_n = 557 Hz
33.730849390202486,1.0036715112399472,ASA (atual),557.1959983514148,ASA (atual) — f_n = 557 Hz
34.007216377756,1.0037321463486446,ASA (atual),557.1959983514148,ASA (atual) — f_n = 557 Hz
34.285847723106336,1.0037937866260784,ASA (atual),557.1959983514148,ASA (atual) — f_n = 557 Hz
34.56676197881748,1.003856448861116,ASA (atual),557.1959983514148,ASA (atual) — f_n = 557 Hz
34.84997784946022,1.0039201501272321,ASA (atual),557.1959983514148,ASA (atual) — f_n = 557 Hz
35.13551419285749,1.0039849077874756,ASA (atual),557.1959983514148,ASA (atual) — f_n = 557 Hz
35.42339002134004,1.0040507394995235,ASA (atual),557.1959983514148,ASA (atual) — f_n = 557 Hz
35.71362450301231,1.0041176632208288,ASA (atual),557.1959983514148,ASA (atual) — f_n = 557 Hz
36.00623696302886,1.0041856972138656,ASA (atual),557.1959983514148,ASA (atual) — f_n = 557 Hz
36.30124688488103,1.0042548600514671,ASA (atual),557.1959983514148,ASA (atual) — f_n = 557 Hz
36.59867391169423,1.0043251706222656,ASA (atual),557.1959983514148,ASA (atual) — f_n = 557 Hz
36.89853784753589,1.004396648136232,ASA (atual),557.1959983514148,ASA (atual) — f_n = 557 Hz
37.20085865873416,1.0044693121303185,ASA (atual),557.1959983514148,ASA (atual) — f_n = 557 Hz
37.50565647520734,1.0045431824742042,ASA (atual),557.1959983514148,ASA (atual) — f_n = 557 Hz
37.812951591804115,1.0046182793761518,ASA (atual),557.1959983514148,ASA (atual) — f_n = 557 Hz
38.12276446965502,1.0046946233889684,ASA (atual),557.1959983514148,ASA (atual) — f_n = 557 Hz
38.435115737534765,1.0047722354160835,ASA (atual),557.1959983514148,ASA (atual) — f_n = 557 Hz
38.75002619323587,1.0048511367177344,ASA (atual),557.1959983514148,ASA (atual) — f_n = 557 Hz
39.067516804953335,1.004931348917274,ASA (atual),557.1959983514148,ASA (atual) — f_n = 557 Hz
39.38760871268091,1.0050128940075913,ASA (atual),557.1959983514148,ASA (atual) — f_n = 557 Hz
39.71032322961869,1.0050957943576575,ASA (atual),557.1959983514148,ASA (atual) — f_n = 557 Hz
40.035681843592236,1.0051800727191924,ASA (atual),557.1959983514148,ASA (atual) — f_n = 557 Hz
40.36370621848326,1.0052657522334594,ASA (atual),557.1959983514148,ASA (atual) — f_n = 557 Hz
40.694418195672235,1.0053528564381862,ASA (atual),557.1959983514148,ASA (atual) — f_n = 557 Hz
41.02783979549262,1.0054414092746193,ASA (atual),557.1959983514148,ASA (atual) — f_n = 557 Hz
41.36399321869703,1.0055314350947122,ASA (atual),557.1959983514148,ASA (atual) — f_n = 557 Hz
41.70290084793556,1.005622958668449,ASA (atual),557.1959983514148,ASA (atual) — f_n = 557 Hz
42.04458524924609,1.0057160051913108,ASA (atual),557.1959983514148,ASA (atual) — f_n = 557 Hz
42.38906917355684,1.0058106002918805,ASA (atual),557.1959983514148,ASA (atual) — f_n = 557 Hz
42.73637555820119,1.0059067700395985,ASA (atual),557.1959983514148,ASA (atual) — f_n = 557 Hz
43.08652752844497,1.0060045409526641,ASA (atual),557.1959983514148,ASA (atual) — f_n = 557 Hz
43.43954839902633,1.0061039400060896,ASA (atual),557.1959983514148,ASA (atual) — f_n = 557 Hz
43.795461675708054,1.0062049946399108,ASA (atual),557.1959983514148,ASA (atual) — f_n = 557 Hz
44.15429105684268,1.0063077327675551,ASA (atual),557.1959983514148,ASA (atual) — f_n = 557 Hz
44.51606043495046,1.0064121827843733,ASA (atual),557.1959983514148,ASA (atual) — f_n = 557 Hz
44.880793898310294,1.0065183735763348,ASA (atual),557.1959983514148,ASA (atual) — f_n = 557 Hz
45.2485157325636,1.0066263345288955,ASA (atual),557.1959983514148,ASA (atual) — f_n = 557 Hz
45.619250422331255,1.0067360955360354,ASA (atual),557.1959983514148,ASA (atual) — f_n = 557 Hz
45.99302265284411,1.006847687009476,ASA (atual),557.1959983514148,ASA (atual) — f_n = 557 Hz
46.3698573115865,1.006961139888075,ASA (atual),557.1959983514148,ASA (atual) — f_n = 557 Hz
46.74977948995336,1.0070764856474097,ASA (atual),557.1959983514148,ASA (atual) — f_n = 557 Hz
47.13281448492098,1.0071937563095463,ASA (atual),557.1959983514148,ASA (atual) — f_n = 557 Hz
47.518987800731395,1.0073129844530038,ASA (atual),557.1959983514148,ASA (atual) — f_n = 557 Hz
47.90832515059059,1.007434203222914,ASA (atual),557.1959983514148,ASA (atual) — f_n = 557 Hz
48.300852458380525,1.0075574463413834,ASA (atual),557.1959983514148,ASA (atual) — f_n = 557 Hz
48.6965958603853,1.0076827481180641,ASA (atual),557.1959983514148,ASA (atual) — f_n = 557 Hz
49.09558170703151,1.0078101434609303,ASA (atual),557.1959983514148,ASA (atual) — f_n = 557 Hz
49.49783656464271,1.0079396678872758,ASA (atual),557.1959983514148,ASA (atual) — f_n = 557 Hz
49.90338721720828,1.0080713575349292,ASA (atual),557.1959983514148,ASA (atual) — f_n = 557 Hz
50.312260668166864,1.0082052491736946,ASA (atual),557.1959983514148,ASA (atual) — f_n = 557 Hz
50.72448414220447,1.008341380217024,ASA (atual),557.1959983514148,ASA (atual) — f_n = 557 Hz
51.14008508706712,1.008479788733927,ASA (atual),557.1959983514148,ASA (atual) — f_n = 557 Hz
51.5590911753884,1.0086205134611173,ASA (atual),557.1959983514148,ASA (atual) — f_n = 557 Hz
51.98153030653219,1.008763593815413,ASA (atual),557.1959983514148,ASA (atual) — f_n = 557 Hz
52.40743060845023,1.0089090699063832,ASA (atual),557.1959983514148,ASA (atual) — f_n = 557 Hz
52.83682043955496,1.009056982549258,ASA (atual),557.1959983514148,ASA (atual) — f_n = 557 Hz
53.26972839060784,1.0092073732781004,ASA (atual),557.1959983514148,ASA (atual) — f_n = 557 Hz
53.70618328662307,1.0093602843592497,ASA (atual),557.1959983514148,ASA (atual) — f_n = 557 Hz
54.146214188786864,1.009515758805044,ASA (atual),557.1959983514148,ASA (atual) — f_n = 557 Hz
54.589850396392414,1.0096738403878236,ASA (atual),557.1959983514148,ASA (atual) — f_n = 557 Hz
55.03712144879083,1.0098345736542267,ASA (atual),557.1959983514148,ASA (atual) — f_n = 557 Hz
55.48805712735803,1.0099980039397831,ASA (atual),557.1959983514148,ASA (atual) — f_n = 557 Hz
55.94268745747775,1.0101641773838108,ASA (atual),557.1959983514148,ASA (atual) — f_n = 557 Hz
56.40104271054063,1.0103331409446257,ASA (atual),557.1959983514148,ASA (atual) — f_n = 557 Hz
56.8631534059599,1.0105049424150703,ASA (atual),557.1959983514148,ASA (atual) — f_n = 557 Hz
57.32905031320361,1.0106796304383698,ASA (atual),557.1959983514148,ASA (atual) — f_n = 557 Hz
57.798764453843276,1.0108572545243228,ASA (atual),557.1959983514148,ASA (atual) — f_n = 557 Hz
58.2723271036194,1.011037865065835,ASA (atual),557.1959983514148,ASA (atual) — f_n = 557 Hz
58.749769794524134,1.0112215133558065,ASA (atual),557.1959983514148,ASA (atual) — f_n = 557 Hz
59.231124316900676,1.0114082516043765,ASA (atual),557.1959983514148,ASA (atual) — f_n = 557 Hz
59.71642272156004,1.0115981329565389,ASA (atual),557.1959983514148,ASA (atual) — f_n = 557 Hz
60.20569732191516,1.011791211510136,ASA (atual),557.1959983514148,ASA (atual) — f_n = 557 Hz
60.698980696132516,1.011987542334239,ASA (atual),557.1959983514148,ASA (atual) — f_n = 557 Hz
61.19630568930131,1.0121871814879284,ASA (atual),557.1959983514148,ASA (atual) — f_n = 557 Hz
61.69770541562038,1.012390186039477,ASA (atual),557.1959983514148,ASA (atual) — f_n = 557 Hz
62.20321326060314,1.0125966140859568,ASA (atual),557.1959983514148,ASA (atual) — f_n = 557 Hz
62.71286288330061,1.0128065247732674,ASA (atual),557.1959983514148,ASA (atual) — f_n = 557 Hz
63.22668821854253,1.0130199783166087,ASA (atual),557.1959983514148,ASA (atual) — f_n = 557 Hz
63.74472347919684,1.013237036021401,ASA (atual),557.1959983514148,ASA (atual) — f_n = 557 Hz
64.2670031584478,1.0134577603046677,ASA (atual),557.1959983514148,ASA (atual) — f_n = 557 Hz
64.79356203209275,1.0136822147168911,ASA (atual),557.1959983514148,ASA (atual) — f_n = 557 Hz
65.3244351608576,1.0139104639643555,ASA (atual),557.1959983514148,ASA (atual) — f_n = 557 Hz
65.85965789273124,1.0141425739319856,ASA (atual),557.1959983514148,ASA (atual) — f_n = 557 Hz
66.39926586531926,1.0143786117066993,ASA (atual),557.1959983514148,ASA (atual) — f_n = 557 Hz
66.94329500821696,1.014618645601285,ASA (atual),557.1959983514148,ASA (atual) — f_n = 557 Hz
67.4917815454016,1.0148627451788146,ASA (atual),557.1959983514148,ASA (atual) — f_n = 557 Hz
68.04476199764423,1.0151109812776127,ASA (atual),557.1959983514148,ASA (atual) — f_n = 557 Hz
68.60227318494172,1.015363426036791,ASA (atual),557.1959983514148,ASA (atual) — f_n = 557 Hz
69.16435222896823,1.015620152922366,ASA (atual),557.1959983514148,ASA (atual) — f_n = 557 Hz
69.73103655554684,1.0158812367539742,ASA (atual),557.1959983514148,ASA (atual) — f_n = 557 Hz
70.30236389714169,1.0161467537322015,ASA (atual),557.1959983514148,ASA (atual) — f_n = 557 Hz
70.87837229537038,1.0164167814665446,ASA (atual),557.1959983514148,ASA (atual) — f_n = 557 Hz
71.45910010353697,1.0166913990040167,ASA (atual),557.1959983514148,ASA (atual) — f_n = 557 Hz
72.04458598918552,1.0169706868584223,ASA (atual),557.1959983514148,ASA (atual) — f_n = 557 Hz
72.63486893667498,1.017254727040313,ASA (atual),557.1959983514148,ASA (atual) — f_n = 557 Hz
73.22998824977486,1.0175436030876461,ASA (atual),557.1959983514148,ASA (atual) — f_n = 557 Hz
73.82998355428236,1.0178374000971657,ASA (atual),557.1959983514148,ASA (atual) — f_n = 557 Hz
74.43489480066059,1.0181362047565237,ASA (atual),557.1959983514148,ASA (atual) — f_n = 557 Hz
75.04476226669887,1.0184401053771637,ASA (atual),557.1959983514148,ASA (atual) — f_n = 557 Hz
75.65962656019458,1.018749191927989,ASA (atual),557.1959983514148,ASA (atual) — f_n = 557 Hz
76.27952862165704,1.0190635560698353,ASA (atual),557.1959983514148,ASA (atual) — f_n = 557 Hz
76.90450972703331,1.0193832911907716,ASA (atual),557.1959983514148,ASA (atual) — f_n = 557 Hz
77.53461149045685,1.0197084924422521,ASA (atual),557.1959983514148,ASA (atual) — f_n = 557 Hz
78.16987586701818,1.0200392567761452,ASA (atual),557.1959983514148,ASA (atual) — f_n = 557 Hz
78.81034515555844,1.0203756829826631,ASA (atual),557.1959983514148,ASA (atual) — f_n = 557 Hz
79.45606200148586,1.0207178717292165,ASA (atual),557.1959983514148,ASA (atual) — f_n = 557 Hz
80.10706939961543,1.0210659256002241,ASA (atual),557.1959983514148,ASA (atual) — f_n = 557 Hz
80.76341069703156,1.0214199491379043,ASA (atual),557.1959983514148,ASA (atual) — f_n = 557 Hz
81.42512959597427,1.0217800488840734,ASA (atual),557.1959983514148,ASA (atual) — f_n = 557 Hz
82.0922701567492,1.0221463334229854,ASA (atual),557.1959983514148,ASA (atual) — f_n = 557 Hz
82.76487680066134,1.0225189134252415,ASA (atual),557.1959983514148,ASA (atual) — f_n = 557 Hz
83.44299431297284,1.0228979016927997,ASA (atual),557.1959983514148,ASA (atual) — f_n = 557 Hz
84.12666784588485,1.0232834132051178,ASA (atual),557.1959983514148,ASA (atual) — f_n = 557 Hz
84.81594292154409,1.0236755651664675,ASA (atual),557.1959983514148,ASA (atual) — f_n = 557 Hz
85.510865435074,1.024074477054447,ASA (atual),557.1959983514148,ASA (atual) — f_n = 557 Hz
86.21148165763053,1.0244802706697356,ASA (atual),557.1959983514148,ASA (atual) — f_n = 557 Hz
86.91783823948302,1.0248930701871235,ASA (atual),557.1959983514148,ASA (atual) — f_n = 557 Hz
87.6299822131206,1.0253130022078563,ASA (atual),557.1959983514148,ASA (atual) — f_n = 557 Hz
88.34796099638375,1.0257401958133365,ASA (atual),557.1959983514148,ASA (atual) — f_n = 557 Hz
89.07182239562142,1.0261747826202203,ASA (atual),557.1959983514148,ASA (atual) — f_n = 557 Hz
89.80161460887443,1.0266168968369547,ASA (atual),557.1959983514148,ASA (atual) — f_n = 557 Hz
90.53738622908466,1.0270666753218003,ASA (atual),557.1959983514148,ASA (atual) — f_n = 557 Hz
91.27918624733059,1.0275242576423838,ASA (atual),557.1959983514148,ASA (atual) — f_n = 557 Hz
92.02706405608923,1.0279897861368292,ASA (atual),557.1959983514148,ASA (atual) — f_n = 557 Hz
92.78106945252503,1.0284634059765188,ASA (atual),557.1959983514148,ASA (atual) — f_n = 557 Hz
93.54125264180564,1.0289452652305306,ASA (atual),557.1959983514148,ASA (atual) — f_n = 557 Hz
94.30766424044474,1.0294355149318146,ASA (atual),557.1959983514148,ASA (atual) — f_n = 557 Hz
95.08035527967223,1.0299343091451503,ASA (atual),557.1959983514148,ASA (atual) — f_n = 557 Hz
95.85937720883223,1.0304418050369566,ASA (atual),557.1959983514148,ASA (atual) — f_n = 557 Hz
96.64478189880889,1.0309581629470022,ASA (atual),557.1959983514148,ASA (atual) — f_n = 557 Hz
97.43662164548007,1.0314835464620855,ASA (atual),557.1959983514148,ASA (atual) — f_n = 557 Hz
98.2349491731994,1.032018122491745,ASA (atual),557.1959983514148,ASA (atual) — f_n = 557 Hz
99.03981763830706,1.0325620613460664,ASA (atual),557.1959983514148,ASA (atual) — f_n = 557 Hz
99.85128063266913,1.0331155368156566,ASA (atual),557.1959983514148,ASA (atual) — f_n = 557 Hz
100.66939218724589,1.0336787262538554,ASA (atual),557.1959983514148,ASA (atual) — f_n = 557 Hz
101.49420677568943,1.0342518106612604,ASA (atual),557.1959983514148,ASA (atual) — f_n = 557 Hz
102.32577931797115,1.0348349747726397,ASA (atual),557.1959983514148,ASA (atual) — f_n = 557 Hz
103.16416518403801,1.0354284071463165,ASA (atual),557.1959983514148,ASA (atual) — f_n = 557 Hz
104.00942019749964,1.0360323002561038,ASA (atual),557.1959983514148,ASA (atual) — f_n = 557 Hz
104.8616006393453,1.036646850585882,ASA (atual),557.1959983514148,ASA (atual) — f_n = 557 Hz
105.72076325169124,1.037272258726902,ASA (atual),557.1959983514148,ASA (atual) — f_n = 557 Hz
106.58696524155921,1.0379087294779166,ASA (atual),557.1959983514148,ASA (atual) — f_n = 557 Hz
107.46026428468485,1.0385564719482254,ASA (atual),557.1959983514148,ASA (atual) — f_n = 557 Hz
108.34071852935891,1.039215699663747,ASA (atual),557.1959983514148,ASA (atual) — f_n = 557 Hz
109.22838660029818,1.0398866306762142,ASA (atual),557.1959983514148,ASA (atual) — f_n = 557 Hz
110.12332760254952,1.0405694876756058,ASA (atual),557.1959983514148,ASA (atual) — f_n = 557 Hz
111.02560112542523,1.0412644981059271,ASA (atual),557.1959983514148,ASA (atual) — f_n = 557 Hz
111.93526724647067,1.0419718942844607,ASA (atual),557.1959983514148,ASA (atual) — f_n = 557 Hz
112.85238653546457,1.0426919135246056,ASA (atual),557.1959983514148,ASA (atual) — f_n = 557 Hz
113.77702005845235,1.0434247982624367,ASA (atual),557.1959983514148,ASA (atual) — f_n = 557 Hz
114.70922938181145,1.0441707961871192,ASA (atual),557.1959983514148,ASA (atual) — f_n = 557 Hz
115.64907657635162,1.0449301603753118,ASA (atual),557.1959983514148,ASA (atual) — f_n = 557 Hz
116.59662422144702,1.0457031494297104,ASA (atual),557.1959983514148,ASA (atual) — f_n = 557 Hz
117.5519354092036,1.0464900276218772,ASA (atual),557.1959983514148,ASA (atual) — f_n = 557 Hz
118.51507374865987,1.0472910650395173,ASA (atual),557.1959983514148,ASA (atual) — f_n = 557 Hz
119.48610337002219,1.0481065377383645,ASA (atual),557.1959983514148,ASA (atual) — f_n = 557 Hz
120.46508892893534,1.0489367278988473,ASA (atual),557.1959983514148,ASA (atual) — f_n = 557 Hz
121.45209561078678,1.0497819239877144,ASA (atual),557.1959983514148,ASA (atual) — f_n = 557 Hz
122.44718913504788,1.0506424209248055,ASA (atual),557.1959983514148,ASA (atual) — f_n = 557 Hz
123.45043575964904,1.0515185202551607,ASA (atual),557.1959983514148,ASA (atual) — f_n = 557 Hz
124.46190228539194,1.0524105303266722,ASA (atual),557.1959983514148,ASA (atual) — f_n = 557 Hz
125.48165606039728,1.0533187664734902,ASA (atual),557.1959983514148,ASA (atual) — f_n = 557 Hz
126.50976498458921,1.054243551205401,ASA (atual),557.1959983514148,ASA (atual) — f_n = 557 Hz
127.54629751421615,1.0551852144034102,ASA (atual),557.1959983514148,ASA (atual) — f_n = 557 Hz
128.59132266640958,1.0561440935217732,ASA (atual),557.1959983514148,ASA (atual) — f_n = 557 Hz
129.6449100237786,1.0571205337967187,ASA (atual),557.1959983514148,ASA (atual) — f_n = 557 Hz
130.70712973904398,1.0581148884621359,ASA (atual),557.1959983514148,ASA (atual) — f_n = 557 Hz
131.77805253970848,1.0591275189724927,ASA (atual),557.1959983514148,ASA (atual) — f_n = 557 Hz
132.85774973276668,1.060158795233278,ASA (atual),557.1959983514148,ASA (atual) — f_n = 557 Hz
133.9462932094528,1.0612090958392644,ASA (atual),557.1959983514148,ASA (atual) — f_n = 557 Hz
135.04375545002748,1.0622788083209083,ASA (atual),557.1959983514148,ASA (atual) — f_n = 557 Hz
136.15020952860385,1.063368329399213,ASA (atual),557.1959983514148,ASA (atual) — f_n = 557 Hz
137.26572911801352,1.0644780652494041,ASA (atual),557.1959983514148,ASA (atual) — f_n = 557 Hz
138.39038849471166,1.0656084317737704,ASA (atual),557.1959983514148,ASA (atual) — f_n = 557 Hz
139.52426254372259,1.0667598548840538,ASA (atual),557.1959983514148,ASA (atual) — f_n = 557 Hz
140.6674267636262,1.0679327707937774,ASA (atual),557.1959983514148,ASA (atual) — f_n = 557 Hz
141.81995727158497,1.069127626320932,ASA (atual),557.1959983514148,ASA (atual) — f_n = 557 Hz
142.98193080841216,1.070344879201449,ASA (atual),557.1959983514148,ASA (atual) — f_n = 557 Hz
144.15342474368143,1.0715849984139165,ASA (atual),557.1959983514148,ASA (atual) — f_n = 557 Hz
145.33451708087907,1.0728484645160166,ASA (atual),557.1959983514148,ASA (atual) — f_n = 557 Hz
146.5252864625968,1.0741357699931784,ASA (atual),557.1959983514148,ASA (atual) — f_n = 557 Hz
147.72581217576928,1.0754474196199808,ASA (atual),557.1959983514148,ASA (atual) — f_n = 557 Hz
148.93617415695243,1.0767839308348428,ASA (atual),557.1959983514148,ASA (atual) — f_n = 557 Hz
150.1564529976466,1.0781458341285908,ASA (atual),557.1959983514148,ASA (atual) — f_n = 557 Hz
151.38672994966242,1.0795336734475003,ASA (atual),557.1959983514148,ASA (atual) — f_n = 557 Hz
152.6270869305311,1.0809480066114563,ASA (atual),557.1959983514148,ASA (atual) — f_n = 557 Hz
153.8776065289587,1.0823894057478936,ASA (atual),557.1959983514148,ASA (atual) — f_n = 557 Hz
155.13837201032567,1.0838584577422299,ASA (atual),557.1959983514148,ASA (atual) — f_n = 557 Hz
156.4094673222303,1.085355764705523,ASA (atual),557.1959983514148,ASA (atual) — f_n = 557 Hz
157.69097710007935,1.0868819444601332,ASA (atual),557.1959983514148,ASA (atual) — f_n = 557 Hz
158.98298667272238,1.088437631044209,ASA (atual),557.1959983514148,ASA (atual) — f_n = 557 Hz
160.2855820681341,1.0900234752358566,ASA (atual),557.1959983514148,ASA (atual) — f_n = 557 Hz
161.59885001914222,1.0916401450978994,ASA (atual),557.1959983514148,ASA (atual) — f_n = 557 Hz
162.92287796920243,1.0932883265441793,ASA (atual),557.1959983514148,ASA (atual) — f_n = 557 Hz
164.25775407822147,1.0949687239284094,ASA (atual),557.1959983514148,ASA (atual) — f_n = 557 Hz
165.60356722842593,1.0966820606566305,ASA (atual),557.1959983514148,ASA (atual) — f_n = 557 Hz
166.960407030282,1.0984290798243959,ASA (atual),557.1959983514148,ASA (atual) — f_n = 557 Hz
168.32836382846074,1.100210544879851,ASA (atual),557.1959983514148,ASA (atual) — f_n = 557 Hz
169.70752870785446,1.102027240313959,ASA (atual),557.1959983514148,ASA (atual) — f_n = 557 Hz
171.0979934996414,1.1038799723791741,ASA (atual),557.1959983514148,ASA (atual) — f_n = 557 Hz
172.49985078740022,1.1057695698379513,ASA (atual),557.1959983514148,ASA (atual) — f_n = 557 Hz
173.91319391327445,1.1076968847425452,ASA (atual),557.1959983514148,ASA (atual) — f_n = 557 Hz
175.33811698418845,1.109662793247651,ASA (atual),557.1959983514148,ASA (atual) — f_n = 557 Hz
176.77471487811218,1.1116681964574984,ASA (atual),557.1959983514148,ASA (atual) — f_n = 557 Hz
178.22308325038,1.1137140213091434,ASA (atual),557.1959983514148,ASA (atual) — f_n = 557 Hz
179.68331854005865,1.11580122149376,ASA (atual),557.1959983514148,ASA (atual) — f_n = 557 Hz
181.1555179763694,1.1179307784178698,ASA (atual),557.1959983514148,ASA (atual) — f_n = 557 Hz
182.63977958516156,1.1201037022065443,ASA (atual),557.1959983514148,ASA (atual) — f_n = 557 Hz
184.13620219543972,1.1223210327507398,ASA (atual),557.1959983514148,ASA (atual) — f_n = 557 Hz
185.64488544594462,1.1245838408010524,ASA (atual),557.1959983514148,ASA (atual) — f_n = 557 Hz
187.16592979178645,1.1268932291103142,ASA (atual),557.1959983514148,ASA (atual) — f_n = 557 Hz
188.69943651113508,1.129250333627602,ASA (atual),557.1959983514148,ASA (atual) — f_n = 557 Hz
190.2455077119623,1.1316563247463822,ASA (atual),557.1959983514148,ASA (atual) — f_n = 557 Hz
191.8042463388413,1.1341124086096794,ASA (atual),557.1959983514148,ASA (atual) — f_n = 557 Hz
193.37575617980127,1.1366198284753422,ASA (atual),557.1959983514148,ASA (atual) — f_n = 557 Hz
194.96014187323777,1.139179866144659,ASA (atual),557.1959983514148,ASA (atual) — f_n = 557 Hz
196.55750891488006,1.1417938434577868,ASA (atual),557.1959983514148,ASA (atual) — f_n = 557 Hz
198.1679636648162,1.1444631238596774,ASA (atual),557.1959983514148,ASA (atual) — f_n = 557 Hz
199.7916133545736,1.147189114040401,ASA (atual),557.1959983514148,ASA (atual) — f_n = 557 Hz
201.42856609426067,1.1499732656540433,ASA (atual),557.1959983514148,ASA (atual) — f_n = 557 Hz
203.07893087976376,1.1528170771205986,ASA (atual),557.1959983514148,ASA (atual) — f_n = 557 Hz
204.7428176000055,1.1557220955155763,ASA (atual),557.1959983514148,ASA (atual) — f_n = 557 Hz
206.42033704426152,1.1586899185523547,ASA (atual),557.1959983514148,ASA (atual) — f_n = 557 Hz
208.11160090953703,1.161722196662631,ASA (atual),557.1959983514148,ASA (atual) — f_n = 557 Hz
209.81672180800507,1.164820635180694,ASA (atual),557.1959983514148,ASA (atual) — f_n = 557 Hz
211.53581327450314,1.1679869966376037,ASA (atual),557.1959983514148,ASA (atual) — f_n = 557 Hz
213.2689897740947,1.1712231031718077,ASA (atual),557.1959983514148,ASA (atual) — f_n = 557 Hz
215.0163667096892,1.1745308390631302,ASA (atual),557.1959983514148,ASA (atual) — f_n = 557 Hz
216.77806042972705,1.1779121533975834,ASA (atual),557.1959983514148,ASA (atual) — f_n = 557 Hz
218.55418823592643,1.1813690628709448,ASA (atual),557.1959983514148,ASA (atual) — f_n = 557 Hz
220.34486839109366,1.184903654739605,ASA (atual),557.1959983514148,ASA (atual) — f_n = 557 Hz
222.15022012699768,1.1885180899278023,ASA (atual),557.1959983514148,ASA (atual) — f_n = 557 Hz
223.97036365230971,1.1922146063009915,ASA (atual),557.1959983514148,ASA (atual) — f_n = 557 Hz
225.8054201606059,1.1959955221158085,ASA (atual),557.1959983514148,ASA (atual) — f_n = 557 Hz
227.65551183843874,1.1998632396578537,ASA (atual),557.1959983514148,ASA (atual) — f_n = 557 Hz
229.52076187347112,1.2038202490793197,ASA (atual),557.1959983514148,ASA (atual) — f_n = 557 Hz
231.40129446267974,1.2078691324494033,ASA (atual),557.1959983514148,ASA (atual) — f_n = 557 Hz
233.29723482062442,1.2120125680313834,ASA (atual),557.1959983514148,ASA (atual) — f_n = 557 Hz
235.20870918778533,1.216253334801307,ASA (atual),557.1959983514148,ASA (atual) — f_n = 557 Hz
237.1358448389695,1.220594317224353,ASA (atual),557.1959983514148,ASA (atual) — f_n = 557 Hz
239.07877009178378,1.2250385103061718,ASA (atual),557.1959983514148,ASA (atual) — f_n = 557 Hz
241.03761431518072,1.2295890249378578,ASA (atual),557.1959983514148,ASA (atual) — f_n = 557 Hz
243.0125079380708,1.2342490935546364,ASA (atual),557.1959983514148,ASA (atual) — f_n = 557 Hz
245.00358245800805,1.239022076129972,ASA (atual),557.1959983514148,ASA (atual) — f_n = 557 Hz
247.01097044994552,1.243911466528503,ASA (atual),557.1959983514148,ASA (atual) — f_n = 557 Hz
249.03480557506262,1.2489208992431062,ASA (atual),557.1959983514148,ASA (atual) — f_n = 557 Hz
251.07522258966475,1.2540541565434598,ASA (atual),557.1959983514148,ASA (atual) — f_n = 557 Hz
253.13235735415702,1.2593151760657033,ASA (atual),557.1959983514148,ASA (atual) — f_n = 557 Hz
255.2063468420886,1.2647080588752657,ASA (atual),557.1959983514148,ASA (atual) — f_n = 557 Hz
257.29732914927524,1.2702370780376262,ASA (atual),557.1959983514148,ASA (atual) — f_n = 557 Hz
259.40544350299234,1.2759066877346918,ASA (atual),557.1959983514148,ASA (atual) — f_n = 557 Hz
261.5308302712465,1.281721532967746,ASA (atual),557.1959983514148,ASA (atual) — f_n = 557 Hz
263.6736309721216,1.2876864598914284,ASA (atual),557.1959983514148,ASA (atual) — f_n = 557 Hz
265.83398828320145,1.2938065268271248,ASA (atual),557.1959983514148,ASA (atual) — f_n = 557 Hz
268.012046051071,1.300087016008415,ASA (atual),557.1959983514148,ASA (atual) — f_n = 557 Hz
270.2079493008925,1.306533446115933,ASA (atual),557.1959983514148,ASA (atual) — f_n = 557 Hz
272.42184424606387,1.3131515856642013,ASA (atual),557.1959983514148,ASA (atual) — f_n = 557 Hz
274.6538782979526,1.3199474673086995,ASA (atual),557.1959983514148,ASA (atual) — f_n = 557 Hz
276.90420007571214,1.3269274031477705,ASA (atual),557.1959983514148,ASA (atual) — f_n = 557 Hz
279.17295941617726,1.3340980011009318,ASA (atual),557.1959983514148,ASA (atual) — f_n = 557 Hz
281.4603073838411,1.3414661824528986,ASA (atual),557.1959983514148,ASA (atual) — f_n = 557 Hz
283.7663962809131,1.3490392006611787,ASA (atual),557.1959983514148,ASA (atual) — f_n = 557 Hz
286.09137965746146,1.3568246615346014,ASA (atual),557.1959983514148,ASA (atual) — f_n = 557 Hz
288.4354123216351,1.3648305449006597,ASA (atual),557.1959983514148,ASA (atual) — f_n = 557 Hz
290.79865034997385,1.3730652278913025,ASA (atual),557.1959983514148,ASA (atual) — f_n = 557 Hz
293.18125109779845,1.3815375099898048,ASA (atual),557.1959983514148,ASA (atual) — f_n = 557 Hz
295.58337320968957,1.390256639995932,ASA (atual),557.1959983514148,ASA (atual) — f_n = 557 Hz
298.0051766300505,1.3992323450827975,ASA (atual),557.1959983514148,ASA (atual) — f_n = 557 Hz
300.446822613757,1.4084748621369623,ASA (atual),557.1959983514148,ASA (atual) — f_n = 557 Hz
302.9084737368951,1.4179949715935953,ASA (atual),557.1959983514148,ASA (atual) — f_n = 557 Hz
305.3902939075846,1.4278040340012546,ASA (atual),557.1959983514148,ASA (atual) — f_n = 557 Hz
307.8924483768949,1.4379140295763635,ASA (atual),557.1959983514148,ASA (atual) — f_n = 557 Hz
310.41510374984614,1.4483376010360915,ASA (atual),557.1959983514148,ASA (atual) — f_n = 557 Hz
312.9584279965039,1.459088100030667,ASA (atual),557.1959983514148,ASA (atual) — f_n = 557 Hz
315.5225904631628,1.4701796375324714,ASA (atual),557.1959983514148,ASA (atual) — f_n = 557 Hz
318.1077618836228,1.4816271385803812,ASA (atual),557.1959983514148,ASA (atual) — f_n = 557 Hz
320.71411439055663,1.4934464018242348,ASA (atual),557.1959983514148,ASA (atual) — f_n = 557 Hz
323.3418215269729,1.5056541643669703,ASA (atual),557.1959983514148,ASA (atual) — f_n = 557 Hz
325.9910582577688,1.5182681724616305,ASA (atual),557.1959983514148,ASA (atual) — f_n = 557 Hz
328.6620009813831,1.531307258688419,ASA (atual),557.1959983514148,ASA (atual) — f_n = 557 Hz
331.3548275415385,1.5447914263141926,ASA (atual),557.1959983514148,ASA (atual) — f_n = 557 Hz
334.06971723908566,1.5587419416251296,ASA (atual),557.1959983514148,ASA (atual) — f_n = 557 Hz
336.8068508439407,1.5731814351240883,ASA (atual),557.1959983514148,ASA (atual) — f_n = 557 Hz
339.56641060712167,1.5881340125997712,ASA (atual),557.1959983514148,ASA (atual) — f_n = 557 Hz
342.3485802728851,1.603625377207458,ASA (atual),557.1959983514148,ASA (atual) — f_n = 557 Hz
345.153545090958,1.6196829638536163,ASA (atual),557.1959983514148,ASA (atual) — f_n = 557 Hz
347.9814918288755,1.6363360873526671,ASA (atual),557.1959983514148,ASA (atual) — f_n = 557 Hz
350.8326087844143,1.653616106027339,ASA (atual),557.1959983514148,ASA (atual) — f_n = 557 Hz
353.7070857981316,1.6715566026595163,ASA (atual),557.1959983514148,ASA (atual) — f_n = 557 Hz
356.6051142660053,1.690193584971612,ASA (atual),557.1959983514148,ASA (atual) — f_n = 557 Hz
359.5268871521783,1.7095657081365565,ASA (atual),557.1959983514148,ASA (atual) — f_n = 557 Hz
362.4725990018062,1.7297145221853498,ASA (atual),557.1959983514148,ASA (atual) — f_n = 557 Hz
365.4424459540127,1.7506847476151322,ASA (atual),557.1959983514148,ASA (atual) — f_n = 557 Hz
368.43662575494676,1.7725245830095762,ASA (atual),557.1959983514148,ASA (atual) — f_n = 557 Hz
371.45533777095244,1.7952860490821267,ASA (atual),557.1959983514148,ASA (atual) — f_n = 557 Hz
374.4987830018412,1.8190253742586295,ASA (atual),557.1959983514148,ASA (atual) — f_n = 557 Hz
377.56716409427656,1.8438034277514948,ASA (atual),557.1959983514148,ASA (atual) — f_n = 557 Hz
380.6606853552673,1.869686207069043,ASA (atual),557.1959983514148,ASA (atual) — f_n = 557 Hz
383.7795527657706,1.8967453880843683,ASA (atual),557.1959983514148,ASA (atual) — f_n = 557 Hz
386.92397399440745,1.9250589471985806,ASA (atual),557.1959983514148,ASA (atual) — f_n = 557 Hz
390.0941584112909,1.9547118668241812,ASA (atual),557.1959983514148,ASA (atual) — f_n = 557 Hz
393.2903171019663,1.985796937448712,ASA (atual),557.1959983514148,ASA (atual) — f_n = 557 Hz
396.51266288146553,2.0184156719956343,ASA (atual),557.1959983514148,ASA (atual) — f_n = 557 Hz
399.76141030847845,2.052679351177831,ASA (atual),557.1959983514148,ASA (atual) — f_n = 557 Hz
403.03677569963867,2.088710222164458,ASA (atual),557.1959983514148,ASA (atual) — f_n = 557 Hz
406.33897714392697,2.1266428773133463,ASA (atual),557.1959983514148,ASA (atual) — f_n = 557 Hz
409.6682345171924,2.1666258451615086,ASA (atual),557.1959983514148,ASA (atual) — f_n = 557 Hz
413.024769496794,2.2088234325756875,ASA (atual),557.1959983514148,ASA (atual) — f_n = 557 Hz
416.4088055763587,2.253417865278465,ASA (atual),557.1959983514148,ASA (atual) — f_n = 557 Hz
419.8205680806652,2.3006117843180434,ASA (atual),557.1959983514148,ASA (atual) — f_n = 557 Hz
423.2602841806448,2.3506311690069595,ASA (atual),557.1959983514148,ASA (atual) — f_n = 557 Hz
426.72818290850887,2.4037287731603625,ASA (atual),557.1959983514148,ASA (atual) — f_n = 557 Hz
430.2244951729985,2.460188182096683,ASA (atual),557.1959983514148,ASA (atual) — f_n = 557 Hz
433.74945377475956,2.520328624124152,ASA (atual),557.1959983514148,ASA (atual) — f_n = 557 Hz
437.3032934218431,2.584510703864003,ASA (atual),557.1959983514148,ASA (atual) — f_n = 557 Hz
440.88625074533513,2.6531432680949902,ASA (atual),557.1959983514148,ASA (atual) — f_n = 557 Hz
444.49856431510955,2.726691671014501,ASA (atual),557.1959983514148,ASA (atual) — f_n = 557 Hz
448.14047465571656,2.805687779226955,ASA (atual),557.1959983514148,ASA (atual) — f_n = 557 Hz
451.81222426239515,2.890742153338689,ASA (atual),557.1959983514148,ASA (atual) — f_n = 557 Hz
455.51405761722106,2.9825589710023213,ASA (atual),557.1959983514148,ASA (atual) — f_n = 557 Hz
459.24622120538504,3.0819544271086032,ASA (atual),557.1959983514148,ASA (atual) — f_n = 557 Hz
463.0089635316048,3.1898795767303434,ASA (atual),557.1959983514148,ASA (atual) — f_n = 557 Hz
466.8025351366733,3.307448898245965,ASA (atual),557.1959983514148,ASA (atual) — f_n = 557 Hz
470.6271886141375,3.4359762803675054,ASA (atual),557.1959983514148,ASA (atual) — f_n = 557 Hz
474.48317862712116,3.577020724161488,ASA (atual),557.1959983514148,ASA (atual) — f_n = 557 Hz
478.3707619252782,3.732444866459098,ASA (atual),557.1959983514148,ASA (atual) — f_n = 557 Hz
482.2901973618901,3.9044905702908412,ASA (atual),557.1959983514148,ASA (atual) — f_n = 557 Hz
486.24174591110096,4.095877428095243,ASA (atual),557.1959983514148,ASA (atual) — f_n = 557 Hz
490.2256706852946,4.309932276731317,ASA (atual),557.1959983514148,ASA (atual) — f_n = 557 Hz
494.24223695261304,4.550760990216277,ASA (atual),557.1959983514148,ASA (atual) — f_n = 557 Hz
498.2917121546217,4.823478221811312,ASA (atual),557.1959983514148,ASA (atual) — f_n = 557 Hz
502.3743659241128,5.1345167372701495,ASA (atual),557.1959983514148,ASA (atual) — f_n = 557 Hz
506.49047010306333,5.492045589285927,ASA (atual),557.1959983514148,ASA (atual) — f_n = 557 Hz
510.64029876073164,5.906534654217105,ASA (atual),557.1959983514148,ASA (atual) — f_n = 557 Hz
514.8241282119085,6.391507636332054,ASA (atual),557.1959983514148,ASA (atual) — f_n = 557 Hz
519.0422370353147,6.964512234536351,ASA (atual),557.1959983514148,ASA (atual) — f_n = 557 Hz
523.2949060921497,7.6482621341727555,ASA (atual),557.1959983514148,ASA (atual) — f_n = 557 Hz
527.5824185447951,8.471649517218664,ASA (atual),557.1959983514148,ASA (atual) — f_n = 557 Hz
531.9050598756643,9.469556576123585,ASA (atual),557.1959983514148,ASA (atual) — f_n = 557 Hz
536.2631179062165,10.678262196671424,ASA (atual),557.1959983514148,ASA (atual) — f_n = 557 Hz
540.6568828161169,12.117974441386897,ASA (atual),557.1959983514148,ASA (atual) — f_n = 557 Hz
545.0866471625603,13.744325969572753,ASA (atual),557.1959983514148,ASA (atual) — f_n = 557 Hz
549.5527058997509,15.349608602181384,ASA (atual),557.1959983514148,ASA (atual) — f_n = 557 Hz
554.055356398541,16.471319308989905,ASA (atual),557.1959983514148,ASA (atual) — f_n = 557 Hz
558.594898466231,16.5671598941224,ASA (atual),557.1959983514148,ASA (atual) — f_n = 557 Hz
563.1716343665349,15.5368030622128,ASA (atual),557.1959983514148,ASA (atual) — f_n = 557 Hz
567.7858688397015,13.853404974159067,ASA (atual),557.1959983514148,ASA (atual) — f_n = 557 Hz
572.4379091228102,12.06028360882628,ASA (atual),557.1959983514148,ASA (atual) — f_n = 557 Hz
577.1280649702246,10.445338013609332,ASA (atual),557.1959983514148,ASA (atual) — f_n = 557 Hz
581.8566486742196,9.086562122735346,ASA (atual),557.1959983514148,ASA (atual) — f_n = 557 Hz
586.6239750857743,7.969504756808109,ASA (atual),557.1959983514148,ASA (atual) — f_n = 557 Hz
591.4303616355362,7.053868420492102,ASA (atual),557.1959983514148,ASA (atual) — f_n = 557 Hz
596.2761283549592,6.298927439827793,ASA (atual),557.1959983514148,ASA (atual) — f_n = 557 Hz
601.1615978976084,5.670625468909118,ASA (atual),557.1959983514148,ASA (atual) — f_n = 557 Hz
606.0870955606495,5.142243668803809,ASA (atual),557.1959983514148,ASA (atual) — f_n = 557 Hz
611.0529493065031,4.693266471402327,ASA (atual),557.1959983514148,ASA (atual) — f_n = 557 Hz
616.0594897846861,4.308001252747609,ASA (atual),557.1959983514148,ASA (atual) — f_n = 557 Hz
621.1070503538253,3.9743929463824017,ASA (atual),557.1959983514148,ASA (atual) — f_n = 557 Hz
626.1959671038555,3.6831062175434113,ASA (atual),557.1959983514148,ASA (atual) — f_n = 557 Hz
631.3265788783965,3.4268418650722836,ASA (atual),557.1959983514148,ASA (atual) — f_n = 557 Hz
636.4992272973177,3.1998344504115668,ASA (atual),557.1959983514148,ASA (atual) — f_n = 557 Hz
641.7142567794803,2.9974837152295537,ASA (atual),557.1959983514148,ASA (atual) — f_n = 557 Hz
646.972014565675,2.8160830179976513,ASA (atual),557.1959983514148,ASA (atual) — f_n = 557 Hz
652.2728507417391,2.6526178106741183,ASA (atual),557.1959983514148,ASA (atual) — f_n = 557 Hz
657.6171182618689,2.504614794044275,ASA (atual),557.1959983514148,ASA (atual) — f_n = 557 Hz
663.0051729721205,2.3700279567362212,ASA (atual),557.1959983514148,ASA (atual) — f_n = 557 Hz
668.4373736341031,2.2471516651527357,ASA (atual),557.1959983514148,ASA (atual) — f_n = 557 Hz
673.9140819488694,2.134553764293992,ASA (atual),557.1959983514148,ASA (atual) — f_n = 557 Hz
679.4356625809951,2.031023615073394,ASA (atual),557.1959983514148,ASA (atual) — f_n = 557 Hz
685.0024831828649,1.9355313815751773,ASA (atual),557.1959983514148,ASA (atual) — f_n = 557 Hz
690.6149144191481,1.8471958672194972,ASA (atual),557.1959983514148,ASA (atual) — f_n = 557 Hz
696.2733299914818,1.7652589036372055,ASA (atual),557.1959983514148,ASA (atual) — f_n = 557 Hz
701.9781066633525,1.689064804152689,ASA (atual),557.1959983514148,ASA (atual) — f_n = 557 Hz
707.7296242851837,1.6180437630788578,ASA (atual),557.1959983514148,ASA (atual) — f_n = 557 Hz
713.5282658196265,1.5516983527067882,ASA (atual),557.1959983514148,ASA (atual) — f_n = 557 Hz
719.3744173670626,1.4895924699136425,ASA (atual),557.1959983514148,ASA (atual) — f_n = 557 Hz
725.2684681913071,1.4313422333570196,ASA (atual),557.1959983514148,ASA (atual) — f_n = 557 Hz
731.2108107455333,1.376608444153037,ASA (atual),557.1959983514148,ASA (atual) — f_n = 557 Hz
737.2018406983995,1.3250903076382907,ASA (atual),557.1959983514148,ASA (atual) — f_n = 557 Hz
743.2419569603966,1.2765201783883258,ASA (atual),557.1959983514148,ASA (atual) — f_n = 557 Hz
749.3315617104091,1.2306591402429674,ASA (atual),557.1959983514148,ASA (atual) — f_n = 557 Hz
755.4710604224937,1.1872932714131137,ASA (atual),557.1959983514148,ASA (atual) — f_n = 557 Hz
761.6608618928794,1.1462304745632723,ASA (atual),557.1959983514148,ASA (atual) — f_n = 557 Hz
767.9013782671833,1.1072977751121527,ASA (atual),557.1959983514148,ASA (atual) — f_n = 557 Hz
774.193025067858,1.0703390093841443,ASA (atual),557.1959983514148,ASA (atual) — f_n = 557 Hz
780.5362212218544,1.0352128388143125,ASA (atual),557.1959983514148,ASA (atual) — f_n = 557 Hz
786.9313890885182,1.0017910380152457,ASA (atual),557.1959983514148,ASA (atual) — f_n = 557 Hz
793.3789544877127,0.9699570138085086,ASA (atual),557.1959983514148,ASA (atual) — f_n = 557 Hz
799.8793467281711,0.9396045198039855,ASA (atual),557.1959983514148,ASA (atual) — f_n = 557 Hz
806.432998636081,0.9106365371606753,ASA (atual),557.1959983514148,ASA (atual) — f_n = 557 Hz
813.040346583908,0.8829642970786592,ASA (atual),557.1959983514148,ASA (atual) — f_n = 557 Hz
819.7018305194448,0.856506424584664,ASA (atual),557.1959983514148,ASA (atual) — f_n = 557 Hz
826.4178939951122,0.8311881864626837,ASA (atual),557.1959983514148,ASA (atual) — f_n = 557 Hz
833.1889841974865,0.8069408288886578,ASA (atual),557.1959983514148,ASA (atual) — f_n = 557 Hz
840.0155519770791,0.7837009925653055,ASA (atual),557.1959983514148,ASA (atual) — f_n = 557 Hz
846.8980518783551,0.7614101950092526,ASA (atual),557.1959983514148,ASA (atual) — f_n = 557 Hz
853.8369421699981,0.7400143711877343,ASA (atual),557.1959983514148,ASA (atual) — f_n = 557 Hz
860.8326848754274,0.719463464993242,ASA (atual),557.1959983514148,ASA (atual) — f_n = 557 Hz
867.8857458035556,0.6997110651269632,ASA (atual),557.1959983514148,ASA (atual) — f_n = 557 Hz
874.996594579811,0.680714079872275,ASA (atual),557.1959983514148,ASA (atual) — f_n = 557 Hz
882.165704677402,0.6624324460079761,ASA (atual),557.1959983514148,ASA (atual) — f_n = 557 Hz
889.3935534488459,0.6448288677611229,ASA (atual),557.1959983514148,ASA (atual) — f_n = 557 Hz
896.6806221577526,0.6278685822514886,ASA (atual),557.1959983514148,ASA (atual) — f_n = 557 Hz
904.0273960108696,0.6115191483496099,ASA (atual),557.1959983514148,ASA (atual) — f_n = 557 Hz
911.4343641903879,0.5957502562716397,ASA (atual),557.1959983514148,ASA (atual) — f_n = 557 Hz
918.9020198865185,0.580533555577664,ASA (atual),557.1959983514148,ASA (atual) — f_n = 557 Hz
926.4308603303238,0.5658424995349454,ASA (atual),557.1959983514148,ASA (atual) — f_n = 557 Hz
934.0213868268338,0.5516522040610475,ASA (atual),557.1959983514148,ASA (atual) — f_n = 557 Hz
941.6741047884183,0.5379393196806452,ASA (atual),557.1959983514148,ASA (atual) — f_n = 557 Hz
949.3895237684436,0.524681915118748,ASA (atual),557.1959983514148,ASA (atual) — f_n = 557 Hz
957.1681574952,0.5118593713169973,ASA (atual),557.1959983514148,ASA (atual) — f_n = 557 Hz
965.0105239061068,0.4994522848018833,ASA (atual),557.1959983514148,ASA (atual) — f_n = 557 Hz
972.9171451822035,0.487442379457529,ASA (atual),557.1959983514148,ASA (atual) — f_n = 557 Hz
980.8885477829116,0.4758124258636737,ASA (atual),557.1959983514148,ASA (atual) — f_n = 557 Hz
988.9252624810972,0.46454616745374155,ASA (atual),557.1959983514148,ASA (atual) — f_n = 557 Hz
997.0278243984046,0.45362825283055147,ASA (atual),557.1959983514148,ASA (atual) — f_n = 557 Hz
1005.1967730408919,0.44304417364957965,ASA (atual),557.1959983514148,ASA (atual) — f_n = 557 Hz
1013.4326523349525,0.4327802075434124,ASA (atual),557.1959983514148,ASA (atual) — f_n = 557 Hz
1021.7360106635309,0.42282336561703737,ASA (atual),557.1959983514148,ASA (atual) — f_n = 557 Hz
1030.1074009026413,0.41316134409305394,ASA (atual),557.1959983514148,ASA (atual) — f_n = 557 Hz
1038.547380458174,0.4037824797295824,ASA (atual),557.1959983514148,ASA (atual) — f_n = 557 Hz
1047.0565113030145,0.3946757086722405,ASA (atual),557.1959983514148,ASA (atual) — f_n = 557 Hz
1055.6353600144596,0.38583052843586235,ASA (atual),557.1959983514148,ASA (atual) — f_n = 557 Hz
1064.2844978119479,0.3772369627420016,ASA (atual),557.1959983514148,ASA (atual) — f_n = 557 Hz
1073.0045005950872,0.36888552896532795,ASA (atual),557.1959983514148,ASA (atual) — f_n = 557 Hz
1081.7959489820043,0.36076720796606276,ASA (atual),557.1959983514148,ASA (atual) — f_n = 557 Hz
1090.6594283480051,0.3528734161070987,ASA (atual),557.1959983514148,ASA (atual) — f_n = 557 Hz
1099.5955288645532,0.34519597927360274,ASA (atual),557.1959983514148,ASA (atual) — f_n = 557 Hz
1108.604845538562,0.33772710873005524,ASA (atual),557.1959983514148,ASA (atual) — f_n = 557 Hz
1117.687978252015,0.33045937866501257,ASA (atual),557.1959983514148,ASA (atual) — f_n = 557 Hz
1126.8455318019126,0.3233857052876644,ASA (atual),557.1959983514148,ASA (atual) — f_n = 557 Hz
1136.078115940535,0.3164993273526118,ASA (atual),557.1959983514148,ASA (atual) — f_n = 557 Hz
1145.3863454160482,0.3097937880003885,ASA (atual),557.1959983514148,ASA (atual) — f_n = 557 Hz
1154.7708400134327,0.3032629178112694,ASA (atual),557.1959983514148,ASA (atual) — f_n = 557 Hz
1164.2322245957573,0.2969008189788974,ASA (atual),557.1959983514148,ASA (atual) — f_n = 557 Hz
1173.7711291457783,0.29070185051842207,ASA (atual),557.1959983514148,ASA (atual) — f_n = 557 Hz
1183.3881888078915,0.28466061443114665,ASA (atual),557.1959983514148,ASA (atual) — f_n = 557 Hz
1193.08404393042,0.27877194275436007,ASA (atual),557.1959983514148,ASA (atual) — f_n = 557 Hz
1202.8593401082567,0.27303088543101206,ASA (atual),557.1959983514148,ASA (atual) — f_n = 557 Hz
1212.7147282258447,0.26743269893936544,ASA (atual),557.1959983514148,ASA (atual) — f_n = 557 Hz
1222.6508645005192,0.26197283562767193,ASA (atual),557.1959983514148,ASA (atual) — f_n = 557 Hz
1232.668410526201,0.2566469337034337,ASA (atual),557.1959983514148,ASA (atual) — f_n = 557 Hz
1242.7680333174515,0.25145080783087487,ASA (atual),557.1959983514148,ASA (atual) — f_n = 557 Hz
1252.9504053538797,0.24638044029397904,ASA (atual),557.1959983514148,ASA (atual) — f_n = 557 Hz
1263.2162046249223,0.2414319726858056,ASA (atual),557.1959983514148,ASA (atual) — f_n = 557 Hz
1273.5661146749906,0.2366016980879046,ASA (atual),557.1959983514148,ASA (atual) — f_n = 557 Hz
1284.0008246489772,0.23188605370645893,ASA (atual),557.1959983514148,ASA (atual) — f_n = 557 Hz
1294.521029338147,0.22728161393433935,ASA (atual),557.1959983514148,ASA (atual) — f_n = 557 Hz
1305.1274292263975,0.22278508381062695,ASA (atual),557.1959983514148,ASA (atual) — f_n = 557 Hz
1315.820730536905,0.21839329285129314,ASA (atual),557.1959983514148,ASA (atual) — f_n = 557 Hz
1326.601645279141,0.21410318922671165,ASA (atual),557.1959983514148,ASA (atual) — f_n = 557 Hz
1337.4708912962853,0.20991183426346144,ASA (atual),557.1959983514148,ASA (atual) — f_n = 557 Hz
1348.429192313022,0.20581639724955814,ASA (atual),557.1959983514148,ASA (atual) — f_n = 557 Hz
1359.4772779837326,0.20181415052375304,ASA (atual),557.1959983514148,ASA (atual) — f_n = 557 Hz
1370.6158839410725,0.19790246483095264,ASA (atual),557.1959983514148,ASA (atual) — f_n = 557 Hz
1381.8457518449575,0.19407880492707796,ASA (atual),557.1959983514148,ASA (atual) — f_n = 557 Hz
1393.1676294319452,0.1903407254178824,ASA (atual),557.1959983514148,ASA (atual) — f_n = 557 Hz
1404.5822705650273,0.18668586681732174,ASA (atual),557.1959983514148,ASA (atual) — f_n = 557 Hz
1416.0904352838177,0.18311195181208753,ASA (atual),557.1959983514148,ASA (atual) — f_n = 557 Hz
1427.6928898551628,0.1796167817198248,ASA (atual),557.1959983514148,ASA (atual) — f_n = 557 Hz
1439.3904068241684,0.17619823312941899,ASA (atual),557.1959983514148,ASA (atual) — f_n = 557 Hz
1451.1837650656303,0.17285425471253102,ASA (atual),557.1959983514148,ASA (atual) — f_n = 557 Hz
1463.0737498359003,0.16958286419627175,ASA (atual),557.1959983514148,ASA (atual) — f_n = 557 Hz
1475.061152825171,0.1663821454875989,ASA (atual),557.1959983514148,ASA (atual) — f_n = 557 Hz
1487.1467722101943,0.1632502459406324,ASA (atual),557.1959983514148,ASA (atual) — f_n = 557 Hz
1499.3314127074202,0.16018537375867178,ASA (atual),557.1959983514148,ASA (atual) — f_n = 557 Hz
1511.6158856265838,0.15718579552322348,ASA (atual),557.1959983514148,ASA (atual) — f_n = 557 Hz
1524.0010089247235,0.15424983384285312,ASA (atual),557.1959983514148,ASA (atual) — f_n = 557 Hz
1536.4876072606494,0.15137586511513237,ASA (atual),557.1959983514148,ASA (atual) — f_n = 557 Hz
1549.0765120498452,0.14856231739538486,ASA (atual),557.1959983514148,ASA (atual) — f_n = 557 Hz
1561.7685615198327,0.1458076683663224,ASA (atual),557.1959983514148,ASA (atual) — f_n = 557 Hz
1574.5646007659825,0.1431104434030442,ASA (atual),557.1959983514148,ASA (atual) — f_n = 557 Hz
1587.46548180779,0.14046921372820675,ASA (atual),557.1959983514148,ASA (atual) — f_n = 557 Hz
1600.4720636455977,0.13788259465250005,ASA (atual),557.1959983514148,ASA (atual) — f_n = 557 Hz
1613.5852123177979,0.13534924389585398,ASA (atual),557.1959983514148,ASA (atual) — f_n = 557 Hz
1626.805800958494,0.1328678599850855,ASA (atual),557.1959983514148,ASA (atual) — f_n = 557 Hz
1640.1347098556444,0.13043718072394986,ASA (atual),557.1959983514148,ASA (atual) — f_n = 557 Hz
1653.5728265096666,0.12805598173180688,ASA (atual),557.1959983514148,ASA (atual) — f_n = 557 Hz
1667.1210456925353,0.12572307504732932,ASA (atual),557.1959983514148,ASA (atual) — f_n = 557 Hz
1680.7802695073667,0.12343730779389808,ASA (atual),557.1959983514148,ASA (atual) — f_n = 557 Hz
1694.5514074484731,0.12119756090352737,ASA (atual),557.1959983514148,ASA (atual) — f_n = 557 Hz
1708.4353764619295,0.11900274789633558,ASA (atual),557.1959983514148,ASA (atual) — f_n = 557 Hz
1722.4331010066232,0.11685181371276211,ASA (atual),557.1959983514148,ASA (atual) — f_n = 557 Hz
1736.5455131158174,0.11474373359588153,ASA (atual),557.1959983514148,ASA (atual) — f_n = 557 Hz
1750.7735524591972,0.11267751202132564,ASA (atual),557.1959983514148,ASA (atual) — f_n = 557 Hz
1765.1181664054468,0.11065218167245411,ASA (atual),557.1959983514148,ASA (atual) — f_n = 557 Hz
1779.5803100853245,0.10866680245855674,ASA (atual),557.1959983514148,ASA (atual) — f_n = 557 Hz
1794.1609464552678,0.1067204605739866,ASA (atual),557.1959983514148,ASA (atual) — f_n = 557 Hz
1808.8610463614998,0.10481226759624601,ASA (atual),557.1959983514148,ASA (atual) — f_n = 557 Hz
1823.6815886046804,0.10294135962114821,ASA (atual),557.1959983514148,ASA (atual) — f_n = 557 Hz
1838.623560005076,0.10110689643328714,ASA (atual),557.1959983514148,ASA (atual) — f_n = 557 Hz
1853.687955468273,0.09930806071013852,ASA (atual),557.1959983514148,ASA (atual) — f_n = 557 Hz
1868.8757780514138,0.09754405725821085,ASA (atual),557.1959983514148,ASA (atual) — f_n = 557 Hz
1884.1880390299882,0.09581411227974275,ASA (atual),557.1959983514148,ASA (atual) — f_n = 557 Hz
1899.6257579651765,0.0941174726685278,ASA (atual),557.1959983514148,ASA (atual) — f_n = 557 Hz
1915.1899627717244,0.09245340533352418,ASA (atual),557.1959983514148,ASA (atual) — f_n = 557 Hz
1930.8816897863937,0.09082119654897053,ASA (atual),557.1959983514148,ASA (atual) — f_n = 557 Hz
1946.7019838369633,0.08922015132980211,ASA (atual),557.1959983514148,ASA (atual) — f_n = 557 Hz
1962.6518983118053,0.08764959283122052,ASA (atual),557.1959983514148,ASA (atual) — f_n = 557 Hz
1978.7324952300141,0.08610886177133195,ASA (atual),557.1959983514148,ASA (atual) — f_n = 557 Hz
1994.9448453121274,0.08459731587581998,ASA (atual),557.1959983514148,ASA (atual) — f_n = 557 Hz
2011.2900280514164,0.08311432934367594,ASA (atual),557.1959983514148,ASA (atual) — f_n = 557 Hz
2027.769131785771,0.08165929233305605,ASA (atual),557.1959983514148,ASA (atual) — f_n = 557 Hz
2044.383253770154,0.08023161046638479,ASA (atual),557.1959983514148,ASA (atual) — f_n = 557 Hz
2061.1335002496708,0.07883070435386204,ASA (atual),557.1959983514148,ASA (atual) — f_n = 557 Hz
2078.0209865332226,0.07745600913457967,ASA (atual),557.1959983514148,ASA (atual) — f_n = 557 Hz
2095.0468370677786,0.07610697403448706,ASA (atual),557.1959983514148,ASA (atual) — f_n = 557 Hz
2112.212185513233,0.07478306194048782,ASA (atual),557.1959983514148,ASA (atual) — f_n = 557 Hz
2129.5181748178975,0.07348374898997777,ASA (atual),557.1959983514148,ASA (atual) — f_n = 557 Hz
2146.9659572946075,0.07220852417517354,ASA (atual),557.1959983514148,ASA (atual) — f_n = 557 Hz
2164.5566946974386,0.07095688896161159,ASA (atual),557.1959983514148,ASA (atual) — f_n = 557 Hz
2182.2915582990686,0.06972835692022271,ASA (atual),557.1959983514148,ASA (atual) — f_n = 557 Hz
2200.1717289687617,0.06852245337242113,ASA (atual),557.1959983514148,ASA (atual) — f_n = 557 Hz
2218.1983972510066,0.0673387150476691,ASA (atual),557.1959983514148,ASA (atual) — f_n = 557 Hz
2236.3727634447737,0.06617668975300789,ASA (atual),557.1959983514148,ASA (atual) — f_n = 557 Hz
2254.696037683445,0.06503593605406385,ASA (atual),557.1959983514148,ASA (atual) — f_n = 557 Hz
2273.169440015388,0.06391602296706682,ASA (atual),557.1959983514148,ASA (atual) — f_n = 557 Hz
2291.7942004851993,0.0628165296614353,ASA (atual),557.1959983514148,ASA (atual) — f_n = 557 Hz
2310.571559215594,0.06173704517250707,ASA (atual),557.1959983514148,ASA (atual) — f_n = 557 Hz
2329.5027664899876,0.06067716812400826,ASA (atual),557.1959983514148,ASA (atual) — f_n = 557 Hz
2348.5890828357415,0.05963650645987755,ASA (atual),557.1959983514148,ASA (atual) — f_n = 557 Hz
2367.8317791081026,0.058614677185074855,ASA (atual),557.1959983514148,ASA (atual) — f_n = 557 Hz
2387.232136574811,0.057611306115025164,ASA (atual),557.1959983514148,ASA (atual) — f_n = 557 Hz
2406.7914470014202,0.05662602763335858,ASA (atual),557.1959983514148,ASA (atual) — f_n = 557 Hz
2426.511012737304,0.05565848445762719,ASA (atual),557.1959983514148,ASA (atual) — f_n = 557 Hz
2446.3921468023855,0.05470832741269003,ASA (atual),557.1959983514148,ASA (atual) — f_n = 557 Hz
2466.436172974545,0.05377521521147492,ASA (atual),557.1959983514148,ASA (atual) — f_n = 557 Hz
2486.6444258777747,0.05285881424283335,ASA (atual),557.1959983514148,ASA (atual) — f_n = 557 Hz
2507.0182510710483,0.05195879836622129,ASA (atual),557.1959983514148,ASA (atual) — f_n = 557 Hz
2527.559005137902,0.05107484871294979,ASA (atual),557.1959983514148,ASA (atual) — f_n = 557 Hz
2548.268055776771,0.050206653493756956,ASA (atual),557.1959983514148,ASA (atual) — f_n = 557 Hz
2569.1467818920523,0.049353907812467804,ASA (atual),557.1959983514148,ASA (atual) — f_n = 557 Hz
2590.1965736859283,0.04851631348551527,ASA (atual),557.1959983514148,ASA (atual) — f_n = 557 Hz
2611.418832750919,0.047693578867107525,ASA (atual),557.1959983514148,ASA (atual) — f_n = 557 Hz
2632.8149721632153,0.04688541867983327,ASA (atual),557.1959983514148,ASA (atual) — f_n = 557 Hz
2654.3864165767627,0.04609155385050791,ASA (atual),557.1959983514148,ASA (atual) — f_n = 557 Hz
2676.1346023181336,0.045311711351069636,ASA (atual),557.1959983514148,ASA (atual) — f_n = 557 Hz
2698.060977482148,0.044545624044344756,ASA (atual),557.1959983514148,ASA (atual) — f_n = 557 Hz
2720.167002028303,0.043793030534505624,ASA (atual),557.1959983514148,ASA (atual) — f_n = 557 Hz
2742.454147877982,0.04305367502205539,ASA (atual),557.1959983514148,ASA (atual) — f_n = 557 Hz
2764.9238990124695,0.042327307163177494,ASA (atual),557.1959983514148,ASA (atual) — f_n = 557 Hz
2787.577751571747,0.04161368193329755,ASA (atual),557.1959983514148,ASA (atual) — f_n = 557 Hz
2810.4172139541206,0.04091255949470766,ASA (atual),557.1959983514148,ASA (atual) — f_n = 557 Hz
2833.4438069166654,0.0402237050681122,ASA (atual),557.1959983514148,ASA (atual) — f_n = 557 Hz
2856.6590636764677,0.03954688880795943,ASA (atual),557.1959983514148,ASA (atual) — f_n = 557 Hz
2880.0645300127253,0.038881885681426344,ASA (atual),557.1959983514148,ASA (atual) — f_n = 557 Hz
2903.6617643696663,0.038228475350932545,ASA (atual),557.1959983514148,ASA (atual) — f_n = 557 Hz
2927.4523379603306,0.0375864420600612,ASA (atual),557.1959983514148,ASA (atual) — f_n = 557 Hz
2951.4378348711684,0.03695557452277244,ASA (atual),557.1959983514148,ASA (atual) — f_n = 557 Hz
2975.619852167531,0.03633566581579608,ASA (atual),557.1959983514148,ASA (atual) — f_n = 557 Hz
3000.0000000000014,0.03572651327409757,ASA (atual),557.1959983514148,ASA (atual) — f_n = 557 Hz
10.0,1.0000093193695367,Alumínio,3272.7854543140515,Alumínio — f_n = 3273 Hz
10.081933005705391,1.0000094727093891,Alumínio,3272.7854543140515,Alumínio — f_n = 3273 Hz
10.164537313153179,1.0000096285723021,Alumínio,3272.7854543140515,Alumínio — f_n = 3273 Hz
10.247818422520304,1.0000097869997915,Alumínio,3272.7854543140515,Alumínio — f_n = 3273 Hz
10.331781879048327,1.0000099480340556,Alumínio,3272.7854543140515,Alumínio — f_n = 3273 Hz
10.416433273412618,1.0000101117179871,Alumínio,3272.7854543140515,Alumínio — f_n = 3273 Hz
10.501778242094659,1.0000102780951847,Alumínio,3272.7854543140515,Alumínio — f_n = 3273 Hz
10.587822467757288,1.000010447209965,Alumínio,3272.7854543140515,Alumínio — f_n = 3273 Hz
10.674571679623137,1.000010619107373,Alumínio,3272.7854543140515,Alumínio — f_n = 3273 Hz
10.762031653856054,1.0000107938331948,Alumínio,3272.7854543140515,Alumínio — f_n = 3273 Hz
10.850208213945757,1.000010971433971,Alumínio,3272.7854543140515,Alumínio — f_n = 3273 Hz
10.939107231095548,1.0000111519570076,Alumínio,3272.7854543140515,Alumínio — f_n = 3273 Hz
11.028734624613278,1.000011335450388,Alumínio,3272.7854543140515,Alumínio — f_n = 3273 Hz
11.119096362305447,1.000011521962988,Alumínio,3272.7854543140515,Alumínio — f_n = 3273 Hz
11.21019846087461,1.0000117115444875,Alumínio,3272.7854543140515,Alumínio — f_n = 3273 Hz
11.302046986319949,1.0000119042453837,Alumínio,3272.7854543140515,Alumínio — f_n = 3273 Hz
11.39464805434123,1.0000121001170044,Alumínio,3272.7854543140515,Alumínio — f_n = 3273 Hz
11.488007830745957,1.0000122992115226,Alumínio,3272.7854543140515,Alumínio — f_n = 3273 Hz
11.582132531859965,1.0000125015819699,Alumínio,3272.7854543140515,Alumínio — f_n = 3273 Hz
11.67702842494132,1.0000127072822498,Alumínio,3272.7854543140515,Alumínio — f_n = 3273 Hz
11.772701828597594,1.0000129163671534,Alumínio,3272.7854543140515,Alumínio — f_n = 3273 Hz
11.869159113206635,1.000013128892373,Alumínio,3272.7854543140515,Alumínio — f_n = 3273 Hz
11.966406701340691,1.0000133449145183,Alumínio,3272.7854543140515,Alumínio — f_n = 3273 Hz
12.064451068194096,1.0000135644911292,Alumínio,3272.7854543140515,Alumínio — f_n = 3273 Hz
12.163298742014371,1.0000137876806934,Alumínio,3272.7854543140515,Alumínio — f_n = 3273 Hz
12.262956304536962,1.0000140145426606,Alumínio,3272.7854543140515,Alumínio — f_n = 3273 Hz
12.363430391423421,1.000014245137459,Alumínio,3272.7854543140515,Alumínio — f_n = 3273 Hz
12.464727692703297,1.000014479526511,Alumínio,3272.7854543140515,Alumínio — f_n = 3273 Hz
12.566854953219538,1.0000147177722498,Alumínio,3272.7854543140515,Alumínio — f_n = 3273 Hz
12.669818973077641,1.000014959938136,Alumínio,3272.7854543140515,Alumínio — f_n = 3273 Hz
12.773626608098386,1.000015206088675,Alumínio,3272.7854543140515,Alumínio — f_n = 3273 Hz
12.878284770274378,1.0000154562894323,Alumínio,3272.7854543140515,Alumínio — f_n = 3273 Hz
12.983800428230232,1.000015710607054,Alumínio,3272.7854543140515,Alumínio — f_n = 3273 Hz
13.090180607686618,1.0000159691092818,Alumínio,3272.7854543140515,Alumínio — f_n = 3273 Hz
13.197432391928043,1.0000162318649726,Alumínio,3272.7854543140515,Alumínio — f_n = 3273 Hz
13.30556292227448,1.000016498944116,Alumínio,3272.7854543140515,Alumínio — f_n = 3273 Hz
13.414579398556903,1.000016770417854,Alumínio,3272.7854543140515,Alumínio — f_n = 3273 Hz
13.524489079596641,1.0000170463584985,Alumínio,3272.7854543140515,Alumínio — f_n = 3273 Hz
13.635299283688758,1.0000173268395522,Alumínio,3272.7854543140515,Alumínio — f_n = 3273 Hz
13.747017389089276,1.0000176119357267,Alumínio,3272.7854543140515,Alumínio — f_n = 3273 Hz
13.85965083450652,1.0000179017229633,Alumínio,3272.7854543140515,Alumínio — f_n = 3273 Hz
13.973207119596355,1.0000181962784531,Alumínio,3272.7854543140515,Alumínio — f_n = 3273 Hz
14.087693805461612,1.0000184956806573,Alumínio,3272.7854543140515,Alumínio — f_n = 3273 Hz
14.20311851515548,1.0000188000093282,Alumínio,3272.7854543140515,Alumínio — f_n = 3273 Hz
14.319488934189147,1.0000191093455308,Alumínio,3272.7854543140515,Alumínio — f_n = 3273 Hz
14.436812811043469,1.000019423771664,Alumínio,3272.7854543140515,Alumínio — f_n = 3273 Hz
14.555097957684964,1.0000197433714826,Alumínio,3272.7854543140515,Alumínio — f_n = 3273 Hz
14.674352250085917,1.0000200682301197,Alumínio,3272.7854543140515,Alumínio — f_n = 3273 Hz
14.794583628748839,1.0000203984341094,Alumínio,3272.7854543140515,Alumínio — f_n = 3273 Hz
14.915800099235163,1.00002073407141,Alumínio,3272.7854543140515,Alumínio — f_n = 3273 Hz
15.038009732698281,1.000021075231427,Alumínio,3272.7854543140515,Alumínio — f_n = 3273 Hz
15.161220666420972,1.0000214220050372,Alumínio,3272.7854543140515,Alumínio — f_n = 3273 Hz
15.285441104357227,1.0000217744846134,Alumínio,3272.7854543140515,Alumínio — f_n = 3273 Hz
15.41067931767851,1.000022132764048,Alumínio,3272.7854543140515,Alumínio — f_n = 3273 Hz
15.53694364532444,1.0000224969387788,Alumínio,3272.7854543140515,Alumínio — f_n = 3273 Hz
15.664242494558119,1.000022867105814,Alumínio,3272.7854543140515,Alumínio — f_n = 3273 Hz
15.792584341525846,1.0000232433637584,Alumínio,3272.7854543140515,Alumínio — f_n = 3273 Hz
15.921977731821563,1.0000236258128399,Alumínio,3272.7854543140515,Alumínio — f_n = 3273 Hz
16.05243128105581,1.0000240145549346,Alumínio,3272.7854543140515,Alumínio — f_n = 3273 Hz
16.183953675429432,1.0000244096935968,Alumínio,3272.7854543140515,Alumínio — f_n = 3273 Hz
16.31655367231191,1.0000248113340837,Alumínio,3272.7854543140515,Alumínio — f_n = 3273 Hz
16.4502401008245,1.0000252195833854,Alumínio,3272.7854543140515,Alumínio — f_n = 3273 Hz
16.585021862428093,1.0000256345502523,Alumínio,3272.7854543140515,Alumínio — f_n = 3273 Hz
16.720907931515928,1.0000260563452248,Alumínio,3272.7854543140515,Alumínio — f_n = 3273 Hz
16.857907356011157,1.0000264850806626,Alumínio,3272.7854543140515,Alumínio — f_n = 3273 Hz
16.99602925796927,1.0000269208707742,Alumínio,3272.7854543140515,Alumínio — f_n = 3273 Hz
17.13528283418549,1.0000273638316475,Alumínio,3272.7854543140515,Alumínio — f_n = 3273 Hz
17.27567735680717,1.0000278140812815,Alumínio,3272.7854543140515,Alumínio — f_n = 3273 Hz
17.417222173951156,1.0000282717396167,Alumínio,3272.7854543140515,Alumínio — f_n = 3273 Hz
17.5599267103262,1.0000287369285679,Alumínio,3272.7854543140515,Alumínio — f_n = 3273 Hz
17.703800467860546,1.0000292097720556,Alumínio,3272.7854543140515,Alumínio — f_n = 3273 Hz
17.84885302633458,1.0000296903960406,Alumínio,3272.7854543140515,Alumínio — f_n = 3273 Hz
17.995094044018725,1.000030178928556,Alumínio,3272.7854543140515,Alumínio — f_n = 3273 Hz
18.14253325831649,1.0000306754997423,Alumínio,3272.7854543140515,Alumínio — f_n = 3273 Hz
18.291180486412888,1.0000311802418822,Alumínio,3272.7854543140515,Alumínio — f_n = 3273 Hz
18.441045625928048,1.0000316932894349,Alumínio,3272.7854543140515,Alumínio — f_n = 3273 Hz
18.592138655576314,1.0000322147790726,Alumínio,3272.7854543140515,Alumínio — f_n = 3273 Hz
18.74446963583059,1.0000327448497168,Alumínio,3272.7854543140515,Alumínio — f_n = 3273 Hz
18.89804870959229,1.000033283642576,Alumínio,3272.7854543140515,Alumínio — f_n = 3273 Hz
19.052886102866683,1.000033831301182,Alumínio,3272.7854543140515,Alumínio — f_n = 3273 Hz
19.208992125443725,1.0000343879714295,Alumínio,3272.7854543140515,Alumínio — f_n = 3273 Hz
19.366377171584606,1.0000349538016133,Alumínio,3272.7854543140515,Alumínio — f_n = 3273 Hz
19.525051720713826,1.00003552894247,Alumínio,3272.7854543140515,Alumínio — f_n = 3273 Hz
19.685026338116966,1.0000361135472167,Alumínio,3272.7854543140515,Alumínio — f_n = 3273 Hz
19.84631167564415,1.000036707771592,Alumínio,3272.7854543140515,Alumínio — f_n = 3273 Hz
20.0089184724193,1.0000373117738977,Alumínio,3272.7854543140515,Alumínio — f_n = 3273 Hz
20.172857555555247,1.0000379257150416,Alumínio,3272.7854543140515,Alumínio — f_n = 3273 Hz
20.33813984087459,1.0000385497585793,Alumínio,3272.7854543140515,Alumínio — f_n = 3273 Hz
20.504776333636535,1.0000391840707583,Alumínio,3272.7854543140515,Alumínio — f_n = 3273 Hz
20.672778129269705,1.0000398288205625,Alumínio,3272.7854543140515,Alumínio — f_n = 3273 Hz
20.842156414110878,1.0000404841797574,Alumínio,3272.7854543140515,Alumínio — f_n = 3273 Hz
21.01292246614989,1.000041150322935,Alumínio,3272.7854543140515,Alumínio — f_n = 3273 Hz
21.185087655780492,1.0000418274275615,Alumínio,3272.7854543140515,Alumínio — f_n = 3273 Hz
21.358663446557518,1.0000425156740234,Alumínio,3272.7854543140515,Alumínio — f_n = 3273 Hz
21.533661395960163,1.0000432152456769,Alumínio,3272.7854543140515,Alumínio — f_n = 3273 Hz
21.71009315616149,1.0000439263288954,Alumínio,3272.7854543140515,Alumínio — f_n = 3273 Hz
21.887970474804327,1.0000446491131207,Alumínio,3272.7854543140515,Alumínio — f_n = 3273 Hz
22.067305195783483,1.000045383790912,Alumínio,3272.7854543140515,Alumínio — f_n = 3273 Hz
22.24810926003437,1.0000461305579988,Alumínio,3272.7854543140515,Alumínio — f_n = 3273 Hz
22.430394706328038,1.0000468896133317,Alumínio,3272.7854543140515,Alumínio — f_n = 3273 Hz
22.614173672072813,1.0000476611591353,Alumínio,3272.7854543140515,Alumínio — f_n = 3273 Hz
22.799458394122478,1.0000484454009646,Alumínio,3272.7854543140515,Alumínio — f_n = 3273 Hz
22.98626120959104,1.0000492425477563,Alumínio,3272.7854543140515,Alumínio — f_n = 3273 Hz
23.17459455667414,1.0000500528118872,Alumínio,3272.7854543140515,Alumínio — f_n = 3273 Hz
23.364470975477364,1.0000508764092293,Alumínio,3272.7854543140515,Alumínio — f_n = 3273 Hz
23.555903108851087,1.0000517135592089,Alumínio,3272.7854543140515,Alumínio — f_n = 3273 Hz
23.748903703232415,1.0000525644848628,Alumínio,3272.7854543140515,Alumínio — f_n = 3273 Hz
23.943485609493788,1.0000534294129,Alumínio,3272.7854543140515,Alumínio — f_n = 3273 Hz
24.139661783798747,1.0000543085737614,Alumínio,3272.7854543140515,Alumínio — f_n = 3273 Hz
24.33744528846458,1.0000552022016806,Alumínio,3272.7854543140515,Alumínio — f_n = 3273 Hz
24.536849292832034,1.0000561105347472,Alumínio,3272.7854543140515,Alumínio — f_n = 3273 Hz
24.73788707414223,1.0000570338149701,Alumínio,3272.7854543140515,Alumínio — f_n = 3273 Hz
24.94057201842073,1.0000579722883418,Alumínio,3272.7854543140515,Alumínio — f_n = 3273 Hz
25.14491762136884,1.0000589262049036,Alumínio,3272.7854543140515,Alumínio — f_n = 3273 Hz
25.350937489262176,1.0000598958188143,Alumínio,3272.7854543140515,Alumínio — f_n = 3273 Hz
25.55864533985665,1.0000608813884149,Alumínio,3272.7854543140515,Alumínio — f_n = 3273 Hz
25.768055003301903,1.0000618831763,Alumínio,3272.7854543140515,Alumínio — f_n = 3273 Hz
25.979180423062154,1.000062901449387,Alumínio,3272.7854543140515,Alumínio — f_n = 3273 Hz
26.192035656844567,1.000063936478987,Alumínio,3272.7854543140515,Alumínio — f_n = 3273 Hz
26.40663487753539,1.0000649885408777,Alumínio,3272.7854543140515,Alumínio — f_n = 3273 Hz
26.622992374143518,1.0000660579153762,Alumínio,3272.7854543140515,Alumínio — f_n = 3273 Hz
26.841122552752058,1.0000671448874152,Alumínio,3272.7854543140515,Alumínio — f_n = 3273 Hz
27.061039937477435,1.0000682497466171,Alumínio,3272.7854543140515,Alumínio — f_n = 3273 Hz
27.282759171436563,1.0000693727873724,Alumínio,3272.7854543140515,Alumínio — f_n = 3273 Hz
27.506295017721776,1.0000705143089192,Alumínio,3272.7854543140515,Alumínio — f_n = 3273 Hz
27.731662360383908,1.0000716746154206,Alumínio,3272.7854543140515,Alumínio — f_n = 3273 Hz
27.95887620542324,1.0000728540160475,Alumínio,3272.7854543140515,Alumínio — f_n = 3273 Hz
28.187951681788768,1.0000740528250613,Alumínio,3272.7854543140515,Alumínio — f_n = 3273 Hz
28.41890404238551,1.0000752713618963,Alumínio,3272.7854543140515,Alumínio — f_n = 3273 Hz
28.6517486650901,1.000076509951247,Alumínio,3272.7854543140515,Alumínio — f_n = 3273 Hz
28.886501053774726,1.0000777689231521,Alumínio,3272.7854543140515,Alumínio — f_n = 3273 Hz
29.123176839339497,1.0000790486130857,Alumínio,3272.7854543140515,Alumínio — f_n = 3273 Hz
29.361791780753187,1.0000803493620434,Alumínio,3272.7854543140515,Alumínio — f_n = 3273 Hz
29.602361766102483,1.0000816715166365,Alumínio,3272.7854543140515,Alumínio — f_n = 3273 Hz
29.84490281365001,1.0000830154291822,Alumínio,3272.7854543140515,Alumínio — f_n = 3273 Hz
30.089431072900773,1.0000843814577987,Alumínio,3272.7854543140515,Alumínio — f_n = 3273 Hz
30.335962825677584,1.0000857699665004,Alumínio,3272.7854543140515,Alumínio — f_n = 3273 Hz
30.584514487205062,1.0000871813252956,Alumínio,3272.7854543140515,Alumínio — f_n = 3273 Hz
30.835102607202757,1.000088615910284,Alumínio,3272.7854543140515,Alumínio — f_n = 3273 Hz
31.087743870986984,1.0000900741037588,Alumínio,3272.7854543140515,Alumínio — f_n = 3273 Hz
31.342455100581933,1.000091556294307,Alumínio,3272.7854543140515,Alumínio — f_n = 3273 Hz
31.599253255839628,1.0000930628769145,Alumínio,3272.7854543140515,Alumínio — f_n = 3273 Hz
31.85815543556931,1.000094594253071,Alumínio,3272.7854543140515,Alumínio — f_n = 3273 Hz
32.1191788786759,1.0000961508308768,Alumínio,3272.7854543140515,Alumínio — f_n = 3273 Hz
32.38234096530782,1.0000977330251521,Alumínio,3272.7854543140515,Alumínio — f_n = 3273 Hz
32.64765921801427,1.000099341257548,Alumínio,3272.7854543140515,Alumínio — f_n = 3273 Hz
32.915151302911994,1.0001009759566593,Alumínio,3272.7854543140515,Alumínio — f_n = 3273 Hz
33.18483503086154,1.0001026375581368,Alumínio,3272.7854543140515,Alumínio — f_n = 3273 Hz
33.456728358653166,1.0001043265048066,Alumínio,3272.7854543140515,Alumínio — f_n = 3273 Hz
33.730849390202486,1.000106043246787,Alumínio,3272.7854543140515,Alumínio — f_n = 3273 Hz
34.007216377756,1.0001077882416074,Alumínio,3272.7854543140515,Alumínio — f_n = 3273 Hz
34.285847723106336,1.0001095619543332,Alumínio,3272.7854543140515,Alumínio — f_n = 3273 Hz
34.56676197881748,1.0001113648576876,Alumínio,3272.7854543140515,Alumínio — f_n = 3273 Hz
34.84997784946022,1.0001131974321786,Alumínio,3272.7854543140515,Alumínio — f_n = 3273 Hz
35.13551419285749,1.0001150601662283,Alumínio,3272.7854543140515,Alumínio — f_n = 3273 Hz
35.42339002134004,1.0001169535563017,Alumínio,3272.7854543140515,Alumínio — f_n = 3273 Hz
35.71362450301231,1.0001188781070403,Alumínio,3272.7854543140515,Alumínio — f_n = 3273 Hz
36.00623696302886,1.0001208343313968,Alumínio,3272.7854543140515,Alumínio — f_n = 3273 Hz
36.30124688488103,1.0001228227507717,Alumínio,3272.7854543140515,Alumínio — f_n = 3273 Hz
36.59867391169423,1.0001248438951527,Alumínio,3272.7854543140515,Alumínio — f_n = 3273 Hz
36.89853784753589,1.0001268983032572,Alumínio,3272.7854543140515,Alumínio — f_n = 3273 Hz
37.20085865873416,1.0001289865226746,Alumínio,3272.7854543140515,Alumínio — f_n = 3273 Hz
37.50565647520734,1.0001311091100138,Alumínio,3272.7854543140515,Alumínio — f_n = 3273 Hz
37.812951591804115,1.0001332666310514,Alumínio,3272.7854543140515,Alumínio — f_n = 3273 Hz
38.12276446965502,1.0001354596608827,Alumínio,3272.7854543140515,Alumínio — f_n = 3273 Hz
38.435115737534765,1.0001376887840758,Alumínio,3272.7854543140515,Alumínio — f_n = 3273 Hz
38.75002619323587,1.0001399545948282,Alumínio,3272.7854543140515,Alumínio — f_n = 3273 Hz
39.067516804953335,1.0001422576971237,Alumínio,3272.7854543140515,Alumínio — f_n = 3273 Hz
39.38760871268091,1.0001445987048967,Alumínio,3272.7854543140515,Alumínio — f_n = 3273 Hz
39.71032322961869,1.0001469782421932,Alumínio,3272.7854543140515,Alumínio — f_n = 3273 Hz
40.035681843592236,1.0001493969433397,Alumínio,3272.7854543140515,Alumínio — f_n = 3273 Hz
40.36370621848326,1.0001518554531124,Alumínio,3272.7854543140515,Alumínio — f_n = 3273 Hz
40.694418195672235,1.0001543544269087,Alumínio,3272.7854543140515,Alumínio — f_n = 3273 Hz
41.02783979549262,1.000156894530923,Alumínio,3272.7854543140515,Alumínio — f_n = 3273 Hz
41.36399321869703,1.0001594764423247,Alumínio,3272.7854543140515,Alumínio — f_n = 3273 Hz
41.70290084793556,1.00016210084944,Alumínio,3272.7854543140515,Alumínio — f_n = 3273 Hz
42.04458524924609,1.0001647684519335,Alumínio,3272.7854543140515,Alumínio — f_n = 3273 Hz
42.38906917355684,1.0001674799609985,Alumínio,3272.7854543140515,Alumínio — f_n = 3273 Hz
42.73637555820119,1.0001702360995453,Alumínio,3272.7854543140515,Alumínio — f_n = 3273 Hz
43.08652752844497,1.0001730376023938,Alumínio,3272.7854543140515,Alumínio — f_n = 3273 Hz
43.43954839902633,1.0001758852164724,Alumínio,3272.7854543140515,Alumínio — f_n = 3273 Hz
43.795461675708054,1.0001787797010149,Alumínio,3272.7854543140515,Alumínio — f_n = 3273 Hz
44.15429105684268,1.0001817218277667,Alumínio,3272.7854543140515,Alumínio — f_n = 3273 Hz
44.51606043495046,1.000184712381188,Alumínio,3272.7854543140515,Alumínio — f_n = 3273 Hz
44.880793898310294,1.0001877521586664,Alumínio,3272.7854543140515,Alumínio — f_n = 3273 Hz
45.2485157325636,1.000190841970728,Alumínio,3272.7854543140515,Alumínio — f_n = 3273 Hz
45.619250422331255,1.0001939826412558,Alumínio,3272.7854543140515,Alumínio — f_n = 3273 Hz
45.99302265284411,1.0001971750077097,Alumínio,3272.7854543140515,Alumínio — f_n = 3273 Hz
46.3698573115865,1.0002004199213497,Alumínio,3272.7854543140515,Alumínio — f_n = 3273 Hz
46.74977948995336,1.0002037182474655,Alumínio,3272.7854543140515,Alumínio — f_n = 3273 Hz
47.13281448492098,1.0002070708656061,Alumínio,3272.7854543140515,Alumínio — f_n = 3273 Hz
47.518987800731395,1.0002104786698165,Alumínio,3272.7854543140515,Alumínio — f_n = 3273 Hz
47.90832515059059,1.0002139425688767,Alumínio,3272.7854543140515,Alumínio — f_n = 3273 Hz
48.300852458380525,1.0002174634865446,Alumínio,3272.7854543140515,Alumínio — f_n = 3273 Hz
48.6965958603853,1.0002210423618036,Alumínio,3272.7854543140515,Alumínio — f_n = 3273 Hz
49.09558170703151,1.0002246801491137,Alumínio,3272.7854543140515,Alumínio — f_n = 3273 Hz
49.49783656464271,1.000228377818668,Alumínio,3272.7854543140515,Alumínio — f_n = 3273 Hz
49.90338721720828,1.0002321363566506,Alumínio,3272.7854543140515,Alumínio — f_n = 3273 Hz
50.312260668166864,1.0002359567655033,Alumínio,3272.7854543140515,Alumínio — f_n = 3273 Hz
50.72448414220447,1.0002398400641912,Alumínio,3272.7854543140515,Alumínio — f_n = 3273 Hz
51.14008508706712,1.000243787288478,Alumínio,3272.7854543140515,Alumínio — f_n = 3273 Hz
51.5590911753884,1.0002477994912016,Alumínio,3272.7854543140515,Alumínio — f_n = 3273 Hz
51.98153030653219,1.000251877742558,Alumínio,3272.7854543140515,Alumínio — f_n = 3273 Hz
52.40743060845023,1.0002560231303863,Alumínio,3272.7854543140515,Alumínio — f_n = 3273 Hz
52.83682043955496,1.0002602367604612,Alumínio,3272.7854543140515,Alumínio — f_n = 3273 Hz
53.26972839060784,1.000264519756789,Alumínio,3272.7854543140515,Alumínio — f_n = 3273 Hz
53.70618328662307,1.0002688732619085,Alumínio,3272.7854543140515,Alumínio — f_n = 3273 Hz
54.146214188786864,1.000273298437198,Alumínio,3272.7854543140515,Alumínio — f_n = 3273 Hz
54.589850396392414,1.0002777964631862,Alumínio,3272.7854543140515,Alumínio — f_n = 3273 Hz
55.03712144879083,1.0002823685398678,Alumínio,3272.7854543140515,Alumínio — f_n = 3273 Hz
55.48805712735803,1.000287015887027,Alumínio,3272.7854543140515,Alumínio — f_n = 3273 Hz
55.94268745747775,1.000291739744563,Alumínio,3272.7854543140515,Alumínio — f_n = 3273 Hz
56.40104271054063,1.0002965413728235,Alumínio,3272.7854543140515,Alumínio — f_n = 3273 Hz
56.8631534059599,1.0003014220529418,Alumínio,3272.7854543140515,Alumínio — f_n = 3273 Hz
57.32905031320361,1.0003063830871817,Alumínio,3272.7854543140515,Alumínio — f_n = 3273 Hz
57.798764453843276,1.000311425799285,Alumínio,3272.7854543140515,Alumínio — f_n = 3273 Hz
58.2723271036194,1.0003165515348285,Alumínio,3272.7854543140515,Alumínio — f_n = 3273 Hz
58.749769794524134,1.000321761661584,Alumínio,3272.7854543140515,Alumínio — f_n = 3273 Hz
59.231124316900676,1.000327057569886,Alumínio,3272.7854543140515,Alumínio — f_n = 3273 Hz
59.71642272156004,1.0003324406730032,Alumínio,3272.7854543140515,Alumínio — f_n = 3273 Hz
60.20569732191516,1.0003379124075205,Alumínio,3272.7854543140515,Alumínio — f_n = 3273 Hz
60.698980696132516,1.0003434742337218,Alumínio,3272.7854543140515,Alumínio — f_n = 3273 Hz
61.19630568930131,1.000349127635985,Alumínio,3272.7854543140515,Alumínio — f_n = 3273 Hz
61.69770541562038,1.0003548741231778,Alumínio,3272.7854543140515,Alumínio — f_n = 3273 Hz
62.20321326060314,1.0003607152290646,Alumínio,3272.7854543140515,Alumínio — f_n = 3273 Hz
62.71286288330061,1.0003666525127182,Alumínio,3272.7854543140515,Alumínio — f_n = 3273 Hz
63.22668821854253,1.0003726875589376,Alumínio,3272.7854543140515,Alumínio — f_n = 3273 Hz
63.74472347919684,1.0003788219786758,Alumínio,3272.7854543140515,Alumínio — f_n = 3273 Hz
64.2670031584478,1.0003850574094704,Alumínio,3272.7854543140515,Alumínio — f_n = 3273 Hz
64.79356203209275,1.0003913955158854,Alumínio,3272.7854543140515,Alumínio — f_n = 3273 Hz
65.3244351608576,1.0003978379899576,Alumínio,3272.7854543140515,Alumínio — f_n = 3273 Hz
65.85965789273124,1.0004043865516514,Alumínio,3272.7854543140515,Alumínio — f_n = 3273 Hz
66.39926586531926,1.000411042949323,Alumínio,3272.7854543140515,Alumínio — f_n = 3273 Hz
66.94329500821696,1.0004178089601872,Alumínio,3272.7854543140515,Alumínio — f_n = 3273 Hz
67.4917815454016,1.000424686390799,Alumínio,3272.7854543140515,Alumínio — f_n = 3273 Hz
68.04476199764423,1.0004316770775372,Alumínio,3272.7854543140515,Alumínio — f_n = 3273 Hz
68.60227318494172,1.0004387828870986,Alumínio,3272.7854543140515,Alumínio — f_n = 3273 Hz
69.16435222896823,1.000446005717002,Alumínio,3272.7854543140515,Alumínio — f_n = 3273 Hz
69.73103655554684,1.0004533474960962,Alumínio,3272.7854543140515,Alumínio — f_n = 3273 Hz
70.30236389714169,1.0004608101850818,Alumínio,3272.7854543140515,Alumínio — f_n = 3273 Hz
70.87837229537038,1.0004683957770375,Alumínio,3272.7854543140515,Alumínio — f_n = 3273 Hz
71.45910010353697,1.000476106297957,Alumínio,3272.7854543140515,Alumínio — f_n = 3273 Hz
72.04458598918552,1.0004839438072948,Alumínio,3272.7854543140515,Alumínio — f_n = 3273 Hz
72.63486893667498,1.000491910398521,Alumínio,3272.7854543140515,Alumínio — f_n = 3273 Hz
73.22998824977486,1.0005000081996853,Alumínio,3272.7854543140515,Alumínio — f_n = 3273 Hz
73.82998355428236,1.0005082393739897,Alumínio,3272.7854543140515,Alumínio — f_n = 3273 Hz
74.43489480066059,1.0005166061203725,Alumínio,3272.7854543140515,Alumínio — f_n = 3273 Hz
75.04476226669887,1.0005251106741009,Alumínio,3272.7854543140515,Alumínio — f_n = 3273 Hz
75.65962656019458,1.000533755307373,Alumínio,3272.7854543140515,Alumínio — f_n = 3273 Hz
76.27952862165704,1.0005425423299308,Alumínio,3272.7854543140515,Alumínio — f_n = 3273 Hz
76.90450972703331,1.000551474089684,Alumínio,3272.7854543140515,Alumínio — f_n = 3273 Hz
77.53461149045685,1.0005605529733417,Alumínio,3272.7854543140515,Alumínio — f_n = 3273 Hz
78.16987586701818,1.0005697814070582,Alumínio,3272.7854543140515,Alumínio — f_n = 3273 Hz
78.81034515555844,1.0005791618570874,Alumínio,3272.7854543140515,Alumínio — f_n = 3273 Hz
79.45606200148586,1.000588696830447,Alumínio,3272.7854543140515,Alumínio — f_n = 3273 Hz
80.10706939961543,1.0005983888755974,Alumínio,3272.7854543140515,Alumínio — f_n = 3273 Hz
80.76341069703156,1.0006082405831291,Alumínio,3272.7854543140515,Alumínio — f_n = 3273 Hz
81.42512959597427,1.000618254586463,Alumínio,3272.7854543140515,Alumínio — f_n = 3273 Hz
82.0922701567492,1.0006284335625606,Alumínio,3272.7854543140515,Alumínio — f_n = 3273 Hz
82.76487680066134,1.0006387802326489,Alumínio,3272.7854543140515,Alumínio — f_n = 3273 Hz
83.44299431297284,1.0006492973629555,Alumínio,3272.7854543140515,Alumínio — f_n = 3273 Hz
84.12666784588485,1.0006599877654563,Alumínio,3272.7854543140515,Alumínio — f_n = 3273 Hz
84.81594292154409,1.000670854298637,Alumínio,3272.7854543140515,Alumínio — f_n = 3273 Hz
85.510865435074,1.000681899868264,Alumínio,3272.7854543140515,Alumínio — f_n = 3273 Hz
86.21148165763053,1.0006931274281743,Alumínio,3272.7854543140515,Alumínio — f_n = 3273 Hz
86.91783823948302,1.0007045399810715,Alumínio,3272.7854543140515,Alumínio — f_n = 3273 Hz
87.6299822131206,1.0007161405793408,Alumínio,3272.7854543140515,Alumínio — f_n = 3273 Hz
88.34796099638375,1.0007279323258749,Alumínio,3272.7854543140515,Alumínio — f_n = 3273 Hz
89.07182239562142,1.0007399183749144,Alumínio,3272.7854543140515,Alumínio — f_n = 3273 Hz
89.80161460887443,1.0007521019329029,Alumínio,3272.7854543140515,Alumínio — f_n = 3273 Hz
90.53738622908466,1.000764486259356,Alumínio,3272.7854543140515,Alumínio — f_n = 3273 Hz
91.27918624733059,1.000777074667744,Alumínio,3272.7854543140515,Alumínio — f_n = 3273 Hz
92.02706405608923,1.000789870526392,Alumínio,3272.7854543140515,Alumínio — f_n = 3273 Hz
92.78106945252503,1.0008028772593918,Alumínio,3272.7854543140515,Alumínio — f_n = 3273 Hz
93.54125264180564,1.0008160983475332,Alumínio,3272.7854543140515,Alumínio — f_n = 3273 Hz
94.30766424044474,1.0008295373292464,Alumínio,3272.7854543140515,Alumínio — f_n = 3273 Hz
95.08035527967223,1.0008431978015648,Alumínio,3272.7854543140515,Alumínio — f_n = 3273 Hz
95.85937720883223,1.0008570834211004,Alumínio,3272.7854543140515,Alumínio — f_n = 3273 Hz
96.64478189880889,1.000871197905038,Alumínio,3272.7854543140515,Alumínio — f_n = 3273 Hz
97.43662164548007,1.0008855450321454,Alumínio,3272.7854543140515,Alumínio — f_n = 3273 Hz
98.2349491731994,1.0009001286438004,Alumínio,3272.7854543140515,Alumínio — f_n = 3273 Hz
99.03981763830706,1.0009149526450358,Alumínio,3272.7854543140515,Alumínio — f_n = 3273 Hz
99.85128063266913,1.0009300210056011,Alumínio,3272.7854543140515,Alumínio — f_n = 3273 Hz
100.66939218724589,1.000945337761044,Alumínio,3272.7854543140515,Alumínio — f_n = 3273 Hz
101.49420677568943,1.0009609070138068,Alumínio,3272.7854543140515,Alumínio — f_n = 3273 Hz
102.32577931797115,1.0009767329343466,Alumínio,3272.7854543140515,Alumínio — f_n = 3273 Hz
103.16416518403801,1.000992819762269,Alumínio,3272.7854543140515,Alumínio — f_n = 3273 Hz
104.00942019749964,1.0010091718074847,Alumínio,3272.7854543140515,Alumínio — f_n = 3273 Hz
104.8616006393453,1.0010257934513838,Alumínio,3272.7854543140515,Alumínio — f_n = 3273 Hz
105.72076325169124,1.0010426891480317,Alumínio,3272.7854543140515,Alumínio — f_n = 3273 Hz
106.58696524155921,1.001059863425383,Alumínio,3272.7854543140515,Alumínio — f_n = 3273 Hz
107.46026428468485,1.0010773208865185,Alumínio,3272.7854543140515,Alumínio — f_n = 3273 Hz
108.34071852935891,1.0010950662109022,Alumínio,3272.7854543140515,Alumínio — f_n = 3273 Hz
109.22838660029818,1.0011131041556578,Alumínio,3272.7854543140515,Alumínio — f_n = 3273 Hz
110.12332760254952,1.0011314395568713,Alumínio,3272.7854543140515,Alumínio — f_n = 3273 Hz
111.02560112542523,1.001150077330911,Alumínio,3272.7854543140515,Alumínio — f_n = 3273 Hz
111.93526724647067,1.0011690224757726,Alumínio,3272.7854543140515,Alumínio — f_n = 3273 Hz
112.85238653546457,1.0011882800724483,Alumínio,3272.7854543140515,Alumínio — f_n = 3273 Hz
113.77702005845235,1.0012078552863153,Alumínio,3272.7854543140515,Alumínio — f_n = 3273 Hz
114.70922938181145,1.001227753368552,Alumínio,3272.7854543140515,Alumínio — f_n = 3273 Hz
115.64907657635162,1.0012479796575766,Alumínio,3272.7854543140515,Alumínio — f_n = 3273 Hz
116.59662422144702,1.00126853958051,Alumínio,3272.7854543140515,Alumínio — f_n = 3273 Hz
117.5519354092036,1.0012894386546645,Alumínio,3272.7854543140515,Alumínio — f_n = 3273 Hz
118.51507374865987,1.001310682489057,Alumínio,3272.7854543140515,Alumínio — f_n = 3273 Hz
119.48610337002219,1.0013322767859492,Alumínio,3272.7854543140515,Alumínio — f_n = 3273 Hz
120.46508892893534,1.0013542273424143,Alumínio,3272.7854543140515,Alumínio — f_n = 3273 Hz
121.45209561078678,1.0013765400519286,Alumínio,3272.7854543140515,Alumínio — f_n = 3273 Hz
122.44718913504788,1.0013992209059923,Alumínio,3272.7854543140515,Alumínio — f_n = 3273 Hz
123.45043575964904,1.0014222759957778,Alumínio,3272.7854543140515,Alumínio — f_n = 3273 Hz
124.46190228539194,1.0014457115138056,Alumínio,3272.7854543140515,Alumínio — f_n = 3273 Hz
125.48165606039728,1.0014695337556492,Alumínio,3272.7854543140515,Alumínio — f_n = 3273 Hz
126.50976498458921,1.0014937491216702,Alumínio,3272.7854543140515,Alumínio — f_n = 3273 Hz
127.54629751421615,1.0015183641187817,Alumínio,3272.7854543140515,Alumínio — f_n = 3273 Hz
128.59132266640958,1.0015433853622437,Alumínio,3272.7854543140515,Alumínio — f_n = 3273 Hz
129.6449100237786,1.0015688195774881,Alumínio,3272.7854543140515,Alumínio — f_n = 3273 Hz
130.70712973904398,1.0015946736019758,Alumínio,3272.7854543140515,Alumínio — f_n = 3273 Hz
131.77805253970848,1.0016209543870853,Alumínio,3272.7854543140515,Alumínio — f_n = 3273 Hz
132.85774973276668,1.001647669000035,Alumínio,3272.7854543140515,Alumínio — f_n = 3273 Hz
133.9462932094528,1.0016748246258382,Alumínio,3272.7854543140515,Alumínio — f_n = 3273 Hz
135.04375545002748,1.0017024285692904,Alumínio,3272.7854543140515,Alumínio — f_n = 3273 Hz
136.15020952860385,1.0017304882569935,Alumínio,3272.7854543140515,Alumínio — f_n = 3273 Hz
137.26572911801352,1.001759011239414,Alumínio,3272.7854543140515,Alumínio — f_n = 3273 Hz
138.39038849471166,1.0017880051929748,Alumínio,3272.7854543140515,Alumínio — f_n = 3273 Hz
139.52426254372259,1.001817477922189,Alumínio,3272.7854543140515,Alumínio — f_n = 3273 Hz
140.6674267636262,1.001847437361822,Alumínio,3272.7854543140515,Alumínio — f_n = 3273 Hz
141.81995727158497,1.0018778915791007,Alumínio,3272.7854543140515,Alumínio — f_n = 3273 Hz
142.98193080841216,1.0019088487759535,Alumínio,3272.7854543140515,Alumínio — f_n = 3273 Hz
144.15342474368143,1.0019403172912937,Alumínio,3272.7854543140515,Alumínio — f_n = 3273 Hz
145.33451708087907,1.0019723056033407,Alumínio,3272.7854543140515,Alumínio — f_n = 3273 Hz
146.5252864625968,1.0020048223319826,Alumínio,3272.7854543140515,Alumínio — f_n = 3273 Hz
147.72581217576928,1.0020378762411795,Alumínio,3272.7854543140515,Alumínio — f_n = 3273 Hz
148.93617415695243,1.0020714762414087,Alumínio,3272.7854543140515,Alumínio — f_n = 3273 Hz
150.1564529976466,1.0021056313921535,Alumínio,3272.7854543140515,Alumínio — f_n = 3273 Hz
151.38672994966242,1.0021403509044342,Alumínio,3272.7854543140515,Alumínio — f_n = 3273 Hz
152.6270869305311,1.002175644143385,Alumínio,3272.7854543140515,Alumínio — f_n = 3273 Hz
153.8776065289587,1.0022115206308737,Alumínio,3272.7854543140515,Alumínio — f_n = 3273 Hz
155.13837201032567,1.0022479900481711,Alumínio,3272.7854543140515,Alumínio — f_n = 3273 Hz
156.4094673222303,1.0022850622386634,Alumínio,3272.7854543140515,Alumínio — f_n = 3273 Hz
157.69097710007935,1.0023227472106142,Alumínio,3272.7854543140515,Alumínio — f_n = 3273 Hz
158.98298667272238,1.0023610551399755,Alumínio,3272.7854543140515,Alumínio — f_n = 3273 Hz
160.2855820681341,1.0023999963732475,Alumínio,3272.7854543140515,Alumínio — f_n = 3273 Hz
161.59885001914222,1.002439581430388,Alumínio,3272.7854543140515,Alumínio — f_n = 3273 Hz
162.92287796920243,1.0024798210077752,Alumínio,3272.7854543140515,Alumínio — f_n = 3273 Hz
164.25775407822147,1.0025207259812219,Alumínio,3272.7854543140515,Alumínio — f_n = 3273 Hz
165.60356722842593,1.0025623074090415,Alumínio,3272.7854543140515,Alumínio — f_n = 3273 Hz
166.960407030282,1.0026045765351717,Alumínio,3272.7854543140515,Alumínio — f_n = 3273 Hz
168.32836382846074,1.0026475447923495,Alumínio,3272.7854543140515,Alumínio — f_n = 3273 Hz
169.70752870785446,1.002691223805347,Alumínio,3272.7854543140515,Alumínio — f_n = 3273 Hz
171.0979934996414,1.00273562539426,Alumínio,3272.7854543140515,Alumínio — f_n = 3273 Hz
172.49985078740022,1.0027807615778601,Alumínio,3272.7854543140515,Alumínio — f_n = 3273 Hz
173.91319391327445,1.002826644577001,Alumínio,3272.7854543140515,Alumínio — f_n = 3273 Hz
175.33811698418845,1.0028732868180916,Alumínio,3272.7854543140515,Alumínio — f_n = 3273 Hz
176.77471487811218,1.0029207009366257,Alumínio,3272.7854543140515,Alumínio — f_n = 3273 Hz
178.22308325038,1.002968899780778,Alumínio,3272.7854543140515,Alumínio — f_n = 3273 Hz
179.68331854005865,1.0030178964150642,Alumínio,3272.7854543140515,Alumínio — f_n = 3273 Hz
181.1555179763694,1.0030677041240654,Alumínio,3272.7854543140515,Alumínio — f_n = 3273 Hz
182.63977958516156,1.0031183364162202,Alumínio,3272.7854543140515,Alumínio — f_n = 3273 Hz
184.13620219543972,1.003169807027685,Alumínio,3272.7854543140515,Alumínio — f_n = 3273 Hz
185.64488544594462,1.0032221299262647,Alumínio,3272.7854543140515,Alumínio — f_n = 3273 Hz
187.16592979178645,1.0032753193154107,Alumínio,3272.7854543140515,Alumínio — f_n = 3273 Hz
188.69943651113508,1.0033293896382958,Alumínio,3272.7854543140515,Alumínio — f_n = 3273 Hz
190.2455077119623,1.00338435558196,Alumínio,3272.7854543140515,Alumínio — f_n = 3273 Hz
191.8042463388413,1.0034402320815312,Alumínio,3272.7854543140515,Alumínio — f_n = 3273 Hz
193.37575617980127,1.0034970343245233,Alumínio,3272.7854543140515,Alumínio — f_n = 3273 Hz
194.96014187323777,1.0035547777552125,Alumínio,3272.7854543140515,Alumínio — f_n = 3273 Hz
196.55750891488006,1.0036134780790917,Alumínio,3272.7854543140515,Alumínio — f_n = 3273 Hz
198.1679636648162,1.003673151267408,Alumínio,3272.7854543140515,Alumínio — f_n = 3273 Hz
199.7916133545736,1.0037338135617806,Alumínio,3272.7854543140515,Alumínio — f_n = 3273 Hz
201.42856609426067,1.0037954814789056,Alumínio,3272.7854543140515,Alumínio — f_n = 3273 Hz
203.07893087976376,1.003858171815345,Alumínio,3272.7854543140515,Alumínio — f_n = 3273 Hz
204.7428176000055,1.0039219016524028,Alumínio,3272.7854543140515,Alumínio — f_n = 3273 Hz
206.42033704426152,1.003986688361093,Alumínio,3272.7854543140515,Alumínio — f_n = 3273 Hz
208.11160090953703,1.0040525496071975,Alumínio,3272.7854543140515,Alumínio — f_n = 3273 Hz
209.81672180800507,1.004119503356416,Alumínio,3272.7854543140515,Alumínio — f_n = 3273 Hz
211.53581327450314,1.0041875678796128,Alumínio,3272.7854543140515,Alumínio — f_n = 3273 Hz
213.2689897740947,1.0042567617581588,Alumínio,3272.7854543140515,Alumínio — f_n = 3273 Hz
215.0163667096892,1.0043271038893737,Alumínio,3272.7854543140515,Alumínio — f_n = 3273 Hz
216.77806042972705,1.0043986134920688,Alumínio,3272.7854543140515,Alumínio — f_n = 3273 Hz
218.55418823592643,1.0044713101121905,Alumínio,3272.7854543140515,Alumínio — f_n = 3273 Hz
220.34486839109366,1.0045452136285717,Alumínio,3272.7854543140515,Alumínio — f_n = 3273 Hz
222.15022012699768,1.0046203442587893,Alumínio,3272.7854543140515,Alumínio — f_n = 3273 Hz
223.97036365230971,1.0046967225651295,Alumínio,3272.7854543140515,Alumínio — f_n = 3273 Hz
225.8054201606059,1.004774369460667,Alumínio,3272.7854543140515,Alumínio — f_n = 3273 Hz
227.65551183843874,1.0048533062154559,Alumínio,3272.7854543140515,Alumínio — f_n = 3273 Hz
229.52076187347112,1.0049335544628377,Alumínio,3272.7854543140515,Alumínio — f_n = 3273 Hz
231.40129446267974,1.005015136205869,Alumínio,3272.7854543140515,Alumínio — f_n = 3273 Hz
233.29723482062442,1.005098073823867,Alumínio,3272.7854543140515,Alumínio — f_n = 3273 Hz
235.20870918778533,1.0051823900790822,Alumínio,3272.7854543140515,Alumínio — f_n = 3273 Hz
237.1358448389695,1.0052681081234947,Alumínio,3272.7854543140515,Alumínio — f_n = 3273 Hz
239.07877009178378,1.0053552515057402,Alumínio,3272.7854543140515,Alumínio — f_n = 3273 Hz
241.03761431518072,1.0054438441781672,Alumínio,3272.7854543140515,Alumínio — f_n = 3273 Hz
243.0125079380708,1.0055339105040288,Alumínio,3272.7854543140515,Alumínio — f_n = 3273 Hz
245.00358245800805,1.0056254752648113,Alumínio,3272.7854543140515,Alumínio — f_n = 3273 Hz
247.01097044994552,1.0057185636677017,Alumínio,3272.7854543140515,Alumínio — f_n = 3273 Hz
249.03480557506262,1.0058132013532002,Alumínio,3272.7854543140515,Alumínio — f_n = 3273 Hz
251.07522258966475,1.0059094144028766,Alumínio,3272.7854543140515,Alumínio — f_n = 3273 Hz
253.13235735415702,1.006007229347278,Alumínio,3272.7854543140515,Alumínio — f_n = 3273 Hz
255.2063468420886,1.0061066731739858,Alumínio,3272.7854543140515,Alumínio — f_n = 3273 Hz
257.29732914927524,1.0062077733358312,Alumínio,3272.7854543140515,Alumínio — f_n = 3273 Hz
259.40544350299234,1.0063105577592673,Alumínio,3272.7854543140515,Alumínio — f_n = 3273 Hz
261.5308302712465,1.0064150548529052,Alumínio,3272.7854543140515,Alumínio — f_n = 3273 Hz
263.6736309721216,1.0065212935162149,Alumínio,3272.7854543140515,Alumínio — f_n = 3273 Hz
265.83398828320145,1.0066293031483964,Alumínio,3272.7854543140515,Alumínio — f_n = 3273 Hz
268.012046051071,1.0067391136574226,Alumínio,3272.7854543140515,Alumínio — f_n = 3273 Hz
270.2079493008925,1.006850755469262,Alumínio,3272.7854543140515,Alumínio — f_n = 3273 Hz
272.42184424606387,1.006964259537278,Alumínio,3272.7854543140515,Alumínio — f_n = 3273 Hz
274.6538782979526,1.0070796573518177,Alumínio,3272.7854543140515,Alumínio — f_n = 3273 Hz
276.90420007571214,1.0071969809499859,Alumínio,3272.7854543140515,Alumínio — f_n = 3273 Hz
279.17295941617726,1.007316262925614,Alumínio,3272.7854543140515,Alumínio — f_n = 3273 Hz
281.4603073838411,1.0074375364394275,Alumínio,3272.7854543140515,Alumínio — f_n = 3273 Hz
283.7663962809131,1.007560835229411,Alumínio,3272.7854543140515,Alumínio — f_n = 3273 Hz
286.09137965746146,1.0076861936213852,Alumínio,3272.7854543140515,Alumínio — f_n = 3273 Hz
288.4354123216351,1.0078136465397913,Alumínio,3272.7854543140515,Alumínio — f_n = 3273 Hz
290.79865034997385,1.0079432295186923,Alumínio,3272.7854543140515,Alumínio — f_n = 3273 Hz
293.18125109779845,1.0080749787129941,Alumínio,3272.7854543140515,Alumínio — f_n = 3273 Hz
295.58337320968957,1.0082089309098943,Alumínio,3272.7854543140515,Alumínio — f_n = 3273 Hz
298.0051766300505,1.00834512354056,Alumínio,3272.7854543140515,Alumínio — f_n = 3273 Hz
300.446822613757,1.0084835946920427,Alumínio,3272.7854543140515,Alumínio — f_n = 3273 Hz
302.9084737368951,1.0086243831194346,Alumínio,3272.7854543140515,Alumínio — f_n = 3273 Hz
305.3902939075846,1.008767528258272,Alumínio,3272.7854543140515,Alumínio — f_n = 3273 Hz
307.8924483768949,1.0089130702371916,Alumínio,3272.7854543140515,Alumínio — f_n = 3273 Hz
310.41510374984614,1.0090610498908466,Alumínio,3272.7854543140515,Alumínio — f_n = 3273 Hz
312.9584279965039,1.0092115087730857,Alumínio,3272.7854543140515,Alumínio — f_n = 3273 Hz
315.5225904631628,1.009364489170405,Alumínio,3272.7854543140515,Alumínio — f_n = 3273 Hz
318.1077618836228,1.0095200341156767,Alumínio,3272.7854543140515,Alumínio — f_n = 3273 Hz
320.71411439055663,1.0096781874021612,Alumínio,3272.7854543140515,Alumínio — f_n = 3273 Hz
323.3418215269729,1.0098389935978114,Alumínio,3272.7854543140515,Alumínio — f_n = 3273 Hz
325.9910582577688,1.010002498059873,Alumínio,3272.7854543140515,Alumínio — f_n = 3273 Hz
328.6620009813831,1.010168746949791,Alumínio,3272.7854543140515,Alumínio — f_n = 3273 Hz
331.3548275415385,1.0103377872484272,Alumínio,3272.7854543140515,Alumínio — f_n = 3273 Hz
334.06971723908566,1.0105096667715978,Alumínio,3272.7854543140515,Alumínio — f_n = 3273 Hz
336.8068508439407,1.010684434185939,Alumínio,3272.7854543140515,Alumínio — f_n = 3273 Hz
339.56641060712167,1.010862139025106,Alumínio,3272.7854543140515,Alumínio — f_n = 3273 Hz
342.3485802728851,1.011042831706318,Alumínio,3272.7854543140515,Alumínio — f_n = 3273 Hz
345.153545090958,1.0112265635472528,Alumínio,3272.7854543140515,Alumínio — f_n = 3273 Hz
347.9814918288755,1.0114133867833028,Alumínio,3272.7854543140515,Alumínio — f_n = 3273 Hz
350.8326087844143,1.0116033545852012,Alumínio,3272.7854543140515,Alumínio — f_n = 3273 Hz
353.7070857981316,1.0117965210770252,Alumínio,3272.7854543140515,Alumínio — f_n = 3273 Hz
356.6051142660053,1.011992941354588,Alumínio,3272.7854543140515,Alumínio — f_n = 3273 Hz
359.5268871521783,1.0121926715042289,Alumínio,3272.7854543140515,Alumínio — f_n = 3273 Hz
362.4725990018062,1.0123957686220095,Alumínio,3272.7854543140515,Alumínio — f_n = 3273 Hz
365.4424459540127,1.0126022908333296,Alumínio,3272.7854543140515,Alumínio — f_n = 3273 Hz
368.43662575494676,1.0128122973129703,Alumínio,3272.7854543140515,Alumínio — f_n = 3273 Hz
371.45533777095244,1.0130258483055767,Alumínio,3272.7854543140515,Alumínio — f_n = 3273 Hz
374.4987830018412,1.013243005146591,Alumínio,3272.7854543140515,Alumínio — f_n = 3273 Hz
377.56716409427656,1.013463830283649,Alumínio,3272.7854543140515,Alumínio — f_n = 3273 Hz
380.6606853552673,1.0136883872984466,Alumínio,3272.7854543140515,Alumínio — f_n = 3273 Hz
383.7795527657706,1.0139167409290986,Alumínio,3272.7854543140515,Alumínio — f_n = 3273 Hz
386.92397399440745,1.0141489570929898,Alumínio,3272.7854543140515,Alumínio — f_n = 3273 Hz
390.0941584112909,1.0143851029101432,Alumínio,3272.7854543140515,Alumínio — f_n = 3273 Hz
393.2903171019663,1.0146252467271086,Alumínio,3272.7854543140515,Alumínio — f_n = 3273 Hz
396.51266288146553,1.014869458141395,Alumínio,3272.7854543140515,Alumínio — f_n = 3273 Hz
399.76141030847845,1.0151178080264514,Alumínio,3272.7854543140515,Alumínio — f_n = 3273 Hz
403.03677569963867,1.0153703685572182,Alumínio,3272.7854543140515,Alumínio — f_n = 3273 Hz
406.33897714392697,1.0156272132362612,Alumínio,3272.7854543140515,Alumínio — f_n = 3273 Hz
409.6682345171924,1.015888416920503,Alumínio,3272.7854543140515,Alumínio — f_n = 3273 Hz
413.024769496794,1.0161540558485707,Alumínio,3272.7854543140515,Alumínio — f_n = 3273 Hz
416.4088055763587,1.0164242076687708,Alumínio,3272.7854543140515,Alumínio — f_n = 3273 Hz
419.8205680806652,1.016698951467719,Alumínio,3272.7854543140515,Alumínio — f_n = 3273 Hz
423.2602841806448,1.016978367799627,Alumínio,3272.7854543140515,Alumínio — f_n = 3273 Hz
426.72818290850887,1.0172625387162813,Alumínio,3272.7854543140515,Alumínio — f_n = 3273 Hz
430.2244951729985,1.0175515477977204,Alumínio,3272.7854543140515,Alumínio — f_n = 3273 Hz
433.74945377475956,1.0178454801836347,Alumínio,3272.7854543140515,Alumínio — f_n = 3273 Hz
437.3032934218431,1.0181444226055092,Alumínio,3272.7854543140515,Alumínio — f_n = 3273 Hz
440.88625074533513,1.0184484634195279,Alumínio,3272.7854543140515,Alumínio — f_n = 3273 Hz
444.49856431510955,1.0187576926402637,Alumínio,3272.7854543140515,Alumínio — f_n = 3273 Hz
448.14047465571656,1.0190722019751735,Alumínio,3272.7854543140515,Alumínio — f_n = 3273 Hz
451.81222426239515,1.0193920848599212,Alumínio,3272.7854543140515,Alumínio — f_n = 3273 Hz
455.51405761722106,1.019717436494554,Alumínio,3272.7854543140515,Alumínio — f_n = 3273 Hz
459.24622120538504,1.0200483538805565,Alumínio,3272.7854543140515,Alumínio — f_n = 3273 Hz
463.0089635316048,1.0203849358588015,Alumínio,3272.7854543140515,Alumínio — f_n = 3273 Hz
466.8025351366733,1.0207272831484355,Alumínio,3272.7854543140515,Alumínio — f_n = 3273 Hz
470.6271886141375,1.0210754983867112,Alumínio,3272.7854543140515,Alumínio — f_n = 3273 Hz
474.48317862712116,1.0214296861698065,Alumínio,3272.7854543140515,Alumínio — f_n = 3273 Hz
478.3707619252782,1.0217899530946517,Alumínio,3272.7854543140515,Alumínio — f_n = 3273 Hz
482.2901973618901,1.0221564078017982,Alumínio,3272.7854543140515,Alumínio — f_n = 3273 Hz
486.24174591110096,1.022529161019356,Alumínio,3272.7854543140515,Alumínio — f_n = 3273 Hz
490.2256706852946,1.0229083256080356,Alumínio,3272.7854543140515,Alumínio — f_n = 3273 Hz
494.24223695261304,1.0232940166073217,Alumínio,3272.7854543140515,Alumínio — f_n = 3273 Hz
498.2917121546217,1.023686351282819,Alumínio,3272.7854543140515,Alumínio — f_n = 3273 Hz
502.3743659241128,1.0240854491747984,Alumínio,3272.7854543140515,Alumínio — f_n = 3273 Hz
506.49047010306333,1.0244914321479872,Alumínio,3272.7854543140515,Alumínio — f_n = 3273 Hz
510.64029876073164,1.0249044244426326,Alumínio,3272.7854543140515,Alumínio — f_n = 3273 Hz
514.8241282119085,1.0253245527268828,Alumínio,3272.7854543140515,Alumínio — f_n = 3273 Hz
519.0422370353147,1.025751946150527,Alumínio,3272.7854543140515,Alumínio — f_n = 3273 Hz
523.2949060921497,1.0261867364001294,Alumínio,3272.7854543140515,Alumínio — f_n = 3273 Hz
527.5824185447951,1.0266290577556085,Alumínio,3272.7854543140515,Alumínio — f_n = 3273 Hz
531.9050598756643,1.027079047148299,Alumínio,3272.7854543140515,Alumínio — f_n = 3273 Hz
536.2631179062165,1.0275368442205461,Alumínio,3272.7854543140515,Alumínio — f_n = 3273 Hz
540.6568828161169,1.0280025913868835,Alumínio,3272.7854543140515,Alumínio — f_n = 3273 Hz
545.0866471625603,1.0284764338968357,Alumínio,3272.7854543140515,Alumínio — f_n = 3273 Hz
549.5527058997509,1.0289585198994065,Alumínio,3272.7854543140515,Alumínio — f_n = 3273 Hz
554.055356398541,1.0294490005092978,Alumínio,3272.7854543140515,Alumínio — f_n = 3273 Hz
558.594898466231,1.0299480298749215,Alumínio,3272.7854543140515,Alumínio — f_n = 3273 Hz
563.1716343665349,1.0304557652482575,Alumínio,3272.7854543140515,Alumínio — f_n = 3273 Hz
567.7858688397015,1.0309723670566187,Alumínio,3272.7854543140515,Alumínio — f_n = 3273 Hz
572.4379091228102,1.0314979989763846,Alumínio,3272.7854543140515,Alumínio — f_n = 3273 Hz
577.1280649702246,1.0320328280087676,Alumínio,3272.7854543140515,Alumínio — f_n = 3273 Hz
581.8566486742196,1.032577024557679,Alumínio,3272.7854543140515,Alumínio — f_n = 3273 Hz
586.6239750857743,1.0331307625097632,Alumínio,3272.7854543140515,Alumínio — f_n = 3273 Hz
591.4303616355362,1.0336942193166705,Alumínio,3272.7854543140515,Alumínio — f_n = 3273 Hz
596.2761283549592,1.0342675760796467,Alumínio,3272.7854543140515,Alumínio — f_n = 3273 Hz
601.1615978976084,1.0348510176365127,Alumínio,3272.7854543140515,Alumínio — f_n = 3273 Hz
606.0870955606495,1.0354447326511156,Alumínio,3272.7854543140515,Alumínio — f_n = 3273 Hz
611.0529493065031,1.036048913705337,Alumínio,3272.7854543140515,Alumínio — f_n = 3273 Hz
616.0594897846861,1.036663757393741,Alumínio,3272.7854543140515,Alumínio — f_n = 3273 Hz
621.1070503538253,1.0372894644209554,Alumínio,3272.7854543140515,Alumínio — f_n = 3273 Hz
626.1959671038555,1.0379262397018791,Alumínio,3272.7854543140515,Alumínio — f_n = 3273 Hz
631.3265788783965,1.0385742924648105,Alumínio,3272.7854543140515,Alumínio — f_n = 3273 Hz
636.4992272973177,1.0392338363576021,Alumínio,3272.7854543140515,Alumínio — f_n = 3273 Hz
641.7142567794803,1.0399050895569415,Alumínio,3272.7854543140515,Alumínio — f_n = 3273 Hz
646.972014565675,1.0405882748808752,Alumínio,3272.7854543140515,Alumínio — f_n = 3273 Hz
652.2728507417391,1.041283619904681,Alumínio,3272.7854543140515,Alumínio — f_n = 3273 Hz
657.6171182618689,1.0419913570802144,Alumínio,3272.7854543140515,Alumínio — f_n = 3273 Hz
663.0051729721205,1.0427117238588481,Alumínio,3272.7854543140515,Alumínio — f_n = 3273 Hz
668.4373736341031,1.043444962818136,Alumínio,3272.7854543140515,Alumínio — f_n = 3273 Hz
673.9140819488694,1.044191321792331,Alumínio,3272.7854543140515,Alumínio — f_n = 3273 Hz
679.4356625809951,1.0449510540069034,Alumínio,3272.7854543140515,Alumínio — f_n = 3273 Hz
685.0024831828649,1.0457244182171956,Alumínio,3272.7854543140515,Alumínio — f_n = 3273 Hz
690.6149144191481,1.0465116788513738,Alumínio,3272.7854543140515,Alumínio — f_n = 3273 Hz
696.2733299914818,1.047313106157825,Alumínio,3272.7854543140515,Alumínio — f_n = 3273 Hz
701.9781066633525,1.0481289763571735,Alumínio,3272.7854543140515,Alumínio — f_n = 3273 Hz
707.7296242851837,1.048959571799077,Alumínio,3272.7854543140515,Alumínio — f_n = 3273 Hz
713.5282658196265,1.0498051811239923,Alumínio,3272.7854543140515,Alumínio — f_n = 3273 Hz
719.3744173670626,1.0506660994300876,Alumínio,3272.7854543140515,Alumínio — f_n = 3273 Hz
725.2684681913071,1.0515426284455007,Alumínio,3272.7854543140515,Alumínio — f_n = 3273 Hz
731.2108107455333,1.0524350767061452,Alumínio,3272.7854543140515,Alumínio — f_n = 3273 Hz
737.2018406983995,1.0533437597392759,Alumínio,3272.7854543140515,Alumínio — f_n = 3273 Hz
743.2419569603966,1.0542690002530317,Alumínio,3272.7854543140515,Alumínio — f_n = 3273 Hz
749.3315617104091,1.0552111283321945,Alumínio,3272.7854543140515,Alumínio — f_n = 3273 Hz
755.4710604224937,1.0561704816403947,Alumínio,3272.7854543140515,Alumínio — f_n = 3273 Hz
761.6608618928794,1.0571474056290255,Alumínio,3272.7854543140515,Alumínio — f_n = 3273 Hz
767.9013782671833,1.058142253753119,Alumínio,3272.7854543140515,Alumínio — f_n = 3273 Hz
774.193025067858,1.0591553876944697,Alumínio,3272.7854543140515,Alumínio — f_n = 3273 Hz
780.5362212218544,1.060187177592283,Alumínio,3272.7854543140515,Alumínio — f_n = 3273 Hz
786.9313890885182,1.0612380022816574,Alumínio,3272.7854543140515,Alumínio — f_n = 3273 Hz
793.3789544877127,1.0623082495402099,Alumínio,3272.7854543140515,Alumínio — f_n = 3273 Hz
799.8793467281711,1.0633983163431755,Alumínio,3272.7854543140515,Alumínio — f_n = 3273 Hz
806.432998636081,1.0645086091273268,Alumínio,3272.7854543140515,Alumínio — f_n = 3273 Hz
813.040346583908,1.0656395440640707,Alumínio,3272.7854543140515,Alumínio — f_n = 3273 Hz
819.7018305194448,1.0667915473421032,Alumínio,3272.7854543140515,Alumínio — f_n = 3273 Hz
826.4178939951122,1.0679650554600169,Alumínio,3272.7854543140515,Alumínio — f_n = 3273 Hz
833.1889841974865,1.0691605155292716,Alumínio,3272.7854543140515,Alumínio — f_n = 3273 Hz
840.0155519770791,1.0703783855879718,Alumínio,3272.7854543140515,Alumínio — f_n = 3273 Hz
846.8980518783551,1.0716191349258928,Alumínio,3272.7854543140515,Alumínio — f_n = 3273 Hz
853.8369421699981,1.0728832444212448,Alumínio,3272.7854543140515,Alumínio — f_n = 3273 Hz
860.8326848754274,1.0741712068896698,Alumínio,3272.7854543140515,Alumínio — f_n = 3273 Hz
867.8857458035556,1.0754835274459935,Alumínio,3272.7854543140515,Alumínio — f_n = 3273 Hz
874.996594579811,1.0768207238792922,Alumínio,3272.7854543140515,Alumínio — f_n = 3273 Hz
882.165704677402,1.0781833270418415,Alumínio,3272.7854543140515,Alumínio — f_n = 3273 Hz
889.3935534488459,1.0795718812525652,Alumínio,3272.7854543140515,Alumínio — f_n = 3273 Hz
896.6806221577526,1.0809869447156144,Alumínio,3272.7854543140515,Alumínio — f_n = 3273 Hz
904.0273960108696,1.0824290899547506,Alumínio,3272.7854543140515,Alumínio — f_n = 3273 Hz
911.4343641903879,1.0838989042642355,Alumínio,3272.7854543140515,Alumínio — f_n = 3273 Hz
918.9020198865185,1.0853969901769709,Alumínio,3272.7854543140515,Alumínio — f_n = 3273 Hz
926.4308603303238,1.0869239659506618,Alumínio,3272.7854543140515,Alumínio — f_n = 3273 Hz
934.0213868268338,1.0884804660728284,Alumínio,3272.7854543140515,Alumínio — f_n = 3273 Hz
941.6741047884183,1.0900671417855246,Alumínio,3272.7854543140515,Alumínio — f_n = 3273 Hz
949.3895237684436,1.0916846616306701,Alumínio,3272.7854543140515,Alumínio — f_n = 3273 Hz
957.1681574952,1.0933337120169557,Alumínio,3272.7854543140515,Alumínio — f_n = 3273 Hz
965.0105239061068,1.0950149978093229,Alumínio,3272.7854543140515,Alumínio — f_n = 3273 Hz
972.9171451822035,1.0967292429420825,Alumínio,3272.7854543140515,Alumínio — f_n = 3273 Hz
980.8885477829116,1.0984771910567852,Alumínio,3272.7854543140515,Alumínio — f_n = 3273 Hz
988.9252624810972,1.1002596061660292,Alumínio,3272.7854543140515,Alumínio — f_n = 3273 Hz
997.0278243984046,1.1020772733444406,Alumínio,3272.7854543140515,Alumínio — f_n = 3273 Hz
1005.1967730408919,1.1039309994481428,Alumínio,3272.7854543140515,Alumínio — f_n = 3273 Hz
1013.4326523349525,1.1058216138640986,Alumínio,3272.7854543140515,Alumínio — f_n = 3273 Hz
1021.7360106635309,1.1077499692907866,Alumínio,3272.7854543140515,Alumínio — f_n = 3273 Hz
1030.1074009026413,1.1097169425517541,Alumínio,3272.7854543140515,Alumínio — f_n = 3273 Hz
1038.547380458174,1.111723435443681,Alumínio,3272.7854543140515,Alumínio — f_n = 3273 Hz
1047.0565113030145,1.1137703756206774,Alumínio,3272.7854543140515,Alumínio — f_n = 3273 Hz
1055.6353600144596,1.115858717516642,Alumínio,3272.7854543140515,Alumínio — f_n = 3273 Hz
1064.2844978119479,1.1179894433076079,Alumínio,3272.7854543140515,Alumínio — f_n = 3273 Hz
1073.0045005950872,1.120163563916117,Alumínio,3272.7854543140515,Alumínio — f_n = 3273 Hz
1081.7959489820043,1.1223821200597914,Alumínio,3272.7854543140515,Alumínio — f_n = 3273 Hz
1090.6594283480051,1.1246461833463863,Alumínio,3272.7854543140515,Alumínio — f_n = 3273 Hz
1099.5955288645532,1.126956857417755,Alumínio,3272.7854543140515,Alumínio — f_n = 3273 Hz
1108.604845538562,1.1293152791452943,Alumínio,3272.7854543140515,Alumínio — f_n = 3273 Hz
1117.687978252015,1.1317226198796055,Alumínio,3272.7854543140515,Alumínio — f_n = 3273 Hz
1126.8455318019126,1.1341800867572633,Alumínio,3272.7854543140515,Alumínio — f_n = 3273 Hz
1136.078115940535,1.1366889240677596,Alumínio,3272.7854543140515,Alumínio — f_n = 3273 Hz
1145.3863454160482,1.1392504146838975,Alumínio,3272.7854543140515,Alumínio — f_n = 3273 Hz
1154.7708400134327,1.1418658815590932,Alumínio,3272.7854543140515,Alumínio — f_n = 3273 Hz
1164.2322245957573,1.144536689295273,Alumínio,3272.7854543140515,Alumínio — f_n = 3273 Hz
1173.7711291457783,1.1472642457852882,Alumínio,3272.7854543140515,Alumínio — f_n = 3273 Hz
1183.3881888078915,1.1500500039340118,Alumínio,3272.7854543140515,Alumínio — f_n = 3273 Hz
1193.08404393042,1.1528954634625594,Alumínio,3272.7854543140515,Alumínio — f_n = 3273 Hz
1202.8593401082567,1.1558021728003594,Alumínio,3272.7854543140515,Alumínio — f_n = 3273 Hz
1212.7147282258447,1.1587717310701033,Alumínio,3272.7854543140515,Alumínio — f_n = 3273 Hz
1222.6508645005192,1.1618057901709553,Alumínio,3272.7854543140515,Alumínio — f_n = 3273 Hz
1232.668410526201,1.1649060569657321,Alumínio,3272.7854543140515,Alumínio — f_n = 3273 Hz
1242.7680333174515,1.168074295578176,Alumínio,3272.7854543140515,Alumínio — f_n = 3273 Hz
1252.9504053538797,1.1713123298068342,Alumínio,3272.7854543140515,Alumínio — f_n = 3273 Hz
1263.2162046249223,1.1746220456625183,Alumínio,3272.7854543140515,Alumínio — f_n = 3273 Hz
1273.5661146749906,1.17800539403679,Alumínio,3272.7854543140515,Alumínio — f_n = 3273 Hz
1284.0008246489772,1.181464393509437,Alumínio,3272.7854543140515,Alumínio — f_n = 3273 Hz
1294.521029338147,1.1850011333034638,Alumínio,3272.7854543140515,Alumínio — f_n = 3273 Hz
1305.1274292263975,1.188617776396719,Alumínio,3272.7854543140515,Alumínio — f_n = 3273 Hz
1315.820730536905,1.192316562799942,Alumínio,3272.7854543140515,Alumínio — f_n = 3273 Hz
1326.601645279141,1.1960998130116938,Alumínio,3272.7854543140515,Alumínio — f_n = 3273 Hz
1337.4708912962853,1.199969931661424,Alumínio,3272.7854543140515,Alumínio — f_n = 3273 Hz
1348.429192313022,1.2039294113527281,Alumínio,3272.7854543140515,Alumínio — f_n = 3273 Hz
1359.4772779837326,1.2079808367197482,Alumínio,3272.7854543140515,Alumínio — f_n = 3273 Hz
1370.6158839410725,1.2121268887106362,Alumínio,3272.7854543140515,Alumínio — f_n = 3273 Hz
1381.8457518449575,1.2163703491130462,Alumínio,3272.7854543140515,Alumínio — f_n = 3273 Hz
1393.1676294319452,1.2207141053377595,Alumínio,3272.7854543140515,Alumínio — f_n = 3273 Hz
1404.5822705650273,1.2251611554777804,Alumínio,3272.7854543140515,Alumínio — f_n = 3273 Hz
1416.0904352838177,1.2297146136615829,Alumínio,3272.7854543140515,Alumínio — f_n = 3273 Hz
1427.6928898551628,1.2343777157206524,Alumínio,3272.7854543140515,Alumínio — f_n = 3273 Hz
1439.3904068241684,1.2391538251930576,Alumínio,3272.7854543140515,Alumínio — f_n = 3273 Hz
1451.1837650656303,1.2440464396865116,Alumínio,3272.7854543140515,Alumínio — f_n = 3273 Hz
1463.0737498359003,1.249059197626287,Alumínio,3272.7854543140515,Alumínio — f_n = 3273 Hz
1475.061152825171,1.2541958854153974,Alumínio,3272.7854543140515,Alumínio — f_n = 3273 Hz
1487.1467722101943,1.2594604450367264,Alumínio,3272.7854543140515,Alumínio — f_n = 3273 Hz
1499.3314127074202,1.2648569821292284,Alumínio,3272.7854543140515,Alumínio — f_n = 3273 Hz
1511.6158856265838,1.2703897745730495,Alumínio,3272.7854543140515,Alumínio — f_n = 3273 Hz
1524.0010089247235,1.276063281621343,Alumínio,3272.7854543140515,Alumínio — f_n = 3273 Hz
1536.4876072606494,1.2818821536198173,Alumínio,3272.7854543140515,Alumínio — f_n = 3273 Hz
1549.0765120498452,1.2878512423585753,Alumínio,3272.7854543140515,Alumínio — f_n = 3273 Hz
1561.7685615198327,1.2939756121047488,Alumínio,3272.7854543140515,Alumínio — f_n = 3273 Hz
1574.5646007659825,1.3002605513686838,Alumínio,3272.7854543140515,Alumínio — f_n = 3273 Hz
1587.46548180779,1.30671158546118,Alumínio,3272.7854543140515,Alumínio — f_n = 3273 Hz
1600.4720636455977,1.3133344899044777,Alumínio,3272.7854543140515,Alumínio — f_n = 3273 Hz
1613.5852123177979,1.320135304765434,Alumínio,3272.7854543140515,Alumínio — f_n = 3273 Hz
1626.805800958494,1.327120349985661,Alumínio,3272.7854543140515,Alumínio — f_n = 3273 Hz
1640.1347098556444,1.334296241790401,Alumínio,3272.7854543140515,Alumínio — f_n = 3273 Hz
1653.5728265096666,1.3416699102656582,Alumínio,3272.7854543140515,Alumínio — f_n = 3273 Hz
1667.1210456925353,1.3492486182017067,Alumínio,3272.7854543140515,Alumínio — f_n = 3273 Hz
1680.7802695073667,1.3570399813105978,Alumínio,3272.7854543140515,Alumínio — f_n = 3273 Hz
1694.5514074484731,1.3650519899358506,Alumínio,3272.7854543140515,Alumínio — f_n = 3273 Hz
1708.4353764619295,1.373293032384308,Alumínio,3272.7854543140515,Alumínio — f_n = 3273 Hz
1722.4331010066232,1.3817719200231555,Alumínio,3272.7854543140515,Alumínio — f_n = 3273 Hz
1736.5455131158174,1.3904979142997411,Alumínio,3272.7854543140515,Alumínio — f_n = 3273 Hz
1750.7735524591972,1.399480755858051,Alumínio,3272.7854543140515,Alumínio — f_n = 3273 Hz
1765.1181664054468,1.4087306959439343,Alumínio,3272.7854543140515,Alumínio — f_n = 3273 Hz
1779.5803100853245,1.418258530311464,Alumínio,3272.7854543140515,Alumínio — f_n = 3273 Hz
1794.1609464552678,1.4280756358656708,Alumínio,3272.7854543140515,Alumínio — f_n = 3273 Hz
1808.8610463614998,1.4381940103024213,Alumínio,3272.7854543140515,Alumínio — f_n = 3273 Hz
1823.6815886046804,1.448626315035039,Alumínio,3272.7854543140515,Alumínio — f_n = 3273 Hz
1838.623560005076,1.4593859217295753,Alumínio,3272.7854543140515,Alumínio — f_n = 3273 Hz
1853.687955468273,1.4704869628071755,Alumínio,3272.7854543140515,Alumínio — f_n = 3273 Hz
1868.8757780514138,1.4819443863131634,Alumínio,3272.7854543140515,Alumínio — f_n = 3273 Hz
1884.1880390299882,1.4937740155991017,Alumínio,3272.7854543140515,Alumínio — f_n = 3273 Hz
1899.6257579651765,1.5059926143168814,Alumínio,3272.7854543140515,Alumínio — f_n = 3273 Hz
1915.1899627717244,1.5186179572837926,Alumínio,3272.7854543140515,Alumínio — f_n = 3273 Hz
1930.8816897863937,1.5316689078457075,Alumínio,3272.7854543140515,Alumínio — f_n = 3273 Hz
1946.7019838369633,1.5451655024430593,Alumínio,3272.7854543140515,Alumínio — f_n = 3273 Hz
1962.6518983118053,1.559129043172894,Alumínio,3272.7854543140515,Alumínio — f_n = 3273 Hz
1978.7324952300141,1.5735821992414532,Alumínio,3272.7854543140515,Alumínio — f_n = 3273 Hz
1994.9448453121274,1.5885491183178237,Alumínio,3272.7854543140515,Alumínio — f_n = 3273 Hz
2011.2900280514164,1.6040555489322403,Alumínio,3272.7854543140515,Alumínio — f_n = 3273 Hz
2027.769131785771,1.620128975215883,Alumínio,3272.7854543140515,Alumínio — f_n = 3273 Hz
2044.383253770154,1.6367987654555325,Alumínio,3272.7854543140515,Alumínio — f_n = 3273 Hz
2061.1335002496708,1.6540963361405674,Alumínio,3272.7854543140515,Alumínio — f_n = 3273 Hz
2078.0209865332226,1.6720553334160486,Alumínio,3272.7854543140515,Alumínio — f_n = 3273 Hz
2095.0468370677786,1.6907118341300384,Alumínio,3272.7854543140515,Alumínio — f_n = 3273 Hz
2112.212185513233,1.7101045689825274,Alumínio,3272.7854543140515,Alumínio — f_n = 3273 Hz
2129.5181748178975,1.7302751706559623,Alumínio,3272.7854543140515,Alumínio — f_n = 3273 Hz
2146.9659572946075,1.7512684502430749,Alumínio,3272.7854543140515,Alumínio — f_n = 3273 Hz
2164.5566946974386,1.7731327057989048,Alumínio,3272.7854543140515,Alumínio — f_n = 3273 Hz
2182.2915582990686,1.795920067445269,Alumínio,3272.7854543140515,Alumínio — f_n = 3273 Hz
2200.1717289687617,1.8196868841652007,Alumínio,3272.7854543140515,Alumínio — f_n = 3273 Hz
2218.1983972510066,1.8444941582643046,Alumínio,3272.7854543140515,Alumínio — f_n = 3273 Hz
2236.3727634447737,1.8704080344721787,Alumínio,3272.7854543140515,Alumínio — f_n = 3273 Hz
2254.696037683445,1.8975003518435065,Alumínio,3272.7854543140515,Alumínio — f_n = 3273 Hz
2273.169440015388,1.9258492680357417,Alumínio,3272.7854543140515,Alumínio — f_n = 3273 Hz
2291.7942004851993,1.9555399672397769,Alumínio,3272.7854543140515,Alumínio — f_n = 3273 Hz
2310.571559215594,1.9866654650846738,Alumínio,3272.7854543140515,Alumínio — f_n = 3273 Hz
2329.5027664899876,2.0193275263072774,Alumínio,3272.7854543140515,Alumínio — f_n = 3273 Hz
2348.5890828357415,2.053637713971624,Alumínio,3272.7854543140515,Alumínio — f_n = 3273 Hz
2367.8317791081026,2.089718592668299,Alumínio,3272.7854543140515,Alumínio — f_n = 3273 Hz
2387.232136574811,2.1277051125797657,Alumínio,3272.7854543140515,Alumínio — f_n = 3273 Hz
2406.7914470014202,2.167746206769068,Alumínio,3272.7854543140515,Alumínio — f_n = 3273 Hz
2426.511012737304,2.2100066407974257,Alumínio,3272.7854543140515,Alumínio — f_n = 3273 Hz
2446.3921468023855,2.254669162139376,Alumínio,3272.7854543140515,Alumínio — f_n = 3273 Hz
2466.436172974545,2.3019370072791276,Alumínio,3272.7854543140515,Alumínio — f_n = 3273 Hz
2486.6444258777747,2.352036837409986,Alumínio,3272.7854543140515,Alumínio — f_n = 3273 Hz
2507.0182510710483,2.405222190067354,Alumínio,3272.7854543140515,Alumínio — f_n = 3273 Hz
2527.559005137902,2.4617775547927145,Alumínio,3272.7854543140515,Alumínio — f_n = 3273 Hz
2548.268055776771,2.522023207362208,Alumínio,3272.7854543140515,Alumínio — f_n = 3273 Hz
2569.1467818920523,2.5863209709710384,Alumínio,3272.7854543140515,Alumínio — f_n = 3273 Hz
2590.1965736859283,2.6550811164034767,Alumínio,3272.7854543140515,Alumínio — f_n = 3273 Hz
2611.418832750919,2.7287706698344074,Alumínio,3272.7854543140515,Alumínio — f_n = 3273 Hz
2632.8149721632153,2.8079234708673604,Alumínio,3272.7854543140515,Alumínio — f_n = 3273 Hz
2654.3864165767627,2.8931524207171044,Alumínio,3272.7854543140515,Alumínio — f_n = 3273 Hz
2676.1346023181336,2.9851644894078477,Alumínio,3272.7854543140515,Alumínio — f_n = 3273 Hz
2698.060977482148,3.084779223083748,Alumínio,3272.7854543140515,Alumínio — f_n = 3273 Hz
2720.167002028303,3.192951724329132,Alumínio,3272.7854543140515,Alumínio — f_n = 3273 Hz
2742.454147877982,3.310801392855298,Alumínio,3272.7854543140515,Alumínio — f_n = 3273 Hz
2764.9238990124695,3.4396481439060813,Alumínio,3272.7854543140515,Alumínio — f_n = 3273 Hz
2787.577751571747,3.581058414315307,Alumínio,3272.7854543140515,Alumínio — f_n = 3273 Hz
2810.4172139541206,3.7369040888610634,Alumínio,3272.7854543140515,Alumínio — f_n = 3273 Hz
2833.4438069166654,3.909438629331416,Alumínio,3272.7854543140515,Alumínio — f_n = 3273 Hz
2856.6590636764677,4.101396303803972,Alumínio,3272.7854543140515,Alumínio — f_n = 3273 Hz
2880.0645300127253,4.316122688049974,Alumínio,3272.7854543140515,Alumínio — f_n = 3273 Hz
2903.6617643696663,4.557747807092876,Alumínio,3272.7854543140515,Alumínio — f_n = 3273 Hz
2927.4523379603306,4.831417729302665,Alumínio,3272.7854543140515,Alumínio — f_n = 3273 Hz
2951.4378348711684,5.143606441502159,Alumínio,3272.7854543140515,Alumínio — f_n = 3273 Hz
2975.619852167531,5.502537480775627,Alumínio,3272.7854543140515,Alumínio — f_n = 3273 Hz
3000.0000000000014,5.918753051440429,Alumínio,3272.7854543140515,Alumínio — f_n = 3273 Hz
10.0,1.0000032151628997,Aço,5571.959983514149,Aço — f_n = 5572 Hz
10.081933005705391,1.0000032680644986,Aço,5571.959983514149,Aço — f_n = 5572 Hz
10.164537313153179,1.000003321836532,Aço,5571.959983514149,Aço — f_n = 5572 Hz
10.247818422520304,1.0000033764933223,Aço,5571.959983514149,Aço — f_n = 5572 Hz
10.331781879048327,1.0000034320494264,Aço,5571.959983514149,Aço — f_n = 5572 Hz
10.416433273412618,1.0000034885196423,Aço,5571.959983514149,Aço — f_n = 5572 Hz
10.501778242094659,1.0000035459190102,Aço,5571.959983514149,Aço — f_n = 5572 Hz
10.587822467757288,1.0000036042628189,Aço,5571.959983514149,Aço — f_n = 5572 Hz
10.674571679623137,1.0000036635666076,Aço,5571.959983514149,Aço — f_n = 5572 Hz
10.762031653856054,1.0000037238461723,Aço,5571.959983514149,Aço — f_n = 5572 Hz
10.850208213945757,1.0000037851175683,Aço,5571.959983514149,Aço — f_n = 5572 Hz
10.939107231095548,1.000003847397115,Aço,5571.959983514149,Aço — f_n = 5572 Hz
11.028734624613278,1.0000039107014003,Aço,5571.959983514149,Aço — f_n = 5572 Hz
11.119096362305447,1.0000039750472858,Aço,5571.959983514149,Aço — f_n = 5572 Hz
11.21019846087461,1.0000040404519095,Aço,5571.959983514149,Aço — f_n = 5572 Hz
11.302046986319949,1.0000041069326921,Aço,5571.959983514149,Aço — f_n = 5572 Hz
11.39464805434123,1.000004174507341,Aço,5571.959983514149,Aço — f_n = 5572 Hz
11.488007830745957,1.000004243193854,Aço,5571.959983514149,Aço — f_n = 5572 Hz
11.582132531859965,1.000004313010526,Aço,5571.959983514149,Aço — f_n = 5572 Hz
11.67702842494132,1.000004383975953,Aço,5571.959983514149,Aço — f_n = 5572 Hz
11.772701828597594,1.0000044561090362,Aço,5571.959983514149,Aço — f_n = 5572 Hz
11.869159113206635,1.0000045294289885,Aço,5571.959983514149,Aço — f_n = 5572 Hz
11.966406701340691,1.0000046039553385,Aço,5571.959983514149,Aço — f_n = 5572 Hz
12.064451068194096,1.0000046797079367,Aço,5571.959983514149,Aço — f_n = 5572 Hz
12.163298742014371,1.0000047567069592,Aço,5571.959983514149,Aço — f_n = 5572 Hz
12.262956304536962,1.0000048349729151,Aço,5571.959983514149,Aço — f_n = 5572 Hz
12.363430391423421,1.0000049145266507,Aço,5571.959983514149,Aço — f_n = 5572 Hz
12.464727692703297,1.000004995389355,Aço,5571.959983514149,Aço — f_n = 5572 Hz
12.566854953219538,1.000005077582566,Aço,5571.959983514149,Aço — f_n = 5572 Hz
12.669818973077641,1.0000051611281755,Aço,5571.959983514149,Aço — f_n = 5572 Hz
12.773626608098386,1.0000052460484365,Aço,5571.959983514149,Aço — f_n = 5572 Hz
12.878284770274378,1.0000053323659674,Aço,5571.959983514149,Aço — f_n = 5572 Hz
12.983800428230232,1.000005420103759,Aço,5571.959983514149,Aço — f_n = 5572 Hz
13.090180607686618,1.0000055092851805,Aço,5571.959983514149,Aço — f_n = 5572 Hz
13.197432391928043,1.0000055999339852,Aço,5571.959983514149,Aço — f_n = 5572 Hz
13.30556292227448,1.0000056920743179,Aço,5571.959983514149,Aço — f_n = 5572 Hz
13.414579398556903,1.0000057857307203,Aço,5571.959983514149,Aço — f_n = 5572 Hz
13.524489079596641,1.0000058809281378,Aço,5571.959983514149,Aço — f_n = 5572 Hz
13.635299283688758,1.0000059776919268,Aço,5571.959983514149,Aço — f_n = 5572 Hz
13.747017389089276,1.00000607604786,Aço,5571.959983514149,Aço — f_n = 5572 Hz
13.85965083450652,1.0000061760221353,Aço,5571.959983514149,Aço — f_n = 5572 Hz
13.973207119596355,1.000006277641381,Aço,5571.959983514149,Aço — f_n = 5572 Hz
14.087693805461612,1.0000063809326634,Aço,5571.959983514149,Aço — f_n = 5572 Hz
14.20311851515548,1.0000064859234947,Aço,5571.959983514149,Aço — f_n = 5572 Hz
14.319488934189147,1.0000065926418396,Aço,5571.959983514149,Aço — f_n = 5572 Hz
14.436812811043469,1.0000067011161227,Aço,5571.959983514149,Aço — f_n = 5572 Hz
14.555097957684964,1.0000068113752365,Aço,5571.959983514149,Aço — f_n = 5572 Hz
14.674352250085917,1.000006923448549,Aço,5571.959983514149,Aço — f_n = 5572 Hz
14.794583628748839,1.0000070373659113,Aço,5571.959983514149,Aço — f_n = 5572 Hz
14.915800099235163,1.0000071531576662,Aço,5571.959983514149,Aço — f_n = 5572 Hz
15.038009732698281,1.0000072708546546,Aço,5571.959983514149,Aço — f_n = 5572 Hz
15.161220666420972,1.0000073904882258,Aço,5571.959983514149,Aço — f_n = 5572 Hz
15.285441104357227,1.0000075120902454,Aço,5571.959983514149,Aço — f_n = 5572 Hz
15.41067931767851,1.000007635693102,Aço,5571.959983514149,Aço — f_n = 5572 Hz
15.53694364532444,1.000007761329718,Aço,5571.959983514149,Aço — f_n = 5572 Hz
15.664242494558119,1.0000078890335575,Aço,5571.959983514149,Aço — f_n = 5572 Hz
15.792584341525846,1.000008018838635,Aço,5571.959983514149,Aço — f_n = 5572 Hz
15.921977731821563,1.0000081507795249,Aço,5571.959983514149,Aço — f_n = 5572 Hz
16.05243128105581,1.0000082848913703,Aço,5571.959983514149,Aço — f_n = 5572 Hz
16.183953675429432,1.0000084212098928,Aço,5571.959983514149,Aço — f_n = 5572 Hz
16.31655367231191,1.0000085597714017,Aço,5571.959983514149,Aço — f_n = 5572 Hz
16.4502401008245,1.0000087006128036,Aço,5571.959983514149,Aço — f_n = 5572 Hz
16.585021862428093,1.0000088437716126,Aço,5571.959983514149,Aço — f_n = 5572 Hz
16.720907931515928,1.0000089892859603,Aço,5571.959983514149,Aço — f_n = 5572 Hz
16.857907356011157,1.0000091371946052,Aço,5571.959983514149,Aço — f_n = 5572 Hz
16.99602925796927,1.000009287536944,Aço,5571.959983514149,Aço — f_n = 5572 Hz
17.13528283418549,1.0000094403530213,Aço,5571.959983514149,Aço — f_n = 5572 Hz
17.27567735680717,1.0000095956835413,Aço,5571.959983514149,Aço — f_n = 5572 Hz
17.417222173951156,1.0000097535698773,Aço,5571.959983514149,Aço — f_n = 5572 Hz
17.5599267103262,1.0000099140540837,Aço,5571.959983514149,Aço — f_n = 5572 Hz
17.703800467860546,1.0000100771789067,Aço,5571.959983514149,Aço — f_n = 5572 Hz
17.84885302633458,1.000010242987796,Aço,5571.959983514149,Aço — f_n = 5572 Hz
17.995094044018725,1.0000104115249164,Aço,5571.959983514149,Aço — f_n = 5572 Hz
18.14253325831649,1.0000105828351598,Aço,5571.959983514149,Aço — f_n = 5572 Hz
18.291180486412888,1.0000107569641559,Aço,5571.959983514149,Aço — f_n = 5572 Hz
18.441045625928048,1.0000109339582854,Aço,5571.959983514149,Aço — f_n = 5572 Hz
18.592138655576314,1.0000111138646932,Aço,5571.959983514149,Aço — f_n = 5572 Hz
18.74446963583059,1.0000112967312988,Aço,5571.959983514149,Aço — f_n = 5572 Hz
18.89804870959229,1.0000114826068107,Aço,5571.959983514149,Aço — f_n = 5572 Hz
19.052886102866683,1.0000116715407392,Aço,5571.959983514149,Aço — f_n = 5572 Hz
19.208992125443725,1.0000118635834085,Aço,5571.959983514149,Aço — f_n = 5572 Hz
19.366377171584606,1.000012058785972,Aço,5571.959983514149,Aço — f_n = 5572 Hz
19.525051720713826,1.0000122572004242,Aço,5571.959983514149,Aço — f_n = 5572 Hz
19.685026338116966,1.0000124588796147,Aço,5571.959983514149,Aço — f_n = 5572 Hz
19.84631167564415,1.0000126638772637,Aço,5571.959983514149,Aço — f_n = 5572 Hz
20.0089184724193,1.0000128722479749,Aço,5571.959983514149,Aço — f_n = 5572 Hz
20.172857555555247,1.0000130840472508,Aço,5571.959983514149,Aço — f_n = 5572 Hz
20.33813984087459,1.0000132993315065,Aço,5571.959983514149,Aço — f_n = 5572 Hz
20.504776333636535,1.0000135181580867,Aço,5571.959983514149,Aço — f_n = 5572 Hz
20.672778129269705,1.0000137405852785,Aço,5571.959983514149,Aço — f_n = 5572 Hz
20.842156414110878,1.0000139666723287,Aço,5571.959983514149,Aço — f_n = 5572 Hz
21.01292246614989,1.000014196479459,Aço,5571.959983514149,Aço — f_n = 5572 Hz
21.185087655780492,1.0000144300678822,Aço,5571.959983514149,Aço — f_n = 5572 Hz
21.358663446557518,1.0000146674998183,Aço,5571.959983514149,Aço — f_n = 5572 Hz
21.533661395960163,1.0000149088385106,Aço,5571.959983514149,Aço — f_n = 5572 Hz
21.71009315616149,1.0000151541482445,Aço,5571.959983514149,Aço — f_n = 5572 Hz
21.887970474804327,1.000015403494362,Aço,5571.959983514149,Aço — f_n = 5572 Hz
22.067305195783483,1.0000156569432805,Aço,5571.959983514149,Aço — f_n = 5572 Hz
22.24810926003437,1.000015914562511,Aço,5571.959983514149,Aço — f_n = 5572 Hz
22.430394706328038,1.0000161764206748,Aço,5571.959983514149,Aço — f_n = 5572 Hz
22.614173672072813,1.0000164425875226,Aço,5571.959983514149,Aço — f_n = 5572 Hz
22.799458394122478,1.0000167131339532,Aço,5571.959983514149,Aço — f_n = 5572 Hz
22.98626120959104,1.000016988132032,Aço,5571.959983514149,Aço — f_n = 5572 Hz
23.17459455667414,1.0000172676550099,Aço,5571.959983514149,Aço — f_n = 5572 Hz
23.364470975477364,1.0000175517773435,Aço,5571.959983514149,Aço — f_n = 5572 Hz
23.555903108851087,1.000017840574715,Aço,5571.959983514149,Aço — f_n = 5572 Hz
23.748903703232415,1.0000181341240515,Aço,5571.959983514149,Aço — f_n = 5572 Hz
23.943485609493788,1.0000184325035462,Aço,5571.959983514149,Aço — f_n = 5572 Hz
24.139661783798747,1.0000187357926789,Aço,5571.959983514149,Aço — f_n = 5572 Hz
24.33744528846458,1.0000190440722379,Aço,5571.959983514149,Aço — f_n = 5572 Hz
24.536849292832034,1.0000193574243401,Aço,5571.959983514149,Aço — f_n = 5572 Hz
24.73788707414223,1.0000196759324547,Aço,5571.959983514149,Aço — f_n = 5572 Hz
24.94057201842073,1.0000199996814236,Aço,5571.959983514149,Aço — f_n = 5572 Hz
25.14491762136884,1.0000203287574858,Aço,5571.959983514149,Aço — f_n = 5572 Hz
25.350937489262176,1.0000206632482984,Aço,5571.959983514149,Aço — f_n = 5572 Hz
25.55864533985665,1.0000210032429622,Aço,5571.959983514149,Aço — f_n = 5572 Hz
25.768055003301903,1.000021348832043,Aço,5571.959983514149,Aço — f_n = 5572 Hz
25.979180423062154,1.0000217001075982,Aço,5571.959983514149,Aço — f_n = 5572 Hz
26.192035656844567,1.0000220571631993,Aço,5571.959983514149,Aço — f_n = 5572 Hz
26.40663487753539,1.0000224200939583,Aço,5571.959983514149,Aço — f_n = 5572 Hz
26.622992374143518,1.0000227889965518,Aço,5571.959983514149,Aço — f_n = 5572 Hz
26.841122552752058,1.000023163969248,Aço,5571.959983514149,Aço — f_n = 5572 Hz
27.061039937477435,1.000023545111932,Aço,5571.959983514149,Aço — f_n = 5572 Hz
27.282759171436563,1.0000239325261322,Aço,5571.959983514149,Aço — f_n = 5572 Hz
27.506295017721776,1.0000243263150488,Aço,5571.959983514149,Aço — f_n = 5572 Hz
27.731662360383908,1.0000247265835798,Aço,5571.959983514149,Aço — f_n = 5572 Hz
27.95887620542324,1.0000251334383492,Aço,5571.959983514149,Aço — f_n = 5572 Hz
28.187951681788768,1.0000255469877364,Aço,5571.959983514149,Aço — f_n = 5572 Hz
28.41890404238551,1.000025967341904,Aço,5571.959983514149,Aço — f_n = 5572 Hz
28.6517486650901,1.0000263946128276,Aço,5571.959983514149,Aço — f_n = 5572 Hz
28.886501053774726,1.000026828914326,Aço,5571.959983514149,Aço — f_n = 5572 Hz
29.123176839339497,1.00002727036209,Aço,5571.959983514149,Aço — f_n = 5572 Hz
29.361791780753187,1.000027719073716,Aço,5571.959983514149,Aço — f_n = 5572 Hz
29.602361766102483,1.000028175168734,Aço,5571.959983514149,Aço — f_n = 5572 Hz
29.84490281365001,1.0000286387686428,Aço,5571.959983514149,Aço — f_n = 5572 Hz
30.089431072900773,1.0000291099969394,Aço,5571.959983514149,Aço — f_n = 5572 Hz
30.335962825677584,1.0000295889791542,Aço,5571.959983514149,Aço — f_n = 5572 Hz
30.584514487205062,1.0000300758428833,Aço,5571.959983514149,Aço — f_n = 5572 Hz
30.835102607202757,1.0000305707178219,Aço,5571.959983514149,Aço — f_n = 5572 Hz
31.087743870986984,1.000031073735801,Aço,5571.959983514149,Aço — f_n = 5572 Hz
31.342455100581933,1.0000315850308206,Aço,5571.959983514149,Aço — f_n = 5572 Hz
31.599253255839628,1.0000321047390857,Aço,5571.959983514149,Aço — f_n = 5572 Hz
31.85815543556931,1.0000326329990437,Aço,5571.959983514149,Aço — f_n = 5572 Hz
32.1191788786759,1.0000331699514198,Aço,5571.959983514149,Aço — f_n = 5572 Hz
32.38234096530782,1.000033715739256,Aço,5571.959983514149,Aço — f_n = 5572 Hz
32.64765921801427,1.0000342705079481,Aço,5571.959983514149,Aço — f_n = 5572 Hz
32.915151302911994,1.0000348344052847,Aço,5571.959983514149,Aço — f_n = 5572 Hz
33.18483503086154,1.0000354075814872,Aço,5571.959983514149,Aço — f_n = 5572 Hz
33.456728358653166,1.000035990189249,Aço,5571.959983514149,Aço — f_n = 5572 Hz
33.730849390202486,1.0000365823837771,Aço,5571.959983514149,Aço — f_n = 5572 Hz
34.007216377756,1.000037184322832,Aço,5571.959983514149,Aço — f_n = 5572 Hz
34.285847723106336,1.000037796166772,Aço,5571.959983514149,Aço — f_n = 5572 Hz
34.56676197881748,1.0000384180785933,Aço,5571.959983514149,Aço — f_n = 5572 Hz
34.84997784946022,1.000039050223976,Aço,5571.959983514149,Aço — f_n = 5572 Hz
35.13551419285749,1.0000396927713264,Aço,5571.959983514149,Aço — f_n = 5572 Hz
35.42339002134004,1.0000403458918232,Aço,5571.959983514149,Aço — f_n = 5572 Hz
35.71362450301231,1.0000410097594616,Aço,5571.959983514149,Aço — f_n = 5572 Hz
36.00623696302886,1.0000416845511015,Aço,5571.959983514149,Aço — f_n = 5572 Hz
36.30124688488103,1.0000423704465136,Aço,5571.959983514149,Aço — f_n = 5572 Hz
36.59867391169423,1.0000430676284267,Aço,5571.959983514149,Aço — f_n = 5572 Hz
36.89853784753589,1.000043776282578,Aço,5571.959983514149,Aço — f_n = 5572 Hz
37.20085865873416,1.000044496597762,Aço,5571.959983514149,Aço — f_n = 5572 Hz
37.50565647520734,1.0000452287658796,Aço,5571.959983514149,Aço — f_n = 5572 Hz
37.812951591804115,1.0000459729819917,Aço,5571.959983514149,Aço — f_n = 5572 Hz
38.12276446965502,1.000046729444369,Aço,5571.959983514149,Aço — f_n = 5572 Hz
38.435115737534765,1.0000474983545453,Aço,5571.959983514149,Aço — f_n = 5572 Hz
38.75002619323587,1.0000482799173727,Aço,5571.959983514149,Aço — f_n = 5572 Hz
39.067516804953335,1.0000490743410746,Aço,5571.959983514149,Aço — f_n = 5572 Hz
39.38760871268091,1.0000498818373018,Aço,5571.959983514149,Aço — f_n = 5572 Hz
39.71032322961869,1.000050702621189,Aço,5571.959983514149,Aço — f_n = 5572 Hz
40.035681843592236,1.000051536911412,Aço,5571.959983514149,Aço — f_n = 5572 Hz
40.36370621848326,1.0000523849302458,Aço,5571.959983514149,Aço — f_n = 5572 Hz
40.694418195672235,1.0000532469036254,Aço,5571.959983514149,Aço — f_n = 5572 Hz
41.02783979549262,1.0000541230612032,Aço,5571.959983514149,Aço — f_n = 5572 Hz
41.36399321869703,1.000055013636413,Aço,5571.959983514149,Aço — f_n = 5572 Hz
41.70290084793556,1.0000559188665303,Aço,5571.959983514149,Aço — f_n = 5572 Hz
42.04458524924609,1.0000568389927373,Aço,5571.959983514149,Aço — f_n = 5572 Hz
42.38906917355684,1.0000577742601857,Aço,5571.959983514149,Aço — f_n = 5572 Hz
42.73637555820119,1.0000587249180632,Aço,5571.959983514149,Aço — f_n = 5572 Hz
43.08652752844497,1.0000596912196587,Aço,5571.959983514149,Aço — f_n = 5572 Hz
43.43954839902633,1.000060673422431,Aço,5571.959983514149,Aço — f_n = 5572 Hz
43.795461675708054,1.000061671788078,Aço,5571.959983514149,Aço — f_n = 5572 Hz
44.15429105684268,1.0000626865826039,Aço,5571.959983514149,Aço — f_n = 5572 Hz
44.51606043495046,1.0000637180763932,Aço,5571.959983514149,Aço — f_n = 5572 Hz
44.880793898310294,1.0000647665442808,Aço,5571.959983514149,Aço — f_n = 5572 Hz
45.2485157325636,1.0000658322656262,Aço,5571.959983514149,Aço — f_n = 5572 Hz
45.619250422331255,1.0000669155243878,Aço,5571.959983514149,Aço — f_n = 5572 Hz
45.99302265284411,1.0000680166091986,Aço,5571.959983514149,Aço — f_n = 5572 Hz
46.3698573115865,1.0000691358134435,Aço,5571.959983514149,Aço — f_n = 5572 Hz
46.74977948995336,1.0000702734353368,Aço,5571.959983514149,Aço — f_n = 5572 Hz
47.13281448492098,1.000071429778003,Aço,5571.959983514149,Aço — f_n = 5572 Hz
47.518987800731395,1.0000726051495559,Aço,5571.959983514149,Aço — f_n = 5572 Hz
47.90832515059059,1.0000737998631828,Aço,5571.959983514149,Aço — f_n = 5572 Hz
48.300852458380525,1.0000750142372268,Aço,5571.959983514149,Aço — f_n = 5572 Hz
48.6965958603853,1.000076248595272,Aço,5571.959983514149,Aço — f_n = 5572 Hz
49.09558170703151,1.0000775032662297,Aço,5571.959983514149,Aço — f_n = 5572 Hz
49.49783656464271,1.000078778584427,Aço,5571.959983514149,Aço — f_n = 5572 Hz
49.90338721720828,1.000080074889694,Aço,5571.959983514149,Aço — f_n = 5572 Hz
50.312260668166864,1.0000813925274579,Aço,5571.959983514149,Aço — f_n = 5572 Hz
50.72448414220447,1.0000827318488312,Aço,5571.959983514149,Aço — f_n = 5572 Hz
51.14008508706712,1.0000840932107082,Aço,5571.959983514149,Aço — f_n = 5572 Hz
51.5590911753884,1.000085476975859,Aço,5571.959983514149,Aço — f_n = 5572 Hz
51.98153030653219,1.0000868835130272,Aço,5571.959983514149,Aço — f_n = 5572 Hz
52.40743060845023,1.0000883131970273,Aço,5571.959983514149,Aço — f_n = 5572 Hz
52.83682043955496,1.000089766408845,Aço,5571.959983514149,Aço — f_n = 5572 Hz
53.26972839060784,1.0000912435357403,Aço,5571.959983514149,Aço — f_n = 5572 Hz
53.70618328662307,1.0000927449713477,Aço,5571.959983514149,Aço — f_n = 5572 Hz
54.146214188786864,1.0000942711157854,Aço,5571.959983514149,Aço — f_n = 5572 Hz
54.589850396392414,1.0000958223757581,Aço,5571.959983514149,Aço — f_n = 5572 Hz
55.03712144879083,1.0000973991646687,Aço,5571.959983514149,Aço — f_n = 5572 Hz
55.48805712735803,1.0000990019027265,Aço,5571.959983514149,Aço — f_n = 5572 Hz
55.94268745747775,1.0001006310170608,Aço,5571.959983514149,Aço — f_n = 5572 Hz
56.40104271054063,1.000102286941834,Aço,5571.959983514149,Aço — f_n = 5572 Hz
56.8631534059599,1.0001039701183578,Aço,5571.959983514149,Aço — f_n = 5572 Hz
57.32905031320361,1.000105680995212,Aço,5571.959983514149,Aço — f_n = 5572 Hz
57.798764453843276,1.000107420028362,Aço,5571.959983514149,Aço — f_n = 5572 Hz
58.2723271036194,1.000109187681283,Aço,5571.959983514149,Aço — f_n = 5572 Hz
58.749769794524134,1.0001109844250824,Aço,5571.959983514149,Aço — f_n = 5572 Hz
59.231124316900676,1.0001128107386255,Aço,5571.959983514149,Aço — f_n = 5572 Hz
59.71642272156004,1.0001146671086645,Aço,5571.959983514149,Aço — f_n = 5572 Hz
60.20569732191516,1.0001165540299668,Aço,5571.959983514149,Aço — f_n = 5572 Hz
60.698980696132516,1.000118472005449,Aço,5571.959983514149,Aço — f_n = 5572 Hz
61.19630568930131,1.0001204215463098,Aço,5571.959983514149,Aço — f_n = 5572 Hz
61.69770541562038,1.0001224031721672,Aço,5571.959983514149,Aço — f_n = 5572 Hz
62.20321326060314,1.000124417411197,Aço,5571.959983514149,Aço — f_n = 5572 Hz
62.71286288330061,1.0001264648002741,Aço,5571.959983514149,Aço — f_n = 5572 Hz
63.22668821854253,1.0001285458851166,Aço,5571.959983514149,Aço — f_n = 5572 Hz
63.74472347919684,1.0001306612204295,Aço,5571.959983514149,Aço — f_n = 5572 Hz
64.2670031584478,1.0001328113700545,Aço,5571.959983514149,Aço — f_n = 5572 Hz
64.79356203209275,1.0001349969071216,Aço,5571.959983514149,Aço — f_n = 5572 Hz
65.3244351608576,1.0001372184141994,Aço,5571.959983514149,Aço — f_n = 5572 Hz
65.85965789273124,1.0001394764834532,Aço,5571.959983514149,Aço — f_n = 5572 Hz
66.39926586531926,1.0001417717168026,Aço,5571.959983514149,Aço — f_n = 5572 Hz
66.94329500821696,1.0001441047260813,Aço,5571.959983514149,Aço — f_n = 5572 Hz
67.4917815454016,1.0001464761332024,Aço,5571.959983514149,Aço — f_n = 5572 Hz
68.04476199764423,1.0001488865703227,Aço,5571.959983514149,Aço — f_n = 5572 Hz
68.60227318494172,1.0001513366800134,Aço,5571.959983514149,Aço — f_n = 5572 Hz
69.16435222896823,1.0001538271154307,Aço,5571.959983514149,Aço — f_n = 5572 Hz
69.73103655554684,1.0001563585404905,Aço,5571.959983514149,Aço — f_n = 5572 Hz
70.30236389714169,1.000158931630047,Aço,5571.959983514149,Aço — f_n = 5572 Hz
70.87837229537038,1.0001615470700709,Aço,5571.959983514149,Aço — f_n = 5572 Hz
71.45910010353697,1.0001642055578357,Aço,5571.959983514149,Aço — f_n = 5572 Hz
72.04458598918552,1.0001669078021012,Aço,5571.959983514149,Aço — f_n = 5572 Hz
72.63486893667498,1.000169654523305,Aço,5571.959983514149,Aço — f_n = 5572 Hz
73.22998824977486,1.0001724464537542,Aço,5571.959983514149,Aço — f_n = 5572 Hz
73.82998355428236,1.0001752843378222,Aço,5571.959983514149,Aço — f_n = 5572 Hz
74.43489480066059,1.0001781689321465,Aço,5571.959983514149,Aço — f_n = 5572 Hz
75.04476226669887,1.0001811010058317,Aço,5571.959983514149,Aço — f_n = 5572 Hz
75.65962656019458,1.0001840813406555,Aço,5571.959983514149,Aço — f_n = 5572 Hz
76.27952862165704,1.0001871107312772,Aço,5571.959983514149,Aço — f_n = 5572 Hz
76.90450972703331,1.0001901899854508,Aço,5571.959983514149,Aço — f_n = 5572 Hz
77.53461149045685,1.0001933199242408,Aço,5571.959983514149,Aço — f_n = 5572 Hz
78.16987586701818,1.0001965013822418,Aço,5571.959983514149,Aço — f_n = 5572 Hz
78.81034515555844,1.0001997352078025,Aço,5571.959983514149,Aço — f_n = 5572 Hz
79.45606200148586,1.0002030222632512,Aço,5571.959983514149,Aço — f_n = 5572 Hz
80.10706939961543,1.0002063634251288,Aço,5571.959983514149,Aço — f_n = 5572 Hz
80.76341069703156,1.000209759584421,Aço,5571.959983514149,Aço — f_n = 5572 Hz
81.42512959597427,1.0002132116467986,Aço,5571.959983514149,Aço — f_n = 5572 Hz
82.0922701567492,1.0002167205328585,Aço,5571.959983514149,Aço — f_n = 5572 Hz
82.76487680066134,1.0002202871783719,Aço,5571.959983514149,Aço — f_n = 5572 Hz
83.44299431297284,1.000223912534533,Aço,5571.959983514149,Aço — f_n = 5572 Hz
84.12666784588485,1.0002275975682142,Aço,5571.959983514149,Aço — f_n = 5572 Hz
84.81594292154409,1.0002313432622265,Aço,5571.959983514149,Aço — f_n = 5572 Hz
85.510865435074,1.0002351506155798,Aço,5571.959983514149,Aço — f_n = 5572 Hz
86.21148165763053,1.0002390206437533,Aço,5571.959983514149,Aço — f_n = 5572 Hz
86.91783823948302,1.0002429543789655,Aço,5571.959983514149,Aço — f_n = 5572 Hz
87.6299822131206,1.0002469528704518,Aço,5571.959983514149,Aço — f_n = 5572 Hz
88.34796099638375,1.0002510171847452,Aço,5571.959983514149,Aço — f_n = 5572 Hz
89.07182239562142,1.0002551484059616,Aço,5571.959983514149,Aço — f_n = 5572 Hz
89.80161460887443,1.0002593476360913,Aço,5571.959983514149,Aço — f_n = 5572 Hz
90.53738622908466,1.0002636159952931,Aço,5571.959983514149,Aço — f_n = 5572 Hz
91.27918624733059,1.0002679546221955,Aço,5571.959983514149,Aço — f_n = 5572 Hz
92.02706405608923,1.0002723646742013,Aço,5571.959983514149,Aço — f_n = 5572 Hz
92.78106945252503,1.0002768473277976,Aço,5571.959983514149,Aço — f_n = 5572 Hz
93.54125264180564,1.0002814037788723,Aço,5571.959983514149,Aço — f_n = 5572 Hz
94.30766424044474,1.0002860352430332,Aço,5571.959983514149,Aço — f_n = 5572 Hz
95.08035527967223,1.000290742955935,Aço,5571.959983514149,Aço — f_n = 5572 Hz
95.85937720883223,1.0002955281736101,Aço,5571.959983514149,Aço — f_n = 5572 Hz
96.64478189880889,1.0003003921728062,Aço,5571.959983514149,Aço — f_n = 5572 Hz
97.43662164548007,1.0003053362513277,Aço,5571.959983514149,Aço — f_n = 5572 Hz
98.2349491731994,1.0003103617283846,Aço,5571.959983514149,Aço — f_n = 5572 Hz
99.03981763830706,1.000315469944946,Aço,5571.959983514149,Aço — f_n = 5572 Hz
99.85128063266913,1.0003206622641003,Aço,5571.959983514149,Aço — f_n = 5572 Hz
100.66939218724589,1.0003259400714202,Aço,5571.959983514149,Aço — f_n = 5572 Hz
101.49420677568943,1.000331304775336,Aço,5571.959983514149,Aço — f_n = 5572 Hz
102.32577931797115,1.0003367578075113,Aço,5571.959983514149,Aço — f_n = 5572 Hz
103.16416518403801,1.0003423006232302,Aço,5571.959983514149,Aço — f_n = 5572 Hz
104.00942019749964,1.0003479347017854,Aço,5571.959983514149,Aço — f_n = 5572 Hz
104.8616006393453,1.000353661546877,Aço,5571.959983514149,Aço — f_n = 5572 Hz
105.72076325169124,1.0003594826870164,Aço,5571.959983514149,Aço — f_n = 5572 Hz
106.58696524155921,1.000365399675935,Aço,5571.959983514149,Aço — f_n = 5572 Hz
107.46026428468485,1.0003714140930036,Aço,5571.959983514149,Aço — f_n = 5572 Hz
108.34071852935891,1.000377527543656,Aço,5571.959983514149,Aço — f_n = 5572 Hz
109.22838660029818,1.00038374165982,Aço,5571.959983514149,Aço — f_n = 5572 Hz
110.12332760254952,1.0003900581003564,Aço,5571.959983514149,Aço — f_n = 5572 Hz
111.02560112542523,1.000396478551505,Aço,5571.959983514149,Aço — f_n = 5572 Hz
111.93526724647067,1.0004030047273371,Aço,5571.959983514149,Aço — f_n = 5572 Hz
112.85238653546457,1.0004096383702168,Aço,5571.959983514149,Aço — f_n = 5572 Hz
113.77702005845235,1.0004163812512703,Aço,5571.959983514149,Aço — f_n = 5572 Hz
114.70922938181145,1.0004232351708604,Aço,5571.959983514149,Aço — f_n = 5572 Hz
115.64907657635162,1.0004302019590727,Aço,5571.959983514149,Aço — f_n = 5572 Hz
116.59662422144702,1.0004372834762065,Aço,5571.959983514149,Aço — f_n = 5572 Hz
117.5519354092036,1.0004444816132763,Aço,5571.959983514149,Aço — f_n = 5572 Hz
118.51507374865987,1.0004517982925196,Aço,5571.959983514149,Aço — f_n = 5572 Hz
119.48610337002219,1.000459235467916,Aço,5571.959983514149,Aço — f_n = 5572 Hz
120.46508892893534,1.0004667951257118,Aço,5571.959983514149,Aço — f_n = 5572 Hz
121.45209561078678,1.0004744792849543,Aço,5571.959983514149,Aço — f_n = 5572 Hz
122.44718913504788,1.0004822899980375,Aço,5571.959983514149,Aço — f_n = 5572 Hz
123.45043575964904,1.0004902293512534,Aço,5571.959983514149,Aço — f_n = 5572 Hz
124.46190228539194,1.0004982994653546,Aço,5571.959983514149,Aço — f_n = 5572 Hz
125.48165606039728,1.0005065024961253,Aço,5571.959983514149,Aço — f_n = 5572 Hz
126.50976498458921,1.0005148406349629,Aço,5571.959983514149,Aço — f_n = 5572 Hz
127.54629751421615,1.000523316109468,Aço,5571.959983514149,Aço — f_n = 5572 Hz
128.59132266640958,1.0005319311840457,Aço,5571.959983514149,Aço — f_n = 5572 Hz
129.6449100237786,1.0005406881605154,Aço,5571.959983514149,Aço — f_n = 5572 Hz
130.70712973904398,1.0005495893787324,Aço,5571.959983514149,Aço — f_n = 5572 Hz
131.77805253970848,1.0005586372172184,Aço,5571.959983514149,Aço — f_n = 5572 Hz
132.85774973276668,1.0005678340938042,Aço,5571.959983514149,Aço — f_n = 5572 Hz
133.9462932094528,1.000577182466281,Aço,5571.959983514149,Aço — f_n = 5572 Hz
135.04375545002748,1.0005866848330647,Aço,5571.959983514149,Aço — f_n = 5572 Hz
136.15020952860385,1.0005963437338707,Aço,5571.959983514149,Aço — f_n = 5572 Hz
137.26572911801352,1.000606161750399,Aço,5571.959983514149,Aço — f_n = 5572 Hz
138.39038849471166,1.0006161415070318,Aço,5571.959983514149,Aço — f_n = 5572 Hz
139.52426254372259,1.0006262856715427,Aço,5571.959983514149,Aço — f_n = 5572 Hz
140.6674267636262,1.0006365969558177,Aço,5571.959983514149,Aço — f_n = 5572 Hz
141.81995727158497,1.000647078116588,Aço,5571.959983514149,Aço — f_n = 5572 Hz
142.98193080841216,1.000657731956176,Aço,5571.959983514149,Aço — f_n = 5572 Hz
144.15342474368143,1.0006685613232515,Aço,5571.959983514149,Aço — f_n = 5572 Hz
145.33451708087907,1.0006795691136052,Aço,5571.959983514149,Aço — f_n = 5572 Hz
146.5252864625968,1.0006907582709286,Aço,5571.959983514149,Aço — f_n = 5572 Hz
147.72581217576928,1.000702131787614,Aço,5571.959983514149,Aço — f_n = 5572 Hz
148.93617415695243,1.0007136927055618,Aço,5571.959983514149,Aço — f_n = 5572 Hz
150.1564529976466,1.0007254441170068,Aço,5571.959983514149,Aço — f_n = 5572 Hz
151.38672994966242,1.0007373891653537,Aço,5571.959983514149,Aço — f_n = 5572 Hz
152.6270869305311,1.0007495310460301,Aço,5571.959983514149,Aço — f_n = 5572 Hz
153.8776065289587,1.0007618730073518,Aço,5571.959983514149,Aço — f_n = 5572 Hz
155.13837201032567,1.000774418351403,Aço,5571.959983514149,Aço — f_n = 5572 Hz
156.4094673222303,1.0007871704349331,Aço,5571.959983514149,Aço — f_n = 5572 Hz
157.69097710007935,1.0008001326702658,Aço,5571.959983514149,Aço — f_n = 5572 Hz
158.98298667272238,1.0008133085262256,Aço,5571.959983514149,Aço — f_n = 5572 Hz
160.2855820681341,1.0008267015290795,Aço,5571.959983514149,Aço — f_n = 5572 Hz
161.59885001914222,1.0008403152634935,Aço,5571.959983514149,Aço — f_n = 5572 Hz
162.92287796920243,1.0008541533735071,Aço,5571.959983514149,Aço — f_n = 5572 Hz
164.25775407822147,1.0008682195635226,Aço,5571.959983514149,Aço — f_n = 5572 Hz
165.60356722842593,1.0008825175993112,Aço,5571.959983514149,Aço — f_n = 5572 Hz
166.960407030282,1.0008970513090392,Aço,5571.959983514149,Aço — f_n = 5572 Hz
168.32836382846074,1.0009118245843056,Aço,5571.959983514149,Aço — f_n = 5572 Hz
169.70752870785446,1.000926841381203,Aço,5571.959983514149,Aço — f_n = 5572 Hz
171.0979934996414,1.0009421057213932,Aço,5571.959983514149,Aço — f_n = 5572 Hz
172.49985078740022,1.0009576216932023,Aço,5571.959983514149,Aço — f_n = 5572 Hz
173.91319391327445,1.000973393452734,Aço,5571.959983514149,Aço — f_n = 5572 Hz
175.33811698418845,1.0009894252250013,Aço,5571.959983514149,Aço — f_n = 5572 Hz
176.77471487811218,1.0010057213050783,Aço,5571.959983514149,Aço — f_n = 5572 Hz
178.22308325038,1.0010222860592703,Aço,5571.959983514149,Aço — f_n = 5572 Hz
179.68331854005865,1.0010391239263066,Aço,5571.959983514149,Aço — f_n = 5572 Hz
181.1555179763694,1.001056239418548,Aço,5571.959983514149,Aço — f_n = 5572 Hz
182.63977958516156,1.0010736371232218,Aço,5571.959983514149,Aço — f_n = 5572 Hz
184.13620219543972,1.0010913217036719,Aço,5571.959983514149,Aço — f_n = 5572 Hz
185.64488544594462,1.001109297900634,Aço,5571.959983514149,Aço — f_n = 5572 Hz
187.16592979178645,1.0011275705335296,Aço,5571.959983514149,Aço — f_n = 5572 Hz
188.69943651113508,1.0011461445017849,Aço,5571.959983514149,Aço — f_n = 5572 Hz
190.2455077119623,1.0011650247861694,Aço,5571.959983514149,Aço — f_n = 5572 Hz
191.8042463388413,1.00118421645016,Aço,5571.959983514149,Aço — f_n = 5572 Hz
193.37575617980127,1.0012037246413257,Aço,5571.959983514149,Aço — f_n = 5572 Hz
194.96014187323777,1.001223554592738,Aço,5571.959983514149,Aço — f_n = 5572 Hz
196.55750891488006,1.001243711624404,Aço,5571.959983514149,Aço — f_n = 5572 Hz
198.1679636648162,1.0012642011447246,Aço,5571.959983514149,Aço — f_n = 5572 Hz
199.7916133545736,1.001285028651979,Aço,5571.959983514149,Aço — f_n = 5572 Hz
201.42856609426067,1.0013061997358306,Aço,5571.959983514149,Aço — f_n = 5572 Hz
203.07893087976376,1.0013277200788633,Aço,5571.959983514149,Aço — f_n = 5572 Hz
204.7428176000055,1.0013495954581406,Aço,5571.959983514149,Aço — f_n = 5572 Hz
206.42033704426152,1.0013718317467946,Aço,5571.959983514149,Aço — f_n = 5572 Hz
208.11160090953703,1.0013944349156383,Aço,5571.959983514149,Aço — f_n = 5572 Hz
209.81672180800507,1.001417411034809,Aço,5571.959983514149,Aço — f_n = 5572 Hz
211.53581327450314,1.0014407662754392,Aço,5571.959983514149,Aço — f_n = 5572 Hz
213.2689897740947,1.0014645069113535,Aço,5571.959983514149,Aço — f_n = 5572 Hz
215.0163667096892,1.0014886393207987,Aço,5571.959983514149,Aço — f_n = 5572 Hz
216.77806042972705,1.0015131699882016,Aço,5571.959983514149,Aço — f_n = 5572 Hz
218.55418823592643,1.001538105505956,Aço,5571.959983514149,Aço — f_n = 5572 Hz
220.34486839109366,1.001563452576243,Aço,5571.959983514149,Aço — f_n = 5572 Hz
222.15022012699768,1.0015892180128796,Aço,5571.959983514149,Aço — f_n = 5572 Hz
223.97036365230971,1.0016154087432034,Aço,5571.959983514149,Aço — f_n = 5572 Hz
225.8054201606059,1.0016420318099857,Aço,5571.959983514149,Aço — f_n = 5572 Hz
227.65551183843874,1.0016690943733788,Aço,5571.959983514149,Aço — f_n = 5572 Hz
229.52076187347112,1.0016966037128991,Aço,5571.959983514149,Aço — f_n = 5572 Hz
231.40129446267974,1.0017245672294417,Aço,5571.959983514149,Aço — f_n = 5572 Hz
233.29723482062442,1.0017529924473316,Aço,5571.959983514149,Aço — f_n = 5572 Hz
235.20870918778533,1.0017818870164092,Aço,5571.959983514149,Aço — f_n = 5572 Hz
237.1358448389695,1.0018112587141539,Aço,5571.959983514149,Aço — f_n = 5572 Hz
239.07877009178378,1.001841115447842,Aço,5571.959983514149,Aço — f_n = 5572 Hz
241.03761431518072,1.0018714652567438,Aço,5571.959983514149,Aço — f_n = 5572 Hz
243.0125079380708,1.0019023163143594,Aço,5571.959983514149,Aço — f_n = 5572 Hz
245.00358245800805,1.001933676930691,Aço,5571.959983514149,Aço — f_n = 5572 Hz
247.01097044994552,1.0019655555545577,Aço,5571.959983514149,Aço — f_n = 5572 Hz
249.03480557506262,1.0019979607759475,Aço,5571.959983514149,Aço — f_n = 5572 Hz
251.07522258966475,1.0020309013284137,Aço,5571.959983514149,Aço — f_n = 5572 Hz
253.13235735415702,1.002064386091511,Aço,5571.959983514149,Aço — f_n = 5572 Hz
255.2063468420886,1.002098424093274,Aço,5571.959983514149,Aço — f_n = 5572 Hz
257.29732914927524,1.0021330245127407,Aço,5571.959983514149,Aço — f_n = 5572 Hz
259.40544350299234,1.0021681966825182,Aço,5571.959983514149,Aço — f_n = 5572 Hz
261.5308302712465,1.0022039500913953,Aço,5571.959983514149,Aço — f_n = 5572 Hz
263.6736309721216,1.002240294386999,Aço,5571.959983514149,Aço — f_n = 5572 Hz
265.83398828320145,1.0022772393784998,Aço,5571.959983514149,Aço — f_n = 5572 Hz
268.012046051071,1.0023147950393627,Aço,5571.959983514149,Aço — f_n = 5572 Hz
270.2079493008925,1.0023529715101474,Aço,5571.959983514149,Aço — f_n = 5572 Hz
272.42184424606387,1.002391779101358,Aço,5571.959983514149,Aço — f_n = 5572 Hz
274.6538782979526,1.0024312282963421,Aço,5571.959983514149,Aço — f_n = 5572 Hz
276.90420007571214,1.0024713297542427,Aço,5571.959983514149,Aço — f_n = 5572 Hz
279.17295941617726,1.002512094313,Aço,5571.959983514149,Aço — f_n = 5572 Hz
281.4603073838411,1.0025535329924085,Aço,5571.959983514149,Aço — f_n = 5572 Hz
283.7663962809131,1.002595656997227,Aço,5571.959983514149,Aço — f_n = 5572 Hz
286.09137965746146,1.002638477720344,Aço,5571.959983514149,Aço — f_n = 5572 Hz
288.4354123216351,1.0026820067459987,Aço,5571.959983514149,Aço — f_n = 5572 Hz
290.79865034997385,1.0027262558530614,Aço,5571.959983514149,Aço — f_n = 5572 Hz
293.18125109779845,1.0027712370183683,Aço,5571.959983514149,Aço — f_n = 5572 Hz
295.58337320968957,1.002816962420121,Aço,5571.959983514149,Aço — f_n = 5572 Hz
298.0051766300505,1.0028634444413411,Aço,5571.959983514149,Aço — f_n = 5572 Hz
300.446822613757,1.0029106956733909,Aço,5571.959983514149,Aço — f_n = 5572 Hz
302.9084737368951,1.0029587289195545,Aço,5571.959983514149,Aço — f_n = 5572 Hz
305.3902939075846,1.0030075571986834,Aço,5571.959983514149,Aço — f_n = 5572 Hz
307.8924483768949,1.0030571937489088,Aço,5571.959983514149,Aço — f_n = 5572 Hz
310.41510374984614,1.0031076520314184,Aço,5571.959983514149,Aço — f_n = 5572 Hz
312.9584279965039,1.0031589457343033,Aço,5571.959983514149,Aço — f_n = 5572 Hz
315.5225904631628,1.003211088776472,Aço,5571.959983514149,Aço — f_n = 5572 Hz
318.1077618836228,1.0032640953116365,Aço,5571.959983514149,Aço — f_n = 5572 Hz
320.71411439055663,1.0033179797323695,Aço,5571.959983514149,Aço — f_n = 5572 Hz
323.3418215269729,1.0033727566742354,Aço,5571.959983514149,Aço — f_n = 5572 Hz
325.9910582577688,1.0034284410199952,Aço,5571.959983514149,Aço — f_n = 5572 Hz
328.6620009813831,1.0034850479038886,Aço,5571.959983514149,Aço — f_n = 5572 Hz
331.3548275415385,1.0035425927159933,Aço,5571.959983514149,Aço — f_n = 5572 Hz
334.06971723908566,1.0036010911066635,Aço,5571.959983514149,Aço — f_n = 5572 Hz
336.8068508439407,1.0036605589910492,Aço,5571.959983514149,Aço — f_n = 5572 Hz
339.56641060712167,1.0037210125536975,Aço,5571.959983514149,Aço — f_n = 5572 Hz
342.3485802728851,1.003782468253239,Aço,5571.959983514149,Aço — f_n = 5572 Hz
345.153545090958,1.0038449428271583,Aço,5571.959983514149,Aço — f_n = 5572 Hz
347.9814918288755,1.0039084532966536,Aço,5571.959983514149,Aço — f_n = 5572 Hz
350.8326087844143,1.0039730169715833,Aço,5571.959983514149,Aço — f_n = 5572 Hz
353.7070857981316,1.004038651455505,Aço,5571.959983514149,Aço — f_n = 5572 Hz
356.6051142660053,1.004105374650808,Aço,5571.959983514149,Aço — f_n = 5572 Hz
359.5268871521783,1.0041732047639367,Aço,5571.959983514149,Aço — f_n = 5572 Hz
362.4725990018062,1.0042421603107157,Aço,5571.959983514149,Aço — f_n = 5572 Hz
365.4424459540127,1.0043122601217673,Aço,5571.959983514149,Aço — f_n = 5572 Hz
368.43662575494676,1.0043835233480363,Aço,5571.959983514149,Aço — f_n = 5572 Hz
371.45533777095244,1.00445596946641,Aço,5571.959983514149,Aço — f_n = 5572 Hz
374.4987830018412,1.0045296182854475,Aço,5571.959983514149,Aço — f_n = 5572 Hz
377.56716409427656,1.0046044899512157,Aço,5571.959983514149,Aço — f_n = 5572 Hz
380.6606853552673,1.0046806049532302,Aço,5571.959983514149,Aço — f_n = 5572 Hz
383.7795527657706,1.0047579841305114,Aço,5571.959983514149,Aço — f_n = 5572 Hz
386.92397399440745,1.0048366486777516,Aço,5571.959983514149,Aço — f_n = 5572 Hz
390.0941584112909,1.0049166201515982,Aço,5571.959983514149,Aço — f_n = 5572 Hz
393.2903171019663,1.0049979204770565,Aço,5571.959983514149,Aço — f_n = 5572 Hz
396.51266288146553,1.0050805719540095,Aço,5571.959983514149,Aço — f_n = 5572 Hz
399.76141030847845,1.0051645972638645,Aço,5571.959983514149,Aço — f_n = 5572 Hz
403.03677569963867,1.0052500194763223,Aço,5571.959983514149,Aço — f_n = 5572 Hz
406.33897714392697,1.0053368620562775,Aço,5571.959983514149,Aço — f_n = 5572 Hz
409.6682345171924,1.0054251488708459,Aço,5571.959983514149,Aço — f_n = 5572 Hz
413.024769496794,1.0055149041965292,Aço,5571.959983514149,Aço — f_n = 5572 Hz
416.4088055763587,1.0056061527265143,Aço,5571.959983514149,Aço — f_n = 5572 Hz
419.8205680806652,1.0056989195781116,Aço,5571.959983514149,Aço — f_n = 5572 Hz
423.2602841806448,1.0057932303003365,Aço,5571.959983514149,Aço — f_n = 5572 Hz
426.72818290850887,1.0058891108816361,Aço,5571.959983514149,Aço — f_n = 5572 Hz
430.2244951729985,1.0059865877577632,Aço,5571.959983514149,Aço — f_n = 5572 Hz
433.74945377475956,1.0060856878198041,Aço,5571.959983514149,Aço — f_n = 5572 Hz
437.3032934218431,1.0061864384223587,Aço,5571.959983514149,Aço — f_n = 5572 Hz
440.88625074533513,1.0062888673918806,Aço,5571.959983514149,Aço — f_n = 5572 Hz
444.49856431510955,1.0063930030351782,Aço,5571.959983514149,Aço — f_n = 5572 Hz
448.14047465571656,1.0064988741480803,Aço,5571.959983514149,Aço — f_n = 5572 Hz
451.81222426239515,1.0066065100242718,Aço,5571.959983514149,Aço — f_n = 5572 Hz
455.51405761722106,1.0067159404643002,Aço,5571.959983514149,Aço — f_n = 5572 Hz
459.24622120538504,1.0068271957847597,Aço,5571.959983514149,Aço — f_n = 5572 Hz
463.0089635316048,1.006940306827654,Aço,5571.959983514149,Aço — f_n = 5572 Hz
466.8025351366733,1.0070553049699447,Aço,5571.959983514149,Aço — f_n = 5572 Hz
470.6271886141375,1.0071722221332855,Aço,5571.959983514149,Aço — f_n = 5572 Hz
474.48317862712116,1.0072910907939514,Aço,5571.959983514149,Aço — f_n = 5572 Hz
478.3707619252782,1.0074119439929619,Aço,5571.959983514149,Aço — f_n = 5572 Hz
482.2901973618901,1.0075348153464068,Aço,5571.959983514149,Aço — f_n = 5572 Hz
486.24174591110096,1.0076597390559767,Aço,5571.959983514149,Aço — f_n = 5572 Hz
490.2256706852946,1.007786749919704,Aço,5571.959983514149,Aço — f_n = 5572 Hz
494.24223695261304,1.0079158833429174,Aço,5571.959983514149,Aço — f_n = 5572 Hz
498.2917121546217,1.0080471753494193,Aço,5571.959983514149,Aço — f_n = 5572 Hz
502.3743659241128,1.0081806625928829,Aço,5571.959983514149,Aço — f_n = 5572 Hz
506.49047010306333,1.0083163823684835,Aço,5571.959983514149,Aço — f_n = 5572 Hz
510.64029876073164,1.0084543726247635,Aço,5571.959983514149,Aço — f_n = 5572 Hz
514.8241282119085,1.0085946719757366,Aço,5571.959983514149,Aço — f_n = 5572 Hz
519.0422370353147,1.0087373197132394,Aço,5571.959983514149,Aço — f_n = 5572 Hz
523.2949060921497,1.0088823558195341,Aço,5571.959983514149,Aço — f_n = 5572 Hz
527.5824185447951,1.0090298209801702,Aço,5571.959983514149,Aço — f_n = 5572 Hz
531.9050598756643,1.009179756597107,Aço,5571.959983514149,Aço — f_n = 5572 Hz
536.2631179062165,1.009332204802108,Aço,5571.959983514149,Aço — f_n = 5572 Hz
540.6568828161169,1.0094872084704114,Aço,5571.959983514149,Aço — f_n = 5572 Hz
545.0866471625603,1.0096448112346823,Aço,5571.959983514149,Aço — f_n = 5572 Hz
549.5527058997509,1.0098050574992545,Aço,5571.959983514149,Aço — f_n = 5572 Hz
554.055356398541,1.0099679924546683,Aço,5571.959983514149,Aço — f_n = 5572 Hz
558.594898466231,1.010133662092513,Aço,5571.959983514149,Aço — f_n = 5572 Hz
563.1716343665349,1.0103021132205778,Aço,5571.959983514149,Aço — f_n = 5572 Hz
567.7858688397015,1.0104733934783219,Aço,5571.959983514149,Aço — f_n = 5572 Hz
572.4379091228102,1.0106475513526705,Aço,5571.959983514149,Aço — f_n = 5572 Hz
577.1280649702246,1.0108246361941438,Aço,5571.959983514149,Aço — f_n = 5572 Hz
581.8566486742196,1.0110046982333276,Aço,5571.959983514149,Aço — f_n = 5572 Hz
586.6239750857743,1.0111877885976956,Aço,5571.959983514149,Aço — f_n = 5572 Hz
591.4303616355362,1.0113739593287876,Aço,5571.959983514149,Aço — f_n = 5572 Hz
596.2761283549592,1.0115632633997573,Aço,5571.959983514149,Aço — f_n = 5572 Hz
601.1615978976084,1.0117557547332965,Aço,5571.959983514149,Aço — f_n = 5572 Hz
606.0870955606495,1.011951488219944,Aço,5571.959983514149,Aço — f_n = 5572 Hz
611.0529493065031,1.0121505197367926,Aço,5571.959983514149,Aço — f_n = 5572 Hz
616.0594897846861,1.0123529061665977,Aço,5571.959983514149,Aço — f_n = 5572 Hz
621.1070503538253,1.012558705417306,Aço,5571.959983514149,Aço — f_n = 5572 Hz
626.1959671038555,1.012767976442006,Aço,5571.959983514149,Aço — f_n = 5572 Hz
631.3265788783965,1.01298077925932,Aço,5571.959983514149,Aço — f_n = 5572 Hz
636.4992272973177,1.0131971749742403,Aço,5571.959983514149,Aço — f_n = 5572 Hz
641.7142567794803,1.0134172257994283,Aço,5571.959983514149,Aço — f_n = 5572 Hz
646.972014565675,1.0136409950769811,Aço,5571.959983514149,Aço — f_n = 5572 Hz
652.2728507417391,1.013868547300686,Aço,5571.959983514149,Aço — f_n = 5572 Hz
657.6171182618689,1.0140999481387678,Aço,5571.959983514149,Aço — f_n = 5572 Hz
663.0051729721205,1.0143352644571466,Aço,5571.959983514149,Aço — f_n = 5572 Hz
668.4373736341031,1.014574564343217,Aço,5571.959983514149,Aço — f_n = 5572 Hz
673.9140819488694,1.014817917130165,Aço,5571.959983514149,Aço — f_n = 5572 Hz
679.4356625809951,1.0150653934218328,Aço,5571.959983514149,Aço — f_n = 5572 Hz
685.0024831828649,1.015317065118149,Aço,5571.959983514149,Aço — f_n = 5572 Hz
690.6149144191481,1.0155730054411396,Aço,5571.959983514149,Aço — f_n = 5572 Hz
696.2733299914818,1.0158332889615331,Aço,5571.959983514149,Aço — f_n = 5572 Hz
701.9781066633525,1.0160979916259758,Aço,5571.959983514149,Aço — f_n = 5572 Hz
707.7296242851837,1.0163671907848764,Aço,5571.959983514149,Aço — f_n = 5572 Hz
713.5282658196265,1.0166409652208945,Aço,5571.959983514149,Aço — f_n = 5572 Hz
719.3744173670626,1.0169193951780913,Aço,5571.959983514149,Aço — f_n = 5572 Hz
725.2684681913071,1.0172025623917587,Aço,5571.959983514149,Aço — f_n = 5572 Hz
731.2108107455333,1.01749055011895,Aço,5571.959983514149,Aço — f_n = 5572 Hz
737.2018406983995,1.0177834431697261,Aço,5571.959983514149,Aço — f_n = 5572 Hz
743.2419569603966,1.0180813279391419,Aço,5571.959983514149,Aço — f_n = 5572 Hz
749.3315617104091,1.0183842924399877,Aço,5571.959983514149,Aço — f_n = 5572 Hz
755.4710604224937,1.0186924263363142,Aço,5571.959983514149,Aço — f_n = 5572 Hz
761.6608618928794,1.0190058209777546,Aço,5571.959983514149,Aço — f_n = 5572 Hz
767.9013782671833,1.0193245694346749,Aço,5571.959983514149,Aço — f_n = 5572 Hz
774.193025067858,1.0196487665341678,Aço,5571.959983514149,Aço — f_n = 5572 Hz
780.5362212218544,1.0199785088969204,Aço,5571.959983514149,Aço — f_n = 5572 Hz
786.9313890885182,1.0203138949749762,Aço,5571.959983514149,Aço — f_n = 5572 Hz
793.3789544877127,1.0206550250904207,Aço,5571.959983514149,Aço — f_n = 5572 Hz
799.8793467281711,1.0210020014750147,Aço,5571.959983514149,Aço — f_n = 5572 Hz
806.432998636081,1.0213549283108032,Aço,5571.959983514149,Aço — f_n = 5572 Hz
813.040346583908,1.0217139117717298,Aço,5571.959983514149,Aço — f_n = 5572 Hz
819.7018305194448,1.0220790600662824,Aço,5571.959983514149,Aço — f_n = 5572 Hz
826.4178939951122,1.022450483481207,Aço,5571.959983514149,Aço — f_n = 5572 Hz
833.1889841974865,1.0228282944263125,Aço,5571.959983514149,Aço — f_n = 5572 Hz
840.0155519770791,1.023212607480407,Aço,5571.959983514149,Aço — f_n = 5572 Hz
846.8980518783551,1.0236035394383929,Aço,5571.959983514149,Aço — f_n = 5572 Hz
853.8369421699981,1.0240012093595594,Aço,5571.959983514149,Aço — f_n = 5572 Hz
860.8326848754274,1.024405738617109,Aço,5571.959983514149,Aço — f_n = 5572 Hz
867.8857458035556,1.0248172509489497,Aço,5571.959983514149,Aço — f_n = 5572 Hz
874.996594579811,1.0252358725097985,Aço,5571.959983514149,Aço — f_n = 5572 Hz
882.165704677402,1.0256617319246313,Aço,5571.959983514149,Aço — f_n = 5572 Hz
889.3935534488459,1.0260949603435228,Aço,5571.959983514149,Aço — f_n = 5572 Hz
896.6806221577526,1.026535691497917,Aço,5571.959983514149,Aço — f_n = 5572 Hz
904.0273960108696,1.0269840617583756,Aço,5571.959983514149,Aço — f_n = 5572 Hz
911.4343641903879,1.027440210193849,Aço,5571.959983514149,Aço — f_n = 5572 Hz
918.9020198865185,1.0279042786325148,Aço,5571.959983514149,Aço — f_n = 5572 Hz
926.4308603303238,1.028376411724237,Aço,5571.959983514149,Aço — f_n = 5572 Hz
934.0213868268338,1.0288567570046971,Aço,5571.959983514149,Aço — f_n = 5572 Hz
941.6741047884183,1.029345464961245,Aço,5571.959983514149,Aço — f_n = 5572 Hz
949.3895237684436,1.02984268910053,Aço,5571.959983514149,Aço — f_n = 5572 Hz
957.1681574952,1.0303485860179673,Aço,5571.959983514149,Aço — f_n = 5572 Hz
965.0105239061068,1.0308633154690987,Aço,5571.959983514149,Aço — f_n = 5572 Hz
972.9171451822035,1.031387040442907,Aço,5571.959983514149,Aço — f_n = 5572 Hz
980.8885477829116,1.0319199272371515,Aço,5571.959983514149,Aço — f_n = 5572 Hz
988.9252624810972,1.0324621455357883,Aço,5571.959983514149,Aço — f_n = 5572 Hz
997.0278243984046,1.0330138684885428,Aço,5571.959983514149,Aço — f_n = 5572 Hz
1005.1967730408919,1.0335752727927092,Aço,5571.959983514149,Aço — f_n = 5572 Hz
1013.4326523349525,1.0341465387772466,Aço,5571.959983514149,Aço — f_n = 5572 Hz
1021.7360106635309,1.0347278504892508,Aço,5571.959983514149,Aço — f_n = 5572 Hz
1030.1074009026413,1.0353193957828812,Aço,5571.959983514149,Aço — f_n = 5572 Hz
1038.547380458174,1.0359213664108258,Aço,5571.959983514149,Aço — f_n = 5572 Hz
1047.0565113030145,1.0365339581183879,Aço,5571.959983514149,Aço — f_n = 5572 Hz
1055.6353600144596,1.0371573707402875,Aço,5571.959983514149,Aço — f_n = 5572 Hz
1064.2844978119479,1.037791808300267,Aço,5571.959983514149,Aço — f_n = 5572 Hz
1073.0045005950872,1.0384374791136006,Aço,5571.959983514149,Aço — f_n = 5572 Hz
1081.7959489820043,1.039094595892604,Aço,5571.959983514149,Aço — f_n = 5572 Hz
1090.6594283480051,1.0397633758552516,Aço,5571.959983514149,Aço — f_n = 5572 Hz
1099.5955288645532,1.0404440408370128,Aço,5571.959983514149,Aço — f_n = 5572 Hz
1108.604845538562,1.0411368174060107,Aço,5571.959983514149,Aço — f_n = 5572 Hz
1117.687978252015,1.0418419369816305,Aço,5571.959983514149,Aço — f_n = 5572 Hz
1126.8455318019126,1.0425596359566958,Aço,5571.959983514149,Aço — f_n = 5572 Hz
1136.078115940535,1.0432901558233396,Aço,5571.959983514149,Aço — f_n = 5572 Hz
1145.3863454160482,1.0440337433027052,Aço,5571.959983514149,Aço — f_n = 5572 Hz
1154.7708400134327,1.0447906504786104,Aço,5571.959983514149,Aço — f_n = 5572 Hz
1164.2322245957573,1.0455611349353273,Aço,5571.959983514149,Aço — f_n = 5572 Hz
1173.7711291457783,1.0463454598996156,Aço,5571.959983514149,Aço — f_n = 5572 Hz
1183.3881888078915,1.0471438943871776,Aço,5571.959983514149,Aço — f_n = 5572 Hz
1193.08404393042,1.0479567133536896,Aço,5571.959983514149,Aço — f_n = 5572 Hz
1202.8593401082567,1.0487841978505847,Aço,5571.959983514149,Aço — f_n = 5572 Hz
1212.7147282258447,1.049626635185758,Aço,5571.959983514149,Aço — f_n = 5572 Hz
1222.6508645005192,1.050484319089386,Aço,5571.959983514149,Aço — f_n = 5572 Hz
1232.668410526201,1.0513575498850471,Aço,5571.959983514149,Aço — f_n = 5572 Hz
1242.7680333174515,1.0522466346663477,Aço,5571.959983514149,Aço — f_n = 5572 Hz
1252.9504053538797,1.0531518874792607,Aço,5571.959983514149,Aço — f_n = 5572 Hz
1263.2162046249223,1.0540736295103985,Aço,5571.959983514149,Aço — f_n = 5572 Hz
1273.5661146749906,1.0550121892814475,Aço,5571.959983514149,Aço — f_n = 5572 Hz
1284.0008246489772,1.0559679028500026,Aço,5571.959983514149,Aço — f_n = 5572 Hz
1294.521029338147,1.0569411140170517,Aço,5571.959983514149,Aço — f_n = 5572 Hz
1305.1274292263975,1.057932174541373,Aço,5571.959983514149,Aço — f_n = 5572 Hz
1315.820730536905,1.0589414443611125,Aço,5571.959983514149,Aço — f_n = 5572 Hz
1326.601645279141,1.0599692918228316,Aço,5571.959983514149,Aço — f_n = 5572 Hz
1337.4708912962853,1.0610160939183222,Aço,5571.959983514149,Aço — f_n = 5572 Hz
1348.429192313022,1.062082236529496,Aço,5571.959983514149,Aço — f_n = 5572 Hz
1359.4772779837326,1.0631681146816816,Aço,5571.959983514149,Aço — f_n = 5572 Hz
1370.6158839410725,1.0642741328056642,Aço,5571.959983514149,Aço — f_n = 5572 Hz
1381.8457518449575,1.0654007050088277,Aço,5571.959983514149,Aço — f_n = 5572 Hz
1393.1676294319452,1.066548255355774,Aço,5571.959983514149,Aço — f_n = 5572 Hz
1404.5822705650273,1.0677172181588088,Aço,5571.959983514149,Aço — f_n = 5572 Hz
1416.0904352838177,1.0689080382787068,Aço,5571.959983514149,Aço — f_n = 5572 Hz
1427.6928898551628,1.0701211714361833,Aço,5571.959983514149,Aço — f_n = 5572 Hz
1439.3904068241684,1.0713570845345255,Aço,5571.959983514149,Aço — f_n = 5572 Hz
1451.1837650656303,1.072616255993855,Aço,5571.959983514149,Aço — f_n = 5572 Hz
1463.0737498359003,1.0738991760975145,Aço,5571.959983514149,Aço — f_n = 5572 Hz
1475.061152825171,1.075206347351105,Aço,5571.959983514149,Aço — f_n = 5572 Hz
1487.1467722101943,1.0765382848547107,Aço,5571.959983514149,Aço — f_n = 5572 Hz
1499.3314127074202,1.0778955166888897,Aço,5571.959983514149,Aço — f_n = 5572 Hz
1511.6158856265838,1.0792785843150308,Aço,5571.959983514149,Aço — f_n = 5572 Hz
1524.0010089247235,1.0806880429907053,Aço,5571.959983514149,Aço — f_n = 5572 Hz
1536.4876072606494,1.0821244622006805,Aço,5571.959983514149,Aço — f_n = 5572 Hz
1549.0765120498452,1.083588426104288,Aço,5571.959983514149,Aço — f_n = 5572 Hz
1561.7685615198327,1.0850805339998841,Aço,5571.959983514149,Aço — f_n = 5572 Hz
1574.5646007659825,1.0866014008071672,Aço,5571.959983514149,Aço — f_n = 5572 Hz
1587.46548180779,1.0881516575681693,Aço,5571.959983514149,Aço — f_n = 5572 Hz
1600.4720636455977,1.0897319519677677,Aço,5571.959983514149,Aço — f_n = 5572 Hz
1613.5852123177979,1.0913429488746191,Aço,5571.959983514149,Aço — f_n = 5572 Hz
1626.805800958494,1.0929853309034594,Aço,5571.959983514149,Aço — f_n = 5572 Hz
1640.1347098556444,1.0946597989997653,Aço,5571.959983514149,Aço — f_n = 5572 Hz
1653.5728265096666,1.0963670730478257,Aço,5571.959983514149,Aço — f_n = 5572 Hz
1667.1210456925353,1.0981078925033267,Aço,5571.959983514149,Aço — f_n = 5572 Hz
1680.7802695073667,1.0998830170516223,Aço,5571.959983514149,Aço — f_n = 5572 Hz
1694.5514074484731,1.1016932272929092,Aço,5571.959983514149,Aço — f_n = 5572 Hz
1708.4353764619295,1.1035393254556136,Aço,5571.959983514149,Aço — f_n = 5572 Hz
1722.4331010066232,1.1054221361393501,Aço,5571.959983514149,Aço — f_n = 5572 Hz
1736.5455131158174,1.1073425070889042,Aço,5571.959983514149,Aço — f_n = 5572 Hz
1750.7735524591972,1.10930131000076,Aço,5571.959983514149,Aço — f_n = 5572 Hz
1765.1181664054468,1.1112994413637882,Aço,5571.959983514149,Aço — f_n = 5572 Hz
1779.5803100853245,1.113337823335802,Aço,5571.959983514149,Aço — f_n = 5572 Hz
1794.1609464552678,1.1154174046577772,Aço,5571.959983514149,Aço — f_n = 5572 Hz
1808.8610463614998,1.117539161607648,Aço,5571.959983514149,Aço — f_n = 5572 Hz
1823.6815886046804,1.1197040989956983,Aço,5571.959983514149,Aço — f_n = 5572 Hz
1838.623560005076,1.1219132512036782,Aço,5571.959983514149,Aço — f_n = 5572 Hz
1853.687955468273,1.1241676832699192,Aço,5571.959983514149,Aço — f_n = 5572 Hz
1868.8757780514138,1.1264684920228303,Aço,5571.959983514149,Aço — f_n = 5572 Hz
1884.1880390299882,1.1288168072653357,Aço,5571.959983514149,Aço — f_n = 5572 Hz
1899.6257579651765,1.131213793012933,Aço,5571.959983514149,Aço — f_n = 5572 Hz
1915.1899627717244,1.1336606487882372,Aço,5571.959983514149,Aço — f_n = 5572 Hz
1930.8816897863937,1.1361586109750499,Aço,5571.959983514149,Aço — f_n = 5572 Hz
1946.7019838369633,1.1387089542351663,Aço,5571.959983514149,Aço — f_n = 5572 Hz
1962.6518983118053,1.1413129929913541,Aço,5571.959983514149,Aço — f_n = 5572 Hz
1978.7324952300141,1.1439720829801314,Aço,5571.959983514149,Aço — f_n = 5572 Hz
1994.9448453121274,1.1466876228782235,Aço,5571.959983514149,Aço — f_n = 5572 Hz
2011.2900280514164,1.1494610560068022,Aço,5571.959983514149,Aço — f_n = 5572 Hz
2027.769131785771,1.152293872117901,Aço,5571.959983514149,Aço — f_n = 5572 Hz
2044.383253770154,1.1551876092676574,Aço,5571.959983514149,Aço — f_n = 5572 Hz
2061.1335002496708,1.1581438557813597,Aço,5571.959983514149,Aço — f_n = 5572 Hz
2078.0209865332226,1.1611642523155907,Aço,5571.959983514149,Aço — f_n = 5572 Hz
2095.0468370677786,1.164250494023121,Aço,5571.959983514149,Aço — f_n = 5572 Hz
2112.212185513233,1.16740433282657,Aço,5571.959983514149,Aço — f_n = 5572 Hz
2129.5181748178975,1.1706275798072767,Aço,5571.959983514149,Aço — f_n = 5572 Hz
2146.9659572946075,1.1739221077162527,Aço,5571.959983514149,Aço — f_n = 5572 Hz
2164.5566946974386,1.1772898536145509,Aço,5571.959983514149,Aço — f_n = 5572 Hz
2182.2915582990686,1.180732821650917,Aço,5571.959983514149,Aço — f_n = 5572 Hz
2200.1717289687617,1.1842530859851153,Aço,5571.959983514149,Aço — f_n = 5572 Hz
2218.1983972510066,1.1878527938659347,Aço,5571.959983514149,Aço — f_n = 5572 Hz
2236.3727634447737,1.191534168873492,Aço,5571.959983514149,Aço — f_n = 5572 Hz
2254.696037683445,1.1952995143361786,Aço,5571.959983514149,Aço — f_n = 5572 Hz
2273.169440015388,1.1991512169333123,Aço,5571.959983514149,Aço — f_n = 5572 Hz
2291.7942004851993,1.2030917504953802,Aço,5571.959983514149,Aço — f_n = 5572 Hz
2310.571559215594,1.2071236800146319,Aço,5571.959983514149,Aço — f_n = 5572 Hz
2329.5027664899876,1.211249665879735,Aço,5571.959983514149,Aço — f_n = 5572 Hz
2348.5890828357415,1.21547246834923,Aço,5571.959983514149,Aço — f_n = 5572 Hz
2367.8317791081026,1.2197949522796425,Aço,5571.959983514149,Aço — f_n = 5572 Hz
2387.232136574811,1.2242200921253223,Aço,5571.959983514149,Aço — f_n = 5572 Hz
2406.7914470014202,1.2287509772284018,Aço,5571.959983514149,Aço — f_n = 5572 Hz
2426.511012737304,1.2333908174186983,Aço,5571.959983514149,Aço — f_n = 5572 Hz
2446.3921468023855,1.2381429489449525,Aço,5571.959983514149,Aço — f_n = 5572 Hz
2466.436172974545,1.2430108407604818,Aço,5571.959983514149,Aço — f_n = 5572 Hz
2486.6444258777747,1.247998101188211,Aço,5571.959983514149,Aço — f_n = 5572 Hz
2507.0182510710483,1.2531084849920409,Aço,5571.959983514149,Aço — f_n = 5572 Hz
2527.559005137902,1.2583459008837365,Aço,5571.959983514149,Aço — f_n = 5572 Hz
2548.268055776771,1.2637144194969498,Aço,5571.959983514149,Aço — f_n = 5572 Hz
2569.1467818920523,1.2692182818626117,Aço,5571.959983514149,Aço — f_n = 5572 Hz
2590.1965736859283,1.2748619084228459,Aço,5571.959983514149,Aço — f_n = 5572 Hz
2611.418832750919,1.2806499086237182,Aço,5571.959983514149,Aço — f_n = 5572 Hz
2632.8149721632153,1.2865870911306387,Aço,5571.959983514149,Aço — f_n = 5572 Hz
2654.3864165767627,1.2926784747140376,Aço,5571.959983514149,Aço — f_n = 5572 Hz
2676.1346023181336,1.2989292998571578,Aço,5571.959983514149,Aço — f_n = 5572 Hz
2698.060977482148,1.3053450411424299,Aço,5571.959983514149,Aço — f_n = 5572 Hz
2720.167002028303,1.3119314204779977,Aço,5571.959983514149,Aço — f_n = 5572 Hz
2742.454147877982,1.3186944212315765,Aço,5571.959983514149,Aço — f_n = 5572 Hz
2764.9238990124695,1.3256403033450448,Aço,5571.959983514149,Aço — f_n = 5572 Hz
2787.577751571747,1.3327756195099998,Aço,5571.959983514149,Aço — f_n = 5572 Hz
2810.4172139541206,1.3401072324921368,Aço,5571.959983514149,Aço — f_n = 5572 Hz
2833.4438069166654,1.3476423337006675,Aço,5571.959983514149,Aço — f_n = 5572 Hz
2856.6590636764677,1.3553884631083322,Aço,5571.959983514149,Aço — f_n = 5572 Hz
2880.0645300127253,1.3633535306378932,Aço,5571.959983514149,Aço — f_n = 5572 Hz
2903.6617643696663,1.3715458391424995,Aço,5571.959983514149,Aço — f_n = 5572 Hz
2927.4523379603306,1.3799741091200846,Aço,5571.959983514149,Aço — f_n = 5572 Hz
2951.4378348711684,1.388647505316214,Aço,5571.959983514149,Aço — f_n = 5572 Hz
2975.619852167531,1.3975756653857174,Aço,5571.959983514149,Aço — f_n = 5572 Hz
3000.0000000000014,1.4067687308011743,Aço,5571.959983514149,Aço — f_n = 5572 Hz
