versao,rail,carga,pino,freq_hz,z_ohm
v1,+3V3,ESP32-S3,U1.2,1000,0.200077
v1,+3V3,ESP32-S3,U1.2,1010.53,0.200079
v1,+3V3,ESP32-S3,U1.2,1021.17,0.200081
v1,+3V3,ESP32-S3,U1.2,1031.93,0.200083
v1,+3V3,ESP32-S3,U1.2,1042.79,0.200084
v1,+3V3,ESP32-S3,U1.2,1053.78,0.200086
v1,+3V3,ESP32-S3,U1.2,1064.87,0.200088
v1,+3V3,ESP32-S3,U1.2,1076.09,0.20009
v1,+3V3,ESP32-S3,U1.2,1087.42,0.200092
v1,+3V3,ESP32-S3,U1.2,1098.87,0.200094
v1,+3V3,ESP32-S3,U1.2,1110.44,0.200096
v1,+3V3,ESP32-S3,U1.2,1122.14,0.200098
v1,+3V3,ESP32-S3,U1.2,1133.95,0.2001
v1,+3V3,ESP32-S3,U1.2,1145.89,0.200102
v1,+3V3,ESP32-S3,U1.2,1157.96,0.200104
v1,+3V3,ESP32-S3,U1.2,1170.16,0.200106
v1,+3V3,ESP32-S3,U1.2,1182.48,0.200108
v1,+3V3,ESP32-S3,U1.2,1194.93,0.200111
v1,+3V3,ESP32-S3,U1.2,1207.52,0.200113
v1,+3V3,ESP32-S3,U1.2,1220.23,0.200115
v1,+3V3,ESP32-S3,U1.2,1233.08,0.200118
v1,+3V3,ESP32-S3,U1.2,1246.07,0.20012
v1,+3V3,ESP32-S3,U1.2,1259.19,0.200123
v1,+3V3,ESP32-S3,U1.2,1272.45,0.200125
v1,+3V3,ESP32-S3,U1.2,1285.85,0.200128
v1,+3V3,ESP32-S3,U1.2,1299.39,0.200131
v1,+3V3,ESP32-S3,U1.2,1313.07,0.200134
v1,+3V3,ESP32-S3,U1.2,1326.9,0.200136
v1,+3V3,ESP32-S3,U1.2,1340.88,0.200139
v1,+3V3,ESP32-S3,U1.2,1355,0.200142
v1,+3V3,ESP32-S3,U1.2,1369.27,0.200145
v1,+3V3,ESP32-S3,U1.2,1383.69,0.200148
v1,+3V3,ESP32-S3,U1.2,1398.26,0.200151
v1,+3V3,ESP32-S3,U1.2,1412.98,0.200155
v1,+3V3,ESP32-S3,U1.2,1427.86,0.200158
v1,+3V3,ESP32-S3,U1.2,1442.9,0.200161
v1,+3V3,ESP32-S3,U1.2,1458.09,0.200165
v1,+3V3,ESP32-S3,U1.2,1473.45,0.200168
v1,+3V3,ESP32-S3,U1.2,1488.96,0.200172
v1,+3V3,ESP32-S3,U1.2,1504.64,0.200175
v1,+3V3,ESP32-S3,U1.2,1520.49,0.200179
v1,+3V3,ESP32-S3,U1.2,1536.5,0.200183
v1,+3V3,ESP32-S3,U1.2,1552.68,0.200187
v1,+3V3,ESP32-S3,U1.2,1569.03,0.200191
v1,+3V3,ESP32-S3,U1.2,1585.56,0.200195
v1,+3V3,ESP32-S3,U1.2,1602.25,0.200199
v1,+3V3,ESP32-S3,U1.2,1619.13,0.200203
v1,+3V3,ESP32-S3,U1.2,1636.18,0.200207
v1,+3V3,ESP32-S3,U1.2,1653.41,0.200212
v1,+3V3,ESP32-S3,U1.2,1670.82,0.200216
v1,+3V3,ESP32-S3,U1.2,1688.42,0.200221
v1,+3V3,ESP32-S3,U1.2,1706.2,0.200226
v1,+3V3,ESP32-S3,U1.2,1724.16,0.20023
v1,+3V3,ESP32-S3,U1.2,1742.32,0.200235
v1,+3V3,ESP32-S3,U1.2,1760.67,0.20024
v1,+3V3,ESP32-S3,U1.2,1779.21,0.200245
v1,+3V3,ESP32-S3,U1.2,1797.95,0.200251
v1,+3V3,ESP32-S3,U1.2,1816.88,0.200256
v1,+3V3,ESP32-S3,U1.2,1836.02,0.200261
v1,+3V3,ESP32-S3,U1.2,1855.35,0.200267
v1,+3V3,ESP32-S3,U1.2,1874.89,0.200272
v1,+3V3,ESP32-S3,U1.2,1894.63,0.200278
v1,+3V3,ESP32-S3,U1.2,1914.58,0.200284
v1,+3V3,ESP32-S3,U1.2,1934.75,0.20029
v1,+3V3,ESP32-S3,U1.2,1955.12,0.200296
v1,+3V3,ESP32-S3,U1.2,1975.71,0.200302
v1,+3V3,ESP32-S3,U1.2,1996.52,0.200309
v1,+3V3,ESP32-S3,U1.2,2017.54,0.200315
v1,+3V3,ESP32-S3,U1.2,2038.79,0.200322
v1,+3V3,ESP32-S3,U1.2,2060.26,0.200329
v1,+3V3,ESP32-S3,U1.2,2081.95,0.200336
v1,+3V3,ESP32-S3,U1.2,2103.88,0.200343
v1,+3V3,ESP32-S3,U1.2,2126.04,0.20035
v1,+3V3,ESP32-S3,U1.2,2148.42,0.200358
v1,+3V3,ESP32-S3,U1.2,2171.05,0.200365
v1,+3V3,ESP32-S3,U1.2,2193.91,0.200373
v1,+3V3,ESP32-S3,U1.2,2217.02,0.200381
v1,+3V3,ESP32-S3,U1.2,2240.36,0.200389
v1,+3V3,ESP32-S3,U1.2,2263.96,0.200397
v1,+3V3,ESP32-S3,U1.2,2287.8,0.200406
v1,+3V3,ESP32-S3,U1.2,2311.89,0.200414
v1,+3V3,ESP32-S3,U1.2,2336.24,0.200423
v1,+3V3,ESP32-S3,U1.2,2360.84,0.200432
v1,+3V3,ESP32-S3,U1.2,2385.7,0.200441
v1,+3V3,ESP32-S3,U1.2,2410.82,0.20045
v1,+3V3,ESP32-S3,U1.2,2436.21,0.20046
v1,+3V3,ESP32-S3,U1.2,2461.87,0.20047
v1,+3V3,ESP32-S3,U1.2,2487.79,0.20048
v1,+3V3,ESP32-S3,U1.2,2513.99,0.20049
v1,+3V3,ESP32-S3,U1.2,2540.47,0.2005
v1,+3V3,ESP32-S3,U1.2,2567.22,0.200511
v1,+3V3,ESP32-S3,U1.2,2594.26,0.200522
v1,+3V3,ESP32-S3,U1.2,2621.58,0.200533
v1,+3V3,ESP32-S3,U1.2,2649.18,0.200544
v1,+3V3,ESP32-S3,U1.2,2677.08,0.200555
v1,+3V3,ESP32-S3,U1.2,2705.27,0.200567
v1,+3V3,ESP32-S3,U1.2,2733.76,0.200579
v1,+3V3,ESP32-S3,U1.2,2762.55,0.200592
v1,+3V3,ESP32-S3,U1.2,2791.64,0.200604
v1,+3V3,ESP32-S3,U1.2,2821.04,0.200617
v1,+3V3,ESP32-S3,U1.2,2850.75,0.20063
v1,+3V3,ESP32-S3,U1.2,2880.77,0.200643
v1,+3V3,ESP32-S3,U1.2,2911.11,0.200657
v1,+3V3,ESP32-S3,U1.2,2941.76,0.200671
v1,+3V3,ESP32-S3,U1.2,2972.74,0.200685
v1,+3V3,ESP32-S3,U1.2,3004.05,0.200699
v1,+3V3,ESP32-S3,U1.2,3035.68,0.200714
v1,+3V3,ESP32-S3,U1.2,3067.65,0.200729
v1,+3V3,ESP32-S3,U1.2,3099.96,0.200745
v1,+3V3,ESP32-S3,U1.2,3132.6,0.200761
v1,+3V3,ESP32-S3,U1.2,3165.59,0.200777
v1,+3V3,ESP32-S3,U1.2,3198.93,0.200793
v1,+3V3,ESP32-S3,U1.2,3232.62,0.20081
v1,+3V3,ESP32-S3,U1.2,3266.66,0.200827
v1,+3V3,ESP32-S3,U1.2,3301.06,0.200845
v1,+3V3,ESP32-S3,U1.2,3335.82,0.200863
v1,+3V3,ESP32-S3,U1.2,3370.95,0.200881
v1,+3V3,ESP32-S3,U1.2,3406.45,0.2009
v1,+3V3,ESP32-S3,U1.2,3442.32,0.200919
v1,+3V3,ESP32-S3,U1.2,3478.57,0.200938
v1,+3V3,ESP32-S3,U1.2,3515.21,0.200958
v1,+3V3,ESP32-S3,U1.2,3552.22,0.200978
v1,+3V3,ESP32-S3,U1.2,3589.63,0.200999
v1,+3V3,ESP32-S3,U1.2,3627.43,0.20102
v1,+3V3,ESP32-S3,U1.2,3665.64,0.201042
v1,+3V3,ESP32-S3,U1.2,3704.24,0.201064
v1,+3V3,ESP32-S3,U1.2,3743.25,0.201086
v1,+3V3,ESP32-S3,U1.2,3782.67,0.201109
v1,+3V3,ESP32-S3,U1.2,3822.5,0.201133
v1,+3V3,ESP32-S3,U1.2,3862.76,0.201157
v1,+3V3,ESP32-S3,U1.2,3903.43,0.201181
v1,+3V3,ESP32-S3,U1.2,3944.54,0.201206
v1,+3V3,ESP32-S3,U1.2,3986.08,0.201232
v1,+3V3,ESP32-S3,U1.2,4028.06,0.201258
v1,+3V3,ESP32-S3,U1.2,4070.48,0.201285
v1,+3V3,ESP32-S3,U1.2,4113.34,0.201312
v1,+3V3,ESP32-S3,U1.2,4156.66,0.20134
v1,+3V3,ESP32-S3,U1.2,4200.43,0.201368
v1,+3V3,ESP32-S3,U1.2,4244.67,0.201397
v1,+3V3,ESP32-S3,U1.2,4289.37,0.201427
v1,+3V3,ESP32-S3,U1.2,4334.54,0.201457
v1,+3V3,ESP32-S3,U1.2,4380.18,0.201488
v1,+3V3,ESP32-S3,U1.2,4426.31,0.201519
v1,+3V3,ESP32-S3,U1.2,4472.92,0.201552
v1,+3V3,ESP32-S3,U1.2,4520.03,0.201584
v1,+3V3,ESP32-S3,U1.2,4567.63,0.201618
v1,+3V3,ESP32-S3,U1.2,4615.73,0.201652
v1,+3V3,ESP32-S3,U1.2,4664.34,0.201687
v1,+3V3,ESP32-S3,U1.2,4713.46,0.201723
v1,+3V3,ESP32-S3,U1.2,4763.09,0.20176
v1,+3V3,ESP32-S3,U1.2,4813.25,0.201797
v1,+3V3,ESP32-S3,U1.2,4863.94,0.201835
v1,+3V3,ESP32-S3,U1.2,4915.16,0.201874
v1,+3V3,ESP32-S3,U1.2,4966.92,0.201914
v1,+3V3,ESP32-S3,U1.2,5019.23,0.201954
v1,+3V3,ESP32-S3,U1.2,5072.09,0.201996
v1,+3V3,ESP32-S3,U1.2,5125.5,0.202038
v1,+3V3,ESP32-S3,U1.2,5179.47,0.202081
v1,+3V3,ESP32-S3,U1.2,5234.02,0.202125
v1,+3V3,ESP32-S3,U1.2,5289.14,0.20217
v1,+3V3,ESP32-S3,U1.2,5344.84,0.202216
v1,+3V3,ESP32-S3,U1.2,5401.12,0.202263
v1,+3V3,ESP32-S3,U1.2,5458,0.202311
v1,+3V3,ESP32-S3,U1.2,5515.48,0.20236
v1,+3V3,ESP32-S3,U1.2,5573.56,0.20241
v1,+3V3,ESP32-S3,U1.2,5632.26,0.202461
v1,+3V3,ESP32-S3,U1.2,5691.57,0.202513
v1,+3V3,ESP32-S3,U1.2,5751.51,0.202567
v1,+3V3,ESP32-S3,U1.2,5812.08,0.202621
v1,+3V3,ESP32-S3,U1.2,5873.28,0.202677
v1,+3V3,ESP32-S3,U1.2,5935.13,0.202733
v1,+3V3,ESP32-S3,U1.2,5997.63,0.202791
v1,+3V3,ESP32-S3,U1.2,6060.79,0.202851
v1,+3V3,ESP32-S3,U1.2,6124.62,0.202911
v1,+3V3,ESP32-S3,U1.2,6189.12,0.202973
v1,+3V3,ESP32-S3,U1.2,6254.29,0.203036
v1,+3V3,ESP32-S3,U1.2,6320.16,0.2031
v1,+3V3,ESP32-S3,U1.2,6386.71,0.203166
v1,+3V3,ESP32-S3,U1.2,6453.97,0.203233
v1,+3V3,ESP32-S3,U1.2,6521.94,0.203302
v1,+3V3,ESP32-S3,U1.2,6590.62,0.203372
v1,+3V3,ESP32-S3,U1.2,6660.03,0.203443
v1,+3V3,ESP32-S3,U1.2,6730.16,0.203516
v1,+3V3,ESP32-S3,U1.2,6801.04,0.203591
v1,+3V3,ESP32-S3,U1.2,6872.66,0.203667
v1,+3V3,ESP32-S3,U1.2,6945.03,0.203745
v1,+3V3,ESP32-S3,U1.2,7018.17,0.203824
v1,+3V3,ESP32-S3,U1.2,7092.08,0.203905
v1,+3V3,ESP32-S3,U1.2,7166.76,0.203988
v1,+3V3,ESP32-S3,U1.2,7242.23,0.204073
v1,+3V3,ESP32-S3,U1.2,7318.5,0.204159
v1,+3V3,ESP32-S3,U1.2,7395.57,0.204248
v1,+3V3,ESP32-S3,U1.2,7473.45,0.204338
v1,+3V3,ESP32-S3,U1.2,7552.16,0.20443
v1,+3V3,ESP32-S3,U1.2,7631.69,0.204524
v1,+3V3,ESP32-S3,U1.2,7712.06,0.20462
v1,+3V3,ESP32-S3,U1.2,7793.27,0.204718
v1,+3V3,ESP32-S3,U1.2,7875.34,0.204818
v1,+3V3,ESP32-S3,U1.2,7958.27,0.20492
v1,+3V3,ESP32-S3,U1.2,8042.08,0.205025
v1,+3V3,ESP32-S3,U1.2,8126.77,0.205131
v1,+3V3,ESP32-S3,U1.2,8212.35,0.20524
v1,+3V3,ESP32-S3,U1.2,8298.84,0.205352
v1,+3V3,ESP32-S3,U1.2,8386.23,0.205465
v1,+3V3,ESP32-S3,U1.2,8474.55,0.205581
v1,+3V3,ESP32-S3,U1.2,8563.79,0.2057
v1,+3V3,ESP32-S3,U1.2,8653.98,0.205821
v1,+3V3,ESP32-S3,U1.2,8745.11,0.205944
v1,+3V3,ESP32-S3,U1.2,8837.2,0.206071
v1,+3V3,ESP32-S3,U1.2,8930.27,0.206199
v1,+3V3,ESP32-S3,U1.2,9024.31,0.206331
v1,+3V3,ESP32-S3,U1.2,9119.34,0.206466
v1,+3V3,ESP32-S3,U1.2,9215.38,0.206603
v1,+3V3,ESP32-S3,U1.2,9312.42,0.206743
v1,+3V3,ESP32-S3,U1.2,9410.49,0.206886
v1,+3V3,ESP32-S3,U1.2,9509.59,0.207033
v1,+3V3,ESP32-S3,U1.2,9609.74,0.207182
v1,+3V3,ESP32-S3,U1.2,9710.94,0.207335
v1,+3V3,ESP32-S3,U1.2,9813.2,0.207491
v1,+3V3,ESP32-S3,U1.2,9916.54,0.20765
v1,+3V3,ESP32-S3,U1.2,10021,0.207812
v1,+3V3,ESP32-S3,U1.2,10126.5,0.207978
v1,+3V3,ESP32-S3,U1.2,10233.1,0.208148
v1,+3V3,ESP32-S3,U1.2,10340.9,0.208321
v1,+3V3,ESP32-S3,U1.2,10449.8,0.208498
v1,+3V3,ESP32-S3,U1.2,10559.9,0.208679
v1,+3V3,ESP32-S3,U1.2,10671.1,0.208863
v1,+3V3,ESP32-S3,U1.2,10783.4,0.209052
v1,+3V3,ESP32-S3,U1.2,10897,0.209244
v1,+3V3,ESP32-S3,U1.2,11011.7,0.209441
v1,+3V3,ESP32-S3,U1.2,11127.7,0.209641
v1,+3V3,ESP32-S3,U1.2,11244.9,0.209846
v1,+3V3,ESP32-S3,U1.2,11363.3,0.210056
v1,+3V3,ESP32-S3,U1.2,11483,0.21027
v1,+3V3,ESP32-S3,U1.2,11603.9,0.210488
v1,+3V3,ESP32-S3,U1.2,11726.1,0.210711
v1,+3V3,ESP32-S3,U1.2,11849.6,0.210939
v1,+3V3,ESP32-S3,U1.2,11974.4,0.211172
v1,+3V3,ESP32-S3,U1.2,12100.5,0.211409
v1,+3V3,ESP32-S3,U1.2,12227.9,0.211652
v1,+3V3,ESP32-S3,U1.2,12356.7,0.2119
v1,+3V3,ESP32-S3,U1.2,12486.8,0.212153
v1,+3V3,ESP32-S3,U1.2,12618.3,0.212412
v1,+3V3,ESP32-S3,U1.2,12751.2,0.212676
v1,+3V3,ESP32-S3,U1.2,12885.5,0.212946
v1,+3V3,ESP32-S3,U1.2,13021.2,0.213221
v1,+3V3,ESP32-S3,U1.2,13158.3,0.213502
v1,+3V3,ESP32-S3,U1.2,13296.9,0.21379
v1,+3V3,ESP32-S3,U1.2,13436.9,0.214083
v1,+3V3,ESP32-S3,U1.2,13578.4,0.214383
v1,+3V3,ESP32-S3,U1.2,13721.4,0.214689
v1,+3V3,ESP32-S3,U1.2,13865.9,0.215002
v1,+3V3,ESP32-S3,U1.2,14011.9,0.215321
v1,+3V3,ESP32-S3,U1.2,14159.5,0.215648
v1,+3V3,ESP32-S3,U1.2,14308.6,0.215981
v1,+3V3,ESP32-S3,U1.2,14459.2,0.216321
v1,+3V3,ESP32-S3,U1.2,14611.5,0.216669
v1,+3V3,ESP32-S3,U1.2,14765.4,0.217024
v1,+3V3,ESP32-S3,U1.2,14920.9,0.217386
v1,+3V3,ESP32-S3,U1.2,15078,0.217756
v1,+3V3,ESP32-S3,U1.2,15236.8,0.218134
v1,+3V3,ESP32-S3,U1.2,15397.2,0.21852
v1,+3V3,ESP32-S3,U1.2,15559.4,0.218915
v1,+3V3,ESP32-S3,U1.2,15723.2,0.219318
v1,+3V3,ESP32-S3,U1.2,15888.8,0.219729
v1,+3V3,ESP32-S3,U1.2,16056.2,0.220149
v1,+3V3,ESP32-S3,U1.2,16225.2,0.220578
v1,+3V3,ESP32-S3,U1.2,16396.1,0.221016
v1,+3V3,ESP32-S3,U1.2,16568.8,0.221464
v1,+3V3,ESP32-S3,U1.2,16743.3,0.221921
v1,+3V3,ESP32-S3,U1.2,16919.6,0.222387
v1,+3V3,ESP32-S3,U1.2,17097.8,0.222864
v1,+3V3,ESP32-S3,U1.2,17277.8,0.223351
v1,+3V3,ESP32-S3,U1.2,17459.8,0.223848
v1,+3V3,ESP32-S3,U1.2,17643.6,0.224355
v1,+3V3,ESP32-S3,U1.2,17829.4,0.224873
v1,+3V3,ESP32-S3,U1.2,18017.2,0.225402
v1,+3V3,ESP32-S3,U1.2,18206.9,0.225943
v1,+3V3,ESP32-S3,U1.2,18398.7,0.226495
v1,+3V3,ESP32-S3,U1.2,18592.4,0.227058
v1,+3V3,ESP32-S3,U1.2,18788.2,0.227633
v1,+3V3,ESP32-S3,U1.2,18986.1,0.228221
v1,+3V3,ESP32-S3,U1.2,19186,0.228821
v1,+3V3,ESP32-S3,U1.2,19388,0.229433
v1,+3V3,ESP32-S3,U1.2,19592.2,0.230058
v1,+3V3,ESP32-S3,U1.2,19798.5,0.230696
v1,+3V3,ESP32-S3,U1.2,20007,0.231348
v1,+3V3,ESP32-S3,U1.2,20217.7,0.232013
v1,+3V3,ESP32-S3,U1.2,20430.6,0.232692
v1,+3V3,ESP32-S3,U1.2,20645.8,0.233385
v1,+3V3,ESP32-S3,U1.2,20863.2,0.234093
v1,+3V3,ESP32-S3,U1.2,21082.9,0.234815
v1,+3V3,ESP32-S3,U1.2,21304.9,0.235552
v1,+3V3,ESP32-S3,U1.2,21529.3,0.236304
v1,+3V3,ESP32-S3,U1.2,21756,0.237072
v1,+3V3,ESP32-S3,U1.2,21985.1,0.237856
v1,+3V3,ESP32-S3,U1.2,22216.7,0.238655
v1,+3V3,ESP32-S3,U1.2,22450.6,0.239471
v1,+3V3,ESP32-S3,U1.2,22687,0.240303
v1,+3V3,ESP32-S3,U1.2,22926,0.241152
v1,+3V3,ESP32-S3,U1.2,23167.4,0.242018
v1,+3V3,ESP32-S3,U1.2,23411.4,0.242902
v1,+3V3,ESP32-S3,U1.2,23657.9,0.243803
v1,+3V3,ESP32-S3,U1.2,23907,0.244722
v1,+3V3,ESP32-S3,U1.2,24158.8,0.245659
v1,+3V3,ESP32-S3,U1.2,24413.2,0.246615
v1,+3V3,ESP32-S3,U1.2,24670.3,0.247589
v1,+3V3,ESP32-S3,U1.2,24930.1,0.248583
v1,+3V3,ESP32-S3,U1.2,25192.7,0.249595
v1,+3V3,ESP32-S3,U1.2,25458,0.250627
v1,+3V3,ESP32-S3,U1.2,25726,0.251678
v1,+3V3,ESP32-S3,U1.2,25997,0.252749
v1,+3V3,ESP32-S3,U1.2,26270.7,0.25384
v1,+3V3,ESP32-S3,U1.2,26547.4,0.254952
v1,+3V3,ESP32-S3,U1.2,26827,0.256083
v1,+3V3,ESP32-S3,U1.2,27109.5,0.257235
v1,+3V3,ESP32-S3,U1.2,27395,0.258408
v1,+3V3,ESP32-S3,U1.2,27683.4,0.259601
v1,+3V3,ESP32-S3,U1.2,27975,0.260816
v1,+3V3,ESP32-S3,U1.2,28269.6,0.262051
v1,+3V3,ESP32-S3,U1.2,28567.3,0.263306
v1,+3V3,ESP32-S3,U1.2,28868.1,0.264583
v1,+3V3,ESP32-S3,U1.2,29172.1,0.26588
v1,+3V3,ESP32-S3,U1.2,29479.3,0.267198
v1,+3V3,ESP32-S3,U1.2,29789.8,0.268537
v1,+3V3,ESP32-S3,U1.2,30103.5,0.269896
v1,+3V3,ESP32-S3,U1.2,30420.5,0.271275
v1,+3V3,ESP32-S3,U1.2,30740.9,0.272674
v1,+3V3,ESP32-S3,U1.2,31064.6,0.274092
v1,+3V3,ESP32-S3,U1.2,31391.7,0.275529
v1,+3V3,ESP32-S3,U1.2,31722.3,0.276985
v1,+3V3,ESP32-S3,U1.2,32056.4,0.278458
v1,+3V3,ESP32-S3,U1.2,32394,0.279949
v1,+3V3,ESP32-S3,U1.2,32735.1,0.281456
v1,+3V3,ESP32-S3,U1.2,33079.8,0.282979
v1,+3V3,ESP32-S3,U1.2,33428.2,0.284517
v1,+3V3,ESP32-S3,U1.2,33780.2,0.286068
v1,+3V3,ESP32-S3,U1.2,34136,0.287632
v1,+3V3,ESP32-S3,U1.2,34495.4,0.289206
v1,+3V3,ESP32-S3,U1.2,34858.7,0.290791
v1,+3V3,ESP32-S3,U1.2,35225.8,0.292383
v1,+3V3,ESP32-S3,U1.2,35596.8,0.293982
v1,+3V3,ESP32-S3,U1.2,35971.6,0.295585
v1,+3V3,ESP32-S3,U1.2,36350.4,0.297191
v1,+3V3,ESP32-S3,U1.2,36733.2,0.298797
v1,+3V3,ESP32-S3,U1.2,37120.1,0.3004
v1,+3V3,ESP32-S3,U1.2,37511,0.301999
v1,+3V3,ESP32-S3,U1.2,37906,0.303589
v1,+3V3,ESP32-S3,U1.2,38305.2,0.305169
v1,+3V3,ESP32-S3,U1.2,38708.6,0.306735
v1,+3V3,ESP32-S3,U1.2,39116.2,0.308284
v1,+3V3,ESP32-S3,U1.2,39528.1,0.309812
v1,+3V3,ESP32-S3,U1.2,39944.4,0.311314
v1,+3V3,ESP32-S3,U1.2,40365,0.312788
v1,+3V3,ESP32-S3,U1.2,40790.1,0.314229
v1,+3V3,ESP32-S3,U1.2,41219.7,0.315631
v1,+3V3,ESP32-S3,U1.2,41653.8,0.316992
v1,+3V3,ESP32-S3,U1.2,42092.4,0.318305
v1,+3V3,ESP32-S3,U1.2,42535.7,0.319565
v1,+3V3,ESP32-S3,U1.2,42983.6,0.320768
v1,+3V3,ESP32-S3,U1.2,43436.3,0.321907
v1,+3V3,ESP32-S3,U1.2,43893.7,0.322978
v1,+3V3,ESP32-S3,U1.2,44355.9,0.323974
v1,+3V3,ESP32-S3,U1.2,44823,0.324891
v1,+3V3,ESP32-S3,U1.2,45295.1,0.325721
v1,+3V3,ESP32-S3,U1.2,45772.1,0.326461
v1,+3V3,ESP32-S3,U1.2,46254.1,0.327103
v1,+3V3,ESP32-S3,U1.2,46741.2,0.327642
v1,+3V3,ESP32-S3,U1.2,47233.4,0.328072
v1,+3V3,ESP32-S3,U1.2,47730.8,0.328389
v1,+3V3,ESP32-S3,U1.2,48233.5,0.328587
v1,+3V3,ESP32-S3,U1.2,48741.4,0.328661
v1,+3V3,ESP32-S3,U1.2,49254.7,0.328606
v1,+3V3,ESP32-S3,U1.2,49773.4,0.32842
v1,+3V3,ESP32-S3,U1.2,50297.6,0.328097
v1,+3V3,ESP32-S3,U1.2,50827.2,0.327634
v1,+3V3,ESP32-S3,U1.2,51362.5,0.327029
v1,+3V3,ESP32-S3,U1.2,51903.4,0.326279
v1,+3V3,ESP32-S3,U1.2,52450,0.325384
v1,+3V3,ESP32-S3,U1.2,53002.3,0.324341
v1,+3V3,ESP32-S3,U1.2,53560.5,0.32315
v1,+3V3,ESP32-S3,U1.2,54124.5,0.321812
v1,+3V3,ESP32-S3,U1.2,54694.5,0.320328
v1,+3V3,ESP32-S3,U1.2,55270.5,0.318699
v1,+3V3,ESP32-S3,U1.2,55852.5,0.316927
v1,+3V3,ESP32-S3,U1.2,56440.7,0.315016
v1,+3V3,ESP32-S3,U1.2,57035.1,0.312968
v1,+3V3,ESP32-S3,U1.2,57635.7,0.310788
v1,+3V3,ESP32-S3,U1.2,58242.7,0.30848
v1,+3V3,ESP32-S3,U1.2,58856,0.30605
v1,+3V3,ESP32-S3,U1.2,59475.8,0.303503
v1,+3V3,ESP32-S3,U1.2,60102.1,0.300844
v1,+3V3,ESP32-S3,U1.2,60735.1,0.29808
v1,+3V3,ESP32-S3,U1.2,61374.7,0.295219
v1,+3V3,ESP32-S3,U1.2,62021,0.292265
v1,+3V3,ESP32-S3,U1.2,62674.1,0.289227
v1,+3V3,ESP32-S3,U1.2,63334.1,0.286111
v1,+3V3,ESP32-S3,U1.2,64001.1,0.282924
v1,+3V3,ESP32-S3,U1.2,64675.1,0.279674
v1,+3V3,ESP32-S3,U1.2,65356.2,0.276367
v1,+3V3,ESP32-S3,U1.2,66044.4,0.273011
v1,+3V3,ESP32-S3,U1.2,66739.9,0.269612
v1,+3V3,ESP32-S3,U1.2,67442.8,0.266177
v1,+3V3,ESP32-S3,U1.2,68153,0.262712
v1,+3V3,ESP32-S3,U1.2,68870.7,0.259223
v1,+3V3,ESP32-S3,U1.2,69596,0.255717
v1,+3V3,ESP32-S3,U1.2,70328.9,0.252199
v1,+3V3,ESP32-S3,U1.2,71069.5,0.248675
v1,+3V3,ESP32-S3,U1.2,71817.9,0.245149
v1,+3V3,ESP32-S3,U1.2,72574.2,0.241626
v1,+3V3,ESP32-S3,U1.2,73338.5,0.238111
v1,+3V3,ESP32-S3,U1.2,74110.8,0.234608
v1,+3V3,ESP32-S3,U1.2,74891.3,0.231121
v1,+3V3,ESP32-S3,U1.2,75680,0.227654
v1,+3V3,ESP32-S3,U1.2,76476.9,0.224209
v1,+3V3,ESP32-S3,U1.2,77282.3,0.22079
v1,+3V3,ESP32-S3,U1.2,78096.2,0.217399
v1,+3V3,ESP32-S3,U1.2,78918.6,0.214039
v1,+3V3,ESP32-S3,U1.2,79749.7,0.210712
v1,+3V3,ESP32-S3,U1.2,80589.5,0.20742
v1,+3V3,ESP32-S3,U1.2,81438.2,0.204165
v1,+3V3,ESP32-S3,U1.2,82295.8,0.200948
v1,+3V3,ESP32-S3,U1.2,83162.4,0.19777
v1,+3V3,ESP32-S3,U1.2,84038.2,0.194633
v1,+3V3,ESP32-S3,U1.2,84923.2,0.191538
v1,+3V3,ESP32-S3,U1.2,85817.5,0.188485
v1,+3V3,ESP32-S3,U1.2,86721.3,0.185475
v1,+3V3,ESP32-S3,U1.2,87634.5,0.182509
v1,+3V3,ESP32-S3,U1.2,88557.4,0.179586
v1,+3V3,ESP32-S3,U1.2,89490,0.176707
v1,+3V3,ESP32-S3,U1.2,90432.4,0.173873
v1,+3V3,ESP32-S3,U1.2,91384.7,0.171083
v1,+3V3,ESP32-S3,U1.2,92347.1,0.168336
v1,+3V3,ESP32-S3,U1.2,93319.6,0.165634
v1,+3V3,ESP32-S3,U1.2,94302.3,0.162976
v1,+3V3,ESP32-S3,U1.2,95295.4,0.160361
v1,+3V3,ESP32-S3,U1.2,96298.9,0.157789
v1,+3V3,ESP32-S3,U1.2,97313,0.15526
v1,+3V3,ESP32-S3,U1.2,98337.8,0.152773
v1,+3V3,ESP32-S3,U1.2,99373.4,0.150327
v1,+3V3,ESP32-S3,U1.2,100420,0.147923
v1,+3V3,ESP32-S3,U1.2,101477,0.14556
v1,+3V3,ESP32-S3,U1.2,102546,0.143237
v1,+3V3,ESP32-S3,U1.2,103626,0.140953
v1,+3V3,ESP32-S3,U1.2,104717,0.138709
v1,+3V3,ESP32-S3,U1.2,105820,0.136502
v1,+3V3,ESP32-S3,U1.2,106934,0.134333
v1,+3V3,ESP32-S3,U1.2,108060,0.132201
v1,+3V3,ESP32-S3,U1.2,109198,0.130105
v1,+3V3,ESP32-S3,U1.2,110348,0.128045
v1,+3V3,ESP32-S3,U1.2,111510,0.126019
v1,+3V3,ESP32-S3,U1.2,112685,0.124028
v1,+3V3,ESP32-S3,U1.2,113871,0.12207
v1,+3V3,ESP32-S3,U1.2,115071,0.120145
v1,+3V3,ESP32-S3,U1.2,116282,0.118253
v1,+3V3,ESP32-S3,U1.2,117507,0.116391
v1,+3V3,ESP32-S3,U1.2,118744,0.114561
v1,+3V3,ESP32-S3,U1.2,119995,0.11276
v1,+3V3,ESP32-S3,U1.2,121259,0.110989
v1,+3V3,ESP32-S3,U1.2,122536,0.109247
v1,+3V3,ESP32-S3,U1.2,123826,0.107533
v1,+3V3,ESP32-S3,U1.2,125130,0.105847
v1,+3V3,ESP32-S3,U1.2,126448,0.104188
v1,+3V3,ESP32-S3,U1.2,127779,0.102554
v1,+3V3,ESP32-S3,U1.2,129125,0.100947
v1,+3V3,ESP32-S3,U1.2,130485,0.0993646
v1,+3V3,ESP32-S3,U1.2,131859,0.0978068
v1,+3V3,ESP32-S3,U1.2,133247,0.0962728
v1,+3V3,ESP32-S3,U1.2,134651,0.0947622
v1,+3V3,ESP32-S3,U1.2,136069,0.0932744
v1,+3V3,ESP32-S3,U1.2,137502,0.0918089
v1,+3V3,ESP32-S3,U1.2,138950,0.0903651
v1,+3V3,ESP32-S3,U1.2,140413,0.0889424
v1,+3V3,ESP32-S3,U1.2,141891,0.0875404
v1,+3V3,ESP32-S3,U1.2,143386,0.0861585
v1,+3V3,ESP32-S3,U1.2,144896,0.0847963
v1,+3V3,ESP32-S3,U1.2,146422,0.0834533
v1,+3V3,ESP32-S3,U1.2,147964,0.0821289
v1,+3V3,ESP32-S3,U1.2,149522,0.0808227
v1,+3V3,ESP32-S3,U1.2,151096,0.0795342
v1,+3V3,ESP32-S3,U1.2,152687,0.078263
v1,+3V3,ESP32-S3,U1.2,154295,0.0770086
v1,+3V3,ESP32-S3,U1.2,155920,0.0757705
v1,+3V3,ESP32-S3,U1.2,157562,0.0745485
v1,+3V3,ESP32-S3,U1.2,159222,0.0733419
v1,+3V3,ESP32-S3,U1.2,160898,0.0721504
v1,+3V3,ESP32-S3,U1.2,162593,0.0709737
v1,+3V3,ESP32-S3,U1.2,164305,0.0698112
v1,+3V3,ESP32-S3,U1.2,166035,0.0686625
v1,+3V3,ESP32-S3,U1.2,167784,0.0675274
v1,+3V3,ESP32-S3,U1.2,169551,0.0664054
v1,+3V3,ESP32-S3,U1.2,171336,0.0652961
v1,+3V3,ESP32-S3,U1.2,173140,0.0641991
v1,+3V3,ESP32-S3,U1.2,174964,0.0631141
v1,+3V3,ESP32-S3,U1.2,176806,0.0620407
v1,+3V3,ESP32-S3,U1.2,178668,0.0609785
v1,+3V3,ESP32-S3,U1.2,180550,0.0599272
v1,+3V3,ESP32-S3,U1.2,182451,0.0588864
v1,+3V3,ESP32-S3,U1.2,184372,0.0578558
v1,+3V3,ESP32-S3,U1.2,186314,0.056835
v1,+3V3,ESP32-S3,U1.2,188276,0.0558236
v1,+3V3,ESP32-S3,U1.2,190259,0.0548214
v1,+3V3,ESP32-S3,U1.2,192262,0.0538279
v1,+3V3,ESP32-S3,U1.2,194287,0.0528429
v1,+3V3,ESP32-S3,U1.2,196333,0.051866
v1,+3V3,ESP32-S3,U1.2,198401,0.0508968
v1,+3V3,ESP32-S3,U1.2,200490,0.049935
v1,+3V3,ESP32-S3,U1.2,202601,0.0489803
v1,+3V3,ESP32-S3,U1.2,204735,0.0480323
v1,+3V3,ESP32-S3,U1.2,206891,0.0470907
v1,+3V3,ESP32-S3,U1.2,209070,0.0461551
v1,+3V3,ESP32-S3,U1.2,211271,0.0452251
v1,+3V3,ESP32-S3,U1.2,213496,0.0443005
v1,+3V3,ESP32-S3,U1.2,215745,0.0433809
v1,+3V3,ESP32-S3,U1.2,218017,0.0424658
v1,+3V3,ESP32-S3,U1.2,220312,0.0415551
v1,+3V3,ESP32-S3,U1.2,222633,0.0406481
v1,+3V3,ESP32-S3,U1.2,224977,0.0397447
v1,+3V3,ESP32-S3,U1.2,227346,0.0388444
v1,+3V3,ESP32-S3,U1.2,229740,0.0379469
v1,+3V3,ESP32-S3,U1.2,232160,0.0370516
v1,+3V3,ESP32-S3,U1.2,234605,0.0361584
v1,+3V3,ESP32-S3,U1.2,237075,0.0352666
v1,+3V3,ESP32-S3,U1.2,239572,0.034376
v1,+3V3,ESP32-S3,U1.2,242095,0.0334861
v1,+3V3,ESP32-S3,U1.2,244644,0.0325965
v1,+3V3,ESP32-S3,U1.2,247221,0.0317067
v1,+3V3,ESP32-S3,U1.2,249824,0.0308163
v1,+3V3,ESP32-S3,U1.2,252455,0.0299249
v1,+3V3,ESP32-S3,U1.2,255113,0.029032
v1,+3V3,ESP32-S3,U1.2,257800,0.0281373
v1,+3V3,ESP32-S3,U1.2,260515,0.0272402
v1,+3V3,ESP32-S3,U1.2,263258,0.0263404
v1,+3V3,ESP32-S3,U1.2,266031,0.0254374
v1,+3V3,ESP32-S3,U1.2,268832,0.0245311
v1,+3V3,ESP32-S3,U1.2,271663,0.023621
v1,+3V3,ESP32-S3,U1.2,274524,0.022707
v1,+3V3,ESP32-S3,U1.2,277415,0.0217891
v1,+3V3,ESP32-S3,U1.2,280337,0.0208673
v1,+3V3,ESP32-S3,U1.2,283289,0.019942
v1,+3V3,ESP32-S3,U1.2,286272,0.0190139
v1,+3V3,ESP32-S3,U1.2,289287,0.018084
v1,+3V3,ESP32-S3,U1.2,292333,0.0171542
v1,+3V3,ESP32-S3,U1.2,295412,0.0162271
v1,+3V3,ESP32-S3,U1.2,298523,0.0153066
v1,+3V3,ESP32-S3,U1.2,301666,0.0143983
v1,+3V3,ESP32-S3,U1.2,304843,0.0135103
v1,+3V3,ESP32-S3,U1.2,308053,0.012654
v1,+3V3,ESP32-S3,U1.2,311297,0.0118455
v1,+3V3,ESP32-S3,U1.2,314576,0.0111068
v1,+3V3,ESP32-S3,U1.2,317888,0.0104678
v1,+3V3,ESP32-S3,U1.2,321236,0.00996636
v1,+3V3,ESP32-S3,U1.2,324619,0.00964752
v1,+3V3,ESP32-S3,U1.2,328038,0.00955801
v1,+3V3,ESP32-S3,U1.2,331492,0.00973797
v1,+3V3,ESP32-S3,U1.2,334983,0.0102122
v1,+3V3,ESP32-S3,U1.2,338511,0.0109867
v1,+3V3,ESP32-S3,U1.2,342075,0.0120528
v1,+3V3,ESP32-S3,U1.2,345678,0.0133952
v1,+3V3,ESP32-S3,U1.2,349318,0.0149993
v1,+3V3,ESP32-S3,U1.2,352997,0.0168562
v1,+3V3,ESP32-S3,U1.2,356714,0.018964
v1,+3V3,ESP32-S3,U1.2,360471,0.0213285
v1,+3V3,ESP32-S3,U1.2,364267,0.0239626
v1,+3V3,ESP32-S3,U1.2,368103,0.026886
v1,+3V3,ESP32-S3,U1.2,371979,0.0301244
v1,+3V3,ESP32-S3,U1.2,375896,0.0337088
v1,+3V3,ESP32-S3,U1.2,379855,0.037674
v1,+3V3,ESP32-S3,U1.2,383855,0.0420557
v1,+3V3,ESP32-S3,U1.2,387898,0.0468863
v1,+3V3,ESP32-S3,U1.2,391982,0.0521865
v1,+3V3,ESP32-S3,U1.2,396110,0.0579518
v1,+3V3,ESP32-S3,U1.2,400282,0.0641324
v1,+3V3,ESP32-S3,U1.2,404497,0.0706062
v1,+3V3,ESP32-S3,U1.2,408757,0.0771476
v1,+3V3,ESP32-S3,U1.2,413061,0.0834078
v1,+3V3,ESP32-S3,U1.2,417411,0.0889283
v1,+3V3,ESP32-S3,U1.2,421807,0.0932123
v1,+3V3,ESP32-S3,U1.2,426249,0.0958519
v1,+3V3,ESP32-S3,U1.2,430738,0.0966598
v1,+3V3,ESP32-S3,U1.2,435274,0.0957258
v1,+3V3,ESP32-S3,U1.2,439858,0.0933656
v1,+3V3,ESP32-S3,U1.2,444490,0.0899995
v1,+3V3,ESP32-S3,U1.2,449171,0.0860372
v1,+3V3,ESP32-S3,U1.2,453901,0.0818097
v1,+3V3,ESP32-S3,U1.2,458681,0.0775516
v1,+3V3,ESP32-S3,U1.2,463511,0.0734114
v1,+3V3,ESP32-S3,U1.2,468392,0.0694731
v1,+3V3,ESP32-S3,U1.2,473325,0.0657763
v1,+3V3,ESP32-S3,U1.2,478309,0.0623333
v1,+3V3,ESP32-S3,U1.2,483346,0.0591398
v1,+3V3,ESP32-S3,U1.2,488436,0.0561827
v1,+3V3,ESP32-S3,U1.2,493580,0.0534447
v1,+3V3,ESP32-S3,U1.2,498778,0.0509069
v1,+3V3,ESP32-S3,U1.2,504030,0.0485508
v1,+3V3,ESP32-S3,U1.2,509338,0.0463586
v1,+3V3,ESP32-S3,U1.2,514702,0.0443142
v1,+3V3,ESP32-S3,U1.2,520122,0.0424026
v1,+3V3,ESP32-S3,U1.2,525600,0.0406107
v1,+3V3,ESP32-S3,U1.2,531135,0.0389268
v1,+3V3,ESP32-S3,U1.2,536728,0.0373402
v1,+3V3,ESP32-S3,U1.2,542380,0.0358418
v1,+3V3,ESP32-S3,U1.2,548092,0.0344233
v1,+3V3,ESP32-S3,U1.2,553864,0.0330775
v1,+3V3,ESP32-S3,U1.2,559697,0.031798
v1,+3V3,ESP32-S3,U1.2,565591,0.0305791
v1,+3V3,ESP32-S3,U1.2,571547,0.0294158
v1,+3V3,ESP32-S3,U1.2,577566,0.0283035
v1,+3V3,ESP32-S3,U1.2,583648,0.0272384
v1,+3V3,ESP32-S3,U1.2,589794,0.026217
v1,+3V3,ESP32-S3,U1.2,596005,0.0252362
v1,+3V3,ESP32-S3,U1.2,602282,0.0242931
v1,+3V3,ESP32-S3,U1.2,608624,0.0233856
v1,+3V3,ESP32-S3,U1.2,615034,0.0225113
v1,+3V3,ESP32-S3,U1.2,621511,0.0216685
v1,+3V3,ESP32-S3,U1.2,628056,0.0208555
v1,+3V3,ESP32-S3,U1.2,634670,0.0200711
v1,+3V3,ESP32-S3,U1.2,641353,0.019314
v1,+3V3,ESP32-S3,U1.2,648107,0.0185832
v1,+3V3,ESP32-S3,U1.2,654933,0.0178782
v1,+3V3,ESP32-S3,U1.2,661830,0.0171982
v1,+3V3,ESP32-S3,U1.2,668799,0.016543
v1,+3V3,ESP32-S3,U1.2,675842,0.0159124
v1,+3V3,ESP32-S3,U1.2,682959,0.0153064
v1,+3V3,ESP32-S3,U1.2,690152,0.0147253
v1,+3V3,ESP32-S3,U1.2,697419,0.0141696
v1,+3V3,ESP32-S3,U1.2,704764,0.0136399
v1,+3V3,ESP32-S3,U1.2,712186,0.0131372
v1,+3V3,ESP32-S3,U1.2,719686,0.0126625
v1,+3V3,ESP32-S3,U1.2,727265,0.0122172
v1,+3V3,ESP32-S3,U1.2,734923,0.011803
v1,+3V3,ESP32-S3,U1.2,742663,0.0114215
v1,+3V3,ESP32-S3,U1.2,750484,0.0110749
v1,+3V3,ESP32-S3,U1.2,758387,0.0107651
v1,+3V3,ESP32-S3,U1.2,766373,0.0104943
v1,+3V3,ESP32-S3,U1.2,774444,0.0102649
v1,+3V3,ESP32-S3,U1.2,782600,0.0100789
v1,+3V3,ESP32-S3,U1.2,790841,0.00993831
v1,+3V3,ESP32-S3,U1.2,799169,0.00984475
v1,+3V3,ESP32-S3,U1.2,807585,0.00979954
v1,+3V3,ESP32-S3,U1.2,816090,0.00980355
v1,+3V3,ESP32-S3,U1.2,824684,0.00985715
v1,+3V3,ESP32-S3,U1.2,833369,0.00996021
v1,+3V3,ESP32-S3,U1.2,842145,0.0101122
v1,+3V3,ESP32-S3,U1.2,851013,0.0103121
v1,+3V3,ESP32-S3,U1.2,859975,0.0105588
v1,+3V3,ESP32-S3,U1.2,869031,0.0108507
v1,+3V3,ESP32-S3,U1.2,878183,0.0111862
v1,+3V3,ESP32-S3,U1.2,887431,0.0115639
v1,+3V3,ESP32-S3,U1.2,896777,0.0119819
v1,+3V3,ESP32-S3,U1.2,906220,0.0124386
v1,+3V3,ESP32-S3,U1.2,915764,0.0129319
v1,+3V3,ESP32-S3,U1.2,925408,0.0134594
v1,+3V3,ESP32-S3,U1.2,935153,0.0140175
v1,+3V3,ESP32-S3,U1.2,945001,0.014601
v1,+3V3,ESP32-S3,U1.2,954953,0.0152017
v1,+3V3,ESP32-S3,U1.2,965009,0.0158063
v1,+3V3,ESP32-S3,U1.2,975171,0.016394
v1,+3V3,ESP32-S3,U1.2,985441,0.0169326
v1,+3V3,ESP32-S3,U1.2,995818,0.0173741
v1,+3V3,ESP32-S3,U1.2,1.00631e+06,0.0176531
v1,+3V3,ESP32-S3,U1.2,1.0169e+06,0.0176903
v1,+3V3,ESP32-S3,U1.2,1.02761e+06,0.0174096
v1,+3V3,ESP32-S3,U1.2,1.03843e+06,0.0167727
v1,+3V3,ESP32-S3,U1.2,1.04937e+06,0.0158171
v1,+3V3,ESP32-S3,U1.2,1.06042e+06,0.0146721
v1,+3V3,ESP32-S3,U1.2,1.07159e+06,0.0135289
v1,+3V3,ESP32-S3,U1.2,1.08287e+06,0.0125771
v1,+3V3,ESP32-S3,U1.2,1.09428e+06,0.0119453
v1,+3V3,ESP32-S3,U1.2,1.1058e+06,0.0116745
v1,+3V3,ESP32-S3,U1.2,1.11744e+06,0.011731
v1,+3V3,ESP32-S3,U1.2,1.12921e+06,0.0120418
v1,+3V3,ESP32-S3,U1.2,1.1411e+06,0.0125293
v1,+3V3,ESP32-S3,U1.2,1.15312e+06,0.0131296
v1,+3V3,ESP32-S3,U1.2,1.16526e+06,0.0137969
v1,+3V3,ESP32-S3,U1.2,1.17753e+06,0.014501
v1,+3V3,ESP32-S3,U1.2,1.18993e+06,0.0152231
v1,+3V3,ESP32-S3,U1.2,1.20247e+06,0.0159518
v1,+3V3,ESP32-S3,U1.2,1.21513e+06,0.0166807
v1,+3V3,ESP32-S3,U1.2,1.22793e+06,0.0174061
v1,+3V3,ESP32-S3,U1.2,1.24086e+06,0.0181263
v1,+3V3,ESP32-S3,U1.2,1.25392e+06,0.0188409
v1,+3V3,ESP32-S3,U1.2,1.26713e+06,0.0195498
v1,+3V3,ESP32-S3,U1.2,1.28047e+06,0.0202534
v1,+3V3,ESP32-S3,U1.2,1.29396e+06,0.0209524
v1,+3V3,ESP32-S3,U1.2,1.30758e+06,0.0216475
v1,+3V3,ESP32-S3,U1.2,1.32135e+06,0.0223395
v1,+3V3,ESP32-S3,U1.2,1.33527e+06,0.023029
v1,+3V3,ESP32-S3,U1.2,1.34933e+06,0.0237169
v1,+3V3,ESP32-S3,U1.2,1.36354e+06,0.0244039
v1,+3V3,ESP32-S3,U1.2,1.3779e+06,0.0250906
v1,+3V3,ESP32-S3,U1.2,1.39241e+06,0.0257776
v1,+3V3,ESP32-S3,U1.2,1.40707e+06,0.0264656
v1,+3V3,ESP32-S3,U1.2,1.42189e+06,0.0271551
v1,+3V3,ESP32-S3,U1.2,1.43686e+06,0.0278467
v1,+3V3,ESP32-S3,U1.2,1.452e+06,0.0285407
v1,+3V3,ESP32-S3,U1.2,1.46729e+06,0.0292378
v1,+3V3,ESP32-S3,U1.2,1.48274e+06,0.0299384
v1,+3V3,ESP32-S3,U1.2,1.49835e+06,0.0306429
v1,+3V3,ESP32-S3,U1.2,1.51413e+06,0.0313518
v1,+3V3,ESP32-S3,U1.2,1.53008e+06,0.0320654
v1,+3V3,ESP32-S3,U1.2,1.54619e+06,0.0327841
v1,+3V3,ESP32-S3,U1.2,1.56247e+06,0.0335085
v1,+3V3,ESP32-S3,U1.2,1.57893e+06,0.0342387
v1,+3V3,ESP32-S3,U1.2,1.59555e+06,0.0349753
v1,+3V3,ESP32-S3,U1.2,1.61236e+06,0.0357186
v1,+3V3,ESP32-S3,U1.2,1.62934e+06,0.036469
v1,+3V3,ESP32-S3,U1.2,1.6465e+06,0.0372268
v1,+3V3,ESP32-S3,U1.2,1.66383e+06,0.0379926
v1,+3V3,ESP32-S3,U1.2,1.68136e+06,0.0387665
v1,+3V3,ESP32-S3,U1.2,1.69906e+06,0.0395491
v1,+3V3,ESP32-S3,U1.2,1.71695e+06,0.0403407
v1,+3V3,ESP32-S3,U1.2,1.73504e+06,0.0411417
v1,+3V3,ESP32-S3,U1.2,1.75331e+06,0.0419526
v1,+3V3,ESP32-S3,U1.2,1.77177e+06,0.0427738
v1,+3V3,ESP32-S3,U1.2,1.79043e+06,0.0436056
v1,+3V3,ESP32-S3,U1.2,1.80928e+06,0.0444487
v1,+3V3,ESP32-S3,U1.2,1.82834e+06,0.0453033
v1,+3V3,ESP32-S3,U1.2,1.84759e+06,0.04617
v1,+3V3,ESP32-S3,U1.2,1.86705e+06,0.0470494
v1,+3V3,ESP32-S3,U1.2,1.88671e+06,0.0479418
v1,+3V3,ESP32-S3,U1.2,1.90658e+06,0.0488479
v1,+3V3,ESP32-S3,U1.2,1.92666e+06,0.0497682
v1,+3V3,ESP32-S3,U1.2,1.94695e+06,0.0507032
v1,+3V3,ESP32-S3,U1.2,1.96745e+06,0.0516536
v1,+3V3,ESP32-S3,U1.2,1.98817e+06,0.05262
v1,+3V3,ESP32-S3,U1.2,2.00911e+06,0.0536031
v1,+3V3,ESP32-S3,U1.2,2.03026e+06,0.0546035
v1,+3V3,ESP32-S3,U1.2,2.05164e+06,0.055622
v1,+3V3,ESP32-S3,U1.2,2.07325e+06,0.0566593
v1,+3V3,ESP32-S3,U1.2,2.09508e+06,0.0577163
v1,+3V3,ESP32-S3,U1.2,2.11715e+06,0.0587937
v1,+3V3,ESP32-S3,U1.2,2.13944e+06,0.0598925
v1,+3V3,ESP32-S3,U1.2,2.16197e+06,0.0610136
v1,+3V3,ESP32-S3,U1.2,2.18474e+06,0.062158
v1,+3V3,ESP32-S3,U1.2,2.20775e+06,0.0633267
v1,+3V3,ESP32-S3,U1.2,2.231e+06,0.0645208
v1,+3V3,ESP32-S3,U1.2,2.25449e+06,0.0657416
v1,+3V3,ESP32-S3,U1.2,2.27823e+06,0.0669902
v1,+3V3,ESP32-S3,U1.2,2.30222e+06,0.068268
v1,+3V3,ESP32-S3,U1.2,2.32647e+06,0.0695764
v1,+3V3,ESP32-S3,U1.2,2.35097e+06,0.0709169
v1,+3V3,ESP32-S3,U1.2,2.37573e+06,0.0722911
v1,+3V3,ESP32-S3,U1.2,2.40074e+06,0.0737007
v1,+3V3,ESP32-S3,U1.2,2.42603e+06,0.0751475
v1,+3V3,ESP32-S3,U1.2,2.45157e+06,0.0766335
v1,+3V3,ESP32-S3,U1.2,2.47739e+06,0.0781608
v1,+3V3,ESP32-S3,U1.2,2.50348e+06,0.0797317
v1,+3V3,ESP32-S3,U1.2,2.52984e+06,0.0813486
v1,+3V3,ESP32-S3,U1.2,2.55649e+06,0.0830141
v1,+3V3,ESP32-S3,U1.2,2.58341e+06,0.084731
v1,+3V3,ESP32-S3,U1.2,2.61061e+06,0.0865024
v1,+3V3,ESP32-S3,U1.2,2.63811e+06,0.0883316
v1,+3V3,ESP32-S3,U1.2,2.66589e+06,0.0902221
v1,+3V3,ESP32-S3,U1.2,2.69396e+06,0.0921779
v1,+3V3,ESP32-S3,U1.2,2.72233e+06,0.0942032
v1,+3V3,ESP32-S3,U1.2,2.751e+06,0.0963027
v1,+3V3,ESP32-S3,U1.2,2.77997e+06,0.0984813
v1,+3V3,ESP32-S3,U1.2,2.80925e+06,0.100745
v1,+3V3,ESP32-S3,U1.2,2.83883e+06,0.103099
v1,+3V3,ESP32-S3,U1.2,2.86872e+06,0.10555
v1,+3V3,ESP32-S3,U1.2,2.89893e+06,0.108106
v1,+3V3,ESP32-S3,U1.2,2.92946e+06,0.110776
v1,+3V3,ESP32-S3,U1.2,2.96031e+06,0.113567
v1,+3V3,ESP32-S3,U1.2,2.99149e+06,0.11649
v1,+3V3,ESP32-S3,U1.2,3.02299e+06,0.119556
v1,+3V3,ESP32-S3,U1.2,3.05483e+06,0.122778
v1,+3V3,ESP32-S3,U1.2,3.087e+06,0.126169
v1,+3V3,ESP32-S3,U1.2,3.1195e+06,0.129745
v1,+3V3,ESP32-S3,U1.2,3.15236e+06,0.133525
v1,+3V3,ESP32-S3,U1.2,3.18555e+06,0.137527
v1,+3V3,ESP32-S3,U1.2,3.2191e+06,0.141775
v1,+3V3,ESP32-S3,U1.2,3.253e+06,0.146295
v1,+3V3,ESP32-S3,U1.2,3.28726e+06,0.151117
v1,+3V3,ESP32-S3,U1.2,3.32187e+06,0.156275
v1,+3V3,ESP32-S3,U1.2,3.35686e+06,0.161809
v1,+3V3,ESP32-S3,U1.2,3.39221e+06,0.167765
v1,+3V3,ESP32-S3,U1.2,3.42793e+06,0.174196
v1,+3V3,ESP32-S3,U1.2,3.46403e+06,0.181167
v1,+3V3,ESP32-S3,U1.2,3.50051e+06,0.188752
v1,+3V3,ESP32-S3,U1.2,3.53737e+06,0.197041
v1,+3V3,ESP32-S3,U1.2,3.57462e+06,0.206138
v1,+3V3,ESP32-S3,U1.2,3.61227e+06,0.216172
v1,+3V3,ESP32-S3,U1.2,3.65031e+06,0.227298
v1,+3V3,ESP32-S3,U1.2,3.68875e+06,0.239703
v1,+3V3,ESP32-S3,U1.2,3.72759e+06,0.253615
v1,+3V3,ESP32-S3,U1.2,3.76685e+06,0.269316
v1,+3V3,ESP32-S3,U1.2,3.80652e+06,0.28715
v1,+3V3,ESP32-S3,U1.2,3.8466e+06,0.307534
v1,+3V3,ESP32-S3,U1.2,3.88711e+06,0.330972
v1,+3V3,ESP32-S3,U1.2,3.92805e+06,0.358045
v1,+3V3,ESP32-S3,U1.2,3.96941e+06,0.389376
v1,+3V3,ESP32-S3,U1.2,4.01121e+06,0.425507
v1,+3V3,ESP32-S3,U1.2,4.05345e+06,0.466592
v1,+3V3,ESP32-S3,U1.2,4.09614e+06,0.511738
v1,+3V3,ESP32-S3,U1.2,4.13928e+06,0.557813
v1,+3V3,ESP32-S3,U1.2,4.18287e+06,0.597971
v1,+3V3,ESP32-S3,U1.2,4.22692e+06,0.621588
v1,+3V3,ESP32-S3,U1.2,4.27143e+06,0.618545
v1,+3V3,ESP32-S3,U1.2,4.31641e+06,0.586848
v1,+3V3,ESP32-S3,U1.2,4.36187e+06,0.534914
v1,+3V3,ESP32-S3,U1.2,4.4078e+06,0.475008
v1,+3V3,ESP32-S3,U1.2,4.45422e+06,0.416323
v1,+3V3,ESP32-S3,U1.2,4.50113e+06,0.363349
v1,+3V3,ESP32-S3,U1.2,4.54853e+06,0.317347
v1,+3V3,ESP32-S3,U1.2,4.59643e+06,0.278014
v1,+3V3,ESP32-S3,U1.2,4.64483e+06,0.244493
v1,+3V3,ESP32-S3,U1.2,4.69375e+06,0.215837
v1,+3V3,ESP32-S3,U1.2,4.74318e+06,0.191187
v1,+3V3,ESP32-S3,U1.2,4.79312e+06,0.169823
v1,+3V3,ESP32-S3,U1.2,4.8436e+06,0.151159
v1,+3V3,ESP32-S3,U1.2,4.89461e+06,0.134726
v1,+3V3,ESP32-S3,U1.2,4.94615e+06,0.12015
v1,+3V3,ESP32-S3,U1.2,4.99824e+06,0.107134
v1,+3V3,ESP32-S3,U1.2,5.05088e+06,0.095442
v1,+3V3,ESP32-S3,U1.2,5.10407e+06,0.0848884
v1,+3V3,ESP32-S3,U1.2,5.15782e+06,0.0753293
v1,+3V3,ESP32-S3,U1.2,5.21213e+06,0.0666577
v1,+3V3,ESP32-S3,U1.2,5.26702e+06,0.058801
v1,+3V3,ESP32-S3,U1.2,5.32249e+06,0.0517221
v1,+3V3,ESP32-S3,U1.2,5.37854e+06,0.0454238
v1,+3V3,ESP32-S3,U1.2,5.43518e+06,0.0399566
v1,+3V3,ESP32-S3,U1.2,5.49242e+06,0.0354262
v1,+3V3,ESP32-S3,U1.2,5.55026e+06,0.031993
v1,+3V3,ESP32-S3,U1.2,5.60871e+06,0.0298426
v1,+3V3,ESP32-S3,U1.2,5.66777e+06,0.0291135
v1,+3V3,ESP32-S3,U1.2,5.72746e+06,0.0298113
v1,+3V3,ESP32-S3,U1.2,5.78777e+06,0.0317866
v1,+3V3,ESP32-S3,U1.2,5.84872e+06,0.0348022
v1,+3V3,ESP32-S3,U1.2,5.91031e+06,0.0386238
v1,+3V3,ESP32-S3,U1.2,5.97255e+06,0.0430693
v1,+3V3,ESP32-S3,U1.2,6.03545e+06,0.0480179
v1,+3V3,ESP32-S3,U1.2,6.09901e+06,0.0533999
v1,+3V3,ESP32-S3,U1.2,6.16324e+06,0.0591845
v1,+3V3,ESP32-S3,U1.2,6.22814e+06,0.0653699
v1,+3V3,ESP32-S3,U1.2,6.29373e+06,0.0719765
v1,+3V3,ESP32-S3,U1.2,6.36001e+06,0.0790429
v1,+3V3,ESP32-S3,U1.2,6.42698e+06,0.0866234
v1,+3V3,ESP32-S3,U1.2,6.49467e+06,0.0947872
v1,+3V3,ESP32-S3,U1.2,6.56306e+06,0.103617
v1,+3V3,ESP32-S3,U1.2,6.63218e+06,0.113205
v1,+3V3,ESP32-S3,U1.2,6.70202e+06,0.123652
v1,+3V3,ESP32-S3,U1.2,6.7726e+06,0.135054
v1,+3V3,ESP32-S3,U1.2,6.84392e+06,0.147481
v1,+3V3,ESP32-S3,U1.2,6.91599e+06,0.160945
v1,+3V3,ESP32-S3,U1.2,6.98882e+06,0.175326
v1,+3V3,ESP32-S3,U1.2,7.06242e+06,0.190276
v1,+3V3,ESP32-S3,U1.2,7.13679e+06,0.205076
v1,+3V3,ESP32-S3,U1.2,7.21195e+06,0.21851
v1,+3V3,ESP32-S3,U1.2,7.2879e+06,0.228874
v1,+3V3,ESP32-S3,U1.2,7.36465e+06,0.234302
v1,+3V3,ESP32-S3,U1.2,7.4422e+06,0.233451
v1,+3V3,ESP32-S3,U1.2,7.52058e+06,0.226188
v1,+3V3,ESP32-S3,U1.2,7.59977e+06,0.213709
v1,+3V3,ESP32-S3,U1.2,7.67981e+06,0.197949
v1,+3V3,ESP32-S3,U1.2,7.76068e+06,0.180816
v1,+3V3,ESP32-S3,U1.2,7.84241e+06,0.163725
v1,+3V3,ESP32-S3,U1.2,7.925e+06,0.147521
v1,+3V3,ESP32-S3,U1.2,8.00845e+06,0.132607
v1,+3V3,ESP32-S3,U1.2,8.09279e+06,0.119106
v1,+3V3,ESP32-S3,U1.2,8.17801e+06,0.106988
v1,+3V3,ESP32-S3,U1.2,8.26414e+06,0.0961513
v1,+3V3,ESP32-S3,U1.2,8.35116e+06,0.0864705
v1,+3V3,ESP32-S3,U1.2,8.43911e+06,0.0778203
v1,+3V3,ESP32-S3,U1.2,8.52798e+06,0.070087
v1,+3V3,ESP32-S3,U1.2,8.61779e+06,0.0631731
v1,+3V3,ESP32-S3,U1.2,8.70854e+06,0.0569989
v1,+3V3,ESP32-S3,U1.2,8.80025e+06,0.0515021
v1,+3V3,ESP32-S3,U1.2,8.89292e+06,0.0466371
v1,+3V3,ESP32-S3,U1.2,8.98657e+06,0.0423735
v1,+3V3,ESP32-S3,U1.2,9.08121e+06,0.0386945
v1,+3V3,ESP32-S3,U1.2,9.17684e+06,0.0355944
v1,+3V3,ESP32-S3,U1.2,9.27348e+06,0.0330741
v1,+3V3,ESP32-S3,U1.2,9.37114e+06,0.0311358
v1,+3V3,ESP32-S3,U1.2,9.46983e+06,0.0297751
v1,+3V3,ESP32-S3,U1.2,9.56955e+06,0.0289745
v1,+3V3,ESP32-S3,U1.2,9.67033e+06,0.0286988
v1,+3V3,ESP32-S3,U1.2,9.77217e+06,0.0288958
v1,+3V3,ESP32-S3,U1.2,9.87508e+06,0.0295013
v1,+3V3,ESP32-S3,U1.2,9.97907e+06,0.030447
v1,+3V3,ESP32-S3,U1.2,1.00842e+07,0.031667
v1,+3V3,ESP32-S3,U1.2,1.01904e+07,0.0331025
v1,+3V3,ESP32-S3,U1.2,1.02977e+07,0.034704
v1,+3V3,ESP32-S3,U1.2,1.04061e+07,0.0364313
v1,+3V3,ESP32-S3,U1.2,1.05157e+07,0.0382525
v1,+3V3,ESP32-S3,U1.2,1.06264e+07,0.0401429
v1,+3V3,ESP32-S3,U1.2,1.07383e+07,0.0420835
v1,+3V3,ESP32-S3,U1.2,1.08514e+07,0.04406
v1,+3V3,ESP32-S3,U1.2,1.09657e+07,0.0460612
v1,+3V3,ESP32-S3,U1.2,1.10812e+07,0.0480791
v1,+3V3,ESP32-S3,U1.2,1.11979e+07,0.0501073
v1,+3V3,ESP32-S3,U1.2,1.13158e+07,0.0521414
v1,+3V3,ESP32-S3,U1.2,1.1435e+07,0.054178
v1,+3V3,ESP32-S3,U1.2,1.15554e+07,0.0562146
v1,+3V3,ESP32-S3,U1.2,1.16771e+07,0.0582494
v1,+3V3,ESP32-S3,U1.2,1.18e+07,0.0602814
v1,+3V3,ESP32-S3,U1.2,1.19243e+07,0.0623098
v1,+3V3,ESP32-S3,U1.2,1.20499e+07,0.064334
v1,+3V3,ESP32-S3,U1.2,1.21768e+07,0.066354
v1,+3V3,ESP32-S3,U1.2,1.2305e+07,0.0683698
v1,+3V3,ESP32-S3,U1.2,1.24346e+07,0.0703814
v1,+3V3,ESP32-S3,U1.2,1.25655e+07,0.0723892
v1,+3V3,ESP32-S3,U1.2,1.26979e+07,0.0743935
v1,+3V3,ESP32-S3,U1.2,1.28316e+07,0.0763948
v1,+3V3,ESP32-S3,U1.2,1.29667e+07,0.0783934
v1,+3V3,ESP32-S3,U1.2,1.31033e+07,0.08039
v1,+3V3,ESP32-S3,U1.2,1.32413e+07,0.0823849
v1,+3V3,ESP32-S3,U1.2,1.33807e+07,0.0843788
v1,+3V3,ESP32-S3,U1.2,1.35216e+07,0.0863721
v1,+3V3,ESP32-S3,U1.2,1.3664e+07,0.0883655
v1,+3V3,ESP32-S3,U1.2,1.38079e+07,0.0903594
v1,+3V3,ESP32-S3,U1.2,1.39533e+07,0.0923545
v1,+3V3,ESP32-S3,U1.2,1.41002e+07,0.0943513
v1,+3V3,ESP32-S3,U1.2,1.42487e+07,0.0963502
v1,+3V3,ESP32-S3,U1.2,1.43988e+07,0.0983519
v1,+3V3,ESP32-S3,U1.2,1.45504e+07,0.100357
v1,+3V3,ESP32-S3,U1.2,1.47036e+07,0.102366
v1,+3V3,ESP32-S3,U1.2,1.48585e+07,0.104379
v1,+3V3,ESP32-S3,U1.2,1.5015e+07,0.106396
v1,+3V3,ESP32-S3,U1.2,1.51731e+07,0.108419
v1,+3V3,ESP32-S3,U1.2,1.53329e+07,0.110448
v1,+3V3,ESP32-S3,U1.2,1.54943e+07,0.112483
v1,+3V3,ESP32-S3,U1.2,1.56575e+07,0.114525
v1,+3V3,ESP32-S3,U1.2,1.58224e+07,0.116573
v1,+3V3,ESP32-S3,U1.2,1.5989e+07,0.11863
v1,+3V3,ESP32-S3,U1.2,1.61574e+07,0.120694
v1,+3V3,ESP32-S3,U1.2,1.63275e+07,0.122767
v1,+3V3,ESP32-S3,U1.2,1.64995e+07,0.124848
v1,+3V3,ESP32-S3,U1.2,1.66732e+07,0.126939
v1,+3V3,ESP32-S3,U1.2,1.68488e+07,0.129039
v1,+3V3,ESP32-S3,U1.2,1.70263e+07,0.13115
v1,+3V3,ESP32-S3,U1.2,1.72056e+07,0.133271
v1,+3V3,ESP32-S3,U1.2,1.73867e+07,0.135403
v1,+3V3,ESP32-S3,U1.2,1.75698e+07,0.137546
v1,+3V3,ESP32-S3,U1.2,1.77549e+07,0.139701
v1,+3V3,ESP32-S3,U1.2,1.79418e+07,0.141868
v1,+3V3,ESP32-S3,U1.2,1.81308e+07,0.144047
v1,+3V3,ESP32-S3,U1.2,1.83217e+07,0.146239
v1,+3V3,ESP32-S3,U1.2,1.85147e+07,0.148444
v1,+3V3,ESP32-S3,U1.2,1.87096e+07,0.150662
v1,+3V3,ESP32-S3,U1.2,1.89067e+07,0.152895
v1,+3V3,ESP32-S3,U1.2,1.91058e+07,0.155141
v1,+3V3,ESP32-S3,U1.2,1.9307e+07,0.157403
v1,+3V3,ESP32-S3,U1.2,1.95103e+07,0.159678
v1,+3V3,ESP32-S3,U1.2,1.97158e+07,0.16197
v1,+3V3,ESP32-S3,U1.2,1.99234e+07,0.164277
v1,+3V3,ESP32-S3,U1.2,2.01332e+07,0.166599
v1,+3V3,ESP32-S3,U1.2,2.03452e+07,0.168938
v1,+3V3,ESP32-S3,U1.2,2.05595e+07,0.171294
v1,+3V3,ESP32-S3,U1.2,2.0776e+07,0.173667
v1,+3V3,ESP32-S3,U1.2,2.09948e+07,0.176056
v1,+3V3,ESP32-S3,U1.2,2.12159e+07,0.178464
v1,+3V3,ESP32-S3,U1.2,2.14393e+07,0.180889
v1,+3V3,ESP32-S3,U1.2,2.16651e+07,0.183333
v1,+3V3,ESP32-S3,U1.2,2.18932e+07,0.185796
v1,+3V3,ESP32-S3,U1.2,2.21238e+07,0.188277
v1,+3V3,ESP32-S3,U1.2,2.23567e+07,0.190778
v1,+3V3,ESP32-S3,U1.2,2.25922e+07,0.193298
v1,+3V3,ESP32-S3,U1.2,2.28301e+07,0.195839
v1,+3V3,ESP32-S3,U1.2,2.30705e+07,0.198399
v1,+3V3,ESP32-S3,U1.2,2.33135e+07,0.200981
v1,+3V3,ESP32-S3,U1.2,2.3559e+07,0.203583
v1,+3V3,ESP32-S3,U1.2,2.38071e+07,0.206207
v1,+3V3,ESP32-S3,U1.2,2.40578e+07,0.208852
v1,+3V3,ESP32-S3,U1.2,2.43111e+07,0.211519
v1,+3V3,ESP32-S3,U1.2,2.45672e+07,0.214209
v1,+3V3,ESP32-S3,U1.2,2.48259e+07,0.216922
v1,+3V3,ESP32-S3,U1.2,2.50873e+07,0.219657
v1,+3V3,ESP32-S3,U1.2,2.53515e+07,0.222416
v1,+3V3,ESP32-S3,U1.2,2.56185e+07,0.225199
v1,+3V3,ESP32-S3,U1.2,2.58883e+07,0.228006
v1,+3V3,ESP32-S3,U1.2,2.61609e+07,0.230837
v1,+3V3,ESP32-S3,U1.2,2.64364e+07,0.233693
v1,+3V3,ESP32-S3,U1.2,2.67148e+07,0.236574
v1,+3V3,ESP32-S3,U1.2,2.69961e+07,0.239481
v1,+3V3,ESP32-S3,U1.2,2.72804e+07,0.242413
v1,+3V3,ESP32-S3,U1.2,2.75677e+07,0.245372
v1,+3V3,ESP32-S3,U1.2,2.7858e+07,0.248357
v1,+3V3,ESP32-S3,U1.2,2.81514e+07,0.251369
v1,+3V3,ESP32-S3,U1.2,2.84478e+07,0.254409
v1,+3V3,ESP32-S3,U1.2,2.87474e+07,0.257476
v1,+3V3,ESP32-S3,U1.2,2.90501e+07,0.260572
v1,+3V3,ESP32-S3,U1.2,2.93561e+07,0.263696
v1,+3V3,ESP32-S3,U1.2,2.96652e+07,0.266848
v1,+3V3,ESP32-S3,U1.2,2.99776e+07,0.27003
v1,+3V3,ESP32-S3,U1.2,3.02933e+07,0.273241
v1,+3V3,ESP32-S3,U1.2,3.06123e+07,0.276483
v1,+3V3,ESP32-S3,U1.2,3.09347e+07,0.279754
v1,+3V3,ESP32-S3,U1.2,3.12605e+07,0.283057
v1,+3V3,ESP32-S3,U1.2,3.15897e+07,0.286391
v1,+3V3,ESP32-S3,U1.2,3.19223e+07,0.289756
v1,+3V3,ESP32-S3,U1.2,3.22585e+07,0.293153
v1,+3V3,ESP32-S3,U1.2,3.25982e+07,0.296582
v1,+3V3,ESP32-S3,U1.2,3.29415e+07,0.300045
v1,+3V3,ESP32-S3,U1.2,3.32884e+07,0.30354
v1,+3V3,ESP32-S3,U1.2,3.3639e+07,0.307069
v1,+3V3,ESP32-S3,U1.2,3.39932e+07,0.310632
v1,+3V3,ESP32-S3,U1.2,3.43512e+07,0.31423
v1,+3V3,ESP32-S3,U1.2,3.47129e+07,0.317862
v1,+3V3,ESP32-S3,U1.2,3.50785e+07,0.32153
v1,+3V3,ESP32-S3,U1.2,3.54479e+07,0.325234
v1,+3V3,ESP32-S3,U1.2,3.58212e+07,0.328974
v1,+3V3,ESP32-S3,U1.2,3.61984e+07,0.33275
v1,+3V3,ESP32-S3,U1.2,3.65796e+07,0.336563
v1,+3V3,ESP32-S3,U1.2,3.69648e+07,0.340415
v1,+3V3,ESP32-S3,U1.2,3.73541e+07,0.344304
v1,+3V3,ESP32-S3,U1.2,3.77475e+07,0.348231
v1,+3V3,ESP32-S3,U1.2,3.8145e+07,0.352198
v1,+3V3,ESP32-S3,U1.2,3.85467e+07,0.356204
v1,+3V3,ESP32-S3,U1.2,3.89526e+07,0.36025
v1,+3V3,ESP32-S3,U1.2,3.93628e+07,0.364336
v1,+3V3,ESP32-S3,U1.2,3.97774e+07,0.368463
v1,+3V3,ESP32-S3,U1.2,4.01963e+07,0.372632
v1,+3V3,ESP32-S3,U1.2,4.06196e+07,0.376843
v1,+3V3,ESP32-S3,U1.2,4.10473e+07,0.381095
v1,+3V3,ESP32-S3,U1.2,4.14796e+07,0.385391
v1,+3V3,ESP32-S3,U1.2,4.19164e+07,0.389731
v1,+3V3,ESP32-S3,U1.2,4.23578e+07,0.394114
v1,+3V3,ESP32-S3,U1.2,4.28039e+07,0.398542
v1,+3V3,ESP32-S3,U1.2,4.32546e+07,0.403015
v1,+3V3,ESP32-S3,U1.2,4.37102e+07,0.407533
v1,+3V3,ESP32-S3,U1.2,4.41705e+07,0.412098
v1,+3V3,ESP32-S3,U1.2,4.46356e+07,0.416709
v1,+3V3,ESP32-S3,U1.2,4.51057e+07,0.421367
v1,+3V3,ESP32-S3,U1.2,4.55807e+07,0.426074
v1,+3V3,ESP32-S3,U1.2,4.60607e+07,0.430828
v1,+3V3,ESP32-S3,U1.2,4.65457e+07,0.435632
v1,+3V3,ESP32-S3,U1.2,4.70359e+07,0.440485
v1,+3V3,ESP32-S3,U1.2,4.75312e+07,0.445389
v1,+3V3,ESP32-S3,U1.2,4.80318e+07,0.450343
v1,+3V3,ESP32-S3,U1.2,4.85376e+07,0.455349
v1,+3V3,ESP32-S3,U1.2,4.90487e+07,0.460406
v1,+3V3,ESP32-S3,U1.2,4.95653e+07,0.465517
v1,+3V3,ESP32-S3,U1.2,5.00872e+07,0.47068
v1,+3V3,ESP32-S3,U1.2,5.06147e+07,0.475898
v1,+3V3,ESP32-S3,U1.2,5.11477e+07,0.48117
v1,+3V3,ESP32-S3,U1.2,5.16863e+07,0.486497
v1,+3V3,ESP32-S3,U1.2,5.22306e+07,0.491881
v1,+3V3,ESP32-S3,U1.2,5.27807e+07,0.497321
v1,+3V3,ESP32-S3,U1.2,5.33365e+07,0.502818
v1,+3V3,ESP32-S3,U1.2,5.38982e+07,0.508373
v1,+3V3,ESP32-S3,U1.2,5.44658e+07,0.513987
v1,+3V3,ESP32-S3,U1.2,5.50394e+07,0.51966
v1,+3V3,ESP32-S3,U1.2,5.5619e+07,0.525393
v1,+3V3,ESP32-S3,U1.2,5.62047e+07,0.531187
v1,+3V3,ESP32-S3,U1.2,5.67966e+07,0.537043
v1,+3V3,ESP32-S3,U1.2,5.73947e+07,0.542961
v1,+3V3,ESP32-S3,U1.2,5.79991e+07,0.548943
v1,+3V3,ESP32-S3,U1.2,5.86099e+07,0.554988
v1,+3V3,ESP32-S3,U1.2,5.92271e+07,0.561098
v1,+3V3,ESP32-S3,U1.2,5.98508e+07,0.567273
v1,+3V3,ESP32-S3,U1.2,6.04811e+07,0.573515
v1,+3V3,ESP32-S3,U1.2,6.1118e+07,0.579823
v1,+3V3,ESP32-S3,U1.2,6.17616e+07,0.5862
v1,+3V3,ESP32-S3,U1.2,6.2412e+07,0.592646
v1,+3V3,ESP32-S3,U1.2,6.30693e+07,0.599161
v1,+3V3,ESP32-S3,U1.2,6.37335e+07,0.605746
v1,+3V3,ESP32-S3,U1.2,6.44046e+07,0.612403
v1,+3V3,ESP32-S3,U1.2,6.50829e+07,0.619133
v1,+3V3,ESP32-S3,U1.2,6.57683e+07,0.625935
v1,+3V3,ESP32-S3,U1.2,6.64609e+07,0.632812
v1,+3V3,ESP32-S3,U1.2,6.71608e+07,0.639763
v1,+3V3,ESP32-S3,U1.2,6.7868e+07,0.646791
v1,+3V3,ESP32-S3,U1.2,6.85827e+07,0.653896
v1,+3V3,ESP32-S3,U1.2,6.9305e+07,0.661078
v1,+3V3,ESP32-S3,U1.2,7.00348e+07,0.66834
v1,+3V3,ESP32-S3,U1.2,7.07723e+07,0.675681
v1,+3V3,ESP32-S3,U1.2,7.15176e+07,0.683103
v1,+3V3,ESP32-S3,U1.2,7.22708e+07,0.690608
v1,+3V3,ESP32-S3,U1.2,7.30318e+07,0.698195
v1,+3V3,ESP32-S3,U1.2,7.38009e+07,0.705866
v1,+3V3,ESP32-S3,U1.2,7.45781e+07,0.713623
v1,+3V3,ESP32-S3,U1.2,7.53635e+07,0.721466
v1,+3V3,ESP32-S3,U1.2,7.61571e+07,0.729397
v1,+3V3,ESP32-S3,U1.2,7.69591e+07,0.737416
v1,+3V3,ESP32-S3,U1.2,7.77696e+07,0.745525
v1,+3V3,ESP32-S3,U1.2,7.85886e+07,0.753724
v1,+3V3,ESP32-S3,U1.2,7.94162e+07,0.762016
v1,+3V3,ESP32-S3,U1.2,8.02525e+07,0.770402
v1,+3V3,ESP32-S3,U1.2,8.10976e+07,0.778881
v1,+3V3,ESP32-S3,U1.2,8.19517e+07,0.787457
v1,+3V3,ESP32-S3,U1.2,8.28147e+07,0.79613
v1,+3V3,ESP32-S3,U1.2,8.36868e+07,0.804901
v1,+3V3,ESP32-S3,U1.2,8.45681e+07,0.813772
v1,+3V3,ESP32-S3,U1.2,8.54587e+07,0.822744
v1,+3V3,ESP32-S3,U1.2,8.63586e+07,0.831819
v1,+3V3,ESP32-S3,U1.2,8.72681e+07,0.840998
v1,+3V3,ESP32-S3,U1.2,8.81871e+07,0.850282
v1,+3V3,ESP32-S3,U1.2,8.91158e+07,0.859672
v1,+3V3,ESP32-S3,U1.2,9.00542e+07,0.869171
v1,+3V3,ESP32-S3,U1.2,9.10026e+07,0.87878
v1,+3V3,ESP32-S3,U1.2,9.19609e+07,0.8885
v1,+3V3,ESP32-S3,U1.2,9.29293e+07,0.898333
v1,+3V3,ESP32-S3,U1.2,9.3908e+07,0.90828
v1,+3V3,ESP32-S3,U1.2,9.48969e+07,0.918344
v1,+3V3,ESP32-S3,U1.2,9.58963e+07,0.928525
v1,+3V3,ESP32-S3,U1.2,9.69061e+07,0.938826
v1,+3V3,ESP32-S3,U1.2,9.79266e+07,0.949247
v1,+3V3,ESP32-S3,U1.2,9.89579e+07,0.959792
v1,+3V3,ESP32-S3,U1.2,1e+08,0.970461
v1,+3V3,Ra-02,U3.3,1000,0.200077
v1,+3V3,Ra-02,U3.3,1010.53,0.200079
v1,+3V3,Ra-02,U3.3,1021.17,0.200081
v1,+3V3,Ra-02,U3.3,1031.93,0.200083
v1,+3V3,Ra-02,U3.3,1042.79,0.200084
v1,+3V3,Ra-02,U3.3,1053.78,0.200086
v1,+3V3,Ra-02,U3.3,1064.87,0.200088
v1,+3V3,Ra-02,U3.3,1076.09,0.20009
v1,+3V3,Ra-02,U3.3,1087.42,0.200092
v1,+3V3,Ra-02,U3.3,1098.87,0.200094
v1,+3V3,Ra-02,U3.3,1110.44,0.200096
v1,+3V3,Ra-02,U3.3,1122.14,0.200098
v1,+3V3,Ra-02,U3.3,1133.95,0.2001
v1,+3V3,Ra-02,U3.3,1145.89,0.200102
v1,+3V3,Ra-02,U3.3,1157.96,0.200104
v1,+3V3,Ra-02,U3.3,1170.16,0.200106
v1,+3V3,Ra-02,U3.3,1182.48,0.200108
v1,+3V3,Ra-02,U3.3,1194.93,0.200111
v1,+3V3,Ra-02,U3.3,1207.52,0.200113
v1,+3V3,Ra-02,U3.3,1220.23,0.200115
v1,+3V3,Ra-02,U3.3,1233.08,0.200118
v1,+3V3,Ra-02,U3.3,1246.07,0.20012
v1,+3V3,Ra-02,U3.3,1259.19,0.200123
v1,+3V3,Ra-02,U3.3,1272.45,0.200125
v1,+3V3,Ra-02,U3.3,1285.85,0.200128
v1,+3V3,Ra-02,U3.3,1299.39,0.200131
v1,+3V3,Ra-02,U3.3,1313.07,0.200134
v1,+3V3,Ra-02,U3.3,1326.9,0.200136
v1,+3V3,Ra-02,U3.3,1340.88,0.200139
v1,+3V3,Ra-02,U3.3,1355,0.200142
v1,+3V3,Ra-02,U3.3,1369.27,0.200145
v1,+3V3,Ra-02,U3.3,1383.69,0.200148
v1,+3V3,Ra-02,U3.3,1398.26,0.200151
v1,+3V3,Ra-02,U3.3,1412.98,0.200155
v1,+3V3,Ra-02,U3.3,1427.86,0.200158
v1,+3V3,Ra-02,U3.3,1442.9,0.200161
v1,+3V3,Ra-02,U3.3,1458.09,0.200165
v1,+3V3,Ra-02,U3.3,1473.45,0.200168
v1,+3V3,Ra-02,U3.3,1488.96,0.200172
v1,+3V3,Ra-02,U3.3,1504.64,0.200175
v1,+3V3,Ra-02,U3.3,1520.49,0.200179
v1,+3V3,Ra-02,U3.3,1536.5,0.200183
v1,+3V3,Ra-02,U3.3,1552.68,0.200187
v1,+3V3,Ra-02,U3.3,1569.03,0.200191
v1,+3V3,Ra-02,U3.3,1585.56,0.200195
v1,+3V3,Ra-02,U3.3,1602.25,0.200199
v1,+3V3,Ra-02,U3.3,1619.13,0.200203
v1,+3V3,Ra-02,U3.3,1636.18,0.200207
v1,+3V3,Ra-02,U3.3,1653.41,0.200212
v1,+3V3,Ra-02,U3.3,1670.82,0.200216
v1,+3V3,Ra-02,U3.3,1688.42,0.200221
v1,+3V3,Ra-02,U3.3,1706.2,0.200226
v1,+3V3,Ra-02,U3.3,1724.16,0.20023
v1,+3V3,Ra-02,U3.3,1742.32,0.200235
v1,+3V3,Ra-02,U3.3,1760.67,0.20024
v1,+3V3,Ra-02,U3.3,1779.21,0.200245
v1,+3V3,Ra-02,U3.3,1797.95,0.200251
v1,+3V3,Ra-02,U3.3,1816.88,0.200256
v1,+3V3,Ra-02,U3.3,1836.02,0.200261
v1,+3V3,Ra-02,U3.3,1855.35,0.200267
v1,+3V3,Ra-02,U3.3,1874.89,0.200272
v1,+3V3,Ra-02,U3.3,1894.63,0.200278
v1,+3V3,Ra-02,U3.3,1914.58,0.200284
v1,+3V3,Ra-02,U3.3,1934.75,0.20029
v1,+3V3,Ra-02,U3.3,1955.12,0.200296
v1,+3V3,Ra-02,U3.3,1975.71,0.200302
v1,+3V3,Ra-02,U3.3,1996.52,0.200309
v1,+3V3,Ra-02,U3.3,2017.54,0.200315
v1,+3V3,Ra-02,U3.3,2038.79,0.200322
v1,+3V3,Ra-02,U3.3,2060.26,0.200329
v1,+3V3,Ra-02,U3.3,2081.95,0.200336
v1,+3V3,Ra-02,U3.3,2103.88,0.200343
v1,+3V3,Ra-02,U3.3,2126.04,0.20035
v1,+3V3,Ra-02,U3.3,2148.42,0.200358
v1,+3V3,Ra-02,U3.3,2171.05,0.200365
v1,+3V3,Ra-02,U3.3,2193.91,0.200373
v1,+3V3,Ra-02,U3.3,2217.02,0.200381
v1,+3V3,Ra-02,U3.3,2240.36,0.200389
v1,+3V3,Ra-02,U3.3,2263.96,0.200397
v1,+3V3,Ra-02,U3.3,2287.8,0.200406
v1,+3V3,Ra-02,U3.3,2311.89,0.200414
v1,+3V3,Ra-02,U3.3,2336.24,0.200423
v1,+3V3,Ra-02,U3.3,2360.84,0.200432
v1,+3V3,Ra-02,U3.3,2385.7,0.200441
v1,+3V3,Ra-02,U3.3,2410.82,0.20045
v1,+3V3,Ra-02,U3.3,2436.21,0.20046
v1,+3V3,Ra-02,U3.3,2461.87,0.20047
v1,+3V3,Ra-02,U3.3,2487.79,0.20048
v1,+3V3,Ra-02,U3.3,2513.99,0.20049
v1,+3V3,Ra-02,U3.3,2540.47,0.2005
v1,+3V3,Ra-02,U3.3,2567.22,0.200511
v1,+3V3,Ra-02,U3.3,2594.26,0.200522
v1,+3V3,Ra-02,U3.3,2621.58,0.200533
v1,+3V3,Ra-02,U3.3,2649.18,0.200544
v1,+3V3,Ra-02,U3.3,2677.08,0.200555
v1,+3V3,Ra-02,U3.3,2705.27,0.200567
v1,+3V3,Ra-02,U3.3,2733.76,0.200579
v1,+3V3,Ra-02,U3.3,2762.55,0.200592
v1,+3V3,Ra-02,U3.3,2791.64,0.200604
v1,+3V3,Ra-02,U3.3,2821.04,0.200617
v1,+3V3,Ra-02,U3.3,2850.75,0.20063
v1,+3V3,Ra-02,U3.3,2880.77,0.200643
v1,+3V3,Ra-02,U3.3,2911.11,0.200657
v1,+3V3,Ra-02,U3.3,2941.76,0.200671
v1,+3V3,Ra-02,U3.3,2972.74,0.200685
v1,+3V3,Ra-02,U3.3,3004.05,0.200699
v1,+3V3,Ra-02,U3.3,3035.68,0.200714
v1,+3V3,Ra-02,U3.3,3067.65,0.200729
v1,+3V3,Ra-02,U3.3,3099.96,0.200745
v1,+3V3,Ra-02,U3.3,3132.6,0.200761
v1,+3V3,Ra-02,U3.3,3165.59,0.200777
v1,+3V3,Ra-02,U3.3,3198.93,0.200793
v1,+3V3,Ra-02,U3.3,3232.62,0.20081
v1,+3V3,Ra-02,U3.3,3266.66,0.200827
v1,+3V3,Ra-02,U3.3,3301.06,0.200845
v1,+3V3,Ra-02,U3.3,3335.82,0.200863
v1,+3V3,Ra-02,U3.3,3370.95,0.200881
v1,+3V3,Ra-02,U3.3,3406.45,0.2009
v1,+3V3,Ra-02,U3.3,3442.32,0.200919
v1,+3V3,Ra-02,U3.3,3478.57,0.200938
v1,+3V3,Ra-02,U3.3,3515.21,0.200958
v1,+3V3,Ra-02,U3.3,3552.22,0.200978
v1,+3V3,Ra-02,U3.3,3589.63,0.200999
v1,+3V3,Ra-02,U3.3,3627.43,0.20102
v1,+3V3,Ra-02,U3.3,3665.64,0.201042
v1,+3V3,Ra-02,U3.3,3704.24,0.201064
v1,+3V3,Ra-02,U3.3,3743.25,0.201086
v1,+3V3,Ra-02,U3.3,3782.67,0.201109
v1,+3V3,Ra-02,U3.3,3822.5,0.201133
v1,+3V3,Ra-02,U3.3,3862.76,0.201157
v1,+3V3,Ra-02,U3.3,3903.43,0.201181
v1,+3V3,Ra-02,U3.3,3944.54,0.201206
v1,+3V3,Ra-02,U3.3,3986.08,0.201232
v1,+3V3,Ra-02,U3.3,4028.06,0.201258
v1,+3V3,Ra-02,U3.3,4070.48,0.201285
v1,+3V3,Ra-02,U3.3,4113.34,0.201312
v1,+3V3,Ra-02,U3.3,4156.66,0.20134
v1,+3V3,Ra-02,U3.3,4200.43,0.201368
v1,+3V3,Ra-02,U3.3,4244.67,0.201397
v1,+3V3,Ra-02,U3.3,4289.37,0.201427
v1,+3V3,Ra-02,U3.3,4334.54,0.201457
v1,+3V3,Ra-02,U3.3,4380.18,0.201488
v1,+3V3,Ra-02,U3.3,4426.31,0.201519
v1,+3V3,Ra-02,U3.3,4472.92,0.201552
v1,+3V3,Ra-02,U3.3,4520.03,0.201584
v1,+3V3,Ra-02,U3.3,4567.63,0.201618
v1,+3V3,Ra-02,U3.3,4615.73,0.201652
v1,+3V3,Ra-02,U3.3,4664.34,0.201687
v1,+3V3,Ra-02,U3.3,4713.46,0.201723
v1,+3V3,Ra-02,U3.3,4763.09,0.20176
v1,+3V3,Ra-02,U3.3,4813.25,0.201797
v1,+3V3,Ra-02,U3.3,4863.94,0.201835
v1,+3V3,Ra-02,U3.3,4915.16,0.201874
v1,+3V3,Ra-02,U3.3,4966.92,0.201914
v1,+3V3,Ra-02,U3.3,5019.23,0.201954
v1,+3V3,Ra-02,U3.3,5072.09,0.201996
v1,+3V3,Ra-02,U3.3,5125.5,0.202038
v1,+3V3,Ra-02,U3.3,5179.47,0.202081
v1,+3V3,Ra-02,U3.3,5234.02,0.202125
v1,+3V3,Ra-02,U3.3,5289.14,0.20217
v1,+3V3,Ra-02,U3.3,5344.84,0.202216
v1,+3V3,Ra-02,U3.3,5401.12,0.202263
v1,+3V3,Ra-02,U3.3,5458,0.202311
v1,+3V3,Ra-02,U3.3,5515.48,0.20236
v1,+3V3,Ra-02,U3.3,5573.56,0.20241
v1,+3V3,Ra-02,U3.3,5632.26,0.202461
v1,+3V3,Ra-02,U3.3,5691.57,0.202513
v1,+3V3,Ra-02,U3.3,5751.51,0.202567
v1,+3V3,Ra-02,U3.3,5812.08,0.202621
v1,+3V3,Ra-02,U3.3,5873.28,0.202677
v1,+3V3,Ra-02,U3.3,5935.13,0.202733
v1,+3V3,Ra-02,U3.3,5997.63,0.202791
v1,+3V3,Ra-02,U3.3,6060.79,0.202851
v1,+3V3,Ra-02,U3.3,6124.62,0.202911
v1,+3V3,Ra-02,U3.3,6189.12,0.202973
v1,+3V3,Ra-02,U3.3,6254.29,0.203036
v1,+3V3,Ra-02,U3.3,6320.16,0.2031
v1,+3V3,Ra-02,U3.3,6386.71,0.203166
v1,+3V3,Ra-02,U3.3,6453.97,0.203233
v1,+3V3,Ra-02,U3.3,6521.94,0.203302
v1,+3V3,Ra-02,U3.3,6590.62,0.203372
v1,+3V3,Ra-02,U3.3,6660.03,0.203443
v1,+3V3,Ra-02,U3.3,6730.16,0.203516
v1,+3V3,Ra-02,U3.3,6801.04,0.203591
v1,+3V3,Ra-02,U3.3,6872.66,0.203667
v1,+3V3,Ra-02,U3.3,6945.03,0.203745
v1,+3V3,Ra-02,U3.3,7018.17,0.203824
v1,+3V3,Ra-02,U3.3,7092.08,0.203905
v1,+3V3,Ra-02,U3.3,7166.76,0.203988
v1,+3V3,Ra-02,U3.3,7242.23,0.204073
v1,+3V3,Ra-02,U3.3,7318.5,0.204159
v1,+3V3,Ra-02,U3.3,7395.57,0.204248
v1,+3V3,Ra-02,U3.3,7473.45,0.204338
v1,+3V3,Ra-02,U3.3,7552.16,0.20443
v1,+3V3,Ra-02,U3.3,7631.69,0.204524
v1,+3V3,Ra-02,U3.3,7712.06,0.20462
v1,+3V3,Ra-02,U3.3,7793.27,0.204718
v1,+3V3,Ra-02,U3.3,7875.34,0.204818
v1,+3V3,Ra-02,U3.3,7958.27,0.20492
v1,+3V3,Ra-02,U3.3,8042.08,0.205025
v1,+3V3,Ra-02,U3.3,8126.77,0.205131
v1,+3V3,Ra-02,U3.3,8212.35,0.20524
v1,+3V3,Ra-02,U3.3,8298.84,0.205352
v1,+3V3,Ra-02,U3.3,8386.23,0.205465
v1,+3V3,Ra-02,U3.3,8474.55,0.205581
v1,+3V3,Ra-02,U3.3,8563.79,0.2057
v1,+3V3,Ra-02,U3.3,8653.98,0.205821
v1,+3V3,Ra-02,U3.3,8745.11,0.205944
v1,+3V3,Ra-02,U3.3,8837.2,0.206071
v1,+3V3,Ra-02,U3.3,8930.27,0.206199
v1,+3V3,Ra-02,U3.3,9024.31,0.206331
v1,+3V3,Ra-02,U3.3,9119.34,0.206466
v1,+3V3,Ra-02,U3.3,9215.38,0.206603
v1,+3V3,Ra-02,U3.3,9312.42,0.206743
v1,+3V3,Ra-02,U3.3,9410.49,0.206886
v1,+3V3,Ra-02,U3.3,9509.59,0.207033
v1,+3V3,Ra-02,U3.3,9609.74,0.207182
v1,+3V3,Ra-02,U3.3,9710.94,0.207335
v1,+3V3,Ra-02,U3.3,9813.2,0.207491
v1,+3V3,Ra-02,U3.3,9916.54,0.20765
v1,+3V3,Ra-02,U3.3,10021,0.207812
v1,+3V3,Ra-02,U3.3,10126.5,0.207978
v1,+3V3,Ra-02,U3.3,10233.1,0.208148
v1,+3V3,Ra-02,U3.3,10340.9,0.208321
v1,+3V3,Ra-02,U3.3,10449.8,0.208498
v1,+3V3,Ra-02,U3.3,10559.9,0.208679
v1,+3V3,Ra-02,U3.3,10671.1,0.208863
v1,+3V3,Ra-02,U3.3,10783.4,0.209052
v1,+3V3,Ra-02,U3.3,10897,0.209244
v1,+3V3,Ra-02,U3.3,11011.7,0.209441
v1,+3V3,Ra-02,U3.3,11127.7,0.209641
v1,+3V3,Ra-02,U3.3,11244.9,0.209846
v1,+3V3,Ra-02,U3.3,11363.3,0.210056
v1,+3V3,Ra-02,U3.3,11483,0.210269
v1,+3V3,Ra-02,U3.3,11603.9,0.210488
v1,+3V3,Ra-02,U3.3,11726.1,0.210711
v1,+3V3,Ra-02,U3.3,11849.6,0.210939
v1,+3V3,Ra-02,U3.3,11974.4,0.211172
v1,+3V3,Ra-02,U3.3,12100.5,0.211409
v1,+3V3,Ra-02,U3.3,12227.9,0.211652
v1,+3V3,Ra-02,U3.3,12356.7,0.2119
v1,+3V3,Ra-02,U3.3,12486.8,0.212153
v1,+3V3,Ra-02,U3.3,12618.3,0.212412
v1,+3V3,Ra-02,U3.3,12751.2,0.212676
v1,+3V3,Ra-02,U3.3,12885.5,0.212945
v1,+3V3,Ra-02,U3.3,13021.2,0.213221
v1,+3V3,Ra-02,U3.3,13158.3,0.213502
v1,+3V3,Ra-02,U3.3,13296.9,0.21379
v1,+3V3,Ra-02,U3.3,13436.9,0.214083
v1,+3V3,Ra-02,U3.3,13578.4,0.214383
v1,+3V3,Ra-02,U3.3,13721.4,0.214689
v1,+3V3,Ra-02,U3.3,13865.9,0.215002
v1,+3V3,Ra-02,U3.3,14011.9,0.215321
v1,+3V3,Ra-02,U3.3,14159.5,0.215648
v1,+3V3,Ra-02,U3.3,14308.6,0.215981
v1,+3V3,Ra-02,U3.3,14459.2,0.216321
v1,+3V3,Ra-02,U3.3,14611.5,0.216668
v1,+3V3,Ra-02,U3.3,14765.4,0.217023
v1,+3V3,Ra-02,U3.3,14920.9,0.217386
v1,+3V3,Ra-02,U3.3,15078,0.217756
v1,+3V3,Ra-02,U3.3,15236.8,0.218134
v1,+3V3,Ra-02,U3.3,15397.2,0.21852
v1,+3V3,Ra-02,U3.3,15559.4,0.218915
v1,+3V3,Ra-02,U3.3,15723.2,0.219317
v1,+3V3,Ra-02,U3.3,15888.8,0.219729
v1,+3V3,Ra-02,U3.3,16056.2,0.220149
v1,+3V3,Ra-02,U3.3,16225.2,0.220578
v1,+3V3,Ra-02,U3.3,16396.1,0.221016
v1,+3V3,Ra-02,U3.3,16568.8,0.221464
v1,+3V3,Ra-02,U3.3,16743.3,0.221921
v1,+3V3,Ra-02,U3.3,16919.6,0.222387
v1,+3V3,Ra-02,U3.3,17097.8,0.222864
v1,+3V3,Ra-02,U3.3,17277.8,0.22335
v1,+3V3,Ra-02,U3.3,17459.8,0.223847
v1,+3V3,Ra-02,U3.3,17643.6,0.224355
v1,+3V3,Ra-02,U3.3,17829.4,0.224873
v1,+3V3,Ra-02,U3.3,18017.2,0.225402
v1,+3V3,Ra-02,U3.3,18206.9,0.225943
v1,+3V3,Ra-02,U3.3,18398.7,0.226495
v1,+3V3,Ra-02,U3.3,18592.4,0.227058
v1,+3V3,Ra-02,U3.3,18788.2,0.227633
v1,+3V3,Ra-02,U3.3,18986.1,0.228221
v1,+3V3,Ra-02,U3.3,19186,0.22882
v1,+3V3,Ra-02,U3.3,19388,0.229433
v1,+3V3,Ra-02,U3.3,19592.2,0.230058
v1,+3V3,Ra-02,U3.3,19798.5,0.230696
v1,+3V3,Ra-02,U3.3,20007,0.231348
v1,+3V3,Ra-02,U3.3,20217.7,0.232013
v1,+3V3,Ra-02,U3.3,20430.6,0.232692
v1,+3V3,Ra-02,U3.3,20645.8,0.233385
v1,+3V3,Ra-02,U3.3,20863.2,0.234093
v1,+3V3,Ra-02,U3.3,21082.9,0.234815
v1,+3V3,Ra-02,U3.3,21304.9,0.235552
v1,+3V3,Ra-02,U3.3,21529.3,0.236305
v1,+3V3,Ra-02,U3.3,21756,0.237072
v1,+3V3,Ra-02,U3.3,21985.1,0.237856
v1,+3V3,Ra-02,U3.3,22216.7,0.238655
v1,+3V3,Ra-02,U3.3,22450.6,0.239471
v1,+3V3,Ra-02,U3.3,22687,0.240303
v1,+3V3,Ra-02,U3.3,22926,0.241152
v1,+3V3,Ra-02,U3.3,23167.4,0.242019
v1,+3V3,Ra-02,U3.3,23411.4,0.242902
v1,+3V3,Ra-02,U3.3,23657.9,0.243804
v1,+3V3,Ra-02,U3.3,23907,0.244723
v1,+3V3,Ra-02,U3.3,24158.8,0.24566
v1,+3V3,Ra-02,U3.3,24413.2,0.246616
v1,+3V3,Ra-02,U3.3,24670.3,0.24759
v1,+3V3,Ra-02,U3.3,24930.1,0.248584
v1,+3V3,Ra-02,U3.3,25192.7,0.249596
v1,+3V3,Ra-02,U3.3,25458,0.250628
v1,+3V3,Ra-02,U3.3,25726,0.251679
v1,+3V3,Ra-02,U3.3,25997,0.252751
v1,+3V3,Ra-02,U3.3,26270.7,0.253842
v1,+3V3,Ra-02,U3.3,26547.4,0.254953
v1,+3V3,Ra-02,U3.3,26827,0.256085
v1,+3V3,Ra-02,U3.3,27109.5,0.257238
v1,+3V3,Ra-02,U3.3,27395,0.25841
v1,+3V3,Ra-02,U3.3,27683.4,0.259604
v1,+3V3,Ra-02,U3.3,27975,0.260819
v1,+3V3,Ra-02,U3.3,28269.6,0.262054
v1,+3V3,Ra-02,U3.3,28567.3,0.26331
v1,+3V3,Ra-02,U3.3,28868.1,0.264587
v1,+3V3,Ra-02,U3.3,29172.1,0.265885
v1,+3V3,Ra-02,U3.3,29479.3,0.267203
v1,+3V3,Ra-02,U3.3,29789.8,0.268542
v1,+3V3,Ra-02,U3.3,30103.5,0.269902
v1,+3V3,Ra-02,U3.3,30420.5,0.271281
v1,+3V3,Ra-02,U3.3,30740.9,0.272681
v1,+3V3,Ra-02,U3.3,31064.6,0.274099
v1,+3V3,Ra-02,U3.3,31391.7,0.275537
v1,+3V3,Ra-02,U3.3,31722.3,0.276994
v1,+3V3,Ra-02,U3.3,32056.4,0.278468
v1,+3V3,Ra-02,U3.3,32394,0.27996
v1,+3V3,Ra-02,U3.3,32735.1,0.281468
v1,+3V3,Ra-02,U3.3,33079.8,0.282992
v1,+3V3,Ra-02,U3.3,33428.2,0.284531
v1,+3V3,Ra-02,U3.3,33780.2,0.286083
v1,+3V3,Ra-02,U3.3,34136,0.287649
v1,+3V3,Ra-02,U3.3,34495.4,0.289225
v1,+3V3,Ra-02,U3.3,34858.7,0.290811
v1,+3V3,Ra-02,U3.3,35225.8,0.292405
v1,+3V3,Ra-02,U3.3,35596.8,0.294006
v1,+3V3,Ra-02,U3.3,35971.6,0.295611
v1,+3V3,Ra-02,U3.3,36350.4,0.297219
v1,+3V3,Ra-02,U3.3,36733.2,0.298827
v1,+3V3,Ra-02,U3.3,37120.1,0.300433
v1,+3V3,Ra-02,U3.3,37511,0.302034
v1,+3V3,Ra-02,U3.3,37906,0.303628
v1,+3V3,Ra-02,U3.3,38305.2,0.305211
v1,+3V3,Ra-02,U3.3,38708.6,0.306781
v1,+3V3,Ra-02,U3.3,39116.2,0.308333
v1,+3V3,Ra-02,U3.3,39528.1,0.309865
v1,+3V3,Ra-02,U3.3,39944.4,0.311372
v1,+3V3,Ra-02,U3.3,40365,0.31285
v1,+3V3,Ra-02,U3.3,40790.1,0.314296
v1,+3V3,Ra-02,U3.3,41219.7,0.315704
v1,+3V3,Ra-02,U3.3,41653.8,0.31707
v1,+3V3,Ra-02,U3.3,42092.4,0.318389
v1,+3V3,Ra-02,U3.3,42535.7,0.319655
v1,+3V3,Ra-02,U3.3,42983.6,0.320865
v1,+3V3,Ra-02,U3.3,43436.3,0.322012
v1,+3V3,Ra-02,U3.3,43893.7,0.32309
v1,+3V3,Ra-02,U3.3,44355.9,0.324095
v1,+3V3,Ra-02,U3.3,44823,0.32502
v1,+3V3,Ra-02,U3.3,45295.1,0.325859
v1,+3V3,Ra-02,U3.3,45772.1,0.326608
v1,+3V3,Ra-02,U3.3,46254.1,0.32726
v1,+3V3,Ra-02,U3.3,46741.2,0.327809
v1,+3V3,Ra-02,U3.3,47233.4,0.328251
v1,+3V3,Ra-02,U3.3,47730.8,0.328579
v1,+3V3,Ra-02,U3.3,48233.5,0.328789
v1,+3V3,Ra-02,U3.3,48741.4,0.328875
v1,+3V3,Ra-02,U3.3,49254.7,0.328834
v1,+3V3,Ra-02,U3.3,49773.4,0.32866
v1,+3V3,Ra-02,U3.3,50297.6,0.32835
v1,+3V3,Ra-02,U3.3,50827.2,0.327902
v1,+3V3,Ra-02,U3.3,51362.5,0.327311
v1,+3V3,Ra-02,U3.3,51903.4,0.326576
v1,+3V3,Ra-02,U3.3,52450,0.325695
v1,+3V3,Ra-02,U3.3,53002.3,0.324667
v1,+3V3,Ra-02,U3.3,53560.5,0.323492
v1,+3V3,Ra-02,U3.3,54124.5,0.322169
v1,+3V3,Ra-02,U3.3,54694.5,0.3207
v1,+3V3,Ra-02,U3.3,55270.5,0.319087
v1,+3V3,Ra-02,U3.3,55852.5,0.317331
v1,+3V3,Ra-02,U3.3,56440.7,0.315434
v1,+3V3,Ra-02,U3.3,57035.1,0.313402
v1,+3V3,Ra-02,U3.3,57635.7,0.311237
v1,+3V3,Ra-02,U3.3,58242.7,0.308944
v1,+3V3,Ra-02,U3.3,58856,0.306529
v1,+3V3,Ra-02,U3.3,59475.8,0.303996
v1,+3V3,Ra-02,U3.3,60102.1,0.301352
v1,+3V3,Ra-02,U3.3,60735.1,0.298602
v1,+3V3,Ra-02,U3.3,61374.7,0.295754
v1,+3V3,Ra-02,U3.3,62021,0.292813
v1,+3V3,Ra-02,U3.3,62674.1,0.289788
v1,+3V3,Ra-02,U3.3,63334.1,0.286684
v1,+3V3,Ra-02,U3.3,64001.1,0.283509
v1,+3V3,Ra-02,U3.3,64675.1,0.28027
v1,+3V3,Ra-02,U3.3,65356.2,0.276974
v1,+3V3,Ra-02,U3.3,66044.4,0.273628
v1,+3V3,Ra-02,U3.3,66739.9,0.270239
v1,+3V3,Ra-02,U3.3,67442.8,0.266813
v1,+3V3,Ra-02,U3.3,68153,0.263357
v1,+3V3,Ra-02,U3.3,68870.7,0.259877
v1,+3V3,Ra-02,U3.3,69596,0.256379
v1,+3V3,Ra-02,U3.3,70328.9,0.252869
v1,+3V3,Ra-02,U3.3,71069.5,0.249351
v1,+3V3,Ra-02,U3.3,71817.9,0.245832
v1,+3V3,Ra-02,U3.3,72574.2,0.242315
v1,+3V3,Ra-02,U3.3,73338.5,0.238806
v1,+3V3,Ra-02,U3.3,74110.8,0.235309
v1,+3V3,Ra-02,U3.3,74891.3,0.231827
v1,+3V3,Ra-02,U3.3,75680,0.228364
v1,+3V3,Ra-02,U3.3,76476.9,0.224924
v1,+3V3,Ra-02,U3.3,77282.3,0.221509
v1,+3V3,Ra-02,U3.3,78096.2,0.218122
v1,+3V3,Ra-02,U3.3,78918.6,0.214766
v1,+3V3,Ra-02,U3.3,79749.7,0.211442
v1,+3V3,Ra-02,U3.3,80589.5,0.208153
v1,+3V3,Ra-02,U3.3,81438.2,0.204901
v1,+3V3,Ra-02,U3.3,82295.8,0.201687
v1,+3V3,Ra-02,U3.3,83162.4,0.198512
v1,+3V3,Ra-02,U3.3,84038.2,0.195378
v1,+3V3,Ra-02,U3.3,84923.2,0.192285
v1,+3V3,Ra-02,U3.3,85817.5,0.189234
v1,+3V3,Ra-02,U3.3,86721.3,0.186226
v1,+3V3,Ra-02,U3.3,87634.5,0.183262
v1,+3V3,Ra-02,U3.3,88557.4,0.180341
v1,+3V3,Ra-02,U3.3,89490,0.177465
v1,+3V3,Ra-02,U3.3,90432.4,0.174632
v1,+3V3,Ra-02,U3.3,91384.7,0.171844
v1,+3V3,Ra-02,U3.3,92347.1,0.169099
v1,+3V3,Ra-02,U3.3,93319.6,0.166399
v1,+3V3,Ra-02,U3.3,94302.3,0.163742
v1,+3V3,Ra-02,U3.3,95295.4,0.161129
v1,+3V3,Ra-02,U3.3,96298.9,0.158559
v1,+3V3,Ra-02,U3.3,97313,0.156032
v1,+3V3,Ra-02,U3.3,98337.8,0.153546
v1,+3V3,Ra-02,U3.3,99373.4,0.151103
v1,+3V3,Ra-02,U3.3,100420,0.148701
v1,+3V3,Ra-02,U3.3,101477,0.14634
v1,+3V3,Ra-02,U3.3,102546,0.144019
v1,+3V3,Ra-02,U3.3,103626,0.141737
v1,+3V3,Ra-02,U3.3,104717,0.139494
v1,+3V3,Ra-02,U3.3,105820,0.13729
v1,+3V3,Ra-02,U3.3,106934,0.135123
v1,+3V3,Ra-02,U3.3,108060,0.132993
v1,+3V3,Ra-02,U3.3,109198,0.1309
v1,+3V3,Ra-02,U3.3,110348,0.128842
v1,+3V3,Ra-02,U3.3,111510,0.126819
v1,+3V3,Ra-02,U3.3,112685,0.12483
v1,+3V3,Ra-02,U3.3,113871,0.122875
v1,+3V3,Ra-02,U3.3,115071,0.120953
v1,+3V3,Ra-02,U3.3,116282,0.119063
v1,+3V3,Ra-02,U3.3,117507,0.117205
v1,+3V3,Ra-02,U3.3,118744,0.115377
v1,+3V3,Ra-02,U3.3,119995,0.11358
v1,+3V3,Ra-02,U3.3,121259,0.111812
v1,+3V3,Ra-02,U3.3,122536,0.110074
v1,+3V3,Ra-02,U3.3,123826,0.108363
v1,+3V3,Ra-02,U3.3,125130,0.10668
v1,+3V3,Ra-02,U3.3,126448,0.105025
v1,+3V3,Ra-02,U3.3,127779,0.103395
v1,+3V3,Ra-02,U3.3,129125,0.101792
v1,+3V3,Ra-02,U3.3,130485,0.100213
v1,+3V3,Ra-02,U3.3,131859,0.0986594
v1,+3V3,Ra-02,U3.3,133247,0.0971297
v1,+3V3,Ra-02,U3.3,134651,0.0956235
v1,+3V3,Ra-02,U3.3,136069,0.0941402
v1,+3V3,Ra-02,U3.3,137502,0.0926793
v1,+3V3,Ra-02,U3.3,138950,0.0912401
v1,+3V3,Ra-02,U3.3,140413,0.0898223
v1,+3V3,Ra-02,U3.3,141891,0.0884253
v1,+3V3,Ra-02,U3.3,143386,0.0870486
v1,+3V3,Ra-02,U3.3,144896,0.0856916
v1,+3V3,Ra-02,U3.3,146422,0.0843539
v1,+3V3,Ra-02,U3.3,147964,0.0830351
v1,+3V3,Ra-02,U3.3,149522,0.0817345
v1,+3V3,Ra-02,U3.3,151096,0.0804518
v1,+3V3,Ra-02,U3.3,152687,0.0791866
v1,+3V3,Ra-02,U3.3,154295,0.0779383
v1,+3V3,Ra-02,U3.3,155920,0.0767065
v1,+3V3,Ra-02,U3.3,157562,0.0754909
v1,+3V3,Ra-02,U3.3,159222,0.0742909
v1,+3V3,Ra-02,U3.3,160898,0.0731062
v1,+3V3,Ra-02,U3.3,162593,0.0719363
v1,+3V3,Ra-02,U3.3,164305,0.0707809
v1,+3V3,Ra-02,U3.3,166035,0.0696395
v1,+3V3,Ra-02,U3.3,167784,0.0685118
v1,+3V3,Ra-02,U3.3,169551,0.0673973
v1,+3V3,Ra-02,U3.3,171336,0.0662958
v1,+3V3,Ra-02,U3.3,173140,0.0652068
v1,+3V3,Ra-02,U3.3,174964,0.0641299
v1,+3V3,Ra-02,U3.3,176806,0.0630649
v1,+3V3,Ra-02,U3.3,178668,0.0620113
v1,+3V3,Ra-02,U3.3,180550,0.0609688
v1,+3V3,Ra-02,U3.3,182451,0.059937
v1,+3V3,Ra-02,U3.3,184372,0.0589156
v1,+3V3,Ra-02,U3.3,186314,0.0579042
v1,+3V3,Ra-02,U3.3,188276,0.0569026
v1,+3V3,Ra-02,U3.3,190259,0.0559103
v1,+3V3,Ra-02,U3.3,192262,0.0549271
v1,+3V3,Ra-02,U3.3,194287,0.0539526
v1,+3V3,Ra-02,U3.3,196333,0.0529864
v1,+3V3,Ra-02,U3.3,198401,0.0520282
v1,+3V3,Ra-02,U3.3,200490,0.0510778
v1,+3V3,Ra-02,U3.3,202601,0.0501347
v1,+3V3,Ra-02,U3.3,204735,0.0491986
v1,+3V3,Ra-02,U3.3,206891,0.0482693
v1,+3V3,Ra-02,U3.3,209070,0.0473463
v1,+3V3,Ra-02,U3.3,211271,0.0464294
v1,+3V3,Ra-02,U3.3,213496,0.0455182
v1,+3V3,Ra-02,U3.3,215745,0.0446123
v1,+3V3,Ra-02,U3.3,218017,0.0437114
v1,+3V3,Ra-02,U3.3,220312,0.0428153
v1,+3V3,Ra-02,U3.3,222633,0.0419234
v1,+3V3,Ra-02,U3.3,224977,0.0410355
v1,+3V3,Ra-02,U3.3,227346,0.0401513
v1,+3V3,Ra-02,U3.3,229740,0.0392702
v1,+3V3,Ra-02,U3.3,232160,0.0383921
v1,+3V3,Ra-02,U3.3,234605,0.0375165
v1,+3V3,Ra-02,U3.3,237075,0.036643
v1,+3V3,Ra-02,U3.3,239572,0.0357712
v1,+3V3,Ra-02,U3.3,242095,0.0349008
v1,+3V3,Ra-02,U3.3,244644,0.0340313
v1,+3V3,Ra-02,U3.3,247221,0.0331624
v1,+3V3,Ra-02,U3.3,249824,0.0322937
v1,+3V3,Ra-02,U3.3,252455,0.0314246
v1,+3V3,Ra-02,U3.3,255113,0.0305548
v1,+3V3,Ra-02,U3.3,257800,0.0296839
v1,+3V3,Ra-02,U3.3,260515,0.0288115
v1,+3V3,Ra-02,U3.3,263258,0.0279371
v1,+3V3,Ra-02,U3.3,266031,0.0270604
v1,+3V3,Ra-02,U3.3,268832,0.0261809
v1,+3V3,Ra-02,U3.3,271663,0.0252984
v1,+3V3,Ra-02,U3.3,274524,0.0244124
v1,+3V3,Ra-02,U3.3,277415,0.0235228
v1,+3V3,Ra-02,U3.3,280337,0.0226294
v1,+3V3,Ra-02,U3.3,283289,0.0217321
v1,+3V3,Ra-02,U3.3,286272,0.020831
v1,+3V3,Ra-02,U3.3,289287,0.0199265
v1,+3V3,Ra-02,U3.3,292333,0.0190192
v1,+3V3,Ra-02,U3.3,295412,0.0181102
v1,+3V3,Ra-02,U3.3,298523,0.0172011
v1,+3V3,Ra-02,U3.3,301666,0.0162945
v1,+3V3,Ra-02,U3.3,304843,0.0153938
v1,+3V3,Ra-02,U3.3,308053,0.0145042
v1,+3V3,Ra-02,U3.3,311297,0.0136331
v1,+3V3,Ra-02,U3.3,314576,0.0127907
v1,+3V3,Ra-02,U3.3,317888,0.0119914
v1,+3V3,Ra-02,U3.3,321236,0.0112548
v1,+3V3,Ra-02,U3.3,324619,0.0106073
v1,+3V3,Ra-02,U3.3,328038,0.010083
v1,+3V3,Ra-02,U3.3,331492,0.00972244
v1,+3V3,Ra-02,U3.3,334983,0.00956939
v1,+3V3,Ra-02,U3.3,338511,0.0096637
v1,+3V3,Ra-02,U3.3,342075,0.0100331
v1,+3V3,Ra-02,U3.3,345678,0.0106884
v1,+3V3,Ra-02,U3.3,349318,0.011625
v1,+3V3,Ra-02,U3.3,352997,0.0128295
v1,+3V3,Ra-02,U3.3,356714,0.014287
v1,+3V3,Ra-02,U3.3,360471,0.0159862
v1,+3V3,Ra-02,U3.3,364267,0.0179217
v1,+3V3,Ra-02,U3.3,368103,0.0200952
v1,+3V3,Ra-02,U3.3,371979,0.0225147
v1,+3V3,Ra-02,U3.3,375896,0.0251948
v1,+3V3,Ra-02,U3.3,379855,0.0281558
v1,+3V3,Ra-02,U3.3,383855,0.0314234
v1,+3V3,Ra-02,U3.3,387898,0.0350282
v1,+3V3,Ra-02,U3.3,391982,0.0390044
v1,+3V3,Ra-02,U3.3,396110,0.0433876
v1,+3V3,Ra-02,U3.3,400282,0.0482115
v1,+3V3,Ra-02,U3.3,404497,0.0535008
v1,+3V3,Ra-02,U3.3,408757,0.0592612
v1,+3V3,Ra-02,U3.3,413061,0.0654625
v1,+3V3,Ra-02,U3.3,417411,0.0720159
v1,+3V3,Ra-02,U3.3,421807,0.0787463
v1,+3V3,Ra-02,U3.3,426249,0.0853682
v1,+3V3,Ra-02,U3.3,430738,0.0914823
v1,+3V3,Ra-02,U3.3,435274,0.0966144
v1,+3V3,Ra-02,U3.3,439858,0.10031
v1,+3V3,Ra-02,U3.3,444490,0.102262
v1,+3V3,Ra-02,U3.3,449171,0.102404
v1,+3V3,Ra-02,U3.3,453901,0.10092
v1,+3V3,Ra-02,U3.3,458681,0.0981668
v1,+3V3,Ra-02,U3.3,463511,0.0945535
v1,+3V3,Ra-02,U3.3,468392,0.0904546
v1,+3V3,Ra-02,U3.3,473325,0.0861619
v1,+3V3,Ra-02,U3.3,478309,0.0818784
v1,+3V3,Ra-02,U3.3,483346,0.0777312
v1,+3V3,Ra-02,U3.3,488436,0.0737918
v1,+3V3,Ra-02,U3.3,493580,0.0700934
v1,+3V3,Ra-02,U3.3,498778,0.0666455
v1,+3V3,Ra-02,U3.3,504030,0.0634431
v1,+3V3,Ra-02,U3.3,509338,0.0604735
v1,+3V3,Ra-02,U3.3,514702,0.0577199
v1,+3V3,Ra-02,U3.3,520122,0.0551647
v1,+3V3,Ra-02,U3.3,525600,0.0527898
v1,+3V3,Ra-02,U3.3,531135,0.0505783
v1,+3V3,Ra-02,U3.3,536728,0.0485145
v1,+3V3,Ra-02,U3.3,542380,0.0465842
v1,+3V3,Ra-02,U3.3,548092,0.0447743
v1,+3V3,Ra-02,U3.3,553864,0.0430733
v1,+3V3,Ra-02,U3.3,559697,0.0414709
v1,+3V3,Ra-02,U3.3,565591,0.0399579
v1,+3V3,Ra-02,U3.3,571547,0.038526
v1,+3V3,Ra-02,U3.3,577566,0.0371681
v1,+3V3,Ra-02,U3.3,583648,0.0358776
v1,+3V3,Ra-02,U3.3,589794,0.0346489
v1,+3V3,Ra-02,U3.3,596005,0.0334767
v1,+3V3,Ra-02,U3.3,602282,0.0323564
v1,+3V3,Ra-02,U3.3,608624,0.0312841
v1,+3V3,Ra-02,U3.3,615034,0.0302559
v1,+3V3,Ra-02,U3.3,621511,0.0292687
v1,+3V3,Ra-02,U3.3,628056,0.0283195
v1,+3V3,Ra-02,U3.3,634670,0.0274056
v1,+3V3,Ra-02,U3.3,641353,0.0265246
v1,+3V3,Ra-02,U3.3,648107,0.0256745
v1,+3V3,Ra-02,U3.3,654933,0.0248534
v1,+3V3,Ra-02,U3.3,661830,0.0240594
v1,+3V3,Ra-02,U3.3,668799,0.0232912
v1,+3V3,Ra-02,U3.3,675842,0.0225472
v1,+3V3,Ra-02,U3.3,682959,0.0218263
v1,+3V3,Ra-02,U3.3,690152,0.0211274
v1,+3V3,Ra-02,U3.3,697419,0.0204495
v1,+3V3,Ra-02,U3.3,704764,0.0197918
v1,+3V3,Ra-02,U3.3,712186,0.0191536
v1,+3V3,Ra-02,U3.3,719686,0.0185343
v1,+3V3,Ra-02,U3.3,727265,0.0179333
v1,+3V3,Ra-02,U3.3,734923,0.0173502
v1,+3V3,Ra-02,U3.3,742663,0.0167849
v1,+3V3,Ra-02,U3.3,750484,0.0162369
v1,+3V3,Ra-02,U3.3,758387,0.0157063
v1,+3V3,Ra-02,U3.3,766373,0.0151931
v1,+3V3,Ra-02,U3.3,774444,0.0146973
v1,+3V3,Ra-02,U3.3,782600,0.0142192
v1,+3V3,Ra-02,U3.3,790841,0.0137592
v1,+3V3,Ra-02,U3.3,799169,0.0133176
v1,+3V3,Ra-02,U3.3,807585,0.0128949
v1,+3V3,Ra-02,U3.3,816090,0.012492
v1,+3V3,Ra-02,U3.3,824684,0.0121095
v1,+3V3,Ra-02,U3.3,833369,0.0117484
v1,+3V3,Ra-02,U3.3,842145,0.0114097
v1,+3V3,Ra-02,U3.3,851013,0.0110945
v1,+3V3,Ra-02,U3.3,859975,0.010804
v1,+3V3,Ra-02,U3.3,869031,0.0105395
v1,+3V3,Ra-02,U3.3,878183,0.0103023
v1,+3V3,Ra-02,U3.3,887431,0.0100936
v1,+3V3,Ra-02,U3.3,896777,0.0099148
v1,+3V3,Ra-02,U3.3,906220,0.0097669
v1,+3V3,Ra-02,U3.3,915764,0.00965092
v1,+3V3,Ra-02,U3.3,925408,0.00956757
v1,+3V3,Ra-02,U3.3,935153,0.00951724
v1,+3V3,Ra-02,U3.3,945001,0.00949991
v1,+3V3,Ra-02,U3.3,954953,0.00951501
v1,+3V3,Ra-02,U3.3,965009,0.00956136
v1,+3V3,Ra-02,U3.3,975171,0.00963691
v1,+3V3,Ra-02,U3.3,985441,0.00973858
v1,+3V3,Ra-02,U3.3,995818,0.00986183
v1,+3V3,Ra-02,U3.3,1.00631e+06,0.0100003
v1,+3V3,Ra-02,U3.3,1.0169e+06,0.0101449
v1,+3V3,Ra-02,U3.3,1.02761e+06,0.0102832
v1,+3V3,Ra-02,U3.3,1.03843e+06,0.0103984
v1,+3V3,Ra-02,U3.3,1.04937e+06,0.0104692
v1,+3V3,Ra-02,U3.3,1.06042e+06,0.0104702
v1,+3V3,Ra-02,U3.3,1.07159e+06,0.010377
v1,+3V3,Ra-02,U3.3,1.08287e+06,0.0101745
v1,+3V3,Ra-02,U3.3,1.09428e+06,0.00987107
v1,+3V3,Ra-02,U3.3,1.1058e+06,0.00950892
v1,+3V3,Ra-02,U3.3,1.11744e+06,0.00916216
v1,+3V3,Ra-02,U3.3,1.12921e+06,0.00891407
v1,+3V3,Ra-02,U3.3,1.1411e+06,0.00882507
v1,+3V3,Ra-02,U3.3,1.15312e+06,0.00891316
v1,+3V3,Ra-02,U3.3,1.16526e+06,0.00915852
v1,+3V3,Ra-02,U3.3,1.17753e+06,0.00952294
v1,+3V3,Ra-02,U3.3,1.18993e+06,0.00996748
v1,+3V3,Ra-02,U3.3,1.20247e+06,0.0104612
v1,+3V3,Ra-02,U3.3,1.21513e+06,0.0109825
v1,+3V3,Ra-02,U3.3,1.22793e+06,0.0115178
v1,+3V3,Ra-02,U3.3,1.24086e+06,0.0120588
v1,+3V3,Ra-02,U3.3,1.25392e+06,0.0126011
v1,+3V3,Ra-02,U3.3,1.26713e+06,0.0131421
v1,+3V3,Ra-02,U3.3,1.28047e+06,0.0136809
v1,+3V3,Ra-02,U3.3,1.29396e+06,0.0142172
v1,+3V3,Ra-02,U3.3,1.30758e+06,0.0147511
v1,+3V3,Ra-02,U3.3,1.32135e+06,0.015283
v1,+3V3,Ra-02,U3.3,1.33527e+06,0.0158133
v1,+3V3,Ra-02,U3.3,1.34933e+06,0.0163427
v1,+3V3,Ra-02,U3.3,1.36354e+06,0.0168715
v1,+3V3,Ra-02,U3.3,1.3779e+06,0.0174004
v1,+3V3,Ra-02,U3.3,1.39241e+06,0.0179298
v1,+3V3,Ra-02,U3.3,1.40707e+06,0.0184601
v1,+3V3,Ra-02,U3.3,1.42189e+06,0.0189917
v1,+3V3,Ra-02,U3.3,1.43686e+06,0.0195251
v1,+3V3,Ra-02,U3.3,1.452e+06,0.0200605
v1,+3V3,Ra-02,U3.3,1.46729e+06,0.0205984
v1,+3V3,Ra-02,U3.3,1.48274e+06,0.021139
v1,+3V3,Ra-02,U3.3,1.49835e+06,0.0216826
v1,+3V3,Ra-02,U3.3,1.51413e+06,0.0222295
v1,+3V3,Ra-02,U3.3,1.53008e+06,0.02278
v1,+3V3,Ra-02,U3.3,1.54619e+06,0.0233343
v1,+3V3,Ra-02,U3.3,1.56247e+06,0.0238927
v1,+3V3,Ra-02,U3.3,1.57893e+06,0.0244553
v1,+3V3,Ra-02,U3.3,1.59555e+06,0.0250225
v1,+3V3,Ra-02,U3.3,1.61236e+06,0.0255945
v1,+3V3,Ra-02,U3.3,1.62934e+06,0.0261716
v1,+3V3,Ra-02,U3.3,1.6465e+06,0.0267538
v1,+3V3,Ra-02,U3.3,1.66383e+06,0.0273416
v1,+3V3,Ra-02,U3.3,1.68136e+06,0.027935
v1,+3V3,Ra-02,U3.3,1.69906e+06,0.0285344
v1,+3V3,Ra-02,U3.3,1.71695e+06,0.0291401
v1,+3V3,Ra-02,U3.3,1.73504e+06,0.0297521
v1,+3V3,Ra-02,U3.3,1.75331e+06,0.0303709
v1,+3V3,Ra-02,U3.3,1.77177e+06,0.0309966
v1,+3V3,Ra-02,U3.3,1.79043e+06,0.0316296
v1,+3V3,Ra-02,U3.3,1.80928e+06,0.03227
v1,+3V3,Ra-02,U3.3,1.82834e+06,0.0329182
v1,+3V3,Ra-02,U3.3,1.84759e+06,0.0335745
v1,+3V3,Ra-02,U3.3,1.86705e+06,0.0342391
v1,+3V3,Ra-02,U3.3,1.88671e+06,0.0349124
v1,+3V3,Ra-02,U3.3,1.90658e+06,0.0355947
v1,+3V3,Ra-02,U3.3,1.92666e+06,0.0362864
v1,+3V3,Ra-02,U3.3,1.94695e+06,0.0369877
v1,+3V3,Ra-02,U3.3,1.96745e+06,0.0376991
v1,+3V3,Ra-02,U3.3,1.98817e+06,0.0384209
v1,+3V3,Ra-02,U3.3,2.00911e+06,0.0391535
v1,+3V3,Ra-02,U3.3,2.03026e+06,0.0398974
v1,+3V3,Ra-02,U3.3,2.05164e+06,0.0406529
v1,+3V3,Ra-02,U3.3,2.07325e+06,0.0414206
v1,+3V3,Ra-02,U3.3,2.09508e+06,0.0422008
v1,+3V3,Ra-02,U3.3,2.11715e+06,0.0429942
v1,+3V3,Ra-02,U3.3,2.13944e+06,0.0438013
v1,+3V3,Ra-02,U3.3,2.16197e+06,0.0446225
v1,+3V3,Ra-02,U3.3,2.18474e+06,0.0454585
v1,+3V3,Ra-02,U3.3,2.20775e+06,0.0463099
v1,+3V3,Ra-02,U3.3,2.231e+06,0.0471774
v1,+3V3,Ra-02,U3.3,2.25449e+06,0.0480616
v1,+3V3,Ra-02,U3.3,2.27823e+06,0.0489633
v1,+3V3,Ra-02,U3.3,2.30222e+06,0.0498832
v1,+3V3,Ra-02,U3.3,2.32647e+06,0.0508222
v1,+3V3,Ra-02,U3.3,2.35097e+06,0.0517812
v1,+3V3,Ra-02,U3.3,2.37573e+06,0.052761
v1,+3V3,Ra-02,U3.3,2.40074e+06,0.0537626
v1,+3V3,Ra-02,U3.3,2.42603e+06,0.0547872
v1,+3V3,Ra-02,U3.3,2.45157e+06,0.0558357
v1,+3V3,Ra-02,U3.3,2.47739e+06,0.0569095
v1,+3V3,Ra-02,U3.3,2.50348e+06,0.0580098
v1,+3V3,Ra-02,U3.3,2.52984e+06,0.059138
v1,+3V3,Ra-02,U3.3,2.55649e+06,0.0602955
v1,+3V3,Ra-02,U3.3,2.58341e+06,0.0614839
v1,+3V3,Ra-02,U3.3,2.61061e+06,0.0627049
v1,+3V3,Ra-02,U3.3,2.63811e+06,0.0639604
v1,+3V3,Ra-02,U3.3,2.66589e+06,0.0652522
v1,+3V3,Ra-02,U3.3,2.69396e+06,0.0665827
v1,+3V3,Ra-02,U3.3,2.72233e+06,0.0679539
v1,+3V3,Ra-02,U3.3,2.751e+06,0.0693686
v1,+3V3,Ra-02,U3.3,2.77997e+06,0.0708292
v1,+3V3,Ra-02,U3.3,2.80925e+06,0.0723389
v1,+3V3,Ra-02,U3.3,2.83883e+06,0.0739008
v1,+3V3,Ra-02,U3.3,2.86872e+06,0.0755185
v1,+3V3,Ra-02,U3.3,2.89893e+06,0.0771957
v1,+3V3,Ra-02,U3.3,2.92946e+06,0.0789368
v1,+3V3,Ra-02,U3.3,2.96031e+06,0.0807462
v1,+3V3,Ra-02,U3.3,2.99149e+06,0.0826292
v1,+3V3,Ra-02,U3.3,3.02299e+06,0.0845914
v1,+3V3,Ra-02,U3.3,3.05483e+06,0.0866389
v1,+3V3,Ra-02,U3.3,3.087e+06,0.0887787
v1,+3V3,Ra-02,U3.3,3.1195e+06,0.0910184
v1,+3V3,Ra-02,U3.3,3.15236e+06,0.0933668
v1,+3V3,Ra-02,U3.3,3.18555e+06,0.0958332
v1,+3V3,Ra-02,U3.3,3.2191e+06,0.0984286
v1,+3V3,Ra-02,U3.3,3.253e+06,0.101165
v1,+3V3,Ra-02,U3.3,3.28726e+06,0.104056
v1,+3V3,Ra-02,U3.3,3.32187e+06,0.107118
v1,+3V3,Ra-02,U3.3,3.35686e+06,0.110367
v1,+3V3,Ra-02,U3.3,3.39221e+06,0.113825
v1,+3V3,Ra-02,U3.3,3.42793e+06,0.117513
v1,+3V3,Ra-02,U3.3,3.46403e+06,0.12146
v1,+3V3,Ra-02,U3.3,3.50051e+06,0.125696
v1,+3V3,Ra-02,U3.3,3.53737e+06,0.130256
v1,+3V3,Ra-02,U3.3,3.57462e+06,0.135183
v1,+3V3,Ra-02,U3.3,3.61227e+06,0.140526
v1,+3V3,Ra-02,U3.3,3.65031e+06,0.146343
v1,+3V3,Ra-02,U3.3,3.68875e+06,0.152702
v1,+3V3,Ra-02,U3.3,3.72759e+06,0.159687
v1,+3V3,Ra-02,U3.3,3.76685e+06,0.167394
v1,+3V3,Ra-02,U3.3,3.80652e+06,0.175941
v1,+3V3,Ra-02,U3.3,3.8466e+06,0.185472
v1,+3V3,Ra-02,U3.3,3.88711e+06,0.196156
v1,+3V3,Ra-02,U3.3,3.92805e+06,0.208199
v1,+3V3,Ra-02,U3.3,3.96941e+06,0.221846
v1,+3V3,Ra-02,U3.3,4.01121e+06,0.237382
v1,+3V3,Ra-02,U3.3,4.05345e+06,0.255124
v1,+3V3,Ra-02,U3.3,4.09614e+06,0.275393
v1,+3V3,Ra-02,U3.3,4.13928e+06,0.298438
v1,+3V3,Ra-02,U3.3,4.18287e+06,0.324267
v1,+3V3,Ra-02,U3.3,4.22692e+06,0.352307
v1,+3V3,Ra-02,U3.3,4.27143e+06,0.380839
v1,+3V3,Ra-02,U3.3,4.31641e+06,0.406303
v1,+3V3,Ra-02,U3.3,4.36187e+06,0.423152
v1,+3V3,Ra-02,U3.3,4.4078e+06,0.425493
v1,+3V3,Ra-02,U3.3,4.45422e+06,0.410638
v1,+3V3,Ra-02,U3.3,4.50113e+06,0.38143
v1,+3V3,Ra-02,U3.3,4.54853e+06,0.344323
v1,+3V3,Ra-02,U3.3,4.59643e+06,0.305512
v1,+3V3,Ra-02,U3.3,4.64483e+06,0.268877
v1,+3V3,Ra-02,U3.3,4.69375e+06,0.236105
v1,+3V3,Ra-02,U3.3,4.74318e+06,0.207541
v1,+3V3,Ra-02,U3.3,4.79312e+06,0.182901
v1,+3V3,Ra-02,U3.3,4.8436e+06,0.161685
v1,+3V3,Ra-02,U3.3,4.89461e+06,0.143365
v1,+3V3,Ra-02,U3.3,4.94615e+06,0.127464
v1,+3V3,Ra-02,U3.3,4.99824e+06,0.113575
v1,+3V3,Ra-02,U3.3,5.05088e+06,0.101364
v1,+3V3,Ra-02,U3.3,5.10407e+06,0.0905578
v1,+3V3,Ra-02,U3.3,5.15782e+06,0.0809372
v1,+3V3,Ra-02,U3.3,5.21213e+06,0.0723247
v1,+3V3,Ra-02,U3.3,5.26702e+06,0.0645782
v1,+3V3,Ra-02,U3.3,5.32249e+06,0.0575854
v1,+3V3,Ra-02,U3.3,5.37854e+06,0.051259
v1,+3V3,Ra-02,U3.3,5.43518e+06,0.0455355
v1,+3V3,Ra-02,U3.3,5.49242e+06,0.040374
v1,+3V3,Ra-02,U3.3,5.55026e+06,0.035759
v1,+3V3,Ra-02,U3.3,5.60871e+06,0.0317036
v1,+3V3,Ra-02,U3.3,5.66777e+06,0.0282553
v1,+3V3,Ra-02,U3.3,5.72746e+06,0.0254964
v1,+3V3,Ra-02,U3.3,5.78777e+06,0.0235299
v1,+3V3,Ra-02,U3.3,5.84872e+06,0.022431
v1,+3V3,Ra-02,U3.3,5.91031e+06,0.0221613
v1,+3V3,Ra-02,U3.3,5.97255e+06,0.0224885
v1,+3V3,Ra-02,U3.3,6.03545e+06,0.0229893
v1,+3V3,Ra-02,U3.3,6.09901e+06,0.0231945
v1,+3V3,Ra-02,U3.3,6.16324e+06,0.0228404
v1,+3V3,Ra-02,U3.3,6.22814e+06,0.0220353
v1,+3V3,Ra-02,U3.3,6.29373e+06,0.0211561
v1,+3V3,Ra-02,U3.3,6.36001e+06,0.0205852
v1,+3V3,Ra-02,U3.3,6.42698e+06,0.0205344
v1,+3V3,Ra-02,U3.3,6.49467e+06,0.0210297
v1,+3V3,Ra-02,U3.3,6.56306e+06,0.0219846
v1,+3V3,Ra-02,U3.3,6.63218e+06,0.0232784
v1,+3V3,Ra-02,U3.3,6.70202e+06,0.0248017
v1,+3V3,Ra-02,U3.3,6.7726e+06,0.0264711
v1,+3V3,Ra-02,U3.3,6.84392e+06,0.0282284
v1,+3V3,Ra-02,U3.3,6.91599e+06,0.0300348
v1,+3V3,Ra-02,U3.3,6.98882e+06,0.0318646
v1,+3V3,Ra-02,U3.3,7.06242e+06,0.0337018
v1,+3V3,Ra-02,U3.3,7.13679e+06,0.0355358
v1,+3V3,Ra-02,U3.3,7.21195e+06,0.0373603
v1,+3V3,Ra-02,U3.3,7.2879e+06,0.0391714
v1,+3V3,Ra-02,U3.3,7.36465e+06,0.040967
v1,+3V3,Ra-02,U3.3,7.4422e+06,0.0427461
v1,+3V3,Ra-02,U3.3,7.52058e+06,0.0445083
v1,+3V3,Ra-02,U3.3,7.59977e+06,0.0462539
v1,+3V3,Ra-02,U3.3,7.67981e+06,0.0479834
v1,+3V3,Ra-02,U3.3,7.76068e+06,0.0496976
v1,+3V3,Ra-02,U3.3,7.84241e+06,0.0513972
v1,+3V3,Ra-02,U3.3,7.925e+06,0.0530833
v1,+3V3,Ra-02,U3.3,8.00845e+06,0.0547568
v1,+3V3,Ra-02,U3.3,8.09279e+06,0.0564187
v1,+3V3,Ra-02,U3.3,8.17801e+06,0.05807
v1,+3V3,Ra-02,U3.3,8.26414e+06,0.0597116
v1,+3V3,Ra-02,U3.3,8.35116e+06,0.0613444
v1,+3V3,Ra-02,U3.3,8.43911e+06,0.0629694
v1,+3V3,Ra-02,U3.3,8.52798e+06,0.0645875
v1,+3V3,Ra-02,U3.3,8.61779e+06,0.0661995
v1,+3V3,Ra-02,U3.3,8.70854e+06,0.0678061
v1,+3V3,Ra-02,U3.3,8.80025e+06,0.0694083
v1,+3V3,Ra-02,U3.3,8.89292e+06,0.0710067
v1,+3V3,Ra-02,U3.3,8.98657e+06,0.0726021
v1,+3V3,Ra-02,U3.3,9.08121e+06,0.0741952
v1,+3V3,Ra-02,U3.3,9.17684e+06,0.0757866
v1,+3V3,Ra-02,U3.3,9.27348e+06,0.0773769
v1,+3V3,Ra-02,U3.3,9.37114e+06,0.0789669
v1,+3V3,Ra-02,U3.3,9.46983e+06,0.080557
v1,+3V3,Ra-02,U3.3,9.56955e+06,0.0821479
v1,+3V3,Ra-02,U3.3,9.67033e+06,0.0837401
v1,+3V3,Ra-02,U3.3,9.77217e+06,0.0853342
v1,+3V3,Ra-02,U3.3,9.87508e+06,0.0869306
v1,+3V3,Ra-02,U3.3,9.97907e+06,0.0885298
v1,+3V3,Ra-02,U3.3,1.00842e+07,0.0901323
v1,+3V3,Ra-02,U3.3,1.01904e+07,0.0917387
v1,+3V3,Ra-02,U3.3,1.02977e+07,0.0933492
v1,+3V3,Ra-02,U3.3,1.04061e+07,0.0949645
v1,+3V3,Ra-02,U3.3,1.05157e+07,0.0965848
v1,+3V3,Ra-02,U3.3,1.06264e+07,0.0982107
v1,+3V3,Ra-02,U3.3,1.07383e+07,0.0998424
v1,+3V3,Ra-02,U3.3,1.08514e+07,0.10148
v1,+3V3,Ra-02,U3.3,1.09657e+07,0.103125
v1,+3V3,Ra-02,U3.3,1.10812e+07,0.104777
v1,+3V3,Ra-02,U3.3,1.11979e+07,0.106436
v1,+3V3,Ra-02,U3.3,1.13158e+07,0.108103
v1,+3V3,Ra-02,U3.3,1.1435e+07,0.109778
v1,+3V3,Ra-02,U3.3,1.15554e+07,0.111462
v1,+3V3,Ra-02,U3.3,1.16771e+07,0.113154
v1,+3V3,Ra-02,U3.3,1.18e+07,0.114856
v1,+3V3,Ra-02,U3.3,1.19243e+07,0.116566
v1,+3V3,Ra-02,U3.3,1.20499e+07,0.118287
v1,+3V3,Ra-02,U3.3,1.21768e+07,0.120018
v1,+3V3,Ra-02,U3.3,1.2305e+07,0.121759
v1,+3V3,Ra-02,U3.3,1.24346e+07,0.123511
v1,+3V3,Ra-02,U3.3,1.25655e+07,0.125274
v1,+3V3,Ra-02,U3.3,1.26979e+07,0.127048
v1,+3V3,Ra-02,U3.3,1.28316e+07,0.128834
v1,+3V3,Ra-02,U3.3,1.29667e+07,0.130631
v1,+3V3,Ra-02,U3.3,1.31033e+07,0.132441
v1,+3V3,Ra-02,U3.3,1.32413e+07,0.134263
v1,+3V3,Ra-02,U3.3,1.33807e+07,0.136098
v1,+3V3,Ra-02,U3.3,1.35216e+07,0.137946
v1,+3V3,Ra-02,U3.3,1.3664e+07,0.139808
v1,+3V3,Ra-02,U3.3,1.38079e+07,0.141683
v1,+3V3,Ra-02,U3.3,1.39533e+07,0.143571
v1,+3V3,Ra-02,U3.3,1.41002e+07,0.145474
v1,+3V3,Ra-02,U3.3,1.42487e+07,0.147392
v1,+3V3,Ra-02,U3.3,1.43988e+07,0.149324
v1,+3V3,Ra-02,U3.3,1.45504e+07,0.151271
v1,+3V3,Ra-02,U3.3,1.47036e+07,0.153233
v1,+3V3,Ra-02,U3.3,1.48585e+07,0.15521
v1,+3V3,Ra-02,U3.3,1.5015e+07,0.157204
v1,+3V3,Ra-02,U3.3,1.51731e+07,0.159213
v1,+3V3,Ra-02,U3.3,1.53329e+07,0.161239
v1,+3V3,Ra-02,U3.3,1.54943e+07,0.163282
v1,+3V3,Ra-02,U3.3,1.56575e+07,0.165341
v1,+3V3,Ra-02,U3.3,1.58224e+07,0.167417
v1,+3V3,Ra-02,U3.3,1.5989e+07,0.169511
v1,+3V3,Ra-02,U3.3,1.61574e+07,0.171623
v1,+3V3,Ra-02,U3.3,1.63275e+07,0.173752
v1,+3V3,Ra-02,U3.3,1.64995e+07,0.1759
v1,+3V3,Ra-02,U3.3,1.66732e+07,0.178066
v1,+3V3,Ra-02,U3.3,1.68488e+07,0.180251
v1,+3V3,Ra-02,U3.3,1.70263e+07,0.182455
v1,+3V3,Ra-02,U3.3,1.72056e+07,0.184678
v1,+3V3,Ra-02,U3.3,1.73867e+07,0.186921
v1,+3V3,Ra-02,U3.3,1.75698e+07,0.189183
v1,+3V3,Ra-02,U3.3,1.77549e+07,0.191466
v1,+3V3,Ra-02,U3.3,1.79418e+07,0.19377
v1,+3V3,Ra-02,U3.3,1.81308e+07,0.196094
v1,+3V3,Ra-02,U3.3,1.83217e+07,0.198439
v1,+3V3,Ra-02,U3.3,1.85147e+07,0.200805
v1,+3V3,Ra-02,U3.3,1.87096e+07,0.203193
v1,+3V3,Ra-02,U3.3,1.89067e+07,0.205603
v1,+3V3,Ra-02,U3.3,1.91058e+07,0.208035
v1,+3V3,Ra-02,U3.3,1.9307e+07,0.210489
v1,+3V3,Ra-02,U3.3,1.95103e+07,0.212966
v1,+3V3,Ra-02,U3.3,1.97158e+07,0.215467
v1,+3V3,Ra-02,U3.3,1.99234e+07,0.21799
v1,+3V3,Ra-02,U3.3,2.01332e+07,0.220537
v1,+3V3,Ra-02,U3.3,2.03452e+07,0.223108
v1,+3V3,Ra-02,U3.3,2.05595e+07,0.225704
v1,+3V3,Ra-02,U3.3,2.0776e+07,0.228324
v1,+3V3,Ra-02,U3.3,2.09948e+07,0.230969
v1,+3V3,Ra-02,U3.3,2.12159e+07,0.233639
v1,+3V3,Ra-02,U3.3,2.14393e+07,0.236334
v1,+3V3,Ra-02,U3.3,2.16651e+07,0.239055
v1,+3V3,Ra-02,U3.3,2.18932e+07,0.241803
v1,+3V3,Ra-02,U3.3,2.21238e+07,0.244577
v1,+3V3,Ra-02,U3.3,2.23567e+07,0.247377
v1,+3V3,Ra-02,U3.3,2.25922e+07,0.250205
v1,+3V3,Ra-02,U3.3,2.28301e+07,0.25306
v1,+3V3,Ra-02,U3.3,2.30705e+07,0.255943
v1,+3V3,Ra-02,U3.3,2.33135e+07,0.258855
v1,+3V3,Ra-02,U3.3,2.3559e+07,0.261794
v1,+3V3,Ra-02,U3.3,2.38071e+07,0.264763
v1,+3V3,Ra-02,U3.3,2.40578e+07,0.26776
v1,+3V3,Ra-02,U3.3,2.43111e+07,0.270787
v1,+3V3,Ra-02,U3.3,2.45672e+07,0.273844
v1,+3V3,Ra-02,U3.3,2.48259e+07,0.276931
v1,+3V3,Ra-02,U3.3,2.50873e+07,0.280049
v1,+3V3,Ra-02,U3.3,2.53515e+07,0.283198
v1,+3V3,Ra-02,U3.3,2.56185e+07,0.286377
v1,+3V3,Ra-02,U3.3,2.58883e+07,0.289589
v1,+3V3,Ra-02,U3.3,2.61609e+07,0.292833
v1,+3V3,Ra-02,U3.3,2.64364e+07,0.296109
v1,+3V3,Ra-02,U3.3,2.67148e+07,0.299418
v1,+3V3,Ra-02,U3.3,2.69961e+07,0.30276
v1,+3V3,Ra-02,U3.3,2.72804e+07,0.306135
v1,+3V3,Ra-02,U3.3,2.75677e+07,0.309545
v1,+3V3,Ra-02,U3.3,2.7858e+07,0.312989
v1,+3V3,Ra-02,U3.3,2.81514e+07,0.316467
v1,+3V3,Ra-02,U3.3,2.84478e+07,0.319981
v1,+3V3,Ra-02,U3.3,2.87474e+07,0.323531
v1,+3V3,Ra-02,U3.3,2.90501e+07,0.327116
v1,+3V3,Ra-02,U3.3,2.93561e+07,0.330738
v1,+3V3,Ra-02,U3.3,2.96652e+07,0.334397
v1,+3V3,Ra-02,U3.3,2.99776e+07,0.338093
v1,+3V3,Ra-02,U3.3,3.02933e+07,0.341827
v1,+3V3,Ra-02,U3.3,3.06123e+07,0.345598
v1,+3V3,Ra-02,U3.3,3.09347e+07,0.349409
v1,+3V3,Ra-02,U3.3,3.12605e+07,0.353258
v1,+3V3,Ra-02,U3.3,3.15897e+07,0.357147
v1,+3V3,Ra-02,U3.3,3.19223e+07,0.361076
v1,+3V3,Ra-02,U3.3,3.22585e+07,0.365046
v1,+3V3,Ra-02,U3.3,3.25982e+07,0.369056
v1,+3V3,Ra-02,U3.3,3.29415e+07,0.373107
v1,+3V3,Ra-02,U3.3,3.32884e+07,0.377201
v1,+3V3,Ra-02,U3.3,3.3639e+07,0.381336
v1,+3V3,Ra-02,U3.3,3.39932e+07,0.385515
v1,+3V3,Ra-02,U3.3,3.43512e+07,0.389737
v1,+3V3,Ra-02,U3.3,3.47129e+07,0.394002
v1,+3V3,Ra-02,U3.3,3.50785e+07,0.398312
v1,+3V3,Ra-02,U3.3,3.54479e+07,0.402667
v1,+3V3,Ra-02,U3.3,3.58212e+07,0.407067
v1,+3V3,Ra-02,U3.3,3.61984e+07,0.411513
v1,+3V3,Ra-02,U3.3,3.65796e+07,0.416005
v1,+3V3,Ra-02,U3.3,3.69648e+07,0.420544
v1,+3V3,Ra-02,U3.3,3.73541e+07,0.425131
v1,+3V3,Ra-02,U3.3,3.77475e+07,0.429765
v1,+3V3,Ra-02,U3.3,3.8145e+07,0.434449
v1,+3V3,Ra-02,U3.3,3.85467e+07,0.439181
v1,+3V3,Ra-02,U3.3,3.89526e+07,0.443963
v1,+3V3,Ra-02,U3.3,3.93628e+07,0.448795
v1,+3V3,Ra-02,U3.3,3.97774e+07,0.453679
v1,+3V3,Ra-02,U3.3,4.01963e+07,0.458613
v1,+3V3,Ra-02,U3.3,4.06196e+07,0.4636
v1,+3V3,Ra-02,U3.3,4.10473e+07,0.46864
v1,+3V3,Ra-02,U3.3,4.14796e+07,0.473732
v1,+3V3,Ra-02,U3.3,4.19164e+07,0.478879
v1,+3V3,Ra-02,U3.3,4.23578e+07,0.48408
v1,+3V3,Ra-02,U3.3,4.28039e+07,0.489336
v1,+3V3,Ra-02,U3.3,4.32546e+07,0.494648
v1,+3V3,Ra-02,U3.3,4.37102e+07,0.500017
v1,+3V3,Ra-02,U3.3,4.41705e+07,0.505443
v1,+3V3,Ra-02,U3.3,4.46356e+07,0.510926
v1,+3V3,Ra-02,U3.3,4.51057e+07,0.516468
v1,+3V3,Ra-02,U3.3,4.55807e+07,0.522069
v1,+3V3,Ra-02,U3.3,4.60607e+07,0.52773
v1,+3V3,Ra-02,U3.3,4.65457e+07,0.533452
v1,+3V3,Ra-02,U3.3,4.70359e+07,0.539235
v1,+3V3,Ra-02,U3.3,4.75312e+07,0.54508
v1,+3V3,Ra-02,U3.3,4.80318e+07,0.550988
v1,+3V3,Ra-02,U3.3,4.85376e+07,0.556959
v1,+3V3,Ra-02,U3.3,4.90487e+07,0.562994
v1,+3V3,Ra-02,U3.3,4.95653e+07,0.569095
v1,+3V3,Ra-02,U3.3,5.00872e+07,0.575261
v1,+3V3,Ra-02,U3.3,5.06147e+07,0.581494
v1,+3V3,Ra-02,U3.3,5.11477e+07,0.587794
v1,+3V3,Ra-02,U3.3,5.16863e+07,0.594162
v1,+3V3,Ra-02,U3.3,5.22306e+07,0.6006
v1,+3V3,Ra-02,U3.3,5.27807e+07,0.607107
v1,+3V3,Ra-02,U3.3,5.33365e+07,0.613685
v1,+3V3,Ra-02,U3.3,5.38982e+07,0.620334
v1,+3V3,Ra-02,U3.3,5.44658e+07,0.627056
v1,+3V3,Ra-02,U3.3,5.50394e+07,0.633851
v1,+3V3,Ra-02,U3.3,5.5619e+07,0.640721
v1,+3V3,Ra-02,U3.3,5.62047e+07,0.647665
v1,+3V3,Ra-02,U3.3,5.67966e+07,0.654686
v1,+3V3,Ra-02,U3.3,5.73947e+07,0.661783
v1,+3V3,Ra-02,U3.3,5.79991e+07,0.668958
v1,+3V3,Ra-02,U3.3,5.86099e+07,0.676212
v1,+3V3,Ra-02,U3.3,5.92271e+07,0.683546
v1,+3V3,Ra-02,U3.3,5.98508e+07,0.690961
v1,+3V3,Ra-02,U3.3,6.04811e+07,0.698457
v1,+3V3,Ra-02,U3.3,6.1118e+07,0.706036
v1,+3V3,Ra-02,U3.3,6.17616e+07,0.713699
v1,+3V3,Ra-02,U3.3,6.2412e+07,0.721447
v1,+3V3,Ra-02,U3.3,6.30693e+07,0.729281
v1,+3V3,Ra-02,U3.3,6.37335e+07,0.737202
v1,+3V3,Ra-02,U3.3,6.44046e+07,0.745211
v1,+3V3,Ra-02,U3.3,6.50829e+07,0.75331
v1,+3V3,Ra-02,U3.3,6.57683e+07,0.761499
v1,+3V3,Ra-02,U3.3,6.64609e+07,0.769779
v1,+3V3,Ra-02,U3.3,6.71608e+07,0.778152
v1,+3V3,Ra-02,U3.3,6.7868e+07,0.786619
v1,+3V3,Ra-02,U3.3,6.85827e+07,0.795181
v1,+3V3,Ra-02,U3.3,6.9305e+07,0.80384
v1,+3V3,Ra-02,U3.3,7.00348e+07,0.812596
v1,+3V3,Ra-02,U3.3,7.07723e+07,0.82145
v1,+3V3,Ra-02,U3.3,7.15176e+07,0.830405
v1,+3V3,Ra-02,U3.3,7.22708e+07,0.839462
v1,+3V3,Ra-02,U3.3,7.30318e+07,0.848621
v1,+3V3,Ra-02,U3.3,7.38009e+07,0.857885
v1,+3V3,Ra-02,U3.3,7.45781e+07,0.867254
v1,+3V3,Ra-02,U3.3,7.53635e+07,0.87673
v1,+3V3,Ra-02,U3.3,7.61571e+07,0.886314
v1,+3V3,Ra-02,U3.3,7.69591e+07,0.896008
v1,+3V3,Ra-02,U3.3,7.77696e+07,0.905813
v1,+3V3,Ra-02,U3.3,7.85886e+07,0.915732
v1,+3V3,Ra-02,U3.3,7.94162e+07,0.925764
v1,+3V3,Ra-02,U3.3,8.02525e+07,0.935912
v1,+3V3,Ra-02,U3.3,8.10976e+07,0.946178
v1,+3V3,Ra-02,U3.3,8.19517e+07,0.956563
v1,+3V3,Ra-02,U3.3,8.28147e+07,0.967069
v1,+3V3,Ra-02,U3.3,8.36868e+07,0.977697
v1,+3V3,Ra-02,U3.3,8.45681e+07,0.988449
v1,+3V3,Ra-02,U3.3,8.54587e+07,0.999327
v1,+3V3,Ra-02,U3.3,8.63586e+07,1.01033
v1,+3V3,Ra-02,U3.3,8.72681e+07,1.02147
v1,+3V3,Ra-02,U3.3,8.81871e+07,1.03273
v1,+3V3,Ra-02,U3.3,8.91158e+07,1.04413
v1,+3V3,Ra-02,U3.3,9.00542e+07,1.05567
v1,+3V3,Ra-02,U3.3,9.10026e+07,1.06734
v1,+3V3,Ra-02,U3.3,9.19609e+07,1.07915
v1,+3V3,Ra-02,U3.3,9.29293e+07,1.0911
v1,+3V3,Ra-02,U3.3,9.3908e+07,1.1032
v1,+3V3,Ra-02,U3.3,9.48969e+07,1.11544
v1,+3V3,Ra-02,U3.3,9.58963e+07,1.12782
v1,+3V3,Ra-02,U3.3,9.69061e+07,1.14036
v1,+3V3,Ra-02,U3.3,9.79266e+07,1.15305
v1,+3V3,Ra-02,U3.3,9.89579e+07,1.16589
v1,+3V3,Ra-02,U3.3,1e+08,1.17889
v1,+3V3_SW,MPU6050,U2.13,1000,0.290077
v1,+3V3_SW,MPU6050,U2.13,1010.53,0.290079
v1,+3V3_SW,MPU6050,U2.13,1021.17,0.29008
v1,+3V3_SW,MPU6050,U2.13,1031.93,0.290082
v1,+3V3_SW,MPU6050,U2.13,1042.79,0.290084
v1,+3V3_SW,MPU6050,U2.13,1053.78,0.290086
v1,+3V3_SW,MPU6050,U2.13,1064.87,0.290088
v1,+3V3_SW,MPU6050,U2.13,1076.09,0.290089
v1,+3V3_SW,MPU6050,U2.13,1087.42,0.290091
v1,+3V3_SW,MPU6050,U2.13,1098.87,0.290093
v1,+3V3_SW,MPU6050,U2.13,1110.44,0.290095
v1,+3V3_SW,MPU6050,U2.13,1122.14,0.290097
v1,+3V3_SW,MPU6050,U2.13,1133.95,0.290099
v1,+3V3_SW,MPU6050,U2.13,1145.89,0.290101
v1,+3V3_SW,MPU6050,U2.13,1157.96,0.290103
v1,+3V3_SW,MPU6050,U2.13,1170.16,0.290106
v1,+3V3_SW,MPU6050,U2.13,1182.48,0.290108
v1,+3V3_SW,MPU6050,U2.13,1194.93,0.29011
v1,+3V3_SW,MPU6050,U2.13,1207.52,0.290113
v1,+3V3_SW,MPU6050,U2.13,1220.23,0.290115
v1,+3V3_SW,MPU6050,U2.13,1233.08,0.290117
v1,+3V3_SW,MPU6050,U2.13,1246.07,0.29012
v1,+3V3_SW,MPU6050,U2.13,1259.19,0.290122
v1,+3V3_SW,MPU6050,U2.13,1272.45,0.290125
v1,+3V3_SW,MPU6050,U2.13,1285.85,0.290128
v1,+3V3_SW,MPU6050,U2.13,1299.39,0.29013
v1,+3V3_SW,MPU6050,U2.13,1313.07,0.290133
v1,+3V3_SW,MPU6050,U2.13,1326.9,0.290136
v1,+3V3_SW,MPU6050,U2.13,1340.88,0.290139
v1,+3V3_SW,MPU6050,U2.13,1355,0.290142
v1,+3V3_SW,MPU6050,U2.13,1369.27,0.290145
v1,+3V3_SW,MPU6050,U2.13,1383.69,0.290148
v1,+3V3_SW,MPU6050,U2.13,1398.26,0.290151
v1,+3V3_SW,MPU6050,U2.13,1412.98,0.290154
v1,+3V3_SW,MPU6050,U2.13,1427.86,0.290157
v1,+3V3_SW,MPU6050,U2.13,1442.9,0.290161
v1,+3V3_SW,MPU6050,U2.13,1458.09,0.290164
v1,+3V3_SW,MPU6050,U2.13,1473.45,0.290168
v1,+3V3_SW,MPU6050,U2.13,1488.96,0.290171
v1,+3V3_SW,MPU6050,U2.13,1504.64,0.290175
v1,+3V3_SW,MPU6050,U2.13,1520.49,0.290178
v1,+3V3_SW,MPU6050,U2.13,1536.5,0.290182
v1,+3V3_SW,MPU6050,U2.13,1552.68,0.290186
v1,+3V3_SW,MPU6050,U2.13,1569.03,0.29019
v1,+3V3_SW,MPU6050,U2.13,1585.56,0.290194
v1,+3V3_SW,MPU6050,U2.13,1602.25,0.290198
v1,+3V3_SW,MPU6050,U2.13,1619.13,0.290202
v1,+3V3_SW,MPU6050,U2.13,1636.18,0.290207
v1,+3V3_SW,MPU6050,U2.13,1653.41,0.290211
v1,+3V3_SW,MPU6050,U2.13,1670.82,0.290215
v1,+3V3_SW,MPU6050,U2.13,1688.42,0.29022
v1,+3V3_SW,MPU6050,U2.13,1706.2,0.290225
v1,+3V3_SW,MPU6050,U2.13,1724.16,0.290229
v1,+3V3_SW,MPU6050,U2.13,1742.32,0.290234
v1,+3V3_SW,MPU6050,U2.13,1760.67,0.290239
v1,+3V3_SW,MPU6050,U2.13,1779.21,0.290244
v1,+3V3_SW,MPU6050,U2.13,1797.95,0.29025
v1,+3V3_SW,MPU6050,U2.13,1816.88,0.290255
v1,+3V3_SW,MPU6050,U2.13,1836.02,0.29026
v1,+3V3_SW,MPU6050,U2.13,1855.35,0.290266
v1,+3V3_SW,MPU6050,U2.13,1874.89,0.290271
v1,+3V3_SW,MPU6050,U2.13,1894.63,0.290277
v1,+3V3_SW,MPU6050,U2.13,1914.58,0.290283
v1,+3V3_SW,MPU6050,U2.13,1934.75,0.290289
v1,+3V3_SW,MPU6050,U2.13,1955.12,0.290295
v1,+3V3_SW,MPU6050,U2.13,1975.71,0.290301
v1,+3V3_SW,MPU6050,U2.13,1996.52,0.290308
v1,+3V3_SW,MPU6050,U2.13,2017.54,0.290314
v1,+3V3_SW,MPU6050,U2.13,2038.79,0.290321
v1,+3V3_SW,MPU6050,U2.13,2060.26,0.290328
v1,+3V3_SW,MPU6050,U2.13,2081.95,0.290335
v1,+3V3_SW,MPU6050,U2.13,2103.88,0.290342
v1,+3V3_SW,MPU6050,U2.13,2126.04,0.290349
v1,+3V3_SW,MPU6050,U2.13,2148.42,0.290356
v1,+3V3_SW,MPU6050,U2.13,2171.05,0.290364
v1,+3V3_SW,MPU6050,U2.13,2193.91,0.290372
v1,+3V3_SW,MPU6050,U2.13,2217.02,0.290379
v1,+3V3_SW,MPU6050,U2.13,2240.36,0.290387
v1,+3V3_SW,MPU6050,U2.13,2263.96,0.290396
v1,+3V3_SW,MPU6050,U2.13,2287.8,0.290404
v1,+3V3_SW,MPU6050,U2.13,2311.89,0.290413
v1,+3V3_SW,MPU6050,U2.13,2336.24,0.290421
v1,+3V3_SW,MPU6050,U2.13,2360.84,0.29043
v1,+3V3_SW,MPU6050,U2.13,2385.7,0.290439
v1,+3V3_SW,MPU6050,U2.13,2410.82,0.290449
v1,+3V3_SW,MPU6050,U2.13,2436.21,0.290458
v1,+3V3_SW,MPU6050,U2.13,2461.87,0.290468
v1,+3V3_SW,MPU6050,U2.13,2487.79,0.290478
v1,+3V3_SW,MPU6050,U2.13,2513.99,0.290488
v1,+3V3_SW,MPU6050,U2.13,2540.47,0.290498
v1,+3V3_SW,MPU6050,U2.13,2567.22,0.290509
v1,+3V3_SW,MPU6050,U2.13,2594.26,0.29052
v1,+3V3_SW,MPU6050,U2.13,2621.58,0.290531
v1,+3V3_SW,MPU6050,U2.13,2649.18,0.290542
v1,+3V3_SW,MPU6050,U2.13,2677.08,0.290553
v1,+3V3_SW,MPU6050,U2.13,2705.27,0.290565
v1,+3V3_SW,MPU6050,U2.13,2733.76,0.290577
v1,+3V3_SW,MPU6050,U2.13,2762.55,0.290589
v1,+3V3_SW,MPU6050,U2.13,2791.64,0.290602
v1,+3V3_SW,MPU6050,U2.13,2821.04,0.290614
v1,+3V3_SW,MPU6050,U2.13,2850.75,0.290627
v1,+3V3_SW,MPU6050,U2.13,2880.77,0.290641
v1,+3V3_SW,MPU6050,U2.13,2911.11,0.290654
v1,+3V3_SW,MPU6050,U2.13,2941.76,0.290668
v1,+3V3_SW,MPU6050,U2.13,2972.74,0.290682
v1,+3V3_SW,MPU6050,U2.13,3004.05,0.290697
v1,+3V3_SW,MPU6050,U2.13,3035.68,0.290712
v1,+3V3_SW,MPU6050,U2.13,3067.65,0.290727
v1,+3V3_SW,MPU6050,U2.13,3099.96,0.290742
v1,+3V3_SW,MPU6050,U2.13,3132.6,0.290758
v1,+3V3_SW,MPU6050,U2.13,3165.59,0.290774
v1,+3V3_SW,MPU6050,U2.13,3198.93,0.29079
v1,+3V3_SW,MPU6050,U2.13,3232.62,0.290807
v1,+3V3_SW,MPU6050,U2.13,3266.66,0.290824
v1,+3V3_SW,MPU6050,U2.13,3301.06,0.290842
v1,+3V3_SW,MPU6050,U2.13,3335.82,0.290859
v1,+3V3_SW,MPU6050,U2.13,3370.95,0.290878
v1,+3V3_SW,MPU6050,U2.13,3406.45,0.290896
v1,+3V3_SW,MPU6050,U2.13,3442.32,0.290915
v1,+3V3_SW,MPU6050,U2.13,3478.57,0.290935
v1,+3V3_SW,MPU6050,U2.13,3515.21,0.290954
v1,+3V3_SW,MPU6050,U2.13,3552.22,0.290975
v1,+3V3_SW,MPU6050,U2.13,3589.63,0.290995
v1,+3V3_SW,MPU6050,U2.13,3627.43,0.291016
v1,+3V3_SW,MPU6050,U2.13,3665.64,0.291038
v1,+3V3_SW,MPU6050,U2.13,3704.24,0.29106
v1,+3V3_SW,MPU6050,U2.13,3743.25,0.291082
v1,+3V3_SW,MPU6050,U2.13,3782.67,0.291105
v1,+3V3_SW,MPU6050,U2.13,3822.5,0.291129
v1,+3V3_SW,MPU6050,U2.13,3862.76,0.291153
v1,+3V3_SW,MPU6050,U2.13,3903.43,0.291177
v1,+3V3_SW,MPU6050,U2.13,3944.54,0.291202
v1,+3V3_SW,MPU6050,U2.13,3986.08,0.291227
v1,+3V3_SW,MPU6050,U2.13,4028.06,0.291253
v1,+3V3_SW,MPU6050,U2.13,4070.48,0.29128
v1,+3V3_SW,MPU6050,U2.13,4113.34,0.291307
v1,+3V3_SW,MPU6050,U2.13,4156.66,0.291335
v1,+3V3_SW,MPU6050,U2.13,4200.43,0.291363
v1,+3V3_SW,MPU6050,U2.13,4244.67,0.291392
v1,+3V3_SW,MPU6050,U2.13,4289.37,0.291422
v1,+3V3_SW,MPU6050,U2.13,4334.54,0.291452
v1,+3V3_SW,MPU6050,U2.13,4380.18,0.291482
v1,+3V3_SW,MPU6050,U2.13,4426.31,0.291514
v1,+3V3_SW,MPU6050,U2.13,4472.92,0.291546
v1,+3V3_SW,MPU6050,U2.13,4520.03,0.291579
v1,+3V3_SW,MPU6050,U2.13,4567.63,0.291612
v1,+3V3_SW,MPU6050,U2.13,4615.73,0.291646
v1,+3V3_SW,MPU6050,U2.13,4664.34,0.291681
v1,+3V3_SW,MPU6050,U2.13,4713.46,0.291717
v1,+3V3_SW,MPU6050,U2.13,4763.09,0.291753
v1,+3V3_SW,MPU6050,U2.13,4813.25,0.29179
v1,+3V3_SW,MPU6050,U2.13,4863.94,0.291828
v1,+3V3_SW,MPU6050,U2.13,4915.16,0.291867
v1,+3V3_SW,MPU6050,U2.13,4966.92,0.291907
v1,+3V3_SW,MPU6050,U2.13,5019.23,0.291947
v1,+3V3_SW,MPU6050,U2.13,5072.09,0.291988
v1,+3V3_SW,MPU6050,U2.13,5125.5,0.292031
v1,+3V3_SW,MPU6050,U2.13,5179.47,0.292074
v1,+3V3_SW,MPU6050,U2.13,5234.02,0.292118
v1,+3V3_SW,MPU6050,U2.13,5289.14,0.292163
v1,+3V3_SW,MPU6050,U2.13,5344.84,0.292208
v1,+3V3_SW,MPU6050,U2.13,5401.12,0.292255
v1,+3V3_SW,MPU6050,U2.13,5458,0.292303
v1,+3V3_SW,MPU6050,U2.13,5515.48,0.292352
v1,+3V3_SW,MPU6050,U2.13,5573.56,0.292402
v1,+3V3_SW,MPU6050,U2.13,5632.26,0.292453
v1,+3V3_SW,MPU6050,U2.13,5691.57,0.292505
v1,+3V3_SW,MPU6050,U2.13,5751.51,0.292558
v1,+3V3_SW,MPU6050,U2.13,5812.08,0.292612
v1,+3V3_SW,MPU6050,U2.13,5873.28,0.292668
v1,+3V3_SW,MPU6050,U2.13,5935.13,0.292724
v1,+3V3_SW,MPU6050,U2.13,5997.63,0.292782
v1,+3V3_SW,MPU6050,U2.13,6060.79,0.292841
v1,+3V3_SW,MPU6050,U2.13,6124.62,0.292901
v1,+3V3_SW,MPU6050,U2.13,6189.12,0.292963
v1,+3V3_SW,MPU6050,U2.13,6254.29,0.293026
v1,+3V3_SW,MPU6050,U2.13,6320.16,0.29309
v1,+3V3_SW,MPU6050,U2.13,6386.71,0.293156
v1,+3V3_SW,MPU6050,U2.13,6453.97,0.293223
v1,+3V3_SW,MPU6050,U2.13,6521.94,0.293291
v1,+3V3_SW,MPU6050,U2.13,6590.62,0.293361
v1,+3V3_SW,MPU6050,U2.13,6660.03,0.293432
v1,+3V3_SW,MPU6050,U2.13,6730.16,0.293505
v1,+3V3_SW,MPU6050,U2.13,6801.04,0.293579
v1,+3V3_SW,MPU6050,U2.13,6872.66,0.293655
v1,+3V3_SW,MPU6050,U2.13,6945.03,0.293733
v1,+3V3_SW,MPU6050,U2.13,7018.17,0.293812
v1,+3V3_SW,MPU6050,U2.13,7092.08,0.293893
v1,+3V3_SW,MPU6050,U2.13,7166.76,0.293976
v1,+3V3_SW,MPU6050,U2.13,7242.23,0.29406
v1,+3V3_SW,MPU6050,U2.13,7318.5,0.294147
v1,+3V3_SW,MPU6050,U2.13,7395.57,0.294235
v1,+3V3_SW,MPU6050,U2.13,7473.45,0.294325
v1,+3V3_SW,MPU6050,U2.13,7552.16,0.294416
v1,+3V3_SW,MPU6050,U2.13,7631.69,0.29451
v1,+3V3_SW,MPU6050,U2.13,7712.06,0.294606
v1,+3V3_SW,MPU6050,U2.13,7793.27,0.294704
v1,+3V3_SW,MPU6050,U2.13,7875.34,0.294804
v1,+3V3_SW,MPU6050,U2.13,7958.27,0.294906
v1,+3V3_SW,MPU6050,U2.13,8042.08,0.29501
v1,+3V3_SW,MPU6050,U2.13,8126.77,0.295117
v1,+3V3_SW,MPU6050,U2.13,8212.35,0.295225
v1,+3V3_SW,MPU6050,U2.13,8298.84,0.295336
v1,+3V3_SW,MPU6050,U2.13,8386.23,0.29545
v1,+3V3_SW,MPU6050,U2.13,8474.55,0.295566
v1,+3V3_SW,MPU6050,U2.13,8563.79,0.295684
v1,+3V3_SW,MPU6050,U2.13,8653.98,0.295805
v1,+3V3_SW,MPU6050,U2.13,8745.11,0.295928
v1,+3V3_SW,MPU6050,U2.13,8837.2,0.296054
v1,+3V3_SW,MPU6050,U2.13,8930.27,0.296183
v1,+3V3_SW,MPU6050,U2.13,9024.31,0.296314
v1,+3V3_SW,MPU6050,U2.13,9119.34,0.296448
v1,+3V3_SW,MPU6050,U2.13,9215.38,0.296586
v1,+3V3_SW,MPU6050,U2.13,9312.42,0.296726
v1,+3V3_SW,MPU6050,U2.13,9410.49,0.296869
v1,+3V3_SW,MPU6050,U2.13,9509.59,0.297015
v1,+3V3_SW,MPU6050,U2.13,9609.74,0.297164
v1,+3V3_SW,MPU6050,U2.13,9710.94,0.297316
v1,+3V3_SW,MPU6050,U2.13,9813.2,0.297472
v1,+3V3_SW,MPU6050,U2.13,9916.54,0.297631
v1,+3V3_SW,MPU6050,U2.13,10021,0.297794
v1,+3V3_SW,MPU6050,U2.13,10126.5,0.297959
v1,+3V3_SW,MPU6050,U2.13,10233.1,0.298129
v1,+3V3_SW,MPU6050,U2.13,10340.9,0.298302
v1,+3V3_SW,MPU6050,U2.13,10449.8,0.298479
v1,+3V3_SW,MPU6050,U2.13,10559.9,0.298659
v1,+3V3_SW,MPU6050,U2.13,10671.1,0.298843
v1,+3V3_SW,MPU6050,U2.13,10783.4,0.299032
v1,+3V3_SW,MPU6050,U2.13,10897,0.299224
v1,+3V3_SW,MPU6050,U2.13,11011.7,0.29942
v1,+3V3_SW,MPU6050,U2.13,11127.7,0.299621
v1,+3V3_SW,MPU6050,U2.13,11244.9,0.299826
v1,+3V3_SW,MPU6050,U2.13,11363.3,0.300035
v1,+3V3_SW,MPU6050,U2.13,11483,0.300249
v1,+3V3_SW,MPU6050,U2.13,11603.9,0.300467
v1,+3V3_SW,MPU6050,U2.13,11726.1,0.30069
v1,+3V3_SW,MPU6050,U2.13,11849.6,0.300918
v1,+3V3_SW,MPU6050,U2.13,11974.4,0.301151
v1,+3V3_SW,MPU6050,U2.13,12100.5,0.301388
v1,+3V3_SW,MPU6050,U2.13,12227.9,0.301631
v1,+3V3_SW,MPU6050,U2.13,12356.7,0.301879
v1,+3V3_SW,MPU6050,U2.13,12486.8,0.302132
v1,+3V3_SW,MPU6050,U2.13,12618.3,0.302391
v1,+3V3_SW,MPU6050,U2.13,12751.2,0.302655
v1,+3V3_SW,MPU6050,U2.13,12885.5,0.302925
v1,+3V3_SW,MPU6050,U2.13,13021.2,0.3032
v1,+3V3_SW,MPU6050,U2.13,13158.3,0.303482
v1,+3V3_SW,MPU6050,U2.13,13296.9,0.303769
v1,+3V3_SW,MPU6050,U2.13,13436.9,0.304063
v1,+3V3_SW,MPU6050,U2.13,13578.4,0.304363
v1,+3V3_SW,MPU6050,U2.13,13721.4,0.304669
v1,+3V3_SW,MPU6050,U2.13,13865.9,0.304982
v1,+3V3_SW,MPU6050,U2.13,14011.9,0.305302
v1,+3V3_SW,MPU6050,U2.13,14159.5,0.305628
v1,+3V3_SW,MPU6050,U2.13,14308.6,0.305962
v1,+3V3_SW,MPU6050,U2.13,14459.2,0.306302
v1,+3V3_SW,MPU6050,U2.13,14611.5,0.30665
v1,+3V3_SW,MPU6050,U2.13,14765.4,0.307005
v1,+3V3_SW,MPU6050,U2.13,14920.9,0.307368
v1,+3V3_SW,MPU6050,U2.13,15078,0.307739
v1,+3V3_SW,MPU6050,U2.13,15236.8,0.308117
v1,+3V3_SW,MPU6050,U2.13,15397.2,0.308504
v1,+3V3_SW,MPU6050,U2.13,15559.4,0.308899
v1,+3V3_SW,MPU6050,U2.13,15723.2,0.309302
v1,+3V3_SW,MPU6050,U2.13,15888.8,0.309714
v1,+3V3_SW,MPU6050,U2.13,16056.2,0.310134
v1,+3V3_SW,MPU6050,U2.13,16225.2,0.310564
v1,+3V3_SW,MPU6050,U2.13,16396.1,0.311003
v1,+3V3_SW,MPU6050,U2.13,16568.8,0.311451
v1,+3V3_SW,MPU6050,U2.13,16743.3,0.311908
v1,+3V3_SW,MPU6050,U2.13,16919.6,0.312376
v1,+3V3_SW,MPU6050,U2.13,17097.8,0.312853
v1,+3V3_SW,MPU6050,U2.13,17277.8,0.31334
v1,+3V3_SW,MPU6050,U2.13,17459.8,0.313838
v1,+3V3_SW,MPU6050,U2.13,17643.6,0.314346
v1,+3V3_SW,MPU6050,U2.13,17829.4,0.314865
v1,+3V3_SW,MPU6050,U2.13,18017.2,0.315395
v1,+3V3_SW,MPU6050,U2.13,18206.9,0.315937
v1,+3V3_SW,MPU6050,U2.13,18398.7,0.316489
v1,+3V3_SW,MPU6050,U2.13,18592.4,0.317053
v1,+3V3_SW,MPU6050,U2.13,18788.2,0.317629
v1,+3V3_SW,MPU6050,U2.13,18986.1,0.318218
v1,+3V3_SW,MPU6050,U2.13,19186,0.318818
v1,+3V3_SW,MPU6050,U2.13,19388,0.319431
v1,+3V3_SW,MPU6050,U2.13,19592.2,0.320057
v1,+3V3_SW,MPU6050,U2.13,19798.5,0.320696
v1,+3V3_SW,MPU6050,U2.13,20007,0.321349
v1,+3V3_SW,MPU6050,U2.13,20217.7,0.322014
v1,+3V3_SW,MPU6050,U2.13,20430.6,0.322694
v1,+3V3_SW,MPU6050,U2.13,20645.8,0.323388
v1,+3V3_SW,MPU6050,U2.13,20863.2,0.324096
v1,+3V3_SW,MPU6050,U2.13,21082.9,0.324818
v1,+3V3_SW,MPU6050,U2.13,21304.9,0.325556
v1,+3V3_SW,MPU6050,U2.13,21529.3,0.326308
v1,+3V3_SW,MPU6050,U2.13,21756,0.327076
v1,+3V3_SW,MPU6050,U2.13,21985.1,0.327859
v1,+3V3_SW,MPU6050,U2.13,22216.7,0.328659
v1,+3V3_SW,MPU6050,U2.13,22450.6,0.329474
v1,+3V3_SW,MPU6050,U2.13,22687,0.330306
v1,+3V3_SW,MPU6050,U2.13,22926,0.331154
v1,+3V3_SW,MPU6050,U2.13,23167.4,0.332019
v1,+3V3_SW,MPU6050,U2.13,23411.4,0.332901
v1,+3V3_SW,MPU6050,U2.13,23657.9,0.333801
v1,+3V3_SW,MPU6050,U2.13,23907,0.334718
v1,+3V3_SW,MPU6050,U2.13,24158.8,0.335652
v1,+3V3_SW,MPU6050,U2.13,24413.2,0.336605
v1,+3V3_SW,MPU6050,U2.13,24670.3,0.337576
v1,+3V3_SW,MPU6050,U2.13,24930.1,0.338565
v1,+3V3_SW,MPU6050,U2.13,25192.7,0.339573
v1,+3V3_SW,MPU6050,U2.13,25458,0.3406
v1,+3V3_SW,MPU6050,U2.13,25726,0.341646
v1,+3V3_SW,MPU6050,U2.13,25997,0.34271
v1,+3V3_SW,MPU6050,U2.13,26270.7,0.343794
v1,+3V3_SW,MPU6050,U2.13,26547.4,0.344897
v1,+3V3_SW,MPU6050,U2.13,26827,0.34602
v1,+3V3_SW,MPU6050,U2.13,27109.5,0.347161
v1,+3V3_SW,MPU6050,U2.13,27395,0.348323
v1,+3V3_SW,MPU6050,U2.13,27683.4,0.349503
v1,+3V3_SW,MPU6050,U2.13,27975,0.350703
v1,+3V3_SW,MPU6050,U2.13,28269.6,0.351923
v1,+3V3_SW,MPU6050,U2.13,28567.3,0.353162
v1,+3V3_SW,MPU6050,U2.13,28868.1,0.354419
v1,+3V3_SW,MPU6050,U2.13,29172.1,0.355696
v1,+3V3_SW,MPU6050,U2.13,29479.3,0.356991
v1,+3V3_SW,MPU6050,U2.13,29789.8,0.358305
v1,+3V3_SW,MPU6050,U2.13,30103.5,0.359636
v1,+3V3_SW,MPU6050,U2.13,30420.5,0.360985
v1,+3V3_SW,MPU6050,U2.13,30740.9,0.362351
v1,+3V3_SW,MPU6050,U2.13,31064.6,0.363733
v1,+3V3_SW,MPU6050,U2.13,31391.7,0.365132
v1,+3V3_SW,MPU6050,U2.13,31722.3,0.366545
v1,+3V3_SW,MPU6050,U2.13,32056.4,0.367972
v1,+3V3_SW,MPU6050,U2.13,32394,0.369413
v1,+3V3_SW,MPU6050,U2.13,32735.1,0.370865
v1,+3V3_SW,MPU6050,U2.13,33079.8,0.372329
v1,+3V3_SW,MPU6050,U2.13,33428.2,0.373803
v1,+3V3_SW,MPU6050,U2.13,33780.2,0.375285
v1,+3V3_SW,MPU6050,U2.13,34136,0.376773
v1,+3V3_SW,MPU6050,U2.13,34495.4,0.378267
v1,+3V3_SW,MPU6050,U2.13,34858.7,0.379764
v1,+3V3_SW,MPU6050,U2.13,35225.8,0.381262
v1,+3V3_SW,MPU6050,U2.13,35596.8,0.382759
v1,+3V3_SW,MPU6050,U2.13,35971.6,0.384252
v1,+3V3_SW,MPU6050,U2.13,36350.4,0.38574
v1,+3V3_SW,MPU6050,U2.13,36733.2,0.387218
v1,+3V3_SW,MPU6050,U2.13,37120.1,0.388685
v1,+3V3_SW,MPU6050,U2.13,37511,0.390138
v1,+3V3_SW,MPU6050,U2.13,37906,0.391571
v1,+3V3_SW,MPU6050,U2.13,38305.2,0.392983
v1,+3V3_SW,MPU6050,U2.13,38708.6,0.39437
v1,+3V3_SW,MPU6050,U2.13,39116.2,0.395726
v1,+3V3_SW,MPU6050,U2.13,39528.1,0.397048
v1,+3V3_SW,MPU6050,U2.13,39944.4,0.398332
v1,+3V3_SW,MPU6050,U2.13,40365,0.399572
v1,+3V3_SW,MPU6050,U2.13,40790.1,0.400764
v1,+3V3_SW,MPU6050,U2.13,41219.7,0.401902
v1,+3V3_SW,MPU6050,U2.13,41653.8,0.402981
v1,+3V3_SW,MPU6050,U2.13,42092.4,0.403995
v1,+3V3_SW,MPU6050,U2.13,42535.7,0.40494
v1,+3V3_SW,MPU6050,U2.13,42983.6,0.405808
v1,+3V3_SW,MPU6050,U2.13,43436.3,0.406593
v1,+3V3_SW,MPU6050,U2.13,43893.7,0.407291
v1,+3V3_SW,MPU6050,U2.13,44355.9,0.407893
v1,+3V3_SW,MPU6050,U2.13,44823,0.408395
v1,+3V3_SW,MPU6050,U2.13,45295.1,0.40879
v1,+3V3_SW,MPU6050,U2.13,45772.1,0.409072
v1,+3V3_SW,MPU6050,U2.13,46254.1,0.409234
v1,+3V3_SW,MPU6050,U2.13,46741.2,0.409271
v1,+3V3_SW,MPU6050,U2.13,47233.4,0.409177
v1,+3V3_SW,MPU6050,U2.13,47730.8,0.408947
v1,+3V3_SW,MPU6050,U2.13,48233.5,0.408575
v1,+3V3_SW,MPU6050,U2.13,48741.4,0.408056
v1,+3V3_SW,MPU6050,U2.13,49254.7,0.407387
v1,+3V3_SW,MPU6050,U2.13,49773.4,0.406564
v1,+3V3_SW,MPU6050,U2.13,50297.6,0.405583
v1,+3V3_SW,MPU6050,U2.13,50827.2,0.40444
v1,+3V3_SW,MPU6050,U2.13,51362.5,0.403136
v1,+3V3_SW,MPU6050,U2.13,51903.4,0.401667
v1,+3V3_SW,MPU6050,U2.13,52450,0.400032
v1,+3V3_SW,MPU6050,U2.13,53002.3,0.398233
v1,+3V3_SW,MPU6050,U2.13,53560.5,0.39627
v1,+3V3_SW,MPU6050,U2.13,54124.5,0.394144
v1,+3V3_SW,MPU6050,U2.13,54694.5,0.391857
v1,+3V3_SW,MPU6050,U2.13,55270.5,0.389412
v1,+3V3_SW,MPU6050,U2.13,55852.5,0.386813
v1,+3V3_SW,MPU6050,U2.13,56440.7,0.384065
v1,+3V3_SW,MPU6050,U2.13,57035.1,0.381172
v1,+3V3_SW,MPU6050,U2.13,57635.7,0.37814
v1,+3V3_SW,MPU6050,U2.13,58242.7,0.374976
v1,+3V3_SW,MPU6050,U2.13,58856,0.371685
v1,+3V3_SW,MPU6050,U2.13,59475.8,0.368276
v1,+3V3_SW,MPU6050,U2.13,60102.1,0.364756
v1,+3V3_SW,MPU6050,U2.13,60735.1,0.361132
v1,+3V3_SW,MPU6050,U2.13,61374.7,0.357413
v1,+3V3_SW,MPU6050,U2.13,62021,0.353607
v1,+3V3_SW,MPU6050,U2.13,62674.1,0.349723
v1,+3V3_SW,MPU6050,U2.13,63334.1,0.345769
v1,+3V3_SW,MPU6050,U2.13,64001.1,0.341754
v1,+3V3_SW,MPU6050,U2.13,64675.1,0.337685
v1,+3V3_SW,MPU6050,U2.13,65356.2,0.333573
v1,+3V3_SW,MPU6050,U2.13,66044.4,0.329424
v1,+3V3_SW,MPU6050,U2.13,66739.9,0.325246
v1,+3V3_SW,MPU6050,U2.13,67442.8,0.321048
v1,+3V3_SW,MPU6050,U2.13,68153,0.316836
v1,+3V3_SW,MPU6050,U2.13,68870.7,0.312617
v1,+3V3_SW,MPU6050,U2.13,69596,0.3084
v1,+3V3_SW,MPU6050,U2.13,70328.9,0.304189
v1,+3V3_SW,MPU6050,U2.13,71069.5,0.299991
v1,+3V3_SW,MPU6050,U2.13,71817.9,0.295811
v1,+3V3_SW,MPU6050,U2.13,72574.2,0.291655
v1,+3V3_SW,MPU6050,U2.13,73338.5,0.287528
v1,+3V3_SW,MPU6050,U2.13,74110.8,0.283434
v1,+3V3_SW,MPU6050,U2.13,74891.3,0.279377
v1,+3V3_SW,MPU6050,U2.13,75680,0.275361
v1,+3V3_SW,MPU6050,U2.13,76476.9,0.271389
v1,+3V3_SW,MPU6050,U2.13,77282.3,0.267466
v1,+3V3_SW,MPU6050,U2.13,78096.2,0.263592
v1,+3V3_SW,MPU6050,U2.13,78918.6,0.259771
v1,+3V3_SW,MPU6050,U2.13,79749.7,0.256005
v1,+3V3_SW,MPU6050,U2.13,80589.5,0.252296
v1,+3V3_SW,MPU6050,U2.13,81438.2,0.248645
v1,+3V3_SW,MPU6050,U2.13,82295.8,0.245054
v1,+3V3_SW,MPU6050,U2.13,83162.4,0.241524
v1,+3V3_SW,MPU6050,U2.13,84038.2,0.238055
v1,+3V3_SW,MPU6050,U2.13,84923.2,0.234649
v1,+3V3_SW,MPU6050,U2.13,85817.5,0.231306
v1,+3V3_SW,MPU6050,U2.13,86721.3,0.228025
v1,+3V3_SW,MPU6050,U2.13,87634.5,0.224809
v1,+3V3_SW,MPU6050,U2.13,88557.4,0.221656
v1,+3V3_SW,MPU6050,U2.13,89490,0.218566
v1,+3V3_SW,MPU6050,U2.13,90432.4,0.215539
v1,+3V3_SW,MPU6050,U2.13,91384.7,0.212575
v1,+3V3_SW,MPU6050,U2.13,92347.1,0.209673
v1,+3V3_SW,MPU6050,U2.13,93319.6,0.206834
v1,+3V3_SW,MPU6050,U2.13,94302.3,0.204055
v1,+3V3_SW,MPU6050,U2.13,95295.4,0.201338
v1,+3V3_SW,MPU6050,U2.13,96298.9,0.19868
v1,+3V3_SW,MPU6050,U2.13,97313,0.196081
v1,+3V3_SW,MPU6050,U2.13,98337.8,0.193541
v1,+3V3_SW,MPU6050,U2.13,99373.4,0.191058
v1,+3V3_SW,MPU6050,U2.13,100420,0.188632
v1,+3V3_SW,MPU6050,U2.13,101477,0.186262
v1,+3V3_SW,MPU6050,U2.13,102546,0.183946
v1,+3V3_SW,MPU6050,U2.13,103626,0.181684
v1,+3V3_SW,MPU6050,U2.13,104717,0.179475
v1,+3V3_SW,MPU6050,U2.13,105820,0.177317
v1,+3V3_SW,MPU6050,U2.13,106934,0.175211
v1,+3V3_SW,MPU6050,U2.13,108060,0.173154
v1,+3V3_SW,MPU6050,U2.13,109198,0.171146
v1,+3V3_SW,MPU6050,U2.13,110348,0.169186
v1,+3V3_SW,MPU6050,U2.13,111510,0.167273
v1,+3V3_SW,MPU6050,U2.13,112685,0.165406
v1,+3V3_SW,MPU6050,U2.13,113871,0.163583
v1,+3V3_SW,MPU6050,U2.13,115071,0.161804
v1,+3V3_SW,MPU6050,U2.13,116282,0.160068
v1,+3V3_SW,MPU6050,U2.13,117507,0.158375
v1,+3V3_SW,MPU6050,U2.13,118744,0.156722
v1,+3V3_SW,MPU6050,U2.13,119995,0.155109
v1,+3V3_SW,MPU6050,U2.13,121259,0.153535
v1,+3V3_SW,MPU6050,U2.13,122536,0.152
v1,+3V3_SW,MPU6050,U2.13,123826,0.150501
v1,+3V3_SW,MPU6050,U2.13,125130,0.14904
v1,+3V3_SW,MPU6050,U2.13,126448,0.147614
v1,+3V3_SW,MPU6050,U2.13,127779,0.146222
v1,+3V3_SW,MPU6050,U2.13,129125,0.144865
v1,+3V3_SW,MPU6050,U2.13,130485,0.14354
v1,+3V3_SW,MPU6050,U2.13,131859,0.142248
v1,+3V3_SW,MPU6050,U2.13,133247,0.140987
v1,+3V3_SW,MPU6050,U2.13,134651,0.139758
v1,+3V3_SW,MPU6050,U2.13,136069,0.138558
v1,+3V3_SW,MPU6050,U2.13,137502,0.137387
v1,+3V3_SW,MPU6050,U2.13,138950,0.136245
v1,+3V3_SW,MPU6050,U2.13,140413,0.135131
v1,+3V3_SW,MPU6050,U2.13,141891,0.134044
v1,+3V3_SW,MPU6050,U2.13,143386,0.132983
v1,+3V3_SW,MPU6050,U2.13,144896,0.131948
v1,+3V3_SW,MPU6050,U2.13,146422,0.130939
v1,+3V3_SW,MPU6050,U2.13,147964,0.129954
v1,+3V3_SW,MPU6050,U2.13,149522,0.128993
v1,+3V3_SW,MPU6050,U2.13,151096,0.128055
v1,+3V3_SW,MPU6050,U2.13,152687,0.127141
v1,+3V3_SW,MPU6050,U2.13,154295,0.126248
v1,+3V3_SW,MPU6050,U2.13,155920,0.125377
v1,+3V3_SW,MPU6050,U2.13,157562,0.124527
v1,+3V3_SW,MPU6050,U2.13,159222,0.123698
v1,+3V3_SW,MPU6050,U2.13,160898,0.122889
v1,+3V3_SW,MPU6050,U2.13,162593,0.1221
v1,+3V3_SW,MPU6050,U2.13,164305,0.121329
v1,+3V3_SW,MPU6050,U2.13,166035,0.120578
v1,+3V3_SW,MPU6050,U2.13,167784,0.119844
v1,+3V3_SW,MPU6050,U2.13,169551,0.119129
v1,+3V3_SW,MPU6050,U2.13,171336,0.11843
v1,+3V3_SW,MPU6050,U2.13,173140,0.117749
v1,+3V3_SW,MPU6050,U2.13,174964,0.117084
v1,+3V3_SW,MPU6050,U2.13,176806,0.116435
v1,+3V3_SW,MPU6050,U2.13,178668,0.115802
v1,+3V3_SW,MPU6050,U2.13,180550,0.115184
v1,+3V3_SW,MPU6050,U2.13,182451,0.114581
v1,+3V3_SW,MPU6050,U2.13,184372,0.113993
v1,+3V3_SW,MPU6050,U2.13,186314,0.113418
v1,+3V3_SW,MPU6050,U2.13,188276,0.112858
v1,+3V3_SW,MPU6050,U2.13,190259,0.112311
v1,+3V3_SW,MPU6050,U2.13,192262,0.111778
v1,+3V3_SW,MPU6050,U2.13,194287,0.111257
v1,+3V3_SW,MPU6050,U2.13,196333,0.110749
v1,+3V3_SW,MPU6050,U2.13,198401,0.110254
v1,+3V3_SW,MPU6050,U2.13,200490,0.10977
v1,+3V3_SW,MPU6050,U2.13,202601,0.109298
v1,+3V3_SW,MPU6050,U2.13,204735,0.108838
v1,+3V3_SW,MPU6050,U2.13,206891,0.108388
v1,+3V3_SW,MPU6050,U2.13,209070,0.10795
v1,+3V3_SW,MPU6050,U2.13,211271,0.107523
v1,+3V3_SW,MPU6050,U2.13,213496,0.107106
v1,+3V3_SW,MPU6050,U2.13,215745,0.106699
v1,+3V3_SW,MPU6050,U2.13,218017,0.106302
v1,+3V3_SW,MPU6050,U2.13,220312,0.105915
v1,+3V3_SW,MPU6050,U2.13,222633,0.105537
v1,+3V3_SW,MPU6050,U2.13,224977,0.105169
v1,+3V3_SW,MPU6050,U2.13,227346,0.10481
v1,+3V3_SW,MPU6050,U2.13,229740,0.10446
v1,+3V3_SW,MPU6050,U2.13,232160,0.104119
v1,+3V3_SW,MPU6050,U2.13,234605,0.103787
v1,+3V3_SW,MPU6050,U2.13,237075,0.103463
v1,+3V3_SW,MPU6050,U2.13,239572,0.103147
v1,+3V3_SW,MPU6050,U2.13,242095,0.102839
v1,+3V3_SW,MPU6050,U2.13,244644,0.102539
v1,+3V3_SW,MPU6050,U2.13,247221,0.102247
v1,+3V3_SW,MPU6050,U2.13,249824,0.101963
v1,+3V3_SW,MPU6050,U2.13,252455,0.101687
v1,+3V3_SW,MPU6050,U2.13,255113,0.101417
v1,+3V3_SW,MPU6050,U2.13,257800,0.101156
v1,+3V3_SW,MPU6050,U2.13,260515,0.100901
v1,+3V3_SW,MPU6050,U2.13,263258,0.100653
v1,+3V3_SW,MPU6050,U2.13,266031,0.100413
v1,+3V3_SW,MPU6050,U2.13,268832,0.100179
v1,+3V3_SW,MPU6050,U2.13,271663,0.0999526
v1,+3V3_SW,MPU6050,U2.13,274524,0.0997327
v1,+3V3_SW,MPU6050,U2.13,277415,0.0995195
v1,+3V3_SW,MPU6050,U2.13,280337,0.0993131
v1,+3V3_SW,MPU6050,U2.13,283289,0.0991132
v1,+3V3_SW,MPU6050,U2.13,286272,0.0989201
v1,+3V3_SW,MPU6050,U2.13,289287,0.0987335
v1,+3V3_SW,MPU6050,U2.13,292333,0.0985536
v1,+3V3_SW,MPU6050,U2.13,295412,0.0983804
v1,+3V3_SW,MPU6050,U2.13,298523,0.0982138
v1,+3V3_SW,MPU6050,U2.13,301666,0.0980539
v1,+3V3_SW,MPU6050,U2.13,304843,0.0979008
v1,+3V3_SW,MPU6050,U2.13,308053,0.0977547
v1,+3V3_SW,MPU6050,U2.13,311297,0.0976155
v1,+3V3_SW,MPU6050,U2.13,314576,0.0974835
v1,+3V3_SW,MPU6050,U2.13,317888,0.0973588
v1,+3V3_SW,MPU6050,U2.13,321236,0.0972417
v1,+3V3_SW,MPU6050,U2.13,324619,0.0971323
v1,+3V3_SW,MPU6050,U2.13,328038,0.0970309
v1,+3V3_SW,MPU6050,U2.13,331492,0.096938
v1,+3V3_SW,MPU6050,U2.13,334983,0.0968538
v1,+3V3_SW,MPU6050,U2.13,338511,0.0967789
v1,+3V3_SW,MPU6050,U2.13,342075,0.0967137
v1,+3V3_SW,MPU6050,U2.13,345678,0.0966588
v1,+3V3_SW,MPU6050,U2.13,349318,0.0966151
v1,+3V3_SW,MPU6050,U2.13,352997,0.0965831
v1,+3V3_SW,MPU6050,U2.13,356714,0.096564
v1,+3V3_SW,MPU6050,U2.13,360471,0.0965588
v1,+3V3_SW,MPU6050,U2.13,364267,0.0965688
v1,+3V3_SW,MPU6050,U2.13,368103,0.0965954
v1,+3V3_SW,MPU6050,U2.13,371979,0.0966404
v1,+3V3_SW,MPU6050,U2.13,375896,0.0967057
v1,+3V3_SW,MPU6050,U2.13,379855,0.0967936
v1,+3V3_SW,MPU6050,U2.13,383855,0.096907
v1,+3V3_SW,MPU6050,U2.13,387898,0.097049
v1,+3V3_SW,MPU6050,U2.13,391982,0.0972232
v1,+3V3_SW,MPU6050,U2.13,396110,0.0974343
v1,+3V3_SW,MPU6050,U2.13,400282,0.0976872
v1,+3V3_SW,MPU6050,U2.13,404497,0.0979882
v1,+3V3_SW,MPU6050,U2.13,408757,0.0983445
v1,+3V3_SW,MPU6050,U2.13,413061,0.0987645
v1,+3V3_SW,MPU6050,U2.13,417411,0.0992582
v1,+3V3_SW,MPU6050,U2.13,421807,0.0998372
v1,+3V3_SW,MPU6050,U2.13,426249,0.100515
v1,+3V3_SW,MPU6050,U2.13,430738,0.101307
v1,+3V3_SW,MPU6050,U2.13,435274,0.102231
v1,+3V3_SW,MPU6050,U2.13,439858,0.103305
v1,+3V3_SW,MPU6050,U2.13,444490,0.10455
v1,+3V3_SW,MPU6050,U2.13,449171,0.105983
v1,+3V3_SW,MPU6050,U2.13,453901,0.107622
v1,+3V3_SW,MPU6050,U2.13,458681,0.109472
v1,+3V3_SW,MPU6050,U2.13,463511,0.111525
v1,+3V3_SW,MPU6050,U2.13,468392,0.113751
v1,+3V3_SW,MPU6050,U2.13,473325,0.116084
v1,+3V3_SW,MPU6050,U2.13,478309,0.118418
v1,+3V3_SW,MPU6050,U2.13,483346,0.120606
v1,+3V3_SW,MPU6050,U2.13,488436,0.122472
v1,+3V3_SW,MPU6050,U2.13,493580,0.123843
v1,+3V3_SW,MPU6050,U2.13,498778,0.124585
v1,+3V3_SW,MPU6050,U2.13,504030,0.124644
v1,+3V3_SW,MPU6050,U2.13,509338,0.124053
v1,+3V3_SW,MPU6050,U2.13,514702,0.122922
v1,+3V3_SW,MPU6050,U2.13,520122,0.121401
v1,+3V3_SW,MPU6050,U2.13,525600,0.119648
v1,+3V3_SW,MPU6050,U2.13,531135,0.117797
v1,+3V3_SW,MPU6050,U2.13,536728,0.115949
v1,+3V3_SW,MPU6050,U2.13,542380,0.114176
v1,+3V3_SW,MPU6050,U2.13,548092,0.112517
v1,+3V3_SW,MPU6050,U2.13,553864,0.110993
v1,+3V3_SW,MPU6050,U2.13,559697,0.10961
v1,+3V3_SW,MPU6050,U2.13,565591,0.108366
v1,+3V3_SW,MPU6050,U2.13,571547,0.107252
v1,+3V3_SW,MPU6050,U2.13,577566,0.106259
v1,+3V3_SW,MPU6050,U2.13,583648,0.105375
v1,+3V3_SW,MPU6050,U2.13,589794,0.104589
v1,+3V3_SW,MPU6050,U2.13,596005,0.103891
v1,+3V3_SW,MPU6050,U2.13,602282,0.103271
v1,+3V3_SW,MPU6050,U2.13,608624,0.102721
v1,+3V3_SW,MPU6050,U2.13,615034,0.102233
v1,+3V3_SW,MPU6050,U2.13,621511,0.101801
v1,+3V3_SW,MPU6050,U2.13,628056,0.101417
v1,+3V3_SW,MPU6050,U2.13,634670,0.101078
v1,+3V3_SW,MPU6050,U2.13,641353,0.100779
v1,+3V3_SW,MPU6050,U2.13,648107,0.100516
v1,+3V3_SW,MPU6050,U2.13,654933,0.100286
v1,+3V3_SW,MPU6050,U2.13,661830,0.100085
v1,+3V3_SW,MPU6050,U2.13,668799,0.0999109
v1,+3V3_SW,MPU6050,U2.13,675842,0.0997621
v1,+3V3_SW,MPU6050,U2.13,682959,0.0996362
v1,+3V3_SW,MPU6050,U2.13,690152,0.0995317
v1,+3V3_SW,MPU6050,U2.13,697419,0.0994472
v1,+3V3_SW,MPU6050,U2.13,704764,0.0993813
v1,+3V3_SW,MPU6050,U2.13,712186,0.0993329
v1,+3V3_SW,MPU6050,U2.13,719686,0.0993013
v1,+3V3_SW,MPU6050,U2.13,727265,0.0992855
v1,+3V3_SW,MPU6050,U2.13,734923,0.0992849
v1,+3V3_SW,MPU6050,U2.13,742663,0.099299
v1,+3V3_SW,MPU6050,U2.13,750484,0.0993271
v1,+3V3_SW,MPU6050,U2.13,758387,0.0993691
v1,+3V3_SW,MPU6050,U2.13,766373,0.0994245
v1,+3V3_SW,MPU6050,U2.13,774444,0.0994932
v1,+3V3_SW,MPU6050,U2.13,782600,0.0995749
v1,+3V3_SW,MPU6050,U2.13,790841,0.0996696
v1,+3V3_SW,MPU6050,U2.13,799169,0.0997772
v1,+3V3_SW,MPU6050,U2.13,807585,0.0998977
v1,+3V3_SW,MPU6050,U2.13,816090,0.100031
v1,+3V3_SW,MPU6050,U2.13,824684,0.100178
v1,+3V3_SW,MPU6050,U2.13,833369,0.100338
v1,+3V3_SW,MPU6050,U2.13,842145,0.100511
v1,+3V3_SW,MPU6050,U2.13,851013,0.100698
v1,+3V3_SW,MPU6050,U2.13,859975,0.1009
v1,+3V3_SW,MPU6050,U2.13,869031,0.101116
v1,+3V3_SW,MPU6050,U2.13,878183,0.101346
v1,+3V3_SW,MPU6050,U2.13,887431,0.101593
v1,+3V3_SW,MPU6050,U2.13,896777,0.101855
v1,+3V3_SW,MPU6050,U2.13,906220,0.102134
v1,+3V3_SW,MPU6050,U2.13,915764,0.10243
v1,+3V3_SW,MPU6050,U2.13,925408,0.102744
v1,+3V3_SW,MPU6050,U2.13,935153,0.103077
v1,+3V3_SW,MPU6050,U2.13,945001,0.103429
v1,+3V3_SW,MPU6050,U2.13,954953,0.103803
v1,+3V3_SW,MPU6050,U2.13,965009,0.104198
v1,+3V3_SW,MPU6050,U2.13,975171,0.104616
v1,+3V3_SW,MPU6050,U2.13,985441,0.105059
v1,+3V3_SW,MPU6050,U2.13,995818,0.105527
v1,+3V3_SW,MPU6050,U2.13,1.00631e+06,0.106022
v1,+3V3_SW,MPU6050,U2.13,1.0169e+06,0.106546
v1,+3V3_SW,MPU6050,U2.13,1.02761e+06,0.107101
v1,+3V3_SW,MPU6050,U2.13,1.03843e+06,0.107689
v1,+3V3_SW,MPU6050,U2.13,1.04937e+06,0.108312
v1,+3V3_SW,MPU6050,U2.13,1.06042e+06,0.108972
v1,+3V3_SW,MPU6050,U2.13,1.07159e+06,0.109671
v1,+3V3_SW,MPU6050,U2.13,1.08287e+06,0.110414
v1,+3V3_SW,MPU6050,U2.13,1.09428e+06,0.111202
v1,+3V3_SW,MPU6050,U2.13,1.1058e+06,0.11204
v1,+3V3_SW,MPU6050,U2.13,1.11744e+06,0.112931
v1,+3V3_SW,MPU6050,U2.13,1.12921e+06,0.113879
v1,+3V3_SW,MPU6050,U2.13,1.1411e+06,0.114889
v1,+3V3_SW,MPU6050,U2.13,1.15312e+06,0.115967
v1,+3V3_SW,MPU6050,U2.13,1.16526e+06,0.117117
v1,+3V3_SW,MPU6050,U2.13,1.17753e+06,0.118345
v1,+3V3_SW,MPU6050,U2.13,1.18993e+06,0.11966
v1,+3V3_SW,MPU6050,U2.13,1.20247e+06,0.121068
v1,+3V3_SW,MPU6050,U2.13,1.21513e+06,0.122578
v1,+3V3_SW,MPU6050,U2.13,1.22793e+06,0.124199
v1,+3V3_SW,MPU6050,U2.13,1.24086e+06,0.125942
v1,+3V3_SW,MPU6050,U2.13,1.25392e+06,0.127819
v1,+3V3_SW,MPU6050,U2.13,1.26713e+06,0.129842
v1,+3V3_SW,MPU6050,U2.13,1.28047e+06,0.132027
v1,+3V3_SW,MPU6050,U2.13,1.29396e+06,0.134389
v1,+3V3_SW,MPU6050,U2.13,1.30758e+06,0.136946
v1,+3V3_SW,MPU6050,U2.13,1.32135e+06,0.13972
v1,+3V3_SW,MPU6050,U2.13,1.33527e+06,0.142731
v1,+3V3_SW,MPU6050,U2.13,1.34933e+06,0.146006
v1,+3V3_SW,MPU6050,U2.13,1.36354e+06,0.149571
v1,+3V3_SW,MPU6050,U2.13,1.3779e+06,0.153457
v1,+3V3_SW,MPU6050,U2.13,1.39241e+06,0.157696
v1,+3V3_SW,MPU6050,U2.13,1.40707e+06,0.162323
v1,+3V3_SW,MPU6050,U2.13,1.42189e+06,0.167374
v1,+3V3_SW,MPU6050,U2.13,1.43686e+06,0.172886
v1,+3V3_SW,MPU6050,U2.13,1.452e+06,0.178893
v1,+3V3_SW,MPU6050,U2.13,1.46729e+06,0.185425
v1,+3V3_SW,MPU6050,U2.13,1.48274e+06,0.192502
v1,+3V3_SW,MPU6050,U2.13,1.49835e+06,0.200124
v1,+3V3_SW,MPU6050,U2.13,1.51413e+06,0.208265
v1,+3V3_SW,MPU6050,U2.13,1.53008e+06,0.216852
v1,+3V3_SW,MPU6050,U2.13,1.54619e+06,0.225755
v1,+3V3_SW,MPU6050,U2.13,1.56247e+06,0.234757
v1,+3V3_SW,MPU6050,U2.13,1.57893e+06,0.243546
v1,+3V3_SW,MPU6050,U2.13,1.59555e+06,0.251698
v1,+3V3_SW,MPU6050,U2.13,1.61236e+06,0.2587
v1,+3V3_SW,MPU6050,U2.13,1.62934e+06,0.263995
v1,+3V3_SW,MPU6050,U2.13,1.6465e+06,0.267069
v1,+3V3_SW,MPU6050,U2.13,1.66383e+06,0.267558
v1,+3V3_SW,MPU6050,U2.13,1.68136e+06,0.265341
v1,+3V3_SW,MPU6050,U2.13,1.69906e+06,0.260575
v1,+3V3_SW,MPU6050,U2.13,1.71695e+06,0.253662
v1,+3V3_SW,MPU6050,U2.13,1.73504e+06,0.245149
v1,+3V3_SW,MPU6050,U2.13,1.75331e+06,0.235622
v1,+3V3_SW,MPU6050,U2.13,1.77177e+06,0.225614
v1,+3V3_SW,MPU6050,U2.13,1.79043e+06,0.215557
v1,+3V3_SW,MPU6050,U2.13,1.80928e+06,0.205766
v1,+3V3_SW,MPU6050,U2.13,1.82834e+06,0.19645
v1,+3V3_SW,MPU6050,U2.13,1.84759e+06,0.18773
v1,+3V3_SW,MPU6050,U2.13,1.86705e+06,0.179665
v1,+3V3_SW,MPU6050,U2.13,1.88671e+06,0.172266
v1,+3V3_SW,MPU6050,U2.13,1.90658e+06,0.165519
v1,+3V3_SW,MPU6050,U2.13,1.92666e+06,0.159392
v1,+3V3_SW,MPU6050,U2.13,1.94695e+06,0.153841
v1,+3V3_SW,MPU6050,U2.13,1.96745e+06,0.148822
v1,+3V3_SW,MPU6050,U2.13,1.98817e+06,0.144288
v1,+3V3_SW,MPU6050,U2.13,2.00911e+06,0.140195
v1,+3V3_SW,MPU6050,U2.13,2.03026e+06,0.1365
v1,+3V3_SW,MPU6050,U2.13,2.05164e+06,0.133165
v1,+3V3_SW,MPU6050,U2.13,2.07325e+06,0.130153
v1,+3V3_SW,MPU6050,U2.13,2.09508e+06,0.127433
v1,+3V3_SW,MPU6050,U2.13,2.11715e+06,0.124977
v1,+3V3_SW,MPU6050,U2.13,2.13944e+06,0.122757
v1,+3V3_SW,MPU6050,U2.13,2.16197e+06,0.120752
v1,+3V3_SW,MPU6050,U2.13,2.18474e+06,0.11894
v1,+3V3_SW,MPU6050,U2.13,2.20775e+06,0.117304
v1,+3V3_SW,MPU6050,U2.13,2.231e+06,0.115827
v1,+3V3_SW,MPU6050,U2.13,2.25449e+06,0.114496
v1,+3V3_SW,MPU6050,U2.13,2.27823e+06,0.113296
v1,+3V3_SW,MPU6050,U2.13,2.30222e+06,0.112217
v1,+3V3_SW,MPU6050,U2.13,2.32647e+06,0.11125
v1,+3V3_SW,MPU6050,U2.13,2.35097e+06,0.110385
v1,+3V3_SW,MPU6050,U2.13,2.37573e+06,0.109614
v1,+3V3_SW,MPU6050,U2.13,2.40074e+06,0.108931
v1,+3V3_SW,MPU6050,U2.13,2.42603e+06,0.108331
v1,+3V3_SW,MPU6050,U2.13,2.45157e+06,0.107807
v1,+3V3_SW,MPU6050,U2.13,2.47739e+06,0.107356
v1,+3V3_SW,MPU6050,U2.13,2.50348e+06,0.106975
v1,+3V3_SW,MPU6050,U2.13,2.52984e+06,0.10666
v1,+3V3_SW,MPU6050,U2.13,2.55649e+06,0.106409
v1,+3V3_SW,MPU6050,U2.13,2.58341e+06,0.106222
v1,+3V3_SW,MPU6050,U2.13,2.61061e+06,0.106096
v1,+3V3_SW,MPU6050,U2.13,2.63811e+06,0.106033
v1,+3V3_SW,MPU6050,U2.13,2.66589e+06,0.106033
v1,+3V3_SW,MPU6050,U2.13,2.69396e+06,0.106098
v1,+3V3_SW,MPU6050,U2.13,2.72233e+06,0.106231
v1,+3V3_SW,MPU6050,U2.13,2.751e+06,0.106437
v1,+3V3_SW,MPU6050,U2.13,2.77997e+06,0.106719
v1,+3V3_SW,MPU6050,U2.13,2.80925e+06,0.107084
v1,+3V3_SW,MPU6050,U2.13,2.83883e+06,0.107538
v1,+3V3_SW,MPU6050,U2.13,2.86872e+06,0.108084
v1,+3V3_SW,MPU6050,U2.13,2.89893e+06,0.108721
v1,+3V3_SW,MPU6050,U2.13,2.92946e+06,0.109427
v1,+3V3_SW,MPU6050,U2.13,2.96031e+06,0.11014
v1,+3V3_SW,MPU6050,U2.13,2.99149e+06,0.110712
v1,+3V3_SW,MPU6050,U2.13,3.02299e+06,0.110839
v1,+3V3_SW,MPU6050,U2.13,3.05483e+06,0.110054
v1,+3V3_SW,MPU6050,U2.13,3.087e+06,0.108012
v1,+3V3_SW,MPU6050,U2.13,3.1195e+06,0.105128
v1,+3V3_SW,MPU6050,U2.13,3.15236e+06,0.102602
v1,+3V3_SW,MPU6050,U2.13,3.18555e+06,0.101318
v1,+3V3_SW,MPU6050,U2.13,3.2191e+06,0.101304
v1,+3V3_SW,MPU6050,U2.13,3.253e+06,0.102207
v1,+3V3_SW,MPU6050,U2.13,3.28726e+06,0.10372
v1,+3V3_SW,MPU6050,U2.13,3.32187e+06,0.105633
v1,+3V3_SW,MPU6050,U2.13,3.35686e+06,0.107706
v1,+3V3_SW,MPU6050,U2.13,3.39221e+06,0.109415
v1,+3V3_SW,MPU6050,U2.13,3.42793e+06,0.109767
v1,+3V3_SW,MPU6050,U2.13,3.46403e+06,0.107893
v1,+3V3_SW,MPU6050,U2.13,3.50051e+06,0.104434
v1,+3V3_SW,MPU6050,U2.13,3.53737e+06,0.101137
v1,+3V3_SW,MPU6050,U2.13,3.57462e+06,0.0989551
v1,+3V3_SW,MPU6050,U2.13,3.61227e+06,0.0978278
v1,+3V3_SW,MPU6050,U2.13,3.65031e+06,0.0973985
v1,+3V3_SW,MPU6050,U2.13,3.68875e+06,0.0973743
v1,+3V3_SW,MPU6050,U2.13,3.72759e+06,0.0975731
v1,+3V3_SW,MPU6050,U2.13,3.76685e+06,0.0978911
v1,+3V3_SW,MPU6050,U2.13,3.80652e+06,0.0982699
v1,+3V3_SW,MPU6050,U2.13,3.8466e+06,0.0986768
v1,+3V3_SW,MPU6050,U2.13,3.88711e+06,0.0990928
v1,+3V3_SW,MPU6050,U2.13,3.92805e+06,0.0995064
v1,+3V3_SW,MPU6050,U2.13,3.96941e+06,0.0999103
v1,+3V3_SW,MPU6050,U2.13,4.01121e+06,0.1003
v1,+3V3_SW,MPU6050,U2.13,4.05345e+06,0.10067
v1,+3V3_SW,MPU6050,U2.13,4.09614e+06,0.101018
v1,+3V3_SW,MPU6050,U2.13,4.13928e+06,0.101341
v1,+3V3_SW,MPU6050,U2.13,4.18287e+06,0.101633
v1,+3V3_SW,MPU6050,U2.13,4.22692e+06,0.101892
v1,+3V3_SW,MPU6050,U2.13,4.27143e+06,0.102112
v1,+3V3_SW,MPU6050,U2.13,4.31641e+06,0.102288
v1,+3V3_SW,MPU6050,U2.13,4.36187e+06,0.102413
v1,+3V3_SW,MPU6050,U2.13,4.4078e+06,0.102479
v1,+3V3_SW,MPU6050,U2.13,4.45422e+06,0.102479
v1,+3V3_SW,MPU6050,U2.13,4.50113e+06,0.102402
v1,+3V3_SW,MPU6050,U2.13,4.54853e+06,0.102237
v1,+3V3_SW,MPU6050,U2.13,4.59643e+06,0.101971
v1,+3V3_SW,MPU6050,U2.13,4.64483e+06,0.101591
v1,+3V3_SW,MPU6050,U2.13,4.69375e+06,0.101081
v1,+3V3_SW,MPU6050,U2.13,4.74318e+06,0.100424
v1,+3V3_SW,MPU6050,U2.13,4.79312e+06,0.0996006
v1,+3V3_SW,MPU6050,U2.13,4.8436e+06,0.0985909
v1,+3V3_SW,MPU6050,U2.13,4.89461e+06,0.097374
v1,+3V3_SW,MPU6050,U2.13,4.94615e+06,0.0959283
v1,+3V3_SW,MPU6050,U2.13,4.99824e+06,0.0942322
v1,+3V3_SW,MPU6050,U2.13,5.05088e+06,0.0922653
v1,+3V3_SW,MPU6050,U2.13,5.10407e+06,0.0900092
v1,+3V3_SW,MPU6050,U2.13,5.15782e+06,0.0874491
v1,+3V3_SW,MPU6050,U2.13,5.21213e+06,0.084575
v1,+3V3_SW,MPU6050,U2.13,5.26702e+06,0.0813834
v1,+3V3_SW,MPU6050,U2.13,5.32249e+06,0.0778791
v1,+3V3_SW,MPU6050,U2.13,5.37854e+06,0.0740763
v1,+3V3_SW,MPU6050,U2.13,5.43518e+06,0.0699996
v1,+3V3_SW,MPU6050,U2.13,5.49242e+06,0.0656851
v1,+3V3_SW,MPU6050,U2.13,5.55026e+06,0.0611801
v1,+3V3_SW,MPU6050,U2.13,5.60871e+06,0.0565437
v1,+3V3_SW,MPU6050,U2.13,5.66777e+06,0.0518459
v1,+3V3_SW,MPU6050,U2.13,5.72746e+06,0.0471685
v1,+3V3_SW,MPU6050,U2.13,5.78777e+06,0.0426054
v1,+3V3_SW,MPU6050,U2.13,5.84872e+06,0.038265
v1,+3V3_SW,MPU6050,U2.13,5.91031e+06,0.0342736
v1,+3V3_SW,MPU6050,U2.13,5.97255e+06,0.0307772
v1,+3V3_SW,MPU6050,U2.13,6.03545e+06,0.0279387
v1,+3V3_SW,MPU6050,U2.13,6.09901e+06,0.0259196
v1,+3V3_SW,MPU6050,U2.13,6.16324e+06,0.0248391
v1,+3V3_SW,MPU6050,U2.13,6.22814e+06,0.0247243
v1,+3V3_SW,MPU6050,U2.13,6.29373e+06,0.0254872
v1,+3V3_SW,MPU6050,U2.13,6.36001e+06,0.0269565
v1,+3V3_SW,MPU6050,U2.13,6.42698e+06,0.0289367
v1,+3V3_SW,MPU6050,U2.13,6.49467e+06,0.0312536
v1,+3V3_SW,MPU6050,U2.13,6.56306e+06,0.0337724
v1,+3V3_SW,MPU6050,U2.13,6.63218e+06,0.0363961
v1,+3V3_SW,MPU6050,U2.13,6.70202e+06,0.039058
v1,+3V3_SW,MPU6050,U2.13,6.7726e+06,0.041714
v1,+3V3_SW,MPU6050,U2.13,6.84392e+06,0.0443349
v1,+3V3_SW,MPU6050,U2.13,6.91599e+06,0.0469026
v1,+3V3_SW,MPU6050,U2.13,6.98882e+06,0.0494061
v1,+3V3_SW,MPU6050,U2.13,7.06242e+06,0.0518395
v1,+3V3_SW,MPU6050,U2.13,7.13679e+06,0.0542002
v1,+3V3_SW,MPU6050,U2.13,7.21195e+06,0.056488
v1,+3V3_SW,MPU6050,U2.13,7.2879e+06,0.0587042
v1,+3V3_SW,MPU6050,U2.13,7.36465e+06,0.0608511
v1,+3V3_SW,MPU6050,U2.13,7.4422e+06,0.0629316
v1,+3V3_SW,MPU6050,U2.13,7.52058e+06,0.0649491
v1,+3V3_SW,MPU6050,U2.13,7.59977e+06,0.0669072
v1,+3V3_SW,MPU6050,U2.13,7.67981e+06,0.0688094
v1,+3V3_SW,MPU6050,U2.13,7.76068e+06,0.0706593
v1,+3V3_SW,MPU6050,U2.13,7.84241e+06,0.0724605
v1,+3V3_SW,MPU6050,U2.13,7.925e+06,0.0742164
v1,+3V3_SW,MPU6050,U2.13,8.00845e+06,0.0759302
v1,+3V3_SW,MPU6050,U2.13,8.09279e+06,0.0776052
v1,+3V3_SW,MPU6050,U2.13,8.17801e+06,0.0792443
v1,+3V3_SW,MPU6050,U2.13,8.26414e+06,0.0808503
v1,+3V3_SW,MPU6050,U2.13,8.35116e+06,0.0824258
v1,+3V3_SW,MPU6050,U2.13,8.43911e+06,0.0839735
v1,+3V3_SW,MPU6050,U2.13,8.52798e+06,0.0854955
v1,+3V3_SW,MPU6050,U2.13,8.61779e+06,0.0869942
v1,+3V3_SW,MPU6050,U2.13,8.70854e+06,0.0884717
v1,+3V3_SW,MPU6050,U2.13,8.80025e+06,0.0899298
v1,+3V3_SW,MPU6050,U2.13,8.89292e+06,0.0913705
v1,+3V3_SW,MPU6050,U2.13,8.98657e+06,0.0927954
v1,+3V3_SW,MPU6050,U2.13,9.08121e+06,0.0942062
v1,+3V3_SW,MPU6050,U2.13,9.17684e+06,0.0956044
v1,+3V3_SW,MPU6050,U2.13,9.27348e+06,0.0969914
v1,+3V3_SW,MPU6050,U2.13,9.37114e+06,0.0983686
v1,+3V3_SW,MPU6050,U2.13,9.46983e+06,0.0997373
v1,+3V3_SW,MPU6050,U2.13,9.56955e+06,0.101099
v1,+3V3_SW,MPU6050,U2.13,9.67033e+06,0.102454
v1,+3V3_SW,MPU6050,U2.13,9.77217e+06,0.103804
v1,+3V3_SW,MPU6050,U2.13,9.87508e+06,0.10515
v1,+3V3_SW,MPU6050,U2.13,9.97907e+06,0.106492
v1,+3V3_SW,MPU6050,U2.13,1.00842e+07,0.107833
v1,+3V3_SW,MPU6050,U2.13,1.01904e+07,0.109172
v1,+3V3_SW,MPU6050,U2.13,1.02977e+07,0.11051
v1,+3V3_SW,MPU6050,U2.13,1.04061e+07,0.111849
v1,+3V3_SW,MPU6050,U2.13,1.05157e+07,0.113188
v1,+3V3_SW,MPU6050,U2.13,1.06264e+07,0.114529
v1,+3V3_SW,MPU6050,U2.13,1.07383e+07,0.115873
v1,+3V3_SW,MPU6050,U2.13,1.08514e+07,0.117219
v1,+3V3_SW,MPU6050,U2.13,1.09657e+07,0.118569
v1,+3V3_SW,MPU6050,U2.13,1.10812e+07,0.119924
v1,+3V3_SW,MPU6050,U2.13,1.11979e+07,0.121282
v1,+3V3_SW,MPU6050,U2.13,1.13158e+07,0.122647
v1,+3V3_SW,MPU6050,U2.13,1.1435e+07,0.124017
v1,+3V3_SW,MPU6050,U2.13,1.15554e+07,0.125393
v1,+3V3_SW,MPU6050,U2.13,1.16771e+07,0.126776
v1,+3V3_SW,MPU6050,U2.13,1.18e+07,0.128166
v1,+3V3_SW,MPU6050,U2.13,1.19243e+07,0.129564
v1,+3V3_SW,MPU6050,U2.13,1.20499e+07,0.13097
v1,+3V3_SW,MPU6050,U2.13,1.21768e+07,0.132385
v1,+3V3_SW,MPU6050,U2.13,1.2305e+07,0.133808
v1,+3V3_SW,MPU6050,U2.13,1.24346e+07,0.135241
v1,+3V3_SW,MPU6050,U2.13,1.25655e+07,0.136684
v1,+3V3_SW,MPU6050,U2.13,1.26979e+07,0.138136
v1,+3V3_SW,MPU6050,U2.13,1.28316e+07,0.1396
v1,+3V3_SW,MPU6050,U2.13,1.29667e+07,0.141074
v1,+3V3_SW,MPU6050,U2.13,1.31033e+07,0.142559
v1,+3V3_SW,MPU6050,U2.13,1.32413e+07,0.144056
v1,+3V3_SW,MPU6050,U2.13,1.33807e+07,0.145565
v1,+3V3_SW,MPU6050,U2.13,1.35216e+07,0.147086
v1,+3V3_SW,MPU6050,U2.13,1.3664e+07,0.148619
v1,+3V3_SW,MPU6050,U2.13,1.38079e+07,0.150165
v1,+3V3_SW,MPU6050,U2.13,1.39533e+07,0.151725
v1,+3V3_SW,MPU6050,U2.13,1.41002e+07,0.153298
v1,+3V3_SW,MPU6050,U2.13,1.42487e+07,0.154884
v1,+3V3_SW,MPU6050,U2.13,1.43988e+07,0.156485
v1,+3V3_SW,MPU6050,U2.13,1.45504e+07,0.1581
v1,+3V3_SW,MPU6050,U2.13,1.47036e+07,0.15973
v1,+3V3_SW,MPU6050,U2.13,1.48585e+07,0.161375
v1,+3V3_SW,MPU6050,U2.13,1.5015e+07,0.163034
v1,+3V3_SW,MPU6050,U2.13,1.51731e+07,0.16471
v1,+3V3_SW,MPU6050,U2.13,1.53329e+07,0.166401
v1,+3V3_SW,MPU6050,U2.13,1.54943e+07,0.168108
v1,+3V3_SW,MPU6050,U2.13,1.56575e+07,0.169832
v1,+3V3_SW,MPU6050,U2.13,1.58224e+07,0.171572
v1,+3V3_SW,MPU6050,U2.13,1.5989e+07,0.173329
v1,+3V3_SW,MPU6050,U2.13,1.61574e+07,0.175103
v1,+3V3_SW,MPU6050,U2.13,1.63275e+07,0.176895
v1,+3V3_SW,MPU6050,U2.13,1.64995e+07,0.178704
v1,+3V3_SW,MPU6050,U2.13,1.66732e+07,0.180532
v1,+3V3_SW,MPU6050,U2.13,1.68488e+07,0.182377
v1,+3V3_SW,MPU6050,U2.13,1.70263e+07,0.184241
v1,+3V3_SW,MPU6050,U2.13,1.72056e+07,0.186124
v1,+3V3_SW,MPU6050,U2.13,1.73867e+07,0.188026
v1,+3V3_SW,MPU6050,U2.13,1.75698e+07,0.189947
v1,+3V3_SW,MPU6050,U2.13,1.77549e+07,0.191887
v1,+3V3_SW,MPU6050,U2.13,1.79418e+07,0.193848
v1,+3V3_SW,MPU6050,U2.13,1.81308e+07,0.195829
v1,+3V3_SW,MPU6050,U2.13,1.83217e+07,0.197829
v1,+3V3_SW,MPU6050,U2.13,1.85147e+07,0.199851
v1,+3V3_SW,MPU6050,U2.13,1.87096e+07,0.201894
v1,+3V3_SW,MPU6050,U2.13,1.89067e+07,0.203957
v1,+3V3_SW,MPU6050,U2.13,1.91058e+07,0.206042
v1,+3V3_SW,MPU6050,U2.13,1.9307e+07,0.208149
v1,+3V3_SW,MPU6050,U2.13,1.95103e+07,0.210278
v1,+3V3_SW,MPU6050,U2.13,1.97158e+07,0.212429
v1,+3V3_SW,MPU6050,U2.13,1.99234e+07,0.214602
v1,+3V3_SW,MPU6050,U2.13,2.01332e+07,0.216799
v1,+3V3_SW,MPU6050,U2.13,2.03452e+07,0.219018
v1,+3V3_SW,MPU6050,U2.13,2.05595e+07,0.221261
v1,+3V3_SW,MPU6050,U2.13,2.0776e+07,0.223528
v1,+3V3_SW,MPU6050,U2.13,2.09948e+07,0.225818
v1,+3V3_SW,MPU6050,U2.13,2.12159e+07,0.228133
v1,+3V3_SW,MPU6050,U2.13,2.14393e+07,0.230472
v1,+3V3_SW,MPU6050,U2.13,2.16651e+07,0.232836
v1,+3V3_SW,MPU6050,U2.13,2.18932e+07,0.235225
v1,+3V3_SW,MPU6050,U2.13,2.21238e+07,0.237639
v1,+3V3_SW,MPU6050,U2.13,2.23567e+07,0.24008
v1,+3V3_SW,MPU6050,U2.13,2.25922e+07,0.242546
v1,+3V3_SW,MPU6050,U2.13,2.28301e+07,0.245038
v1,+3V3_SW,MPU6050,U2.13,2.30705e+07,0.247557
v1,+3V3_SW,MPU6050,U2.13,2.33135e+07,0.250103
v1,+3V3_SW,MPU6050,U2.13,2.3559e+07,0.252676
v1,+3V3_SW,MPU6050,U2.13,2.38071e+07,0.255276
v1,+3V3_SW,MPU6050,U2.13,2.40578e+07,0.257905
v1,+3V3_SW,MPU6050,U2.13,2.43111e+07,0.260561
v1,+3V3_SW,MPU6050,U2.13,2.45672e+07,0.263246
v1,+3V3_SW,MPU6050,U2.13,2.48259e+07,0.26596
v1,+3V3_SW,MPU6050,U2.13,2.50873e+07,0.268702
v1,+3V3_SW,MPU6050,U2.13,2.53515e+07,0.271475
v1,+3V3_SW,MPU6050,U2.13,2.56185e+07,0.274277
v1,+3V3_SW,MPU6050,U2.13,2.58883e+07,0.277109
v1,+3V3_SW,MPU6050,U2.13,2.61609e+07,0.279971
v1,+3V3_SW,MPU6050,U2.13,2.64364e+07,0.282864
v1,+3V3_SW,MPU6050,U2.13,2.67148e+07,0.285788
v1,+3V3_SW,MPU6050,U2.13,2.69961e+07,0.288744
v1,+3V3_SW,MPU6050,U2.13,2.72804e+07,0.291732
v1,+3V3_SW,MPU6050,U2.13,2.75677e+07,0.294751
v1,+3V3_SW,MPU6050,U2.13,2.7858e+07,0.297803
v1,+3V3_SW,MPU6050,U2.13,2.81514e+07,0.300889
v1,+3V3_SW,MPU6050,U2.13,2.84478e+07,0.304007
v1,+3V3_SW,MPU6050,U2.13,2.87474e+07,0.307159
v1,+3V3_SW,MPU6050,U2.13,2.90501e+07,0.310345
v1,+3V3_SW,MPU6050,U2.13,2.93561e+07,0.313565
v1,+3V3_SW,MPU6050,U2.13,2.96652e+07,0.31682
v1,+3V3_SW,MPU6050,U2.13,2.99776e+07,0.32011
v1,+3V3_SW,MPU6050,U2.13,3.02933e+07,0.323435
v1,+3V3_SW,MPU6050,U2.13,3.06123e+07,0.326797
v1,+3V3_SW,MPU6050,U2.13,3.09347e+07,0.330194
v1,+3V3_SW,MPU6050,U2.13,3.12605e+07,0.333629
v1,+3V3_SW,MPU6050,U2.13,3.15897e+07,0.3371
v1,+3V3_SW,MPU6050,U2.13,3.19223e+07,0.340609
v1,+3V3_SW,MPU6050,U2.13,3.22585e+07,0.344156
v1,+3V3_SW,MPU6050,U2.13,3.25982e+07,0.347742
v1,+3V3_SW,MPU6050,U2.13,3.29415e+07,0.351366
v1,+3V3_SW,MPU6050,U2.13,3.32884e+07,0.355029
v1,+3V3_SW,MPU6050,U2.13,3.3639e+07,0.358732
v1,+3V3_SW,MPU6050,U2.13,3.39932e+07,0.362475
v1,+3V3_SW,MPU6050,U2.13,3.43512e+07,0.366258
v1,+3V3_SW,MPU6050,U2.13,3.47129e+07,0.370083
v1,+3V3_SW,MPU6050,U2.13,3.50785e+07,0.373949
v1,+3V3_SW,MPU6050,U2.13,3.54479e+07,0.377856
v1,+3V3_SW,MPU6050,U2.13,3.58212e+07,0.381806
v1,+3V3_SW,MPU6050,U2.13,3.61984e+07,0.385799
v1,+3V3_SW,MPU6050,U2.13,3.65796e+07,0.389836
v1,+3V3_SW,MPU6050,U2.13,3.69648e+07,0.393916
v1,+3V3_SW,MPU6050,U2.13,3.73541e+07,0.39804
v1,+3V3_SW,MPU6050,U2.13,3.77475e+07,0.402209
v1,+3V3_SW,MPU6050,U2.13,3.8145e+07,0.406423
v1,+3V3_SW,MPU6050,U2.13,3.85467e+07,0.410683
v1,+3V3_SW,MPU6050,U2.13,3.89526e+07,0.41499
v1,+3V3_SW,MPU6050,U2.13,3.93628e+07,0.419343
v1,+3V3_SW,MPU6050,U2.13,3.97774e+07,0.423743
v1,+3V3_SW,MPU6050,U2.13,4.01963e+07,0.428192
v1,+3V3_SW,MPU6050,U2.13,4.06196e+07,0.432688
v1,+3V3_SW,MPU6050,U2.13,4.10473e+07,0.437234
v1,+3V3_SW,MPU6050,U2.13,4.14796e+07,0.441829
v1,+3V3_SW,MPU6050,U2.13,4.19164e+07,0.446474
v1,+3V3_SW,MPU6050,U2.13,4.23578e+07,0.45117
v1,+3V3_SW,MPU6050,U2.13,4.28039e+07,0.455917
v1,+3V3_SW,MPU6050,U2.13,4.32546e+07,0.460716
v1,+3V3_SW,MPU6050,U2.13,4.37102e+07,0.465567
v1,+3V3_SW,MPU6050,U2.13,4.41705e+07,0.470471
v1,+3V3_SW,MPU6050,U2.13,4.46356e+07,0.475429
v1,+3V3_SW,MPU6050,U2.13,4.51057e+07,0.48044
v1,+3V3_SW,MPU6050,U2.13,4.55807e+07,0.485507
v1,+3V3_SW,MPU6050,U2.13,4.60607e+07,0.490629
v1,+3V3_SW,MPU6050,U2.13,4.65457e+07,0.495807
v1,+3V3_SW,MPU6050,U2.13,4.70359e+07,0.501042
v1,+3V3_SW,MPU6050,U2.13,4.75312e+07,0.506334
v1,+3V3_SW,MPU6050,U2.13,4.80318e+07,0.511684
v1,+3V3_SW,MPU6050,U2.13,4.85376e+07,0.517092
v1,+3V3_SW,MPU6050,U2.13,4.90487e+07,0.522561
v1,+3V3_SW,MPU6050,U2.13,4.95653e+07,0.528089
v1,+3V3_SW,MPU6050,U2.13,5.00872e+07,0.533677
v1,+3V3_SW,MPU6050,U2.13,5.06147e+07,0.539328
v1,+3V3_SW,MPU6050,U2.13,5.11477e+07,0.54504
v1,+3V3_SW,MPU6050,U2.13,5.16863e+07,0.550816
v1,+3V3_SW,MPU6050,U2.13,5.22306e+07,0.556655
v1,+3V3_SW,MPU6050,U2.13,5.27807e+07,0.562558
v1,+3V3_SW,MPU6050,U2.13,5.33365e+07,0.568526
v1,+3V3_SW,MPU6050,U2.13,5.38982e+07,0.574561
v1,+3V3_SW,MPU6050,U2.13,5.44658e+07,0.580662
v1,+3V3_SW,MPU6050,U2.13,5.50394e+07,0.58683
v1,+3V3_SW,MPU6050,U2.13,5.5619e+07,0.593067
v1,+3V3_SW,MPU6050,U2.13,5.62047e+07,0.599373
v1,+3V3_SW,MPU6050,U2.13,5.67966e+07,0.605748
v1,+3V3_SW,MPU6050,U2.13,5.73947e+07,0.612195
v1,+3V3_SW,MPU6050,U2.13,5.79991e+07,0.618713
v1,+3V3_SW,MPU6050,U2.13,5.86099e+07,0.625303
v1,+3V3_SW,MPU6050,U2.13,5.92271e+07,0.631967
v1,+3V3_SW,MPU6050,U2.13,5.98508e+07,0.638705
v1,+3V3_SW,MPU6050,U2.13,6.04811e+07,0.645518
v1,+3V3_SW,MPU6050,U2.13,6.1118e+07,0.652407
v1,+3V3_SW,MPU6050,U2.13,6.17616e+07,0.659373
v1,+3V3_SW,MPU6050,U2.13,6.2412e+07,0.666417
v1,+3V3_SW,MPU6050,U2.13,6.30693e+07,0.67354
v1,+3V3_SW,MPU6050,U2.13,6.37335e+07,0.680742
v1,+3V3_SW,MPU6050,U2.13,6.44046e+07,0.688025
v1,+3V3_SW,MPU6050,U2.13,6.50829e+07,0.69539
v1,+3V3_SW,MPU6050,U2.13,6.57683e+07,0.702838
v1,+3V3_SW,MPU6050,U2.13,6.64609e+07,0.71037
v1,+3V3_SW,MPU6050,U2.13,6.71608e+07,0.717986
v1,+3V3_SW,MPU6050,U2.13,6.7868e+07,0.725689
v1,+3V3_SW,MPU6050,U2.13,6.85827e+07,0.733478
v1,+3V3_SW,MPU6050,U2.13,6.9305e+07,0.741356
v1,+3V3_SW,MPU6050,U2.13,7.00348e+07,0.749323
v1,+3V3_SW,MPU6050,U2.13,7.07723e+07,0.75738
v1,+3V3_SW,MPU6050,U2.13,7.15176e+07,0.765528
v1,+3V3_SW,MPU6050,U2.13,7.22708e+07,0.77377
v1,+3V3_SW,MPU6050,U2.13,7.30318e+07,0.782105
v1,+3V3_SW,MPU6050,U2.13,7.38009e+07,0.790535
v1,+3V3_SW,MPU6050,U2.13,7.45781e+07,0.799062
v1,+3V3_SW,MPU6050,U2.13,7.53635e+07,0.807686
v1,+3V3_SW,MPU6050,U2.13,7.61571e+07,0.816409
v1,+3V3_SW,MPU6050,U2.13,7.69591e+07,0.825232
v1,+3V3_SW,MPU6050,U2.13,7.77696e+07,0.834157
v1,+3V3_SW,MPU6050,U2.13,7.85886e+07,0.843184
v1,+3V3_SW,MPU6050,U2.13,7.94162e+07,0.852315
v1,+3V3_SW,MPU6050,U2.13,8.02525e+07,0.861552
v1,+3V3_SW,MPU6050,U2.13,8.10976e+07,0.870896
v1,+3V3_SW,MPU6050,U2.13,8.19517e+07,0.880348
v1,+3V3_SW,MPU6050,U2.13,8.28147e+07,0.88991
v1,+3V3_SW,MPU6050,U2.13,8.36868e+07,0.899584
v1,+3V3_SW,MPU6050,U2.13,8.45681e+07,0.90937
v1,+3V3_SW,MPU6050,U2.13,8.54587e+07,0.919271
v1,+3V3_SW,MPU6050,U2.13,8.63586e+07,0.929287
v1,+3V3_SW,MPU6050,U2.13,8.72681e+07,0.939421
v1,+3V3_SW,MPU6050,U2.13,8.81871e+07,0.949674
v1,+3V3_SW,MPU6050,U2.13,8.91158e+07,0.960048
v1,+3V3_SW,MPU6050,U2.13,9.00542e+07,0.970545
v1,+3V3_SW,MPU6050,U2.13,9.10026e+07,0.981166
v1,+3V3_SW,MPU6050,U2.13,9.19609e+07,0.991912
v1,+3V3_SW,MPU6050,U2.13,9.29293e+07,1.00279
v1,+3V3_SW,MPU6050,U2.13,9.3908e+07,1.01379
v1,+3V3_SW,MPU6050,U2.13,9.48969e+07,1.02493
v1,+3V3_SW,MPU6050,U2.13,9.58963e+07,1.0362
v1,+3V3_SW,MPU6050,U2.13,9.69061e+07,1.0476
v1,+3V3_SW,MPU6050,U2.13,9.79266e+07,1.05914
v1,+3V3_SW,MPU6050,U2.13,9.89579e+07,1.07082
v1,+3V3_SW,MPU6050,U2.13,1e+08,1.08264
v2,+3V3,ESP32-S3,U1.2,1000,0.200077
v2,+3V3,ESP32-S3,U1.2,1010.53,0.200079
v2,+3V3,ESP32-S3,U1.2,1021.17,0.200081
v2,+3V3,ESP32-S3,U1.2,1031.93,0.200083
v2,+3V3,ESP32-S3,U1.2,1042.79,0.200084
v2,+3V3,ESP32-S3,U1.2,1053.78,0.200086
v2,+3V3,ESP32-S3,U1.2,1064.87,0.200088
v2,+3V3,ESP32-S3,U1.2,1076.09,0.20009
v2,+3V3,ESP32-S3,U1.2,1087.42,0.200092
v2,+3V3,ESP32-S3,U1.2,1098.87,0.200094
v2,+3V3,ESP32-S3,U1.2,1110.44,0.200096
v2,+3V3,ESP32-S3,U1.2,1122.14,0.200098
v2,+3V3,ESP32-S3,U1.2,1133.95,0.2001
v2,+3V3,ESP32-S3,U1.2,1145.89,0.200102
v2,+3V3,ESP32-S3,U1.2,1157.96,0.200104
v2,+3V3,ESP32-S3,U1.2,1170.16,0.200106
v2,+3V3,ESP32-S3,U1.2,1182.48,0.200108
v2,+3V3,ESP32-S3,U1.2,1194.93,0.200111
v2,+3V3,ESP32-S3,U1.2,1207.52,0.200113
v2,+3V3,ESP32-S3,U1.2,1220.23,0.200115
v2,+3V3,ESP32-S3,U1.2,1233.08,0.200118
v2,+3V3,ESP32-S3,U1.2,1246.07,0.20012
v2,+3V3,ESP32-S3,U1.2,1259.19,0.200123
v2,+3V3,ESP32-S3,U1.2,1272.45,0.200125
v2,+3V3,ESP32-S3,U1.2,1285.85,0.200128
v2,+3V3,ESP32-S3,U1.2,1299.39,0.200131
v2,+3V3,ESP32-S3,U1.2,1313.07,0.200134
v2,+3V3,ESP32-S3,U1.2,1326.9,0.200136
v2,+3V3,ESP32-S3,U1.2,1340.88,0.200139
v2,+3V3,ESP32-S3,U1.2,1355,0.200142
v2,+3V3,ESP32-S3,U1.2,1369.27,0.200145
v2,+3V3,ESP32-S3,U1.2,1383.69,0.200148
v2,+3V3,ESP32-S3,U1.2,1398.26,0.200151
v2,+3V3,ESP32-S3,U1.2,1412.98,0.200155
v2,+3V3,ESP32-S3,U1.2,1427.86,0.200158
v2,+3V3,ESP32-S3,U1.2,1442.9,0.200161
v2,+3V3,ESP32-S3,U1.2,1458.09,0.200165
v2,+3V3,ESP32-S3,U1.2,1473.45,0.200168
v2,+3V3,ESP32-S3,U1.2,1488.96,0.200172
v2,+3V3,ESP32-S3,U1.2,1504.64,0.200175
v2,+3V3,ESP32-S3,U1.2,1520.49,0.200179
v2,+3V3,ESP32-S3,U1.2,1536.5,0.200183
v2,+3V3,ESP32-S3,U1.2,1552.68,0.200187
v2,+3V3,ESP32-S3,U1.2,1569.03,0.200191
v2,+3V3,ESP32-S3,U1.2,1585.56,0.200195
v2,+3V3,ESP32-S3,U1.2,1602.25,0.200199
v2,+3V3,ESP32-S3,U1.2,1619.13,0.200203
v2,+3V3,ESP32-S3,U1.2,1636.18,0.200207
v2,+3V3,ESP32-S3,U1.2,1653.41,0.200212
v2,+3V3,ESP32-S3,U1.2,1670.82,0.200216
v2,+3V3,ESP32-S3,U1.2,1688.42,0.200221
v2,+3V3,ESP32-S3,U1.2,1706.2,0.200226
v2,+3V3,ESP32-S3,U1.2,1724.16,0.20023
v2,+3V3,ESP32-S3,U1.2,1742.32,0.200235
v2,+3V3,ESP32-S3,U1.2,1760.67,0.20024
v2,+3V3,ESP32-S3,U1.2,1779.21,0.200245
v2,+3V3,ESP32-S3,U1.2,1797.95,0.200251
v2,+3V3,ESP32-S3,U1.2,1816.88,0.200256
v2,+3V3,ESP32-S3,U1.2,1836.02,0.200261
v2,+3V3,ESP32-S3,U1.2,1855.35,0.200267
v2,+3V3,ESP32-S3,U1.2,1874.89,0.200272
v2,+3V3,ESP32-S3,U1.2,1894.63,0.200278
v2,+3V3,ESP32-S3,U1.2,1914.58,0.200284
v2,+3V3,ESP32-S3,U1.2,1934.75,0.20029
v2,+3V3,ESP32-S3,U1.2,1955.12,0.200296
v2,+3V3,ESP32-S3,U1.2,1975.71,0.200302
v2,+3V3,ESP32-S3,U1.2,1996.52,0.200309
v2,+3V3,ESP32-S3,U1.2,2017.54,0.200315
v2,+3V3,ESP32-S3,U1.2,2038.79,0.200322
v2,+3V3,ESP32-S3,U1.2,2060.26,0.200329
v2,+3V3,ESP32-S3,U1.2,2081.95,0.200336
v2,+3V3,ESP32-S3,U1.2,2103.88,0.200343
v2,+3V3,ESP32-S3,U1.2,2126.04,0.20035
v2,+3V3,ESP32-S3,U1.2,2148.42,0.200358
v2,+3V3,ESP32-S3,U1.2,2171.05,0.200365
v2,+3V3,ESP32-S3,U1.2,2193.91,0.200373
v2,+3V3,ESP32-S3,U1.2,2217.02,0.200381
v2,+3V3,ESP32-S3,U1.2,2240.36,0.200389
v2,+3V3,ESP32-S3,U1.2,2263.96,0.200397
v2,+3V3,ESP32-S3,U1.2,2287.8,0.200406
v2,+3V3,ESP32-S3,U1.2,2311.89,0.200414
v2,+3V3,ESP32-S3,U1.2,2336.24,0.200423
v2,+3V3,ESP32-S3,U1.2,2360.84,0.200432
v2,+3V3,ESP32-S3,U1.2,2385.7,0.200441
v2,+3V3,ESP32-S3,U1.2,2410.82,0.20045
v2,+3V3,ESP32-S3,U1.2,2436.21,0.20046
v2,+3V3,ESP32-S3,U1.2,2461.87,0.20047
v2,+3V3,ESP32-S3,U1.2,2487.79,0.20048
v2,+3V3,ESP32-S3,U1.2,2513.99,0.20049
v2,+3V3,ESP32-S3,U1.2,2540.47,0.2005
v2,+3V3,ESP32-S3,U1.2,2567.22,0.200511
v2,+3V3,ESP32-S3,U1.2,2594.26,0.200522
v2,+3V3,ESP32-S3,U1.2,2621.58,0.200533
v2,+3V3,ESP32-S3,U1.2,2649.18,0.200544
v2,+3V3,ESP32-S3,U1.2,2677.08,0.200555
v2,+3V3,ESP32-S3,U1.2,2705.27,0.200567
v2,+3V3,ESP32-S3,U1.2,2733.76,0.200579
v2,+3V3,ESP32-S3,U1.2,2762.55,0.200592
v2,+3V3,ESP32-S3,U1.2,2791.64,0.200604
v2,+3V3,ESP32-S3,U1.2,2821.04,0.200617
v2,+3V3,ESP32-S3,U1.2,2850.75,0.20063
v2,+3V3,ESP32-S3,U1.2,2880.77,0.200643
v2,+3V3,ESP32-S3,U1.2,2911.11,0.200657
v2,+3V3,ESP32-S3,U1.2,2941.76,0.200671
v2,+3V3,ESP32-S3,U1.2,2972.74,0.200685
v2,+3V3,ESP32-S3,U1.2,3004.05,0.200699
v2,+3V3,ESP32-S3,U1.2,3035.68,0.200714
v2,+3V3,ESP32-S3,U1.2,3067.65,0.200729
v2,+3V3,ESP32-S3,U1.2,3099.96,0.200745
v2,+3V3,ESP32-S3,U1.2,3132.6,0.200761
v2,+3V3,ESP32-S3,U1.2,3165.59,0.200777
v2,+3V3,ESP32-S3,U1.2,3198.93,0.200793
v2,+3V3,ESP32-S3,U1.2,3232.62,0.20081
v2,+3V3,ESP32-S3,U1.2,3266.66,0.200827
v2,+3V3,ESP32-S3,U1.2,3301.06,0.200845
v2,+3V3,ESP32-S3,U1.2,3335.82,0.200863
v2,+3V3,ESP32-S3,U1.2,3370.95,0.200881
v2,+3V3,ESP32-S3,U1.2,3406.45,0.2009
v2,+3V3,ESP32-S3,U1.2,3442.32,0.200919
v2,+3V3,ESP32-S3,U1.2,3478.57,0.200938
v2,+3V3,ESP32-S3,U1.2,3515.21,0.200958
v2,+3V3,ESP32-S3,U1.2,3552.22,0.200978
v2,+3V3,ESP32-S3,U1.2,3589.63,0.200999
v2,+3V3,ESP32-S3,U1.2,3627.43,0.20102
v2,+3V3,ESP32-S3,U1.2,3665.64,0.201042
v2,+3V3,ESP32-S3,U1.2,3704.24,0.201064
v2,+3V3,ESP32-S3,U1.2,3743.25,0.201086
v2,+3V3,ESP32-S3,U1.2,3782.67,0.201109
v2,+3V3,ESP32-S3,U1.2,3822.5,0.201133
v2,+3V3,ESP32-S3,U1.2,3862.76,0.201157
v2,+3V3,ESP32-S3,U1.2,3903.43,0.201181
v2,+3V3,ESP32-S3,U1.2,3944.54,0.201206
v2,+3V3,ESP32-S3,U1.2,3986.08,0.201232
v2,+3V3,ESP32-S3,U1.2,4028.06,0.201258
v2,+3V3,ESP32-S3,U1.2,4070.48,0.201285
v2,+3V3,ESP32-S3,U1.2,4113.34,0.201312
v2,+3V3,ESP32-S3,U1.2,4156.66,0.20134
v2,+3V3,ESP32-S3,U1.2,4200.43,0.201368
v2,+3V3,ESP32-S3,U1.2,4244.67,0.201397
v2,+3V3,ESP32-S3,U1.2,4289.37,0.201427
v2,+3V3,ESP32-S3,U1.2,4334.54,0.201457
v2,+3V3,ESP32-S3,U1.2,4380.18,0.201488
v2,+3V3,ESP32-S3,U1.2,4426.31,0.201519
v2,+3V3,ESP32-S3,U1.2,4472.92,0.201552
v2,+3V3,ESP32-S3,U1.2,4520.03,0.201584
v2,+3V3,ESP32-S3,U1.2,4567.63,0.201618
v2,+3V3,ESP32-S3,U1.2,4615.73,0.201652
v2,+3V3,ESP32-S3,U1.2,4664.34,0.201687
v2,+3V3,ESP32-S3,U1.2,4713.46,0.201723
v2,+3V3,ESP32-S3,U1.2,4763.09,0.20176
v2,+3V3,ESP32-S3,U1.2,4813.25,0.201797
v2,+3V3,ESP32-S3,U1.2,4863.94,0.201835
v2,+3V3,ESP32-S3,U1.2,4915.16,0.201874
v2,+3V3,ESP32-S3,U1.2,4966.92,0.201914
v2,+3V3,ESP32-S3,U1.2,5019.23,0.201954
v2,+3V3,ESP32-S3,U1.2,5072.09,0.201996
v2,+3V3,ESP32-S3,U1.2,5125.5,0.202038
v2,+3V3,ESP32-S3,U1.2,5179.47,0.202081
v2,+3V3,ESP32-S3,U1.2,5234.02,0.202125
v2,+3V3,ESP32-S3,U1.2,5289.14,0.20217
v2,+3V3,ESP32-S3,U1.2,5344.84,0.202216
v2,+3V3,ESP32-S3,U1.2,5401.12,0.202263
v2,+3V3,ESP32-S3,U1.2,5458,0.202311
v2,+3V3,ESP32-S3,U1.2,5515.48,0.20236
v2,+3V3,ESP32-S3,U1.2,5573.56,0.20241
v2,+3V3,ESP32-S3,U1.2,5632.26,0.202461
v2,+3V3,ESP32-S3,U1.2,5691.57,0.202513
v2,+3V3,ESP32-S3,U1.2,5751.51,0.202567
v2,+3V3,ESP32-S3,U1.2,5812.08,0.202621
v2,+3V3,ESP32-S3,U1.2,5873.28,0.202677
v2,+3V3,ESP32-S3,U1.2,5935.13,0.202733
v2,+3V3,ESP32-S3,U1.2,5997.63,0.202791
v2,+3V3,ESP32-S3,U1.2,6060.79,0.202851
v2,+3V3,ESP32-S3,U1.2,6124.62,0.202911
v2,+3V3,ESP32-S3,U1.2,6189.12,0.202973
v2,+3V3,ESP32-S3,U1.2,6254.29,0.203036
v2,+3V3,ESP32-S3,U1.2,6320.16,0.2031
v2,+3V3,ESP32-S3,U1.2,6386.71,0.203166
v2,+3V3,ESP32-S3,U1.2,6453.97,0.203233
v2,+3V3,ESP32-S3,U1.2,6521.94,0.203302
v2,+3V3,ESP32-S3,U1.2,6590.62,0.203372
v2,+3V3,ESP32-S3,U1.2,6660.03,0.203443
v2,+3V3,ESP32-S3,U1.2,6730.16,0.203516
v2,+3V3,ESP32-S3,U1.2,6801.04,0.203591
v2,+3V3,ESP32-S3,U1.2,6872.66,0.203667
v2,+3V3,ESP32-S3,U1.2,6945.03,0.203745
v2,+3V3,ESP32-S3,U1.2,7018.17,0.203824
v2,+3V3,ESP32-S3,U1.2,7092.08,0.203905
v2,+3V3,ESP32-S3,U1.2,7166.76,0.203988
v2,+3V3,ESP32-S3,U1.2,7242.23,0.204073
v2,+3V3,ESP32-S3,U1.2,7318.5,0.204159
v2,+3V3,ESP32-S3,U1.2,7395.57,0.204248
v2,+3V3,ESP32-S3,U1.2,7473.45,0.204338
v2,+3V3,ESP32-S3,U1.2,7552.16,0.20443
v2,+3V3,ESP32-S3,U1.2,7631.69,0.204524
v2,+3V3,ESP32-S3,U1.2,7712.06,0.20462
v2,+3V3,ESP32-S3,U1.2,7793.27,0.204718
v2,+3V3,ESP32-S3,U1.2,7875.34,0.204818
v2,+3V3,ESP32-S3,U1.2,7958.27,0.20492
v2,+3V3,ESP32-S3,U1.2,8042.08,0.205025
v2,+3V3,ESP32-S3,U1.2,8126.77,0.205131
v2,+3V3,ESP32-S3,U1.2,8212.35,0.20524
v2,+3V3,ESP32-S3,U1.2,8298.84,0.205352
v2,+3V3,ESP32-S3,U1.2,8386.23,0.205465
v2,+3V3,ESP32-S3,U1.2,8474.55,0.205581
v2,+3V3,ESP32-S3,U1.2,8563.79,0.2057
v2,+3V3,ESP32-S3,U1.2,8653.98,0.205821
v2,+3V3,ESP32-S3,U1.2,8745.11,0.205944
v2,+3V3,ESP32-S3,U1.2,8837.2,0.206071
v2,+3V3,ESP32-S3,U1.2,8930.27,0.206199
v2,+3V3,ESP32-S3,U1.2,9024.31,0.206331
v2,+3V3,ESP32-S3,U1.2,9119.34,0.206466
v2,+3V3,ESP32-S3,U1.2,9215.38,0.206603
v2,+3V3,ESP32-S3,U1.2,9312.42,0.206743
v2,+3V3,ESP32-S3,U1.2,9410.49,0.206886
v2,+3V3,ESP32-S3,U1.2,9509.59,0.207033
v2,+3V3,ESP32-S3,U1.2,9609.74,0.207182
v2,+3V3,ESP32-S3,U1.2,9710.94,0.207335
v2,+3V3,ESP32-S3,U1.2,9813.2,0.207491
v2,+3V3,ESP32-S3,U1.2,9916.54,0.20765
v2,+3V3,ESP32-S3,U1.2,10021,0.207812
v2,+3V3,ESP32-S3,U1.2,10126.5,0.207978
v2,+3V3,ESP32-S3,U1.2,10233.1,0.208148
v2,+3V3,ESP32-S3,U1.2,10340.9,0.208321
v2,+3V3,ESP32-S3,U1.2,10449.8,0.208498
v2,+3V3,ESP32-S3,U1.2,10559.9,0.208679
v2,+3V3,ESP32-S3,U1.2,10671.1,0.208863
v2,+3V3,ESP32-S3,U1.2,10783.4,0.209052
v2,+3V3,ESP32-S3,U1.2,10897,0.209244
v2,+3V3,ESP32-S3,U1.2,11011.7,0.209441
v2,+3V3,ESP32-S3,U1.2,11127.7,0.209641
v2,+3V3,ESP32-S3,U1.2,11244.9,0.209846
v2,+3V3,ESP32-S3,U1.2,11363.3,0.210056
v2,+3V3,ESP32-S3,U1.2,11483,0.21027
v2,+3V3,ESP32-S3,U1.2,11603.9,0.210488
v2,+3V3,ESP32-S3,U1.2,11726.1,0.210711
v2,+3V3,ESP32-S3,U1.2,11849.6,0.210939
v2,+3V3,ESP32-S3,U1.2,11974.4,0.211172
v2,+3V3,ESP32-S3,U1.2,12100.5,0.211409
v2,+3V3,ESP32-S3,U1.2,12227.9,0.211652
v2,+3V3,ESP32-S3,U1.2,12356.7,0.2119
v2,+3V3,ESP32-S3,U1.2,12486.8,0.212153
v2,+3V3,ESP32-S3,U1.2,12618.3,0.212412
v2,+3V3,ESP32-S3,U1.2,12751.2,0.212676
v2,+3V3,ESP32-S3,U1.2,12885.5,0.212946
v2,+3V3,ESP32-S3,U1.2,13021.2,0.213221
v2,+3V3,ESP32-S3,U1.2,13158.3,0.213502
v2,+3V3,ESP32-S3,U1.2,13296.9,0.21379
v2,+3V3,ESP32-S3,U1.2,13436.9,0.214083
v2,+3V3,ESP32-S3,U1.2,13578.4,0.214383
v2,+3V3,ESP32-S3,U1.2,13721.4,0.214689
v2,+3V3,ESP32-S3,U1.2,13865.9,0.215002
v2,+3V3,ESP32-S3,U1.2,14011.9,0.215321
v2,+3V3,ESP32-S3,U1.2,14159.5,0.215648
v2,+3V3,ESP32-S3,U1.2,14308.6,0.215981
v2,+3V3,ESP32-S3,U1.2,14459.2,0.216321
v2,+3V3,ESP32-S3,U1.2,14611.5,0.216669
v2,+3V3,ESP32-S3,U1.2,14765.4,0.217023
v2,+3V3,ESP32-S3,U1.2,14920.9,0.217386
v2,+3V3,ESP32-S3,U1.2,15078,0.217756
v2,+3V3,ESP32-S3,U1.2,15236.8,0.218134
v2,+3V3,ESP32-S3,U1.2,15397.2,0.21852
v2,+3V3,ESP32-S3,U1.2,15559.4,0.218915
v2,+3V3,ESP32-S3,U1.2,15723.2,0.219318
v2,+3V3,ESP32-S3,U1.2,15888.8,0.219729
v2,+3V3,ESP32-S3,U1.2,16056.2,0.220149
v2,+3V3,ESP32-S3,U1.2,16225.2,0.220578
v2,+3V3,ESP32-S3,U1.2,16396.1,0.221016
v2,+3V3,ESP32-S3,U1.2,16568.8,0.221464
v2,+3V3,ESP32-S3,U1.2,16743.3,0.221921
v2,+3V3,ESP32-S3,U1.2,16919.6,0.222387
v2,+3V3,ESP32-S3,U1.2,17097.8,0.222864
v2,+3V3,ESP32-S3,U1.2,17277.8,0.22335
v2,+3V3,ESP32-S3,U1.2,17459.8,0.223847
v2,+3V3,ESP32-S3,U1.2,17643.6,0.224355
v2,+3V3,ESP32-S3,U1.2,17829.4,0.224873
v2,+3V3,ESP32-S3,U1.2,18017.2,0.225402
v2,+3V3,ESP32-S3,U1.2,18206.9,0.225943
v2,+3V3,ESP32-S3,U1.2,18398.7,0.226495
v2,+3V3,ESP32-S3,U1.2,18592.4,0.227058
v2,+3V3,ESP32-S3,U1.2,18788.2,0.227633
v2,+3V3,ESP32-S3,U1.2,18986.1,0.228221
v2,+3V3,ESP32-S3,U1.2,19186,0.228821
v2,+3V3,ESP32-S3,U1.2,19388,0.229433
v2,+3V3,ESP32-S3,U1.2,19592.2,0.230058
v2,+3V3,ESP32-S3,U1.2,19798.5,0.230696
v2,+3V3,ESP32-S3,U1.2,20007,0.231348
v2,+3V3,ESP32-S3,U1.2,20217.7,0.232013
v2,+3V3,ESP32-S3,U1.2,20430.6,0.232692
v2,+3V3,ESP32-S3,U1.2,20645.8,0.233385
v2,+3V3,ESP32-S3,U1.2,20863.2,0.234093
v2,+3V3,ESP32-S3,U1.2,21082.9,0.234815
v2,+3V3,ESP32-S3,U1.2,21304.9,0.235552
v2,+3V3,ESP32-S3,U1.2,21529.3,0.236304
v2,+3V3,ESP32-S3,U1.2,21756,0.237072
v2,+3V3,ESP32-S3,U1.2,21985.1,0.237856
v2,+3V3,ESP32-S3,U1.2,22216.7,0.238655
v2,+3V3,ESP32-S3,U1.2,22450.6,0.239471
v2,+3V3,ESP32-S3,U1.2,22687,0.240303
v2,+3V3,ESP32-S3,U1.2,22926,0.241152
v2,+3V3,ESP32-S3,U1.2,23167.4,0.242019
v2,+3V3,ESP32-S3,U1.2,23411.4,0.242902
v2,+3V3,ESP32-S3,U1.2,23657.9,0.243803
v2,+3V3,ESP32-S3,U1.2,23907,0.244722
v2,+3V3,ESP32-S3,U1.2,24158.8,0.24566
v2,+3V3,ESP32-S3,U1.2,24413.2,0.246615
v2,+3V3,ESP32-S3,U1.2,24670.3,0.24759
v2,+3V3,ESP32-S3,U1.2,24930.1,0.248583
v2,+3V3,ESP32-S3,U1.2,25192.7,0.249596
v2,+3V3,ESP32-S3,U1.2,25458,0.250627
v2,+3V3,ESP32-S3,U1.2,25726,0.251679
v2,+3V3,ESP32-S3,U1.2,25997,0.25275
v2,+3V3,ESP32-S3,U1.2,26270.7,0.253841
v2,+3V3,ESP32-S3,U1.2,26547.4,0.254953
v2,+3V3,ESP32-S3,U1.2,26827,0.256084
v2,+3V3,ESP32-S3,U1.2,27109.5,0.257237
v2,+3V3,ESP32-S3,U1.2,27395,0.258409
v2,+3V3,ESP32-S3,U1.2,27683.4,0.259603
v2,+3V3,ESP32-S3,U1.2,27975,0.260817
v2,+3V3,ESP32-S3,U1.2,28269.6,0.262052
v2,+3V3,ESP32-S3,U1.2,28567.3,0.263308
v2,+3V3,ESP32-S3,U1.2,28868.1,0.264585
v2,+3V3,ESP32-S3,U1.2,29172.1,0.265883
v2,+3V3,ESP32-S3,U1.2,29479.3,0.267201
v2,+3V3,ESP32-S3,U1.2,29789.8,0.26854
v2,+3V3,ESP32-S3,U1.2,30103.5,0.269899
v2,+3V3,ESP32-S3,U1.2,30420.5,0.271278
v2,+3V3,ESP32-S3,U1.2,30740.9,0.272677
v2,+3V3,ESP32-S3,U1.2,31064.6,0.274096
v2,+3V3,ESP32-S3,U1.2,31391.7,0.275533
v2,+3V3,ESP32-S3,U1.2,31722.3,0.27699
v2,+3V3,ESP32-S3,U1.2,32056.4,0.278464
v2,+3V3,ESP32-S3,U1.2,32394,0.279955
v2,+3V3,ESP32-S3,U1.2,32735.1,0.281463
v2,+3V3,ESP32-S3,U1.2,33079.8,0.282986
v2,+3V3,ESP32-S3,U1.2,33428.2,0.284525
v2,+3V3,ESP32-S3,U1.2,33780.2,0.286076
v2,+3V3,ESP32-S3,U1.2,34136,0.287641
v2,+3V3,ESP32-S3,U1.2,34495.4,0.289216
v2,+3V3,ESP32-S3,U1.2,34858.7,0.290802
v2,+3V3,ESP32-S3,U1.2,35225.8,0.292395
v2,+3V3,ESP32-S3,U1.2,35596.8,0.293995
v2,+3V3,ESP32-S3,U1.2,35971.6,0.2956
v2,+3V3,ESP32-S3,U1.2,36350.4,0.297206
v2,+3V3,ESP32-S3,U1.2,36733.2,0.298813
v2,+3V3,ESP32-S3,U1.2,37120.1,0.300418
v2,+3V3,ESP32-S3,U1.2,37511,0.302018
v2,+3V3,ESP32-S3,U1.2,37906,0.303611
v2,+3V3,ESP32-S3,U1.2,38305.2,0.305193
v2,+3V3,ESP32-S3,U1.2,38708.6,0.306761
v2,+3V3,ESP32-S3,U1.2,39116.2,0.308311
v2,+3V3,ESP32-S3,U1.2,39528.1,0.309841
v2,+3V3,ESP32-S3,U1.2,39944.4,0.311346
v2,+3V3,ESP32-S3,U1.2,40365,0.312823
v2,+3V3,ESP32-S3,U1.2,40790.1,0.314266
v2,+3V3,ESP32-S3,U1.2,41219.7,0.315672
v2,+3V3,ESP32-S3,U1.2,41653.8,0.317035
v2,+3V3,ESP32-S3,U1.2,42092.4,0.318351
v2,+3V3,ESP32-S3,U1.2,42535.7,0.319615
v2,+3V3,ESP32-S3,U1.2,42983.6,0.320822
v2,+3V3,ESP32-S3,U1.2,43436.3,0.321965
v2,+3V3,ESP32-S3,U1.2,43893.7,0.32304
v2,+3V3,ESP32-S3,U1.2,44355.9,0.324042
v2,+3V3,ESP32-S3,U1.2,44823,0.324963
v2,+3V3,ESP32-S3,U1.2,45295.1,0.325799
v2,+3V3,ESP32-S3,U1.2,45772.1,0.326543
v2,+3V3,ESP32-S3,U1.2,46254.1,0.327191
v2,+3V3,ESP32-S3,U1.2,46741.2,0.327736
v2,+3V3,ESP32-S3,U1.2,47233.4,0.328173
v2,+3V3,ESP32-S3,U1.2,47730.8,0.328496
v2,+3V3,ESP32-S3,U1.2,48233.5,0.328701
v2,+3V3,ESP32-S3,U1.2,48741.4,0.328782
v2,+3V3,ESP32-S3,U1.2,49254.7,0.328735
v2,+3V3,ESP32-S3,U1.2,49773.4,0.328555
v2,+3V3,ESP32-S3,U1.2,50297.6,0.32824
v2,+3V3,ESP32-S3,U1.2,50827.2,0.327786
v2,+3V3,ESP32-S3,U1.2,51362.5,0.327189
v2,+3V3,ESP32-S3,U1.2,51903.4,0.326448
v2,+3V3,ESP32-S3,U1.2,52450,0.325561
v2,+3V3,ESP32-S3,U1.2,53002.3,0.324527
v2,+3V3,ESP32-S3,U1.2,53560.5,0.323345
v2,+3V3,ESP32-S3,U1.2,54124.5,0.322016
v2,+3V3,ESP32-S3,U1.2,54694.5,0.320541
v2,+3V3,ESP32-S3,U1.2,55270.5,0.318921
v2,+3V3,ESP32-S3,U1.2,55852.5,0.317159
v2,+3V3,ESP32-S3,U1.2,56440.7,0.315256
v2,+3V3,ESP32-S3,U1.2,57035.1,0.313218
v2,+3V3,ESP32-S3,U1.2,57635.7,0.311047
v2,+3V3,ESP32-S3,U1.2,58242.7,0.308748
v2,+3V3,ESP32-S3,U1.2,58856,0.306327
v2,+3V3,ESP32-S3,U1.2,59475.8,0.303788
v2,+3V3,ESP32-S3,U1.2,60102.1,0.301138
v2,+3V3,ESP32-S3,U1.2,60735.1,0.298383
v2,+3V3,ESP32-S3,U1.2,61374.7,0.29553
v2,+3V3,ESP32-S3,U1.2,62021,0.292585
v2,+3V3,ESP32-S3,U1.2,62674.1,0.289554
v2,+3V3,ESP32-S3,U1.2,63334.1,0.286446
v2,+3V3,ESP32-S3,U1.2,64001.1,0.283267
v2,+3V3,ESP32-S3,U1.2,64675.1,0.280024
v2,+3V3,ESP32-S3,U1.2,65356.2,0.276724
v2,+3V3,ESP32-S3,U1.2,66044.4,0.273375
v2,+3V3,ESP32-S3,U1.2,66739.9,0.269982
v2,+3V3,ESP32-S3,U1.2,67442.8,0.266553
v2,+3V3,ESP32-S3,U1.2,68153,0.263094
v2,+3V3,ESP32-S3,U1.2,68870.7,0.259612
v2,+3V3,ESP32-S3,U1.2,69596,0.256111
v2,+3V3,ESP32-S3,U1.2,70328.9,0.252598
v2,+3V3,ESP32-S3,U1.2,71069.5,0.249079
v2,+3V3,ESP32-S3,U1.2,71817.9,0.245558
v2,+3V3,ESP32-S3,U1.2,72574.2,0.24204
v2,+3V3,ESP32-S3,U1.2,73338.5,0.23853
v2,+3V3,ESP32-S3,U1.2,74110.8,0.235031
v2,+3V3,ESP32-S3,U1.2,74891.3,0.231548
v2,+3V3,ESP32-S3,U1.2,75680,0.228084
v2,+3V3,ESP32-S3,U1.2,76476.9,0.224643
v2,+3V3,ESP32-S3,U1.2,77282.3,0.221228
v2,+3V3,ESP32-S3,U1.2,78096.2,0.217841
v2,+3V3,ESP32-S3,U1.2,78918.6,0.214484
v2,+3V3,ESP32-S3,U1.2,79749.7,0.21116
v2,+3V3,ESP32-S3,U1.2,80589.5,0.207872
v2,+3V3,ESP32-S3,U1.2,81438.2,0.204619
v2,+3V3,ESP32-S3,U1.2,82295.8,0.201405
v2,+3V3,ESP32-S3,U1.2,83162.4,0.198231
v2,+3V3,ESP32-S3,U1.2,84038.2,0.195097
v2,+3V3,ESP32-S3,U1.2,84923.2,0.192005
v2,+3V3,ESP32-S3,U1.2,85817.5,0.188955
v2,+3V3,ESP32-S3,U1.2,86721.3,0.185947
v2,+3V3,ESP32-S3,U1.2,87634.5,0.182984
v2,+3V3,ESP32-S3,U1.2,88557.4,0.180064
v2,+3V3,ESP32-S3,U1.2,89490,0.177188
v2,+3V3,ESP32-S3,U1.2,90432.4,0.174356
v2,+3V3,ESP32-S3,U1.2,91384.7,0.171569
v2,+3V3,ESP32-S3,U1.2,92347.1,0.168826
v2,+3V3,ESP32-S3,U1.2,93319.6,0.166126
v2,+3V3,ESP32-S3,U1.2,94302.3,0.163471
v2,+3V3,ESP32-S3,U1.2,95295.4,0.160859
v2,+3V3,ESP32-S3,U1.2,96298.9,0.15829
v2,+3V3,ESP32-S3,U1.2,97313,0.155764
v2,+3V3,ESP32-S3,U1.2,98337.8,0.15328
v2,+3V3,ESP32-S3,U1.2,99373.4,0.150838
v2,+3V3,ESP32-S3,U1.2,100420,0.148438
v2,+3V3,ESP32-S3,U1.2,101477,0.146078
v2,+3V3,ESP32-S3,U1.2,102546,0.143758
v2,+3V3,ESP32-S3,U1.2,103626,0.141478
v2,+3V3,ESP32-S3,U1.2,104717,0.139237
v2,+3V3,ESP32-S3,U1.2,105820,0.137034
v2,+3V3,ESP32-S3,U1.2,106934,0.134869
v2,+3V3,ESP32-S3,U1.2,108060,0.132741
v2,+3V3,ESP32-S3,U1.2,109198,0.130649
v2,+3V3,ESP32-S3,U1.2,110348,0.128593
v2,+3V3,ESP32-S3,U1.2,111510,0.126572
v2,+3V3,ESP32-S3,U1.2,112685,0.124586
v2,+3V3,ESP32-S3,U1.2,113871,0.122633
v2,+3V3,ESP32-S3,U1.2,115071,0.120712
v2,+3V3,ESP32-S3,U1.2,116282,0.118825
v2,+3V3,ESP32-S3,U1.2,117507,0.116969
v2,+3V3,ESP32-S3,U1.2,118744,0.115143
v2,+3V3,ESP32-S3,U1.2,119995,0.113348
v2,+3V3,ESP32-S3,U1.2,121259,0.111583
v2,+3V3,ESP32-S3,U1.2,122536,0.109847
v2,+3V3,ESP32-S3,U1.2,123826,0.108139
v2,+3V3,ESP32-S3,U1.2,125130,0.106459
v2,+3V3,ESP32-S3,U1.2,126448,0.104806
v2,+3V3,ESP32-S3,U1.2,127779,0.103179
v2,+3V3,ESP32-S3,U1.2,129125,0.101579
v2,+3V3,ESP32-S3,U1.2,130485,0.100003
v2,+3V3,ESP32-S3,U1.2,131859,0.0984527
v2,+3V3,ESP32-S3,U1.2,133247,0.0969263
v2,+3V3,ESP32-S3,U1.2,134651,0.0954234
v2,+3V3,ESP32-S3,U1.2,136069,0.0939436
v2,+3V3,ESP32-S3,U1.2,137502,0.0924863
v2,+3V3,ESP32-S3,U1.2,138950,0.0910509
v2,+3V3,ESP32-S3,U1.2,140413,0.089637
v2,+3V3,ESP32-S3,U1.2,141891,0.0882441
v2,+3V3,ESP32-S3,U1.2,143386,0.0868715
v2,+3V3,ESP32-S3,U1.2,144896,0.085519
v2,+3V3,ESP32-S3,U1.2,146422,0.0841858
v2,+3V3,ESP32-S3,U1.2,147964,0.0828717
v2,+3V3,ESP32-S3,U1.2,149522,0.081576
v2,+3V3,ESP32-S3,U1.2,151096,0.0802985
v2,+3V3,ESP32-S3,U1.2,152687,0.0790385
v2,+3V3,ESP32-S3,U1.2,154295,0.0777958
v2,+3V3,ESP32-S3,U1.2,155920,0.0765698
v2,+3V3,ESP32-S3,U1.2,157562,0.0753601
v2,+3V3,ESP32-S3,U1.2,159222,0.0741664
v2,+3V3,ESP32-S3,U1.2,160898,0.0729881
v2,+3V3,ESP32-S3,U1.2,162593,0.071825
v2,+3V3,ESP32-S3,U1.2,164305,0.0706766
v2,+3V3,ESP32-S3,U1.2,166035,0.0695426
v2,+3V3,ESP32-S3,U1.2,167784,0.0684225
v2,+3V3,ESP32-S3,U1.2,169551,0.067316
v2,+3V3,ESP32-S3,U1.2,171336,0.0662228
v2,+3V3,ESP32-S3,U1.2,173140,0.0651425
v2,+3V3,ESP32-S3,U1.2,174964,0.0640746
v2,+3V3,ESP32-S3,U1.2,176806,0.063019
v2,+3V3,ESP32-S3,U1.2,178668,0.0619752
v2,+3V3,ESP32-S3,U1.2,180550,0.0609429
v2,+3V3,ESP32-S3,U1.2,182451,0.0599218
v2,+3V3,ESP32-S3,U1.2,184372,0.0589116
v2,+3V3,ESP32-S3,U1.2,186314,0.0579119
v2,+3V3,ESP32-S3,U1.2,188276,0.0569224
v2,+3V3,ESP32-S3,U1.2,190259,0.0559427
v2,+3V3,ESP32-S3,U1.2,192262,0.0549727
v2,+3V3,ESP32-S3,U1.2,194287,0.0540119
v2,+3V3,ESP32-S3,U1.2,196333,0.0530601
v2,+3V3,ESP32-S3,U1.2,198401,0.052117
v2,+3V3,ESP32-S3,U1.2,200490,0.0511822
v2,+3V3,ESP32-S3,U1.2,202601,0.0502555
v2,+3V3,ESP32-S3,U1.2,204735,0.0493366
v2,+3V3,ESP32-S3,U1.2,206891,0.0484251
v2,+3V3,ESP32-S3,U1.2,209070,0.0475208
v2,+3V3,ESP32-S3,U1.2,211271,0.0466233
v2,+3V3,ESP32-S3,U1.2,213496,0.0457324
v2,+3V3,ESP32-S3,U1.2,215745,0.0448478
v2,+3V3,ESP32-S3,U1.2,218017,0.0439691
v2,+3V3,ESP32-S3,U1.2,220312,0.0430962
v2,+3V3,ESP32-S3,U1.2,222633,0.0422285
v2,+3V3,ESP32-S3,U1.2,224977,0.041366
v2,+3V3,ESP32-S3,U1.2,227346,0.0405082
v2,+3V3,ESP32-S3,U1.2,229740,0.0396549
v2,+3V3,ESP32-S3,U1.2,232160,0.0388056
v2,+3V3,ESP32-S3,U1.2,234605,0.0379602
v2,+3V3,ESP32-S3,U1.2,237075,0.0371183
v2,+3V3,ESP32-S3,U1.2,239572,0.0362796
v2,+3V3,ESP32-S3,U1.2,242095,0.0354437
v2,+3V3,ESP32-S3,U1.2,244644,0.0346103
v2,+3V3,ESP32-S3,U1.2,247221,0.033779
v2,+3V3,ESP32-S3,U1.2,249824,0.0329496
v2,+3V3,ESP32-S3,U1.2,252455,0.0321216
v2,+3V3,ESP32-S3,U1.2,255113,0.0312948
v2,+3V3,ESP32-S3,U1.2,257800,0.0304687
v2,+3V3,ESP32-S3,U1.2,260515,0.0296429
v2,+3V3,ESP32-S3,U1.2,263258,0.0288172
v2,+3V3,ESP32-S3,U1.2,266031,0.0279912
v2,+3V3,ESP32-S3,U1.2,268832,0.0271644
v2,+3V3,ESP32-S3,U1.2,271663,0.0263366
v2,+3V3,ESP32-S3,U1.2,274524,0.0255073
v2,+3V3,ESP32-S3,U1.2,277415,0.0246764
v2,+3V3,ESP32-S3,U1.2,280337,0.0238434
v2,+3V3,ESP32-S3,U1.2,283289,0.0230081
v2,+3V3,ESP32-S3,U1.2,286272,0.0221704
v2,+3V3,ESP32-S3,U1.2,289287,0.0213301
v2,+3V3,ESP32-S3,U1.2,292333,0.0204873
v2,+3V3,ESP32-S3,U1.2,295412,0.0196422
v2,+3V3,ESP32-S3,U1.2,298523,0.0187951
v2,+3V3,ESP32-S3,U1.2,301666,0.0179468
v2,+3V3,ESP32-S3,U1.2,304843,0.0170985
v2,+3V3,ESP32-S3,U1.2,308053,0.0162519
v2,+3V3,ESP32-S3,U1.2,311297,0.0154096
v2,+3V3,ESP32-S3,U1.2,314576,0.0145752
v2,+3V3,ESP32-S3,U1.2,317888,0.0137542
v2,+3V3,ESP32-S3,U1.2,321236,0.0129539
v2,+3V3,ESP32-S3,U1.2,324619,0.0121848
v2,+3V3,ESP32-S3,U1.2,328038,0.0114612
v2,+3V3,ESP32-S3,U1.2,331492,0.0108028
v2,+3V3,ESP32-S3,U1.2,334983,0.0102355
v2,+3V3,ESP32-S3,U1.2,338511,0.00979201
v2,+3V3,ESP32-S3,U1.2,342075,0.00951066
v2,+3V3,ESP32-S3,U1.2,345678,0.00943181
v2,+3V3,ESP32-S3,U1.2,349318,0.00959142
v2,+3V3,ESP32-S3,U1.2,352997,0.0100143
v2,+3V3,ESP32-S3,U1.2,356714,0.0107107
v2,+3V3,ESP32-S3,U1.2,360471,0.0116785
v2,+3V3,ESP32-S3,U1.2,364267,0.0129091
v2,+3V3,ESP32-S3,U1.2,368103,0.0143931
v2,+3V3,ESP32-S3,U1.2,371979,0.0161247
v2,+3V3,ESP32-S3,U1.2,375896,0.0181038
v2,+3V3,ESP32-S3,U1.2,379855,0.0203362
v2,+3V3,ESP32-S3,U1.2,383855,0.0228334
v2,+3V3,ESP32-S3,U1.2,387898,0.025611
v2,+3V3,ESP32-S3,U1.2,391982,0.0286869
v2,+3V3,ESP32-S3,U1.2,396110,0.0320782
v2,+3V3,ESP32-S3,U1.2,400282,0.0357964
v2,+3V3,ESP32-S3,U1.2,404497,0.0398391
v2,+3V3,ESP32-S3,U1.2,408757,0.0441782
v2,+3V3,ESP32-S3,U1.2,413061,0.048744
v2,+3V3,ESP32-S3,U1.2,417411,0.0534061
v2,+3V3,ESP32-S3,U1.2,421807,0.0579578
v2,+3V3,ESP32-S3,U1.2,426249,0.0621161
v2,+3V3,ESP32-S3,U1.2,430738,0.0655529
v2,+3V3,ESP32-S3,U1.2,435274,0.0679623
v2,+3V3,ESP32-S3,U1.2,439858,0.0691472
v2,+3V3,ESP32-S3,U1.2,444490,0.0690799
v2,+3V3,ESP32-S3,U1.2,449171,0.0679017
v2,+3V3,ESP32-S3,U1.2,453901,0.0658636
v2,+3V3,ESP32-S3,U1.2,458681,0.0632482
v2,+3V3,ESP32-S3,U1.2,463511,0.060309
v2,+3V3,ESP32-S3,U1.2,468392,0.0572421
v2,+3V3,ESP32-S3,U1.2,473325,0.0541832
v2,+3V3,ESP32-S3,U1.2,478309,0.0512171
v2,+3V3,ESP32-S3,U1.2,483346,0.0483913
v2,+3V3,ESP32-S3,U1.2,488436,0.0457279
v2,+3V3,ESP32-S3,U1.2,493580,0.0432333
v2,+3V3,ESP32-S3,U1.2,498778,0.0409043
v2,+3V3,ESP32-S3,U1.2,504030,0.0387324
v2,+3V3,ESP32-S3,U1.2,509338,0.0367068
v2,+3V3,ESP32-S3,U1.2,514702,0.0348157
v2,+3V3,ESP32-S3,U1.2,520122,0.0330473
v2,+3V3,ESP32-S3,U1.2,525600,0.0313906
v2,+3V3,ESP32-S3,U1.2,531135,0.0298353
v2,+3V3,ESP32-S3,U1.2,536728,0.0283722
v2,+3V3,ESP32-S3,U1.2,542380,0.0269928
v2,+3V3,ESP32-S3,U1.2,548092,0.02569
v2,+3V3,ESP32-S3,U1.2,553864,0.0244571
v2,+3V3,ESP32-S3,U1.2,559697,0.0232886
v2,+3V3,ESP32-S3,U1.2,565591,0.0221795
v2,+3V3,ESP32-S3,U1.2,571547,0.0211256
v2,+3V3,ESP32-S3,U1.2,577566,0.0201234
v2,+3V3,ESP32-S3,U1.2,583648,0.0191699
v2,+3V3,ESP32-S3,U1.2,589794,0.0182626
v2,+3V3,ESP32-S3,U1.2,596005,0.0173997
v2,+3V3,ESP32-S3,U1.2,602282,0.0165798
v2,+3V3,ESP32-S3,U1.2,608624,0.0158018
v2,+3V3,ESP32-S3,U1.2,615034,0.0150656
v2,+3V3,ESP32-S3,U1.2,621511,0.0143709
v2,+3V3,ESP32-S3,U1.2,628056,0.0137185
v2,+3V3,ESP32-S3,U1.2,634670,0.0131093
v2,+3V3,ESP32-S3,U1.2,641353,0.0125447
v2,+3V3,ESP32-S3,U1.2,648107,0.0120267
v2,+3V3,ESP32-S3,U1.2,654933,0.0115574
v2,+3V3,ESP32-S3,U1.2,661830,0.0111396
v2,+3V3,ESP32-S3,U1.2,668799,0.010776
v2,+3V3,ESP32-S3,U1.2,675842,0.0104694
v2,+3V3,ESP32-S3,U1.2,682959,0.0102226
v2,+3V3,ESP32-S3,U1.2,690152,0.010038
v2,+3V3,ESP32-S3,U1.2,697419,0.00991718
v2,+3V3,ESP32-S3,U1.2,704764,0.00986136
v2,+3V3,ESP32-S3,U1.2,712186,0.00987065
v2,+3V3,ESP32-S3,U1.2,719686,0.00994428
v2,+3V3,ESP32-S3,U1.2,727265,0.0100806
v2,+3V3,ESP32-S3,U1.2,734923,0.0102772
v2,+3V3,ESP32-S3,U1.2,742663,0.010531
v2,+3V3,ESP32-S3,U1.2,750484,0.0108389
v2,+3V3,ESP32-S3,U1.2,758387,0.0111974
v2,+3V3,ESP32-S3,U1.2,766373,0.0116032
v2,+3V3,ESP32-S3,U1.2,774444,0.0120531
v2,+3V3,ESP32-S3,U1.2,782600,0.0125443
v2,+3V3,ESP32-S3,U1.2,790841,0.0130746
v2,+3V3,ESP32-S3,U1.2,799169,0.0136418
v2,+3V3,ESP32-S3,U1.2,807585,0.0142447
v2,+3V3,ESP32-S3,U1.2,816090,0.0148822
v2,+3V3,ESP32-S3,U1.2,824684,0.0155538
v2,+3V3,ESP32-S3,U1.2,833369,0.0162594
v2,+3V3,ESP32-S3,U1.2,842145,0.0169995
v2,+3V3,ESP32-S3,U1.2,851013,0.017775
v2,+3V3,ESP32-S3,U1.2,859975,0.0185873
v2,+3V3,ESP32-S3,U1.2,869031,0.0194383
v2,+3V3,ESP32-S3,U1.2,878183,0.0203304
v2,+3V3,ESP32-S3,U1.2,887431,0.0212665
v2,+3V3,ESP32-S3,U1.2,896777,0.0222501
v2,+3V3,ESP32-S3,U1.2,906220,0.023285
v2,+3V3,ESP32-S3,U1.2,915764,0.0243757
v2,+3V3,ESP32-S3,U1.2,925408,0.025527
v2,+3V3,ESP32-S3,U1.2,935153,0.0267435
v2,+3V3,ESP32-S3,U1.2,945001,0.0280297
v2,+3V3,ESP32-S3,U1.2,954953,0.0293885
v2,+3V3,ESP32-S3,U1.2,965009,0.0308202
v2,+3V3,ESP32-S3,U1.2,975171,0.0323193
v2,+3V3,ESP32-S3,U1.2,985441,0.0338708
v2,+3V3,ESP32-S3,U1.2,995818,0.0354435
v2,+3V3,ESP32-S3,U1.2,1.00631e+06,0.0369796
v2,+3V3,ESP32-S3,U1.2,1.0169e+06,0.0383832
v2,+3V3,ESP32-S3,U1.2,1.02761e+06,0.039507
v2,+3V3,ESP32-S3,U1.2,1.03843e+06,0.04015
v2,+3V3,ESP32-S3,U1.2,1.04937e+06,0.0400808
v2,+3V3,ESP32-S3,U1.2,1.06042e+06,0.039102
v2,+3V3,ESP32-S3,U1.2,1.07159e+06,0.0371453
v2,+3V3,ESP32-S3,U1.2,1.08287e+06,0.0343382
v2,+3V3,ESP32-S3,U1.2,1.09428e+06,0.030984
v2,+3V3,ESP32-S3,U1.2,1.1058e+06,0.0274589
v2,+3V3,ESP32-S3,U1.2,1.11744e+06,0.0241027
v2,+3V3,ESP32-S3,U1.2,1.12921e+06,0.021162
v2,+3V3,ESP32-S3,U1.2,1.1411e+06,0.0187861
v2,+3V3,ESP32-S3,U1.2,1.15312e+06,0.0170424
v2,+3V3,ESP32-S3,U1.2,1.16526e+06,0.0159316
v2,+3V3,ESP32-S3,U1.2,1.17753e+06,0.015397
v2,+3V3,ESP32-S3,U1.2,1.18993e+06,0.0153419
v2,+3V3,ESP32-S3,U1.2,1.20247e+06,0.0156534
v2,+3V3,ESP32-S3,U1.2,1.21513e+06,0.0162256
v2,+3V3,ESP32-S3,U1.2,1.22793e+06,0.016973
v2,+3V3,ESP32-S3,U1.2,1.24086e+06,0.0178323
v2,+3V3,ESP32-S3,U1.2,1.25392e+06,0.0187601
v2,+3V3,ESP32-S3,U1.2,1.26713e+06,0.0197273
v2,+3V3,ESP32-S3,U1.2,1.28047e+06,0.0207151
v2,+3V3,ESP32-S3,U1.2,1.29396e+06,0.0217118
v2,+3V3,ESP32-S3,U1.2,1.30758e+06,0.0227101
v2,+3V3,ESP32-S3,U1.2,1.32135e+06,0.0237058
v2,+3V3,ESP32-S3,U1.2,1.33527e+06,0.0246967
v2,+3V3,ESP32-S3,U1.2,1.34933e+06,0.0256819
v2,+3V3,ESP32-S3,U1.2,1.36354e+06,0.0266612
v2,+3V3,ESP32-S3,U1.2,1.3779e+06,0.0276349
v2,+3V3,ESP32-S3,U1.2,1.39241e+06,0.028604
v2,+3V3,ESP32-S3,U1.2,1.40707e+06,0.0295692
v2,+3V3,ESP32-S3,U1.2,1.42189e+06,0.0305317
v2,+3V3,ESP32-S3,U1.2,1.43686e+06,0.0314926
v2,+3V3,ESP32-S3,U1.2,1.452e+06,0.0324531
v2,+3V3,ESP32-S3,U1.2,1.46729e+06,0.0334144
v2,+3V3,ESP32-S3,U1.2,1.48274e+06,0.0343778
v2,+3V3,ESP32-S3,U1.2,1.49835e+06,0.0353443
v2,+3V3,ESP32-S3,U1.2,1.51413e+06,0.0363153
v2,+3V3,ESP32-S3,U1.2,1.53008e+06,0.0372921
v2,+3V3,ESP32-S3,U1.2,1.54619e+06,0.0382758
v2,+3V3,ESP32-S3,U1.2,1.56247e+06,0.0392678
v2,+3V3,ESP32-S3,U1.2,1.57893e+06,0.0402693
v2,+3V3,ESP32-S3,U1.2,1.59555e+06,0.0412817
v2,+3V3,ESP32-S3,U1.2,1.61236e+06,0.0423064
v2,+3V3,ESP32-S3,U1.2,1.62934e+06,0.0433449
v2,+3V3,ESP32-S3,U1.2,1.6465e+06,0.0443987
v2,+3V3,ESP32-S3,U1.2,1.66383e+06,0.0454694
v2,+3V3,ESP32-S3,U1.2,1.68136e+06,0.0465588
v2,+3V3,ESP32-S3,U1.2,1.69906e+06,0.0476688
v2,+3V3,ESP32-S3,U1.2,1.71695e+06,0.0488014
v2,+3V3,ESP32-S3,U1.2,1.73504e+06,0.0499589
v2,+3V3,ESP32-S3,U1.2,1.75331e+06,0.0511436
v2,+3V3,ESP32-S3,U1.2,1.77177e+06,0.0523583
v2,+3V3,ESP32-S3,U1.2,1.79043e+06,0.053606
v2,+3V3,ESP32-S3,U1.2,1.80928e+06,0.0548902
v2,+3V3,ESP32-S3,U1.2,1.82834e+06,0.0562144
v2,+3V3,ESP32-S3,U1.2,1.84759e+06,0.0575832
v2,+3V3,ESP32-S3,U1.2,1.86705e+06,0.0590015
v2,+3V3,ESP32-S3,U1.2,1.88671e+06,0.0604748
v2,+3V3,ESP32-S3,U1.2,1.90658e+06,0.0620098
v2,+3V3,ESP32-S3,U1.2,1.92666e+06,0.0636141
v2,+3V3,ESP32-S3,U1.2,1.94695e+06,0.0652967
v2,+3V3,ESP32-S3,U1.2,1.96745e+06,0.0670683
v2,+3V3,ESP32-S3,U1.2,1.98817e+06,0.0689416
v2,+3V3,ESP32-S3,U1.2,2.00911e+06,0.0709319
v2,+3V3,ESP32-S3,U1.2,2.03026e+06,0.0730579
v2,+3V3,ESP32-S3,U1.2,2.05164e+06,0.0753425
v2,+3V3,ESP32-S3,U1.2,2.07325e+06,0.0778143
v2,+3V3,ESP32-S3,U1.2,2.09508e+06,0.0805091
v2,+3V3,ESP32-S3,U1.2,2.11715e+06,0.0834729
v2,+3V3,ESP32-S3,U1.2,2.13944e+06,0.0867649
v2,+3V3,ESP32-S3,U1.2,2.16197e+06,0.0904631
v2,+3V3,ESP32-S3,U1.2,2.18474e+06,0.0946719
v2,+3V3,ESP32-S3,U1.2,2.20775e+06,0.099533
v2,+3V3,ESP32-S3,U1.2,2.231e+06,0.105243
v2,+3V3,ESP32-S3,U1.2,2.25449e+06,0.112079
v2,+3V3,ESP32-S3,U1.2,2.27823e+06,0.120432
v2,+3V3,ESP32-S3,U1.2,2.30222e+06,0.130847
v2,+3V3,ESP32-S3,U1.2,2.32647e+06,0.144012
v2,+3V3,ESP32-S3,U1.2,2.35097e+06,0.160455
v2,+3V3,ESP32-S3,U1.2,2.37573e+06,0.178935
v2,+3V3,ESP32-S3,U1.2,2.40074e+06,0.191208
v2,+3V3,ESP32-S3,U1.2,2.42603e+06,0.178514
v2,+3V3,ESP32-S3,U1.2,2.45157e+06,0.137807
v2,+3V3,ESP32-S3,U1.2,2.47739e+06,0.0940435
v2,+3V3,ESP32-S3,U1.2,2.50348e+06,0.0614995
v2,+3V3,ESP32-S3,U1.2,2.52984e+06,0.0405838
v2,+3V3,ESP32-S3,U1.2,2.55649e+06,0.0294788
v2,+3V3,ESP32-S3,U1.2,2.58341e+06,0.0265581
v2,+3V3,ESP32-S3,U1.2,2.61061e+06,0.028725
v2,+3V3,ESP32-S3,U1.2,2.63811e+06,0.0328317
v2,+3V3,ESP32-S3,U1.2,2.66589e+06,0.0373221
v2,+3V3,ESP32-S3,U1.2,2.69396e+06,0.0416646
v2,+3V3,ESP32-S3,U1.2,2.72233e+06,0.0457187
v2,+3V3,ESP32-S3,U1.2,2.751e+06,0.0494739
v2,+3V3,ESP32-S3,U1.2,2.77997e+06,0.0529597
v2,+3V3,ESP32-S3,U1.2,2.80925e+06,0.0562147
v2,+3V3,ESP32-S3,U1.2,2.83883e+06,0.0592764
v2,+3V3,ESP32-S3,U1.2,2.86872e+06,0.0621777
v2,+3V3,ESP32-S3,U1.2,2.89893e+06,0.0649469
v2,+3V3,ESP32-S3,U1.2,2.92946e+06,0.0676078
v2,+3V3,ESP32-S3,U1.2,2.96031e+06,0.0701807
v2,+3V3,ESP32-S3,U1.2,2.99149e+06,0.0726826
v2,+3V3,ESP32-S3,U1.2,3.02299e+06,0.075128
v2,+3V3,ESP32-S3,U1.2,3.05483e+06,0.0775293
v2,+3V3,ESP32-S3,U1.2,3.087e+06,0.0798974
v2,+3V3,ESP32-S3,U1.2,3.1195e+06,0.0822417
v2,+3V3,ESP32-S3,U1.2,3.15236e+06,0.0845706
v2,+3V3,ESP32-S3,U1.2,3.18555e+06,0.0868915
v2,+3V3,ESP32-S3,U1.2,3.2191e+06,0.0892111
v2,+3V3,ESP32-S3,U1.2,3.253e+06,0.0915358
v2,+3V3,ESP32-S3,U1.2,3.28726e+06,0.0938712
v2,+3V3,ESP32-S3,U1.2,3.32187e+06,0.0962228
v2,+3V3,ESP32-S3,U1.2,3.35686e+06,0.0985955
v2,+3V3,ESP32-S3,U1.2,3.39221e+06,0.100994
v2,+3V3,ESP32-S3,U1.2,3.42793e+06,0.103424
v2,+3V3,ESP32-S3,U1.2,3.46403e+06,0.10589
v2,+3V3,ESP32-S3,U1.2,3.50051e+06,0.108395
v2,+3V3,ESP32-S3,U1.2,3.53737e+06,0.110946
v2,+3V3,ESP32-S3,U1.2,3.57462e+06,0.113546
v2,+3V3,ESP32-S3,U1.2,3.61227e+06,0.1162
v2,+3V3,ESP32-S3,U1.2,3.65031e+06,0.118914
v2,+3V3,ESP32-S3,U1.2,3.68875e+06,0.121693
v2,+3V3,ESP32-S3,U1.2,3.72759e+06,0.124541
v2,+3V3,ESP32-S3,U1.2,3.76685e+06,0.127464
v2,+3V3,ESP32-S3,U1.2,3.80652e+06,0.130469
v2,+3V3,ESP32-S3,U1.2,3.8466e+06,0.133562
v2,+3V3,ESP32-S3,U1.2,3.88711e+06,0.136748
v2,+3V3,ESP32-S3,U1.2,3.92805e+06,0.140036
v2,+3V3,ESP32-S3,U1.2,3.96941e+06,0.143433
v2,+3V3,ESP32-S3,U1.2,4.01121e+06,0.146947
v2,+3V3,ESP32-S3,U1.2,4.05345e+06,0.150588
v2,+3V3,ESP32-S3,U1.2,4.09614e+06,0.154364
v2,+3V3,ESP32-S3,U1.2,4.13928e+06,0.158286
v2,+3V3,ESP32-S3,U1.2,4.18287e+06,0.162366
v2,+3V3,ESP32-S3,U1.2,4.22692e+06,0.166617
v2,+3V3,ESP32-S3,U1.2,4.27143e+06,0.171051
v2,+3V3,ESP32-S3,U1.2,4.31641e+06,0.175685
v2,+3V3,ESP32-S3,U1.2,4.36187e+06,0.180536
v2,+3V3,ESP32-S3,U1.2,4.4078e+06,0.18562
v2,+3V3,ESP32-S3,U1.2,4.45422e+06,0.190961
v2,+3V3,ESP32-S3,U1.2,4.50113e+06,0.196579
v2,+3V3,ESP32-S3,U1.2,4.54853e+06,0.202502
v2,+3V3,ESP32-S3,U1.2,4.59643e+06,0.208758
v2,+3V3,ESP32-S3,U1.2,4.64483e+06,0.21538
v2,+3V3,ESP32-S3,U1.2,4.69375e+06,0.222404
v2,+3V3,ESP32-S3,U1.2,4.74318e+06,0.229873
v2,+3V3,ESP32-S3,U1.2,4.79312e+06,0.237833
v2,+3V3,ESP32-S3,U1.2,4.8436e+06,0.246339
v2,+3V3,ESP32-S3,U1.2,4.89461e+06,0.255452
v2,+3V3,ESP32-S3,U1.2,4.94615e+06,0.265245
v2,+3V3,ESP32-S3,U1.2,4.99824e+06,0.2758
v2,+3V3,ESP32-S3,U1.2,5.05088e+06,0.287213
v2,+3V3,ESP32-S3,U1.2,5.10407e+06,0.299595
v2,+3V3,ESP32-S3,U1.2,5.15782e+06,0.313076
v2,+3V3,ESP32-S3,U1.2,5.21213e+06,0.32781
v2,+3V3,ESP32-S3,U1.2,5.26702e+06,0.343978
v2,+3V3,ESP32-S3,U1.2,5.32249e+06,0.361791
v2,+3V3,ESP32-S3,U1.2,5.37854e+06,0.381502
v2,+3V3,ESP32-S3,U1.2,5.43518e+06,0.403407
v2,+3V3,ESP32-S3,U1.2,5.49242e+06,0.427856
v2,+3V3,ESP32-S3,U1.2,5.55026e+06,0.455257
v2,+3V3,ESP32-S3,U1.2,5.60871e+06,0.486076
v2,+3V3,ESP32-S3,U1.2,5.66777e+06,0.520828
v2,+3V3,ESP32-S3,U1.2,5.72746e+06,0.560043
v2,+3V3,ESP32-S3,U1.2,5.78777e+06,0.604186
v2,+3V3,ESP32-S3,U1.2,5.84872e+06,0.653487
v2,+3V3,ESP32-S3,U1.2,5.91031e+06,0.707617
v2,+3V3,ESP32-S3,U1.2,5.97255e+06,0.765139
v2,+3V3,ESP32-S3,U1.2,6.03545e+06,0.822718
v2,+3V3,ESP32-S3,U1.2,6.09901e+06,0.874362
v2,+3V3,ESP32-S3,U1.2,6.16324e+06,0.91154
v2,+3V3,ESP32-S3,U1.2,6.22814e+06,0.92537
v2,+3V3,ESP32-S3,U1.2,6.29373e+06,0.910824
v2,+3V3,ESP32-S3,U1.2,6.36001e+06,0.869934
v2,+3V3,ESP32-S3,U1.2,6.42698e+06,0.810711
v2,+3V3,ESP32-S3,U1.2,6.49467e+06,0.742839
v2,+3V3,ESP32-S3,U1.2,6.56306e+06,0.674057
v2,+3V3,ESP32-S3,U1.2,6.63218e+06,0.609036
v2,+3V3,ESP32-S3,U1.2,6.70202e+06,0.549918
v2,+3V3,ESP32-S3,U1.2,6.7726e+06,0.497268
v2,+3V3,ESP32-S3,U1.2,6.84392e+06,0.450831
v2,+3V3,ESP32-S3,U1.2,6.91599e+06,0.410005
v2,+3V3,ESP32-S3,U1.2,6.98882e+06,0.374089
v2,+3V3,ESP32-S3,U1.2,7.06242e+06,0.342404
v2,+3V3,ESP32-S3,U1.2,7.13679e+06,0.314338
v2,+3V3,ESP32-S3,U1.2,7.21195e+06,0.289363
v2,+3V3,ESP32-S3,U1.2,7.2879e+06,0.267031
v2,+3V3,ESP32-S3,U1.2,7.36465e+06,0.246963
v2,+3V3,ESP32-S3,U1.2,7.4422e+06,0.228845
v2,+3V3,ESP32-S3,U1.2,7.52058e+06,0.21241
v2,+3V3,ESP32-S3,U1.2,7.59977e+06,0.197438
v2,+3V3,ESP32-S3,U1.2,7.67981e+06,0.183742
v2,+3V3,ESP32-S3,U1.2,7.76068e+06,0.171164
v2,+3V3,ESP32-S3,U1.2,7.84241e+06,0.159571
v2,+3V3,ESP32-S3,U1.2,7.925e+06,0.14885
v2,+3V3,ESP32-S3,U1.2,8.00845e+06,0.138905
v2,+3V3,ESP32-S3,U1.2,8.09279e+06,0.129653
v2,+3V3,ESP32-S3,U1.2,8.17801e+06,0.121022
v2,+3V3,ESP32-S3,U1.2,8.26414e+06,0.112953
v2,+3V3,ESP32-S3,U1.2,8.35116e+06,0.105392
v2,+3V3,ESP32-S3,U1.2,8.43911e+06,0.0982954
v2,+3V3,ESP32-S3,U1.2,8.52798e+06,0.0916243
v2,+3V3,ESP32-S3,U1.2,8.61779e+06,0.0853459
v2,+3V3,ESP32-S3,U1.2,8.70854e+06,0.0794327
v2,+3V3,ESP32-S3,U1.2,8.80025e+06,0.0738618
v2,+3V3,ESP32-S3,U1.2,8.89292e+06,0.0686149
v2,+3V3,ESP32-S3,U1.2,8.98657e+06,0.0636781
v2,+3V3,ESP32-S3,U1.2,9.08121e+06,0.0590418
v2,+3V3,ESP32-S3,U1.2,9.17684e+06,0.0547008
v2,+3V3,ESP32-S3,U1.2,9.27348e+06,0.0506548
v2,+3V3,ESP32-S3,U1.2,9.37114e+06,0.0469084
v2,+3V3,ESP32-S3,U1.2,9.46983e+06,0.0434718
v2,+3V3,ESP32-S3,U1.2,9.56955e+06,0.0403605
v2,+3V3,ESP32-S3,U1.2,9.67033e+06,0.0375955
v2,+3V3,ESP32-S3,U1.2,9.77217e+06,0.0352024
v2,+3V3,ESP32-S3,U1.2,9.87508e+06,0.0332093
v2,+3V3,ESP32-S3,U1.2,9.97907e+06,0.0316432
v2,+3V3,ESP32-S3,U1.2,1.00842e+07,0.0305256
v2,+3V3,ESP32-S3,U1.2,1.01904e+07,0.0298665
v2,+3V3,ESP32-S3,U1.2,1.02977e+07,0.0296608
v2,+3V3,ESP32-S3,U1.2,1.04061e+07,0.0298863
v2,+3V3,ESP32-S3,U1.2,1.05157e+07,0.0305058
v2,+3V3,ESP32-S3,U1.2,1.06264e+07,0.0314726
v2,+3V3,ESP32-S3,U1.2,1.07383e+07,0.0327356
v2,+3V3,ESP32-S3,U1.2,1.08514e+07,0.0342448
v2,+3V3,ESP32-S3,U1.2,1.09657e+07,0.0359547
v2,+3V3,ESP32-S3,U1.2,1.10812e+07,0.0378256
v2,+3V3,ESP32-S3,U1.2,1.11979e+07,0.0398245
v2,+3V3,ESP32-S3,U1.2,1.13158e+07,0.0419242
v2,+3V3,ESP32-S3,U1.2,1.1435e+07,0.044103
v2,+3V3,ESP32-S3,U1.2,1.15554e+07,0.0463433
v2,+3V3,ESP32-S3,U1.2,1.16771e+07,0.0486313
v2,+3V3,ESP32-S3,U1.2,1.18e+07,0.0509563
v2,+3V3,ESP32-S3,U1.2,1.19243e+07,0.0533095
v2,+3V3,ESP32-S3,U1.2,1.20499e+07,0.0556844
v2,+3V3,ESP32-S3,U1.2,1.21768e+07,0.0580756
v2,+3V3,ESP32-S3,U1.2,1.2305e+07,0.060479
v2,+3V3,ESP32-S3,U1.2,1.24346e+07,0.0628914
v2,+3V3,ESP32-S3,U1.2,1.25655e+07,0.0653104
v2,+3V3,ESP32-S3,U1.2,1.26979e+07,0.0677342
v2,+3V3,ESP32-S3,U1.2,1.28316e+07,0.0701613
v2,+3V3,ESP32-S3,U1.2,1.29667e+07,0.0725906
v2,+3V3,ESP32-S3,U1.2,1.31033e+07,0.0750216
v2,+3V3,ESP32-S3,U1.2,1.32413e+07,0.0774536
v2,+3V3,ESP32-S3,U1.2,1.33807e+07,0.0798865
v2,+3V3,ESP32-S3,U1.2,1.35216e+07,0.08232
v2,+3V3,ESP32-S3,U1.2,1.3664e+07,0.0847541
v2,+3V3,ESP32-S3,U1.2,1.38079e+07,0.0871891
v2,+3V3,ESP32-S3,U1.2,1.39533e+07,0.0896249
v2,+3V3,ESP32-S3,U1.2,1.41002e+07,0.092062
v2,+3V3,ESP32-S3,U1.2,1.42487e+07,0.0945006
v2,+3V3,ESP32-S3,U1.2,1.43988e+07,0.096941
v2,+3V3,ESP32-S3,U1.2,1.45504e+07,0.0993836
v2,+3V3,ESP32-S3,U1.2,1.47036e+07,0.101829
v2,+3V3,ESP32-S3,U1.2,1.48585e+07,0.104277
v2,+3V3,ESP32-S3,U1.2,1.5015e+07,0.106729
v2,+3V3,ESP32-S3,U1.2,1.51731e+07,0.109185
v2,+3V3,ESP32-S3,U1.2,1.53329e+07,0.111645
v2,+3V3,ESP32-S3,U1.2,1.54943e+07,0.11411
v2,+3V3,ESP32-S3,U1.2,1.56575e+07,0.116581
v2,+3V3,ESP32-S3,U1.2,1.58224e+07,0.119057
v2,+3V3,ESP32-S3,U1.2,1.5989e+07,0.12154
v2,+3V3,ESP32-S3,U1.2,1.61574e+07,0.124029
v2,+3V3,ESP32-S3,U1.2,1.63275e+07,0.126526
v2,+3V3,ESP32-S3,U1.2,1.64995e+07,0.129031
v2,+3V3,ESP32-S3,U1.2,1.66732e+07,0.131544
v2,+3V3,ESP32-S3,U1.2,1.68488e+07,0.134065
v2,+3V3,ESP32-S3,U1.2,1.70263e+07,0.136596
v2,+3V3,ESP32-S3,U1.2,1.72056e+07,0.139137
v2,+3V3,ESP32-S3,U1.2,1.73867e+07,0.141688
v2,+3V3,ESP32-S3,U1.2,1.75698e+07,0.144249
v2,+3V3,ESP32-S3,U1.2,1.77549e+07,0.146821
v2,+3V3,ESP32-S3,U1.2,1.79418e+07,0.149405
v2,+3V3,ESP32-S3,U1.2,1.81308e+07,0.152001
v2,+3V3,ESP32-S3,U1.2,1.83217e+07,0.15461
v2,+3V3,ESP32-S3,U1.2,1.85147e+07,0.157231
v2,+3V3,ESP32-S3,U1.2,1.87096e+07,0.159866
v2,+3V3,ESP32-S3,U1.2,1.89067e+07,0.162514
v2,+3V3,ESP32-S3,U1.2,1.91058e+07,0.165177
v2,+3V3,ESP32-S3,U1.2,1.9307e+07,0.167855
v2,+3V3,ESP32-S3,U1.2,1.95103e+07,0.170547
v2,+3V3,ESP32-S3,U1.2,1.97158e+07,0.173255
v2,+3V3,ESP32-S3,U1.2,1.99234e+07,0.175979
v2,+3V3,ESP32-S3,U1.2,2.01332e+07,0.178719
v2,+3V3,ESP32-S3,U1.2,2.03452e+07,0.181477
v2,+3V3,ESP32-S3,U1.2,2.05595e+07,0.184251
v2,+3V3,ESP32-S3,U1.2,2.0776e+07,0.187043
v2,+3V3,ESP32-S3,U1.2,2.09948e+07,0.189853
v2,+3V3,ESP32-S3,U1.2,2.12159e+07,0.192682
v2,+3V3,ESP32-S3,U1.2,2.14393e+07,0.19553
v2,+3V3,ESP32-S3,U1.2,2.16651e+07,0.198396
v2,+3V3,ESP32-S3,U1.2,2.18932e+07,0.201283
v2,+3V3,ESP32-S3,U1.2,2.21238e+07,0.20419
v2,+3V3,ESP32-S3,U1.2,2.23567e+07,0.207117
v2,+3V3,ESP32-S3,U1.2,2.25922e+07,0.210066
v2,+3V3,ESP32-S3,U1.2,2.28301e+07,0.213036
v2,+3V3,ESP32-S3,U1.2,2.30705e+07,0.216028
v2,+3V3,ESP32-S3,U1.2,2.33135e+07,0.219042
v2,+3V3,ESP32-S3,U1.2,2.3559e+07,0.222078
v2,+3V3,ESP32-S3,U1.2,2.38071e+07,0.225138
v2,+3V3,ESP32-S3,U1.2,2.40578e+07,0.228221
v2,+3V3,ESP32-S3,U1.2,2.43111e+07,0.231329
v2,+3V3,ESP32-S3,U1.2,2.45672e+07,0.23446
v2,+3V3,ESP32-S3,U1.2,2.48259e+07,0.237617
v2,+3V3,ESP32-S3,U1.2,2.50873e+07,0.240798
v2,+3V3,ESP32-S3,U1.2,2.53515e+07,0.244005
v2,+3V3,ESP32-S3,U1.2,2.56185e+07,0.247239
v2,+3V3,ESP32-S3,U1.2,2.58883e+07,0.250499
v2,+3V3,ESP32-S3,U1.2,2.61609e+07,0.253785
v2,+3V3,ESP32-S3,U1.2,2.64364e+07,0.257099
v2,+3V3,ESP32-S3,U1.2,2.67148e+07,0.260441
v2,+3V3,ESP32-S3,U1.2,2.69961e+07,0.263812
v2,+3V3,ESP32-S3,U1.2,2.72804e+07,0.26721
v2,+3V3,ESP32-S3,U1.2,2.75677e+07,0.270638
v2,+3V3,ESP32-S3,U1.2,2.7858e+07,0.274096
v2,+3V3,ESP32-S3,U1.2,2.81514e+07,0.277583
v2,+3V3,ESP32-S3,U1.2,2.84478e+07,0.281102
v2,+3V3,ESP32-S3,U1.2,2.87474e+07,0.284651
v2,+3V3,ESP32-S3,U1.2,2.90501e+07,0.288231
v2,+3V3,ESP32-S3,U1.2,2.93561e+07,0.291843
v2,+3V3,ESP32-S3,U1.2,2.96652e+07,0.295488
v2,+3V3,ESP32-S3,U1.2,2.99776e+07,0.299165
v2,+3V3,ESP32-S3,U1.2,3.02933e+07,0.302876
v2,+3V3,ESP32-S3,U1.2,3.06123e+07,0.30662
v2,+3V3,ESP32-S3,U1.2,3.09347e+07,0.310398
v2,+3V3,ESP32-S3,U1.2,3.12605e+07,0.314212
v2,+3V3,ESP32-S3,U1.2,3.15897e+07,0.31806
v2,+3V3,ESP32-S3,U1.2,3.19223e+07,0.321944
v2,+3V3,ESP32-S3,U1.2,3.22585e+07,0.325865
v2,+3V3,ESP32-S3,U1.2,3.25982e+07,0.329822
v2,+3V3,ESP32-S3,U1.2,3.29415e+07,0.333816
v2,+3V3,ESP32-S3,U1.2,3.32884e+07,0.337848
v2,+3V3,ESP32-S3,U1.2,3.3639e+07,0.341918
v2,+3V3,ESP32-S3,U1.2,3.39932e+07,0.346027
v2,+3V3,ESP32-S3,U1.2,3.43512e+07,0.350176
v2,+3V3,ESP32-S3,U1.2,3.47129e+07,0.354364
v2,+3V3,ESP32-S3,U1.2,3.50785e+07,0.358592
v2,+3V3,ESP32-S3,U1.2,3.54479e+07,0.362862
v2,+3V3,ESP32-S3,U1.2,3.58212e+07,0.367172
v2,+3V3,ESP32-S3,U1.2,3.61984e+07,0.371525
v2,+3V3,ESP32-S3,U1.2,3.65796e+07,0.375921
v2,+3V3,ESP32-S3,U1.2,3.69648e+07,0.38036
v2,+3V3,ESP32-S3,U1.2,3.73541e+07,0.384842
v2,+3V3,ESP32-S3,U1.2,3.77475e+07,0.389369
v2,+3V3,ESP32-S3,U1.2,3.8145e+07,0.393941
v2,+3V3,ESP32-S3,U1.2,3.85467e+07,0.398558
v2,+3V3,ESP32-S3,U1.2,3.89526e+07,0.403221
v2,+3V3,ESP32-S3,U1.2,3.93628e+07,0.407931
v2,+3V3,ESP32-S3,U1.2,3.97774e+07,0.412689
v2,+3V3,ESP32-S3,U1.2,4.01963e+07,0.417494
v2,+3V3,ESP32-S3,U1.2,4.06196e+07,0.422349
v2,+3V3,ESP32-S3,U1.2,4.10473e+07,0.427252
v2,+3V3,ESP32-S3,U1.2,4.14796e+07,0.432205
v2,+3V3,ESP32-S3,U1.2,4.19164e+07,0.437209
v2,+3V3,ESP32-S3,U1.2,4.23578e+07,0.442265
v2,+3V3,ESP32-S3,U1.2,4.28039e+07,0.447372
v2,+3V3,ESP32-S3,U1.2,4.32546e+07,0.452532
v2,+3V3,ESP32-S3,U1.2,4.37102e+07,0.457745
v2,+3V3,ESP32-S3,U1.2,4.41705e+07,0.463013
v2,+3V3,ESP32-S3,U1.2,4.46356e+07,0.468335
v2,+3V3,ESP32-S3,U1.2,4.51057e+07,0.473712
v2,+3V3,ESP32-S3,U1.2,4.55807e+07,0.479146
v2,+3V3,ESP32-S3,U1.2,4.60607e+07,0.484637
v2,+3V3,ESP32-S3,U1.2,4.65457e+07,0.490186
v2,+3V3,ESP32-S3,U1.2,4.70359e+07,0.495793
v2,+3V3,ESP32-S3,U1.2,4.75312e+07,0.50146
v2,+3V3,ESP32-S3,U1.2,4.80318e+07,0.507186
v2,+3V3,ESP32-S3,U1.2,4.85376e+07,0.512974
v2,+3V3,ESP32-S3,U1.2,4.90487e+07,0.518823
v2,+3V3,ESP32-S3,U1.2,4.95653e+07,0.524735
v2,+3V3,ESP32-S3,U1.2,5.00872e+07,0.530711
v2,+3V3,ESP32-S3,U1.2,5.06147e+07,0.53675
v2,+3V3,ESP32-S3,U1.2,5.11477e+07,0.542855
v2,+3V3,ESP32-S3,U1.2,5.16863e+07,0.549026
v2,+3V3,ESP32-S3,U1.2,5.22306e+07,0.555264
v2,+3V3,ESP32-S3,U1.2,5.27807e+07,0.56157
v2,+3V3,ESP32-S3,U1.2,5.33365e+07,0.567944
v2,+3V3,ESP32-S3,U1.2,5.38982e+07,0.574388
v2,+3V3,ESP32-S3,U1.2,5.44658e+07,0.580903
v2,+3V3,ESP32-S3,U1.2,5.50394e+07,0.58749
v2,+3V3,ESP32-S3,U1.2,5.5619e+07,0.594149
v2,+3V3,ESP32-S3,U1.2,5.62047e+07,0.600882
v2,+3V3,ESP32-S3,U1.2,5.67966e+07,0.60769
v2,+3V3,ESP32-S3,U1.2,5.73947e+07,0.614573
v2,+3V3,ESP32-S3,U1.2,5.79991e+07,0.621533
v2,+3V3,ESP32-S3,U1.2,5.86099e+07,0.628572
v2,+3V3,ESP32-S3,U1.2,5.92271e+07,0.635689
v2,+3V3,ESP32-S3,U1.2,5.98508e+07,0.642886
v2,+3V3,ESP32-S3,U1.2,6.04811e+07,0.650164
v2,+3V3,ESP32-S3,U1.2,6.1118e+07,0.657525
v2,+3V3,ESP32-S3,U1.2,6.17616e+07,0.66497
v2,+3V3,ESP32-S3,U1.2,6.2412e+07,0.672499
v2,+3V3,ESP32-S3,U1.2,6.30693e+07,0.680114
v2,+3V3,ESP32-S3,U1.2,6.37335e+07,0.687817
v2,+3V3,ESP32-S3,U1.2,6.44046e+07,0.695608
v2,+3V3,ESP32-S3,U1.2,6.50829e+07,0.703489
v2,+3V3,ESP32-S3,U1.2,6.57683e+07,0.711461
v2,+3V3,ESP32-S3,U1.2,6.64609e+07,0.719525
v2,+3V3,ESP32-S3,U1.2,6.71608e+07,0.727684
v2,+3V3,ESP32-S3,U1.2,6.7868e+07,0.735937
v2,+3V3,ESP32-S3,U1.2,6.85827e+07,0.744287
v2,+3V3,ESP32-S3,U1.2,6.9305e+07,0.752736
v2,+3V3,ESP32-S3,U1.2,7.00348e+07,0.761284
v2,+3V3,ESP32-S3,U1.2,7.07723e+07,0.769933
v2,+3V3,ESP32-S3,U1.2,7.15176e+07,0.778685
v2,+3V3,ESP32-S3,U1.2,7.22708e+07,0.787541
v2,+3V3,ESP32-S3,U1.2,7.30318e+07,0.796503
v2,+3V3,ESP32-S3,U1.2,7.38009e+07,0.805573
v2,+3V3,ESP32-S3,U1.2,7.45781e+07,0.814752
v2,+3V3,ESP32-S3,U1.2,7.53635e+07,0.824041
v2,+3V3,ESP32-S3,U1.2,7.61571e+07,0.833444
v2,+3V3,ESP32-S3,U1.2,7.69591e+07,0.84296
v2,+3V3,ESP32-S3,U1.2,7.77696e+07,0.852593
v2,+3V3,ESP32-S3,U1.2,7.85886e+07,0.862345
v2,+3V3,ESP32-S3,U1.2,7.94162e+07,0.872216
v2,+3V3,ESP32-S3,U1.2,8.02525e+07,0.882209
v2,+3V3,ESP32-S3,U1.2,8.10976e+07,0.892326
v2,+3V3,ESP32-S3,U1.2,8.19517e+07,0.902569
v2,+3V3,ESP32-S3,U1.2,8.28147e+07,0.912941
v2,+3V3,ESP32-S3,U1.2,8.36868e+07,0.923442
v2,+3V3,ESP32-S3,U1.2,8.45681e+07,0.934076
v2,+3V3,ESP32-S3,U1.2,8.54587e+07,0.944845
v2,+3V3,ESP32-S3,U1.2,8.63586e+07,0.95575
v2,+3V3,ESP32-S3,U1.2,8.72681e+07,0.966795
v2,+3V3,ESP32-S3,U1.2,8.81871e+07,0.977982
v2,+3V3,ESP32-S3,U1.2,8.91158e+07,0.989313
v2,+3V3,ESP32-S3,U1.2,9.00542e+07,1.00079
v2,+3V3,ESP32-S3,U1.2,9.10026e+07,1.01242
v2,+3V3,ESP32-S3,U1.2,9.19609e+07,1.0242
v2,+3V3,ESP32-S3,U1.2,9.29293e+07,1.03613
v2,+3V3,ESP32-S3,U1.2,9.3908e+07,1.04822
v2,+3V3,ESP32-S3,U1.2,9.48969e+07,1.06047
v2,+3V3,ESP32-S3,U1.2,9.58963e+07,1.07289
v2,+3V3,ESP32-S3,U1.2,9.69061e+07,1.08547
v2,+3V3,ESP32-S3,U1.2,9.79266e+07,1.09822
v2,+3V3,ESP32-S3,U1.2,9.89579e+07,1.11114
v2,+3V3,ESP32-S3,U1.2,1e+08,1.12424
v2,+3V3,Ra-02,U3.3,1000,0.200077
v2,+3V3,Ra-02,U3.3,1010.53,0.200079
v2,+3V3,Ra-02,U3.3,1021.17,0.200081
v2,+3V3,Ra-02,U3.3,1031.93,0.200083
v2,+3V3,Ra-02,U3.3,1042.79,0.200084
v2,+3V3,Ra-02,U3.3,1053.78,0.200086
v2,+3V3,Ra-02,U3.3,1064.87,0.200088
v2,+3V3,Ra-02,U3.3,1076.09,0.20009
v2,+3V3,Ra-02,U3.3,1087.42,0.200092
v2,+3V3,Ra-02,U3.3,1098.87,0.200094
v2,+3V3,Ra-02,U3.3,1110.44,0.200096
v2,+3V3,Ra-02,U3.3,1122.14,0.200098
v2,+3V3,Ra-02,U3.3,1133.95,0.2001
v2,+3V3,Ra-02,U3.3,1145.89,0.200102
v2,+3V3,Ra-02,U3.3,1157.96,0.200104
v2,+3V3,Ra-02,U3.3,1170.16,0.200106
v2,+3V3,Ra-02,U3.3,1182.48,0.200108
v2,+3V3,Ra-02,U3.3,1194.93,0.200111
v2,+3V3,Ra-02,U3.3,1207.52,0.200113
v2,+3V3,Ra-02,U3.3,1220.23,0.200115
v2,+3V3,Ra-02,U3.3,1233.08,0.200118
v2,+3V3,Ra-02,U3.3,1246.07,0.20012
v2,+3V3,Ra-02,U3.3,1259.19,0.200123
v2,+3V3,Ra-02,U3.3,1272.45,0.200125
v2,+3V3,Ra-02,U3.3,1285.85,0.200128
v2,+3V3,Ra-02,U3.3,1299.39,0.200131
v2,+3V3,Ra-02,U3.3,1313.07,0.200134
v2,+3V3,Ra-02,U3.3,1326.9,0.200136
v2,+3V3,Ra-02,U3.3,1340.88,0.200139
v2,+3V3,Ra-02,U3.3,1355,0.200142
v2,+3V3,Ra-02,U3.3,1369.27,0.200145
v2,+3V3,Ra-02,U3.3,1383.69,0.200148
v2,+3V3,Ra-02,U3.3,1398.26,0.200151
v2,+3V3,Ra-02,U3.3,1412.98,0.200155
v2,+3V3,Ra-02,U3.3,1427.86,0.200158
v2,+3V3,Ra-02,U3.3,1442.9,0.200161
v2,+3V3,Ra-02,U3.3,1458.09,0.200165
v2,+3V3,Ra-02,U3.3,1473.45,0.200168
v2,+3V3,Ra-02,U3.3,1488.96,0.200172
v2,+3V3,Ra-02,U3.3,1504.64,0.200175
v2,+3V3,Ra-02,U3.3,1520.49,0.200179
v2,+3V3,Ra-02,U3.3,1536.5,0.200183
v2,+3V3,Ra-02,U3.3,1552.68,0.200187
v2,+3V3,Ra-02,U3.3,1569.03,0.200191
v2,+3V3,Ra-02,U3.3,1585.56,0.200195
v2,+3V3,Ra-02,U3.3,1602.25,0.200199
v2,+3V3,Ra-02,U3.3,1619.13,0.200203
v2,+3V3,Ra-02,U3.3,1636.18,0.200207
v2,+3V3,Ra-02,U3.3,1653.41,0.200212
v2,+3V3,Ra-02,U3.3,1670.82,0.200216
v2,+3V3,Ra-02,U3.3,1688.42,0.200221
v2,+3V3,Ra-02,U3.3,1706.2,0.200226
v2,+3V3,Ra-02,U3.3,1724.16,0.20023
v2,+3V3,Ra-02,U3.3,1742.32,0.200235
v2,+3V3,Ra-02,U3.3,1760.67,0.20024
v2,+3V3,Ra-02,U3.3,1779.21,0.200245
v2,+3V3,Ra-02,U3.3,1797.95,0.200251
v2,+3V3,Ra-02,U3.3,1816.88,0.200256
v2,+3V3,Ra-02,U3.3,1836.02,0.200261
v2,+3V3,Ra-02,U3.3,1855.35,0.200267
v2,+3V3,Ra-02,U3.3,1874.89,0.200272
v2,+3V3,Ra-02,U3.3,1894.63,0.200278
v2,+3V3,Ra-02,U3.3,1914.58,0.200284
v2,+3V3,Ra-02,U3.3,1934.75,0.20029
v2,+3V3,Ra-02,U3.3,1955.12,0.200296
v2,+3V3,Ra-02,U3.3,1975.71,0.200302
v2,+3V3,Ra-02,U3.3,1996.52,0.200309
v2,+3V3,Ra-02,U3.3,2017.54,0.200315
v2,+3V3,Ra-02,U3.3,2038.79,0.200322
v2,+3V3,Ra-02,U3.3,2060.26,0.200329
v2,+3V3,Ra-02,U3.3,2081.95,0.200336
v2,+3V3,Ra-02,U3.3,2103.88,0.200343
v2,+3V3,Ra-02,U3.3,2126.04,0.20035
v2,+3V3,Ra-02,U3.3,2148.42,0.200358
v2,+3V3,Ra-02,U3.3,2171.05,0.200365
v2,+3V3,Ra-02,U3.3,2193.91,0.200373
v2,+3V3,Ra-02,U3.3,2217.02,0.200381
v2,+3V3,Ra-02,U3.3,2240.36,0.200389
v2,+3V3,Ra-02,U3.3,2263.96,0.200397
v2,+3V3,Ra-02,U3.3,2287.8,0.200406
v2,+3V3,Ra-02,U3.3,2311.89,0.200414
v2,+3V3,Ra-02,U3.3,2336.24,0.200423
v2,+3V3,Ra-02,U3.3,2360.84,0.200432
v2,+3V3,Ra-02,U3.3,2385.7,0.200441
v2,+3V3,Ra-02,U3.3,2410.82,0.20045
v2,+3V3,Ra-02,U3.3,2436.21,0.20046
v2,+3V3,Ra-02,U3.3,2461.87,0.20047
v2,+3V3,Ra-02,U3.3,2487.79,0.20048
v2,+3V3,Ra-02,U3.3,2513.99,0.20049
v2,+3V3,Ra-02,U3.3,2540.47,0.2005
v2,+3V3,Ra-02,U3.3,2567.22,0.200511
v2,+3V3,Ra-02,U3.3,2594.26,0.200522
v2,+3V3,Ra-02,U3.3,2621.58,0.200533
v2,+3V3,Ra-02,U3.3,2649.18,0.200544
v2,+3V3,Ra-02,U3.3,2677.08,0.200555
v2,+3V3,Ra-02,U3.3,2705.27,0.200567
v2,+3V3,Ra-02,U3.3,2733.76,0.200579
v2,+3V3,Ra-02,U3.3,2762.55,0.200592
v2,+3V3,Ra-02,U3.3,2791.64,0.200604
v2,+3V3,Ra-02,U3.3,2821.04,0.200617
v2,+3V3,Ra-02,U3.3,2850.75,0.20063
v2,+3V3,Ra-02,U3.3,2880.77,0.200643
v2,+3V3,Ra-02,U3.3,2911.11,0.200657
v2,+3V3,Ra-02,U3.3,2941.76,0.200671
v2,+3V3,Ra-02,U3.3,2972.74,0.200685
v2,+3V3,Ra-02,U3.3,3004.05,0.200699
v2,+3V3,Ra-02,U3.3,3035.68,0.200714
v2,+3V3,Ra-02,U3.3,3067.65,0.200729
v2,+3V3,Ra-02,U3.3,3099.96,0.200745
v2,+3V3,Ra-02,U3.3,3132.6,0.200761
v2,+3V3,Ra-02,U3.3,3165.59,0.200777
v2,+3V3,Ra-02,U3.3,3198.93,0.200793
v2,+3V3,Ra-02,U3.3,3232.62,0.20081
v2,+3V3,Ra-02,U3.3,3266.66,0.200827
v2,+3V3,Ra-02,U3.3,3301.06,0.200845
v2,+3V3,Ra-02,U3.3,3335.82,0.200863
v2,+3V3,Ra-02,U3.3,3370.95,0.200881
v2,+3V3,Ra-02,U3.3,3406.45,0.2009
v2,+3V3,Ra-02,U3.3,3442.32,0.200919
v2,+3V3,Ra-02,U3.3,3478.57,0.200938
v2,+3V3,Ra-02,U3.3,3515.21,0.200958
v2,+3V3,Ra-02,U3.3,3552.22,0.200978
v2,+3V3,Ra-02,U3.3,3589.63,0.200999
v2,+3V3,Ra-02,U3.3,3627.43,0.20102
v2,+3V3,Ra-02,U3.3,3665.64,0.201042
v2,+3V3,Ra-02,U3.3,3704.24,0.201064
v2,+3V3,Ra-02,U3.3,3743.25,0.201086
v2,+3V3,Ra-02,U3.3,3782.67,0.201109
v2,+3V3,Ra-02,U3.3,3822.5,0.201133
v2,+3V3,Ra-02,U3.3,3862.76,0.201157
v2,+3V3,Ra-02,U3.3,3903.43,0.201181
v2,+3V3,Ra-02,U3.3,3944.54,0.201206
v2,+3V3,Ra-02,U3.3,3986.08,0.201232
v2,+3V3,Ra-02,U3.3,4028.06,0.201258
v2,+3V3,Ra-02,U3.3,4070.48,0.201285
v2,+3V3,Ra-02,U3.3,4113.34,0.201312
v2,+3V3,Ra-02,U3.3,4156.66,0.20134
v2,+3V3,Ra-02,U3.3,4200.43,0.201368
v2,+3V3,Ra-02,U3.3,4244.67,0.201397
v2,+3V3,Ra-02,U3.3,4289.37,0.201427
v2,+3V3,Ra-02,U3.3,4334.54,0.201457
v2,+3V3,Ra-02,U3.3,4380.18,0.201488
v2,+3V3,Ra-02,U3.3,4426.31,0.201519
v2,+3V3,Ra-02,U3.3,4472.92,0.201552
v2,+3V3,Ra-02,U3.3,4520.03,0.201584
v2,+3V3,Ra-02,U3.3,4567.63,0.201618
v2,+3V3,Ra-02,U3.3,4615.73,0.201652
v2,+3V3,Ra-02,U3.3,4664.34,0.201687
v2,+3V3,Ra-02,U3.3,4713.46,0.201723
v2,+3V3,Ra-02,U3.3,4763.09,0.20176
v2,+3V3,Ra-02,U3.3,4813.25,0.201797
v2,+3V3,Ra-02,U3.3,4863.94,0.201835
v2,+3V3,Ra-02,U3.3,4915.16,0.201874
v2,+3V3,Ra-02,U3.3,4966.92,0.201914
v2,+3V3,Ra-02,U3.3,5019.23,0.201954
v2,+3V3,Ra-02,U3.3,5072.09,0.201996
v2,+3V3,Ra-02,U3.3,5125.5,0.202038
v2,+3V3,Ra-02,U3.3,5179.47,0.202081
v2,+3V3,Ra-02,U3.3,5234.02,0.202125
v2,+3V3,Ra-02,U3.3,5289.14,0.20217
v2,+3V3,Ra-02,U3.3,5344.84,0.202216
v2,+3V3,Ra-02,U3.3,5401.12,0.202263
v2,+3V3,Ra-02,U3.3,5458,0.202311
v2,+3V3,Ra-02,U3.3,5515.48,0.20236
v2,+3V3,Ra-02,U3.3,5573.56,0.20241
v2,+3V3,Ra-02,U3.3,5632.26,0.202461
v2,+3V3,Ra-02,U3.3,5691.57,0.202513
v2,+3V3,Ra-02,U3.3,5751.51,0.202567
v2,+3V3,Ra-02,U3.3,5812.08,0.202621
v2,+3V3,Ra-02,U3.3,5873.28,0.202677
v2,+3V3,Ra-02,U3.3,5935.13,0.202733
v2,+3V3,Ra-02,U3.3,5997.63,0.202791
v2,+3V3,Ra-02,U3.3,6060.79,0.202851
v2,+3V3,Ra-02,U3.3,6124.62,0.202911
v2,+3V3,Ra-02,U3.3,6189.12,0.202973
v2,+3V3,Ra-02,U3.3,6254.29,0.203036
v2,+3V3,Ra-02,U3.3,6320.16,0.2031
v2,+3V3,Ra-02,U3.3,6386.71,0.203166
v2,+3V3,Ra-02,U3.3,6453.97,0.203233
v2,+3V3,Ra-02,U3.3,6521.94,0.203302
v2,+3V3,Ra-02,U3.3,6590.62,0.203372
v2,+3V3,Ra-02,U3.3,6660.03,0.203443
v2,+3V3,Ra-02,U3.3,6730.16,0.203516
v2,+3V3,Ra-02,U3.3,6801.04,0.203591
v2,+3V3,Ra-02,U3.3,6872.66,0.203667
v2,+3V3,Ra-02,U3.3,6945.03,0.203745
v2,+3V3,Ra-02,U3.3,7018.17,0.203824
v2,+3V3,Ra-02,U3.3,7092.08,0.203905
v2,+3V3,Ra-02,U3.3,7166.76,0.203988
v2,+3V3,Ra-02,U3.3,7242.23,0.204073
v2,+3V3,Ra-02,U3.3,7318.5,0.204159
v2,+3V3,Ra-02,U3.3,7395.57,0.204248
v2,+3V3,Ra-02,U3.3,7473.45,0.204338
v2,+3V3,Ra-02,U3.3,7552.16,0.20443
v2,+3V3,Ra-02,U3.3,7631.69,0.204524
v2,+3V3,Ra-02,U3.3,7712.06,0.20462
v2,+3V3,Ra-02,U3.3,7793.27,0.204718
v2,+3V3,Ra-02,U3.3,7875.34,0.204818
v2,+3V3,Ra-02,U3.3,7958.27,0.20492
v2,+3V3,Ra-02,U3.3,8042.08,0.205025
v2,+3V3,Ra-02,U3.3,8126.77,0.205131
v2,+3V3,Ra-02,U3.3,8212.35,0.20524
v2,+3V3,Ra-02,U3.3,8298.84,0.205352
v2,+3V3,Ra-02,U3.3,8386.23,0.205465
v2,+3V3,Ra-02,U3.3,8474.55,0.205581
v2,+3V3,Ra-02,U3.3,8563.79,0.2057
v2,+3V3,Ra-02,U3.3,8653.98,0.205821
v2,+3V3,Ra-02,U3.3,8745.11,0.205944
v2,+3V3,Ra-02,U3.3,8837.2,0.206071
v2,+3V3,Ra-02,U3.3,8930.27,0.2062
v2,+3V3,Ra-02,U3.3,9024.31,0.206331
v2,+3V3,Ra-02,U3.3,9119.34,0.206466
v2,+3V3,Ra-02,U3.3,9215.38,0.206603
v2,+3V3,Ra-02,U3.3,9312.42,0.206743
v2,+3V3,Ra-02,U3.3,9410.49,0.206886
v2,+3V3,Ra-02,U3.3,9509.59,0.207033
v2,+3V3,Ra-02,U3.3,9609.74,0.207182
v2,+3V3,Ra-02,U3.3,9710.94,0.207335
v2,+3V3,Ra-02,U3.3,9813.2,0.207491
v2,+3V3,Ra-02,U3.3,9916.54,0.20765
v2,+3V3,Ra-02,U3.3,10021,0.207812
v2,+3V3,Ra-02,U3.3,10126.5,0.207978
v2,+3V3,Ra-02,U3.3,10233.1,0.208148
v2,+3V3,Ra-02,U3.3,10340.9,0.208321
v2,+3V3,Ra-02,U3.3,10449.8,0.208498
v2,+3V3,Ra-02,U3.3,10559.9,0.208679
v2,+3V3,Ra-02,U3.3,10671.1,0.208863
v2,+3V3,Ra-02,U3.3,10783.4,0.209052
v2,+3V3,Ra-02,U3.3,10897,0.209244
v2,+3V3,Ra-02,U3.3,11011.7,0.209441
v2,+3V3,Ra-02,U3.3,11127.7,0.209641
v2,+3V3,Ra-02,U3.3,11244.9,0.209846
v2,+3V3,Ra-02,U3.3,11363.3,0.210056
v2,+3V3,Ra-02,U3.3,11483,0.21027
v2,+3V3,Ra-02,U3.3,11603.9,0.210488
v2,+3V3,Ra-02,U3.3,11726.1,0.210711
v2,+3V3,Ra-02,U3.3,11849.6,0.210939
v2,+3V3,Ra-02,U3.3,11974.4,0.211172
v2,+3V3,Ra-02,U3.3,12100.5,0.211409
v2,+3V3,Ra-02,U3.3,12227.9,0.211652
v2,+3V3,Ra-02,U3.3,12356.7,0.2119
v2,+3V3,Ra-02,U3.3,12486.8,0.212153
v2,+3V3,Ra-02,U3.3,12618.3,0.212412
v2,+3V3,Ra-02,U3.3,12751.2,0.212676
v2,+3V3,Ra-02,U3.3,12885.5,0.212946
v2,+3V3,Ra-02,U3.3,13021.2,0.213221
v2,+3V3,Ra-02,U3.3,13158.3,0.213503
v2,+3V3,Ra-02,U3.3,13296.9,0.21379
v2,+3V3,Ra-02,U3.3,13436.9,0.214083
v2,+3V3,Ra-02,U3.3,13578.4,0.214383
v2,+3V3,Ra-02,U3.3,13721.4,0.214689
v2,+3V3,Ra-02,U3.3,13865.9,0.215002
v2,+3V3,Ra-02,U3.3,14011.9,0.215322
v2,+3V3,Ra-02,U3.3,14159.5,0.215648
v2,+3V3,Ra-02,U3.3,14308.6,0.215981
v2,+3V3,Ra-02,U3.3,14459.2,0.216321
v2,+3V3,Ra-02,U3.3,14611.5,0.216669
v2,+3V3,Ra-02,U3.3,14765.4,0.217024
v2,+3V3,Ra-02,U3.3,14920.9,0.217386
v2,+3V3,Ra-02,U3.3,15078,0.217756
v2,+3V3,Ra-02,U3.3,15236.8,0.218134
v2,+3V3,Ra-02,U3.3,15397.2,0.218521
v2,+3V3,Ra-02,U3.3,15559.4,0.218915
v2,+3V3,Ra-02,U3.3,15723.2,0.219318
v2,+3V3,Ra-02,U3.3,15888.8,0.219729
v2,+3V3,Ra-02,U3.3,16056.2,0.220149
v2,+3V3,Ra-02,U3.3,16225.2,0.220578
v2,+3V3,Ra-02,U3.3,16396.1,0.221016
v2,+3V3,Ra-02,U3.3,16568.8,0.221464
v2,+3V3,Ra-02,U3.3,16743.3,0.221921
v2,+3V3,Ra-02,U3.3,16919.6,0.222387
v2,+3V3,Ra-02,U3.3,17097.8,0.222864
v2,+3V3,Ra-02,U3.3,17277.8,0.223351
v2,+3V3,Ra-02,U3.3,17459.8,0.223848
v2,+3V3,Ra-02,U3.3,17643.6,0.224355
v2,+3V3,Ra-02,U3.3,17829.4,0.224873
v2,+3V3,Ra-02,U3.3,18017.2,0.225403
v2,+3V3,Ra-02,U3.3,18206.9,0.225943
v2,+3V3,Ra-02,U3.3,18398.7,0.226495
v2,+3V3,Ra-02,U3.3,18592.4,0.227058
v2,+3V3,Ra-02,U3.3,18788.2,0.227634
v2,+3V3,Ra-02,U3.3,18986.1,0.228221
v2,+3V3,Ra-02,U3.3,19186,0.228821
v2,+3V3,Ra-02,U3.3,19388,0.229433
v2,+3V3,Ra-02,U3.3,19592.2,0.230058
v2,+3V3,Ra-02,U3.3,19798.5,0.230696
v2,+3V3,Ra-02,U3.3,20007,0.231348
v2,+3V3,Ra-02,U3.3,20217.7,0.232013
v2,+3V3,Ra-02,U3.3,20430.6,0.232692
v2,+3V3,Ra-02,U3.3,20645.8,0.233385
v2,+3V3,Ra-02,U3.3,20863.2,0.234093
v2,+3V3,Ra-02,U3.3,21082.9,0.234815
v2,+3V3,Ra-02,U3.3,21304.9,0.235552
v2,+3V3,Ra-02,U3.3,21529.3,0.236304
v2,+3V3,Ra-02,U3.3,21756,0.237072
v2,+3V3,Ra-02,U3.3,21985.1,0.237856
v2,+3V3,Ra-02,U3.3,22216.7,0.238655
v2,+3V3,Ra-02,U3.3,22450.6,0.239471
v2,+3V3,Ra-02,U3.3,22687,0.240303
v2,+3V3,Ra-02,U3.3,22926,0.241152
v2,+3V3,Ra-02,U3.3,23167.4,0.242018
v2,+3V3,Ra-02,U3.3,23411.4,0.242902
v2,+3V3,Ra-02,U3.3,23657.9,0.243803
v2,+3V3,Ra-02,U3.3,23907,0.244722
v2,+3V3,Ra-02,U3.3,24158.8,0.245659
v2,+3V3,Ra-02,U3.3,24413.2,0.246615
v2,+3V3,Ra-02,U3.3,24670.3,0.247589
v2,+3V3,Ra-02,U3.3,24930.1,0.248582
v2,+3V3,Ra-02,U3.3,25192.7,0.249594
v2,+3V3,Ra-02,U3.3,25458,0.250626
v2,+3V3,Ra-02,U3.3,25726,0.251677
v2,+3V3,Ra-02,U3.3,25997,0.252748
v2,+3V3,Ra-02,U3.3,26270.7,0.253839
v2,+3V3,Ra-02,U3.3,26547.4,0.25495
v2,+3V3,Ra-02,U3.3,26827,0.256082
v2,+3V3,Ra-02,U3.3,27109.5,0.257234
v2,+3V3,Ra-02,U3.3,27395,0.258406
v2,+3V3,Ra-02,U3.3,27683.4,0.259599
v2,+3V3,Ra-02,U3.3,27975,0.260813
v2,+3V3,Ra-02,U3.3,28269.6,0.262048
v2,+3V3,Ra-02,U3.3,28567.3,0.263303
v2,+3V3,Ra-02,U3.3,28868.1,0.26458
v2,+3V3,Ra-02,U3.3,29172.1,0.265877
v2,+3V3,Ra-02,U3.3,29479.3,0.267194
v2,+3V3,Ra-02,U3.3,29789.8,0.268532
v2,+3V3,Ra-02,U3.3,30103.5,0.269891
v2,+3V3,Ra-02,U3.3,30420.5,0.271269
v2,+3V3,Ra-02,U3.3,30740.9,0.272668
v2,+3V3,Ra-02,U3.3,31064.6,0.274085
v2,+3V3,Ra-02,U3.3,31391.7,0.275522
v2,+3V3,Ra-02,U3.3,31722.3,0.276977
v2,+3V3,Ra-02,U3.3,32056.4,0.27845
v2,+3V3,Ra-02,U3.3,32394,0.27994
v2,+3V3,Ra-02,U3.3,32735.1,0.281446
v2,+3V3,Ra-02,U3.3,33079.8,0.282968
v2,+3V3,Ra-02,U3.3,33428.2,0.284504
v2,+3V3,Ra-02,U3.3,33780.2,0.286055
v2,+3V3,Ra-02,U3.3,34136,0.287617
v2,+3V3,Ra-02,U3.3,34495.4,0.28919
v2,+3V3,Ra-02,U3.3,34858.7,0.290773
v2,+3V3,Ra-02,U3.3,35225.8,0.292364
v2,+3V3,Ra-02,U3.3,35596.8,0.293961
v2,+3V3,Ra-02,U3.3,35971.6,0.295563
v2,+3V3,Ra-02,U3.3,36350.4,0.297167
v2,+3V3,Ra-02,U3.3,36733.2,0.29877
v2,+3V3,Ra-02,U3.3,37120.1,0.300371
v2,+3V3,Ra-02,U3.3,37511,0.301967
v2,+3V3,Ra-02,U3.3,37906,0.303555
v2,+3V3,Ra-02,U3.3,38305.2,0.305132
v2,+3V3,Ra-02,U3.3,38708.6,0.306695
v2,+3V3,Ra-02,U3.3,39116.2,0.308241
v2,+3V3,Ra-02,U3.3,39528.1,0.309765
v2,+3V3,Ra-02,U3.3,39944.4,0.311264
v2,+3V3,Ra-02,U3.3,40365,0.312733
v2,+3V3,Ra-02,U3.3,40790.1,0.314169
v2,+3V3,Ra-02,U3.3,41219.7,0.315567
v2,+3V3,Ra-02,U3.3,41653.8,0.316923
v2,+3V3,Ra-02,U3.3,42092.4,0.31823
v2,+3V3,Ra-02,U3.3,42535.7,0.319485
v2,+3V3,Ra-02,U3.3,42983.6,0.320681
v2,+3V3,Ra-02,U3.3,43436.3,0.321814
v2,+3V3,Ra-02,U3.3,43893.7,0.322878
v2,+3V3,Ra-02,U3.3,44355.9,0.323867
v2,+3V3,Ra-02,U3.3,44823,0.324776
v2,+3V3,Ra-02,U3.3,45295.1,0.325599
v2,+3V3,Ra-02,U3.3,45772.1,0.326329
v2,+3V3,Ra-02,U3.3,46254.1,0.326962
v2,+3V3,Ra-02,U3.3,46741.2,0.327492
v2,+3V3,Ra-02,U3.3,47233.4,0.327912
v2,+3V3,Ra-02,U3.3,47730.8,0.328219
v2,+3V3,Ra-02,U3.3,48233.5,0.328406
v2,+3V3,Ra-02,U3.3,48741.4,0.328469
v2,+3V3,Ra-02,U3.3,49254.7,0.328403
v2,+3V3,Ra-02,U3.3,49773.4,0.328204
v2,+3V3,Ra-02,U3.3,50297.6,0.327868
v2,+3V3,Ra-02,U3.3,50827.2,0.327393
v2,+3V3,Ra-02,U3.3,51362.5,0.326775
v2,+3V3,Ra-02,U3.3,51903.4,0.326012
v2,+3V3,Ra-02,U3.3,52450,0.325103
v2,+3V3,Ra-02,U3.3,53002.3,0.324046
v2,+3V3,Ra-02,U3.3,53560.5,0.322841
v2,+3V3,Ra-02,U3.3,54124.5,0.321489
v2,+3V3,Ra-02,U3.3,54694.5,0.319991
v2,+3V3,Ra-02,U3.3,55270.5,0.318347
v2,+3V3,Ra-02,U3.3,55852.5,0.316561
v2,+3V3,Ra-02,U3.3,56440.7,0.314635
v2,+3V3,Ra-02,U3.3,57035.1,0.312572
v2,+3V3,Ra-02,U3.3,57635.7,0.310378
v2,+3V3,Ra-02,U3.3,58242.7,0.308056
v2,+3V3,Ra-02,U3.3,58856,0.305612
v2,+3V3,Ra-02,U3.3,59475.8,0.30305
v2,+3V3,Ra-02,U3.3,60102.1,0.300378
v2,+3V3,Ra-02,U3.3,60735.1,0.297601
v2,+3V3,Ra-02,U3.3,61374.7,0.294726
v2,+3V3,Ra-02,U3.3,62021,0.29176
v2,+3V3,Ra-02,U3.3,62674.1,0.288709
v2,+3V3,Ra-02,U3.3,63334.1,0.285581
v2,+3V3,Ra-02,U3.3,64001.1,0.282383
v2,+3V3,Ra-02,U3.3,64675.1,0.279121
v2,+3V3,Ra-02,U3.3,65356.2,0.275804
v2,+3V3,Ra-02,U3.3,66044.4,0.272437
v2,+3V3,Ra-02,U3.3,66739.9,0.269028
v2,+3V3,Ra-02,U3.3,67442.8,0.265583
v2,+3V3,Ra-02,U3.3,68153,0.262108
v2,+3V3,Ra-02,U3.3,68870.7,0.258611
v2,+3V3,Ra-02,U3.3,69596,0.255096
v2,+3V3,Ra-02,U3.3,70328.9,0.25157
v2,+3V3,Ra-02,U3.3,71069.5,0.248038
v2,+3V3,Ra-02,U3.3,71817.9,0.244504
v2,+3V3,Ra-02,U3.3,72574.2,0.240974
v2,+3V3,Ra-02,U3.3,73338.5,0.237452
v2,+3V3,Ra-02,U3.3,74110.8,0.233943
v2,+3V3,Ra-02,U3.3,74891.3,0.23045
v2,+3V3,Ra-02,U3.3,75680,0.226976
v2,+3V3,Ra-02,U3.3,76476.9,0.223525
v2,+3V3,Ra-02,U3.3,77282.3,0.2201
v2,+3V3,Ra-02,U3.3,78096.2,0.216704
v2,+3V3,Ra-02,U3.3,78918.6,0.213339
v2,+3V3,Ra-02,U3.3,79749.7,0.210007
v2,+3V3,Ra-02,U3.3,80589.5,0.20671
v2,+3V3,Ra-02,U3.3,81438.2,0.20345
v2,+3V3,Ra-02,U3.3,82295.8,0.200228
v2,+3V3,Ra-02,U3.3,83162.4,0.197046
v2,+3V3,Ra-02,U3.3,84038.2,0.193905
v2,+3V3,Ra-02,U3.3,84923.2,0.190805
v2,+3V3,Ra-02,U3.3,85817.5,0.187748
v2,+3V3,Ra-02,U3.3,86721.3,0.184734
v2,+3V3,Ra-02,U3.3,87634.5,0.181763
v2,+3V3,Ra-02,U3.3,88557.4,0.178836
v2,+3V3,Ra-02,U3.3,89490,0.175953
v2,+3V3,Ra-02,U3.3,90432.4,0.173114
v2,+3V3,Ra-02,U3.3,91384.7,0.17032
v2,+3V3,Ra-02,U3.3,92347.1,0.167569
v2,+3V3,Ra-02,U3.3,93319.6,0.164863
v2,+3V3,Ra-02,U3.3,94302.3,0.1622
v2,+3V3,Ra-02,U3.3,95295.4,0.15958
v2,+3V3,Ra-02,U3.3,96298.9,0.157003
v2,+3V3,Ra-02,U3.3,97313,0.15447
v2,+3V3,Ra-02,U3.3,98337.8,0.151978
v2,+3V3,Ra-02,U3.3,99373.4,0.149528
v2,+3V3,Ra-02,U3.3,100420,0.147119
v2,+3V3,Ra-02,U3.3,101477,0.14475
v2,+3V3,Ra-02,U3.3,102546,0.142422
v2,+3V3,Ra-02,U3.3,103626,0.140133
v2,+3V3,Ra-02,U3.3,104717,0.137882
v2,+3V3,Ra-02,U3.3,105820,0.13567
v2,+3V3,Ra-02,U3.3,106934,0.133495
v2,+3V3,Ra-02,U3.3,108060,0.131357
v2,+3V3,Ra-02,U3.3,109198,0.129254
v2,+3V3,Ra-02,U3.3,110348,0.127187
v2,+3V3,Ra-02,U3.3,111510,0.125155
v2,+3V3,Ra-02,U3.3,112685,0.123157
v2,+3V3,Ra-02,U3.3,113871,0.121192
v2,+3V3,Ra-02,U3.3,115071,0.11926
v2,+3V3,Ra-02,U3.3,116282,0.11736
v2,+3V3,Ra-02,U3.3,117507,0.11549
v2,+3V3,Ra-02,U3.3,118744,0.113652
v2,+3V3,Ra-02,U3.3,119995,0.111843
v2,+3V3,Ra-02,U3.3,121259,0.110063
v2,+3V3,Ra-02,U3.3,122536,0.108312
v2,+3V3,Ra-02,U3.3,123826,0.106589
v2,+3V3,Ra-02,U3.3,125130,0.104893
v2,+3V3,Ra-02,U3.3,126448,0.103224
v2,+3V3,Ra-02,U3.3,127779,0.101581
v2,+3V3,Ra-02,U3.3,129125,0.0999631
v2,+3V3,Ra-02,U3.3,130485,0.0983699
v2,+3V3,Ra-02,U3.3,131859,0.096801
v2,+3V3,Ra-02,U3.3,133247,0.0952556
v2,+3V3,Ra-02,U3.3,134651,0.0937331
v2,+3V3,Ra-02,U3.3,136069,0.0922331
v2,+3V3,Ra-02,U3.3,137502,0.090755
v2,+3V3,Ra-02,U3.3,138950,0.0892981
v2,+3V3,Ra-02,U3.3,140413,0.087862
v2,+3V3,Ra-02,U3.3,141891,0.0864462
v2,+3V3,Ra-02,U3.3,143386,0.08505
v2,+3V3,Ra-02,U3.3,144896,0.083673
v2,+3V3,Ra-02,U3.3,146422,0.0823147
v2,+3V3,Ra-02,U3.3,147964,0.0809745
v2,+3V3,Ra-02,U3.3,149522,0.0796521
v2,+3V3,Ra-02,U3.3,151096,0.0783468
v2,+3V3,Ra-02,U3.3,152687,0.0770583
v2,+3V3,Ra-02,U3.3,154295,0.075786
v2,+3V3,Ra-02,U3.3,155920,0.0745295
v2,+3V3,Ra-02,U3.3,157562,0.0732883
v2,+3V3,Ra-02,U3.3,159222,0.072062
v2,+3V3,Ra-02,U3.3,160898,0.0708501
v2,+3V3,Ra-02,U3.3,162593,0.0696523
v2,+3V3,Ra-02,U3.3,164305,0.068468
v2,+3V3,Ra-02,U3.3,166035,0.0672969
v2,+3V3,Ra-02,U3.3,167784,0.0661385
v2,+3V3,Ra-02,U3.3,169551,0.0649924
v2,+3V3,Ra-02,U3.3,171336,0.0638582
v2,+3V3,Ra-02,U3.3,173140,0.0627355
v2,+3V3,Ra-02,U3.3,174964,0.0616239
v2,+3V3,Ra-02,U3.3,176806,0.060523
v2,+3V3,Ra-02,U3.3,178668,0.0594323
v2,+3V3,Ra-02,U3.3,180550,0.0583515
v2,+3V3,Ra-02,U3.3,182451,0.0572802
v2,+3V3,Ra-02,U3.3,184372,0.0562179
v2,+3V3,Ra-02,U3.3,186314,0.0551643
v2,+3V3,Ra-02,U3.3,188276,0.054119
v2,+3V3,Ra-02,U3.3,190259,0.0530816
v2,+3V3,Ra-02,U3.3,192262,0.0520517
v2,+3V3,Ra-02,U3.3,194287,0.0510289
v2,+3V3,Ra-02,U3.3,196333,0.0500128
v2,+3V3,Ra-02,U3.3,198401,0.0490029
v2,+3V3,Ra-02,U3.3,200490,0.0479989
v2,+3V3,Ra-02,U3.3,202601,0.0470004
v2,+3V3,Ra-02,U3.3,204735,0.046007
v2,+3V3,Ra-02,U3.3,206891,0.0450181
v2,+3V3,Ra-02,U3.3,209070,0.0440334
v2,+3V3,Ra-02,U3.3,211271,0.0430525
v2,+3V3,Ra-02,U3.3,213496,0.042075
v2,+3V3,Ra-02,U3.3,215745,0.0411003
v2,+3V3,Ra-02,U3.3,218017,0.040128
v2,+3V3,Ra-02,U3.3,220312,0.0391576
v2,+3V3,Ra-02,U3.3,222633,0.0381888
v2,+3V3,Ra-02,U3.3,224977,0.0372209
v2,+3V3,Ra-02,U3.3,227346,0.0362536
v2,+3V3,Ra-02,U3.3,229740,0.0352862
v2,+3V3,Ra-02,U3.3,232160,0.0343184
v2,+3V3,Ra-02,U3.3,234605,0.0333495
v2,+3V3,Ra-02,U3.3,237075,0.0323791
v2,+3V3,Ra-02,U3.3,239572,0.0314067
v2,+3V3,Ra-02,U3.3,242095,0.0304316
v2,+3V3,Ra-02,U3.3,244644,0.0294535
v2,+3V3,Ra-02,U3.3,247221,0.0284717
v2,+3V3,Ra-02,U3.3,249824,0.0274859
v2,+3V3,Ra-02,U3.3,252455,0.0264955
v2,+3V3,Ra-02,U3.3,255113,0.0255003
v2,+3V3,Ra-02,U3.3,257800,0.0244997
v2,+3V3,Ra-02,U3.3,260515,0.0234938
v2,+3V3,Ra-02,U3.3,263258,0.0224823
v2,+3V3,Ra-02,U3.3,266031,0.0214656
v2,+3V3,Ra-02,U3.3,268832,0.0204441
v2,+3V3,Ra-02,U3.3,271663,0.0194187
v2,+3V3,Ra-02,U3.3,274524,0.0183911
v2,+3V3,Ra-02,U3.3,277415,0.0173636
v2,+3V3,Ra-02,U3.3,280337,0.01634
v2,+3V3,Ra-02,U3.3,283289,0.0153258
v2,+3V3,Ra-02,U3.3,286272,0.0143289
v2,+3V3,Ra-02,U3.3,289287,0.0133609
v2,+3V3,Ra-02,U3.3,292333,0.0124384
v2,+3V3,Ra-02,U3.3,295412,0.0115848
v2,+3V3,Ra-02,U3.3,298523,0.0108324
v2,+3V3,Ra-02,U3.3,301666,0.0102239
v2,+3V3,Ra-02,U3.3,304843,0.00981139
v2,+3V3,Ra-02,U3.3,308053,0.00965069
v2,+3V3,Ra-02,U3.3,311297,0.00979054
v2,+3V3,Ra-02,U3.3,314576,0.0102603
v2,+3V3,Ra-02,U3.3,317888,0.0110644
v2,+3V3,Ra-02,U3.3,321236,0.0121881
v2,+3V3,Ra-02,U3.3,324619,0.0136079
v2,+3V3,Ra-02,U3.3,328038,0.0153023
v2,+3V3,Ra-02,U3.3,331492,0.0172565
v2,+3V3,Ra-02,U3.3,334983,0.0194647
v2,+3V3,Ra-02,U3.3,338511,0.0219296
v2,+3V3,Ra-02,U3.3,342075,0.0246624
v2,+3V3,Ra-02,U3.3,345678,0.0276821
v2,+3V3,Ra-02,U3.3,349318,0.0310148
v2,+3V3,Ra-02,U3.3,352997,0.0346943
v2,+3V3,Ra-02,U3.3,356714,0.0387615
v2,+3V3,Ra-02,U3.3,360471,0.0432647
v2,+3V3,Ra-02,U3.3,364267,0.048259
v2,+3V3,Ra-02,U3.3,368103,0.0538045
v2,+3V3,Ra-02,U3.3,371979,0.0599622
v2,+3V3,Ra-02,U3.3,375896,0.0667866
v2,+3V3,Ra-02,U3.3,379855,0.0743113
v2,+3V3,Ra-02,U3.3,383855,0.0825253
v2,+3V3,Ra-02,U3.3,387898,0.0913354
v2,+3V3,Ra-02,U3.3,391982,0.100517
v2,+3V3,Ra-02,U3.3,396110,0.109661
v2,+3V3,Ra-02,U3.3,400282,0.118153
v2,+3V3,Ra-02,U3.3,404497,0.125226
v2,+3V3,Ra-02,U3.3,408757,0.130129
v2,+3V3,Ra-02,U3.3,413061,0.132369
v2,+3V3,Ra-02,U3.3,417411,0.131895
v2,+3V3,Ra-02,U3.3,421807,0.129087
v2,+3V3,Ra-02,U3.3,426249,0.124581
v2,+3V3,Ra-02,U3.3,430738,0.119049
v2,+3V3,Ra-02,U3.3,435274,0.113053
v2,+3V3,Ra-02,U3.3,439858,0.10699
v2,+3V3,Ra-02,U3.3,444490,0.101109
v2,+3V3,Ra-02,U3.3,449171,0.095548
v2,+3V3,Ra-02,U3.3,453901,0.0903672
v2,+3V3,Ra-02,U3.3,458681,0.0855824
v2,+3V3,Ra-02,U3.3,463511,0.0811826
v2,+3V3,Ra-02,U3.3,468392,0.0771438
v2,+3V3,Ra-02,U3.3,473325,0.0734359
v2,+3V3,Ra-02,U3.3,478309,0.0700276
v2,+3V3,Ra-02,U3.3,483346,0.0668886
v2,+3V3,Ra-02,U3.3,488436,0.0639904
v2,+3V3,Ra-02,U3.3,493580,0.0613074
v2,+3V3,Ra-02,U3.3,498778,0.0588166
v2,+3V3,Ra-02,U3.3,504030,0.0564977
v2,+3V3,Ra-02,U3.3,509338,0.0543325
v2,+3V3,Ra-02,U3.3,514702,0.0523051
v2,+3V3,Ra-02,U3.3,520122,0.0504017
v2,+3V3,Ra-02,U3.3,525600,0.0486099
v2,+3V3,Ra-02,U3.3,531135,0.0469189
v2,+3V3,Ra-02,U3.3,536728,0.045319
v2,+3V3,Ra-02,U3.3,542380,0.0438019
v2,+3V3,Ra-02,U3.3,548092,0.0423599
v2,+3V3,Ra-02,U3.3,553864,0.0409864
v2,+3V3,Ra-02,U3.3,559697,0.0396756
v2,+3V3,Ra-02,U3.3,565591,0.038422
v2,+3V3,Ra-02,U3.3,571547,0.0372209
v2,+3V3,Ra-02,U3.3,577566,0.036068
v2,+3V3,Ra-02,U3.3,583648,0.0349595
v2,+3V3,Ra-02,U3.3,589794,0.0338919
v2,+3V3,Ra-02,U3.3,596005,0.032862
v2,+3V3,Ra-02,U3.3,602282,0.031867
v2,+3V3,Ra-02,U3.3,608624,0.0309042
v2,+3V3,Ra-02,U3.3,615034,0.0299713
v2,+3V3,Ra-02,U3.3,621511,0.0290659
v2,+3V3,Ra-02,U3.3,628056,0.0281862
v2,+3V3,Ra-02,U3.3,634670,0.0273301
v2,+3V3,Ra-02,U3.3,641353,0.0264959
v2,+3V3,Ra-02,U3.3,648107,0.0256818
v2,+3V3,Ra-02,U3.3,654933,0.0248864
v2,+3V3,Ra-02,U3.3,661830,0.0241081
v2,+3V3,Ra-02,U3.3,668799,0.0233453
v2,+3V3,Ra-02,U3.3,675842,0.0225967
v2,+3V3,Ra-02,U3.3,682959,0.0218608
v2,+3V3,Ra-02,U3.3,690152,0.0211361
v2,+3V3,Ra-02,U3.3,697419,0.0204212
v2,+3V3,Ra-02,U3.3,704764,0.0197145
v2,+3V3,Ra-02,U3.3,712186,0.0190144
v2,+3V3,Ra-02,U3.3,719686,0.0183191
v2,+3V3,Ra-02,U3.3,727265,0.0176268
v2,+3V3,Ra-02,U3.3,734923,0.0169355
v2,+3V3,Ra-02,U3.3,742663,0.0162428
v2,+3V3,Ra-02,U3.3,750484,0.0155464
v2,+3V3,Ra-02,U3.3,758387,0.014844
v2,+3V3,Ra-02,U3.3,766373,0.0141331
v2,+3V3,Ra-02,U3.3,774444,0.0134122
v2,+3V3,Ra-02,U3.3,782600,0.0126815
v2,+3V3,Ra-02,U3.3,790841,0.0119449
v2,+3V3,Ra-02,U3.3,799169,0.0112143
v2,+3V3,Ra-02,U3.3,807585,0.0105168
v2,+3V3,Ra-02,U3.3,816090,0.00990491
v2,+3V3,Ra-02,U3.3,824684,0.00946624
v2,+3V3,Ra-02,U3.3,833369,0.00931383
v2,+3V3,Ra-02,U3.3,842145,0.00953046
v2,+3V3,Ra-02,U3.3,851013,0.0100823
v2,+3V3,Ra-02,U3.3,859975,0.0107973
v2,+3V3,Ra-02,U3.3,869031,0.0114596
v2,+3V3,Ra-02,U3.3,878183,0.011925
v2,+3V3,Ra-02,U3.3,887431,0.0121573
v2,+3V3,Ra-02,U3.3,896777,0.0121912
v2,+3V3,Ra-02,U3.3,906220,0.0120845
v2,+3V3,Ra-02,U3.3,915764,0.0118903
v2,+3V3,Ra-02,U3.3,925408,0.0116487
v2,+3V3,Ra-02,U3.3,935153,0.0113872
v2,+3V3,Ra-02,U3.3,945001,0.0111237
v2,+3V3,Ra-02,U3.3,954953,0.0108698
v2,+3V3,Ra-02,U3.3,965009,0.0106332
v2,+3V3,Ra-02,U3.3,975171,0.0104187
v2,+3V3,Ra-02,U3.3,985441,0.0102295
v2,+3V3,Ra-02,U3.3,995818,0.0100677
v2,+3V3,Ra-02,U3.3,1.00631e+06,0.00993465
v2,+3V3,Ra-02,U3.3,1.0169e+06,0.0098312
v2,+3V3,Ra-02,U3.3,1.02761e+06,0.00975771
v2,+3V3,Ra-02,U3.3,1.03843e+06,0.00971426
v2,+3V3,Ra-02,U3.3,1.04937e+06,0.00970062
v2,+3V3,Ra-02,U3.3,1.06042e+06,0.0097163
v2,+3V3,Ra-02,U3.3,1.07159e+06,0.00976061
v2,+3V3,Ra-02,U3.3,1.08287e+06,0.00983267
v2,+3V3,Ra-02,U3.3,1.09428e+06,0.00993144
v2,+3V3,Ra-02,U3.3,1.1058e+06,0.0100558
v2,+3V3,Ra-02,U3.3,1.11744e+06,0.0102044
v2,+3V3,Ra-02,U3.3,1.12921e+06,0.0103761
v2,+3V3,Ra-02,U3.3,1.1411e+06,0.0105695
v2,+3V3,Ra-02,U3.3,1.15312e+06,0.0107833
v2,+3V3,Ra-02,U3.3,1.16526e+06,0.0110163
v2,+3V3,Ra-02,U3.3,1.17753e+06,0.0112672
v2,+3V3,Ra-02,U3.3,1.18993e+06,0.0115348
v2,+3V3,Ra-02,U3.3,1.20247e+06,0.011818
v2,+3V3,Ra-02,U3.3,1.21513e+06,0.0121158
v2,+3V3,Ra-02,U3.3,1.22793e+06,0.0124272
v2,+3V3,Ra-02,U3.3,1.24086e+06,0.0127514
v2,+3V3,Ra-02,U3.3,1.25392e+06,0.0130875
v2,+3V3,Ra-02,U3.3,1.26713e+06,0.0134349
v2,+3V3,Ra-02,U3.3,1.28047e+06,0.0137928
v2,+3V3,Ra-02,U3.3,1.29396e+06,0.0141608
v2,+3V3,Ra-02,U3.3,1.30758e+06,0.0145382
v2,+3V3,Ra-02,U3.3,1.32135e+06,0.0149246
v2,+3V3,Ra-02,U3.3,1.33527e+06,0.0153196
v2,+3V3,Ra-02,U3.3,1.34933e+06,0.0157228
v2,+3V3,Ra-02,U3.3,1.36354e+06,0.016134
v2,+3V3,Ra-02,U3.3,1.3779e+06,0.0165529
v2,+3V3,Ra-02,U3.3,1.39241e+06,0.0169792
v2,+3V3,Ra-02,U3.3,1.40707e+06,0.0174128
v2,+3V3,Ra-02,U3.3,1.42189e+06,0.0178536
v2,+3V3,Ra-02,U3.3,1.43686e+06,0.0183013
v2,+3V3,Ra-02,U3.3,1.452e+06,0.018756
v2,+3V3,Ra-02,U3.3,1.46729e+06,0.0192176
v2,+3V3,Ra-02,U3.3,1.48274e+06,0.019686
v2,+3V3,Ra-02,U3.3,1.49835e+06,0.0201613
v2,+3V3,Ra-02,U3.3,1.51413e+06,0.0206435
v2,+3V3,Ra-02,U3.3,1.53008e+06,0.0211327
v2,+3V3,Ra-02,U3.3,1.54619e+06,0.0216289
v2,+3V3,Ra-02,U3.3,1.56247e+06,0.0221322
v2,+3V3,Ra-02,U3.3,1.57893e+06,0.0226428
v2,+3V3,Ra-02,U3.3,1.59555e+06,0.0231608
v2,+3V3,Ra-02,U3.3,1.61236e+06,0.0236865
v2,+3V3,Ra-02,U3.3,1.62934e+06,0.02422
v2,+3V3,Ra-02,U3.3,1.6465e+06,0.0247615
v2,+3V3,Ra-02,U3.3,1.66383e+06,0.0253114
v2,+3V3,Ra-02,U3.3,1.68136e+06,0.0258699
v2,+3V3,Ra-02,U3.3,1.69906e+06,0.0264374
v2,+3V3,Ra-02,U3.3,1.71695e+06,0.0270142
v2,+3V3,Ra-02,U3.3,1.73504e+06,0.0276008
v2,+3V3,Ra-02,U3.3,1.75331e+06,0.0281977
v2,+3V3,Ra-02,U3.3,1.77177e+06,0.0288053
v2,+3V3,Ra-02,U3.3,1.79043e+06,0.0294242
v2,+3V3,Ra-02,U3.3,1.80928e+06,0.030055
v2,+3V3,Ra-02,U3.3,1.82834e+06,0.0306984
v2,+3V3,Ra-02,U3.3,1.84759e+06,0.0313553
v2,+3V3,Ra-02,U3.3,1.86705e+06,0.0320265
v2,+3V3,Ra-02,U3.3,1.88671e+06,0.0327129
v2,+3V3,Ra-02,U3.3,1.90658e+06,0.0334156
v2,+3V3,Ra-02,U3.3,1.92666e+06,0.0341359
v2,+3V3,Ra-02,U3.3,1.94695e+06,0.0348751
v2,+3V3,Ra-02,U3.3,1.96745e+06,0.0356349
v2,+3V3,Ra-02,U3.3,1.98817e+06,0.0364169
v2,+3V3,Ra-02,U3.3,2.00911e+06,0.0372233
v2,+3V3,Ra-02,U3.3,2.03026e+06,0.0380565
v2,+3V3,Ra-02,U3.3,2.05164e+06,0.038919
v2,+3V3,Ra-02,U3.3,2.07325e+06,0.0398141
v2,+3V3,Ra-02,U3.3,2.09508e+06,0.0407455
v2,+3V3,Ra-02,U3.3,2.11715e+06,0.0417176
v2,+3V3,Ra-02,U3.3,2.13944e+06,0.0427356
v2,+3V3,Ra-02,U3.3,2.16197e+06,0.0438055
v2,+3V3,Ra-02,U3.3,2.18474e+06,0.0449349
v2,+3V3,Ra-02,U3.3,2.20775e+06,0.0461329
v2,+3V3,Ra-02,U3.3,2.231e+06,0.0474106
v2,+3V3,Ra-02,U3.3,2.25449e+06,0.0487818
v2,+3V3,Ra-02,U3.3,2.27823e+06,0.0502637
v2,+3V3,Ra-02,U3.3,2.30222e+06,0.0518784
v2,+3V3,Ra-02,U3.3,2.32647e+06,0.0536538
v2,+3V3,Ra-02,U3.3,2.35097e+06,0.0556263
v2,+3V3,Ra-02,U3.3,2.37573e+06,0.0578434
v2,+3V3,Ra-02,U3.3,2.40074e+06,0.0603671
v2,+3V3,Ra-02,U3.3,2.42603e+06,0.0632789
v2,+3V3,Ra-02,U3.3,2.45157e+06,0.0666814
v2,+3V3,Ra-02,U3.3,2.47739e+06,0.0706925
v2,+3V3,Ra-02,U3.3,2.50348e+06,0.0754018
v2,+3V3,Ra-02,U3.3,2.52984e+06,0.0807051
v2,+3V3,Ra-02,U3.3,2.55649e+06,0.0857707
v2,+3V3,Ra-02,U3.3,2.58341e+06,0.0877981
v2,+3V3,Ra-02,U3.3,2.61061e+06,0.0814945
v2,+3V3,Ra-02,U3.3,2.63811e+06,0.0650546
v2,+3V3,Ra-02,U3.3,2.66589e+06,0.0459415
v2,+3V3,Ra-02,U3.3,2.69396e+06,0.0317194
v2,+3V3,Ra-02,U3.3,2.72233e+06,0.0245665
v2,+3V3,Ra-02,U3.3,2.751e+06,0.0232663
v2,+3V3,Ra-02,U3.3,2.77997e+06,0.025036
v2,+3V3,Ra-02,U3.3,2.80925e+06,0.0278012
v2,+3V3,Ra-02,U3.3,2.83883e+06,0.0306874
v2,+3V3,Ra-02,U3.3,2.86872e+06,0.0334207
v2,+3V3,Ra-02,U3.3,2.89893e+06,0.0359415
v2,+3V3,Ra-02,U3.3,2.92946e+06,0.038259
v2,+3V3,Ra-02,U3.3,2.96031e+06,0.0404009
v2,+3V3,Ra-02,U3.3,2.99149e+06,0.042397
v2,+3V3,Ra-02,U3.3,3.02299e+06,0.044274
v2,+3V3,Ra-02,U3.3,3.05483e+06,0.0460549
v2,+3V3,Ra-02,U3.3,3.087e+06,0.0477586
v2,+3V3,Ra-02,U3.3,3.1195e+06,0.0494007
v2,+3V3,Ra-02,U3.3,3.15236e+06,0.0509945
v2,+3V3,Ra-02,U3.3,3.18555e+06,0.0525509
v2,+3V3,Ra-02,U3.3,3.2191e+06,0.0540791
v2,+3V3,Ra-02,U3.3,3.253e+06,0.055587
v2,+3V3,Ra-02,U3.3,3.28726e+06,0.0570815
v2,+3V3,Ra-02,U3.3,3.32187e+06,0.0585686
v2,+3V3,Ra-02,U3.3,3.35686e+06,0.0600538
v2,+3V3,Ra-02,U3.3,3.39221e+06,0.0615419
v2,+3V3,Ra-02,U3.3,3.42793e+06,0.0630373
v2,+3V3,Ra-02,U3.3,3.46403e+06,0.0645444
v2,+3V3,Ra-02,U3.3,3.50051e+06,0.0660671
v2,+3V3,Ra-02,U3.3,3.53737e+06,0.0676092
v2,+3V3,Ra-02,U3.3,3.57462e+06,0.0691745
v2,+3V3,Ra-02,U3.3,3.61227e+06,0.0707669
v2,+3V3,Ra-02,U3.3,3.65031e+06,0.0723901
v2,+3V3,Ra-02,U3.3,3.68875e+06,0.0740479
v2,+3V3,Ra-02,U3.3,3.72759e+06,0.0757445
v2,+3V3,Ra-02,U3.3,3.76685e+06,0.0774839
v2,+3V3,Ra-02,U3.3,3.80652e+06,0.0792706
v2,+3V3,Ra-02,U3.3,3.8466e+06,0.0811094
v2,+3V3,Ra-02,U3.3,3.88711e+06,0.0830051
v2,+3V3,Ra-02,U3.3,3.92805e+06,0.0849634
v2,+3V3,Ra-02,U3.3,3.96941e+06,0.0869901
v2,+3V3,Ra-02,U3.3,4.01121e+06,0.0890916
v2,+3V3,Ra-02,U3.3,4.05345e+06,0.0912751
v2,+3V3,Ra-02,U3.3,4.09614e+06,0.0935484
v2,+3V3,Ra-02,U3.3,4.13928e+06,0.0959202
v2,+3V3,Ra-02,U3.3,4.18287e+06,0.0984003
v2,+3V3,Ra-02,U3.3,4.22692e+06,0.101
v2,+3V3,Ra-02,U3.3,4.27143e+06,0.10373
v2,+3V3,Ra-02,U3.3,4.31641e+06,0.106606
v2,+3V3,Ra-02,U3.3,4.36187e+06,0.109643
v2,+3V3,Ra-02,U3.3,4.4078e+06,0.112859
v2,+3V3,Ra-02,U3.3,4.45422e+06,0.116274
v2,+3V3,Ra-02,U3.3,4.50113e+06,0.119912
v2,+3V3,Ra-02,U3.3,4.54853e+06,0.123801
v2,+3V3,Ra-02,U3.3,4.59643e+06,0.127971
v2,+3V3,Ra-02,U3.3,4.64483e+06,0.132459
v2,+3V3,Ra-02,U3.3,4.69375e+06,0.137309
v2,+3V3,Ra-02,U3.3,4.74318e+06,0.14257
v2,+3V3,Ra-02,U3.3,4.79312e+06,0.148301
v2,+3V3,Ra-02,U3.3,4.8436e+06,0.154572
v2,+3V3,Ra-02,U3.3,4.89461e+06,0.161463
v2,+3V3,Ra-02,U3.3,4.94615e+06,0.16907
v2,+3V3,Ra-02,U3.3,4.99824e+06,0.177504
v2,+3V3,Ra-02,U3.3,5.05088e+06,0.186889
v2,+3V3,Ra-02,U3.3,5.10407e+06,0.197363
v2,+3V3,Ra-02,U3.3,5.15782e+06,0.209069
v2,+3V3,Ra-02,U3.3,5.21213e+06,0.222131
v2,+3V3,Ra-02,U3.3,5.26702e+06,0.23661
v2,+3V3,Ra-02,U3.3,5.32249e+06,0.252418
v2,+3V3,Ra-02,U3.3,5.37854e+06,0.269158
v2,+3V3,Ra-02,U3.3,5.43518e+06,0.285878
v2,+3V3,Ra-02,U3.3,5.49242e+06,0.300773
v2,+3V3,Ra-02,U3.3,5.55026e+06,0.311052
v2,+3V3,Ra-02,U3.3,5.60871e+06,0.313424
v2,+3V3,Ra-02,U3.3,5.66777e+06,0.305509
v2,+3V3,Ra-02,U3.3,5.72746e+06,0.287451
v2,+3V3,Ra-02,U3.3,5.78777e+06,0.262091
v2,+3V3,Ra-02,U3.3,5.84872e+06,0.233389
v2,+3V3,Ra-02,U3.3,5.91031e+06,0.204678
v2,+3V3,Ra-02,U3.3,5.97255e+06,0.177953
v2,+3V3,Ra-02,U3.3,6.03545e+06,0.154063
v2,+3V3,Ra-02,U3.3,6.09901e+06,0.133157
v2,+3V3,Ra-02,U3.3,6.16324e+06,0.115041
v2,+3V3,Ra-02,U3.3,6.22814e+06,0.0993992
v2,+3V3,Ra-02,U3.3,6.29373e+06,0.085903
v2,+3V3,Ra-02,U3.3,6.36001e+06,0.0742571
v2,+3V3,Ra-02,U3.3,6.42698e+06,0.0642175
v2,+3V3,Ra-02,U3.3,6.49467e+06,0.0555951
v2,+3V3,Ra-02,U3.3,6.56306e+06,0.0482538
v2,+3V3,Ra-02,U3.3,6.63218e+06,0.0421072
v2,+3V3,Ra-02,U3.3,6.70202e+06,0.0371118
v2,+3V3,Ra-02,U3.3,6.7726e+06,0.0332548
v2,+3V3,Ra-02,U3.3,6.84392e+06,0.030531
v2,+3V3,Ra-02,U3.3,6.91599e+06,0.02891
v2,+3V3,Ra-02,U3.3,6.98882e+06,0.0283072
v2,+3V3,Ra-02,U3.3,7.06242e+06,0.0285774
v2,+3V3,Ra-02,U3.3,7.13679e+06,0.0295396
v2,+3V3,Ra-02,U3.3,7.21195e+06,0.0310121
v2,+3V3,Ra-02,U3.3,7.2879e+06,0.0328392
v2,+3V3,Ra-02,U3.3,7.36465e+06,0.0349003
v2,+3V3,Ra-02,U3.3,7.4422e+06,0.0371077
v2,+3V3,Ra-02,U3.3,7.52058e+06,0.0394002
v2,+3V3,Ra-02,U3.3,7.59977e+06,0.0417361
v2,+3V3,Ra-02,U3.3,7.67981e+06,0.0440874
v2,+3V3,Ra-02,U3.3,7.76068e+06,0.0464357
v2,+3V3,Ra-02,U3.3,7.84241e+06,0.048769
v2,+3V3,Ra-02,U3.3,7.925e+06,0.05108
v2,+3V3,Ra-02,U3.3,8.00845e+06,0.0533641
v2,+3V3,Ra-02,U3.3,8.09279e+06,0.0556192
v2,+3V3,Ra-02,U3.3,8.17801e+06,0.0578443
v2,+3V3,Ra-02,U3.3,8.26414e+06,0.0600395
v2,+3V3,Ra-02,U3.3,8.35116e+06,0.0622054
v2,+3V3,Ra-02,U3.3,8.43911e+06,0.0643433
v2,+3V3,Ra-02,U3.3,8.52798e+06,0.0664545
v2,+3V3,Ra-02,U3.3,8.61779e+06,0.0685406
v2,+3V3,Ra-02,U3.3,8.70854e+06,0.0706032
v2,+3V3,Ra-02,U3.3,8.80025e+06,0.0726439
v2,+3V3,Ra-02,U3.3,8.89292e+06,0.0746646
v2,+3V3,Ra-02,U3.3,8.98657e+06,0.0766667
v2,+3V3,Ra-02,U3.3,9.08121e+06,0.078652
v2,+3V3,Ra-02,U3.3,9.17684e+06,0.0806219
v2,+3V3,Ra-02,U3.3,9.27348e+06,0.082578
v2,+3V3,Ra-02,U3.3,9.37114e+06,0.0845217
v2,+3V3,Ra-02,U3.3,9.46983e+06,0.0864543
v2,+3V3,Ra-02,U3.3,9.56955e+06,0.0883773
v2,+3V3,Ra-02,U3.3,9.67033e+06,0.0902917
v2,+3V3,Ra-02,U3.3,9.77217e+06,0.0921988
v2,+3V3,Ra-02,U3.3,9.87508e+06,0.0940998
v2,+3V3,Ra-02,U3.3,9.97907e+06,0.0959957
v2,+3V3,Ra-02,U3.3,1.00842e+07,0.0978876
v2,+3V3,Ra-02,U3.3,1.01904e+07,0.0997763
v2,+3V3,Ra-02,U3.3,1.02977e+07,0.101663
v2,+3V3,Ra-02,U3.3,1.04061e+07,0.103548
v2,+3V3,Ra-02,U3.3,1.05157e+07,0.105433
v2,+3V3,Ra-02,U3.3,1.06264e+07,0.107319
v2,+3V3,Ra-02,U3.3,1.07383e+07,0.109205
v2,+3V3,Ra-02,U3.3,1.08514e+07,0.111094
v2,+3V3,Ra-02,U3.3,1.09657e+07,0.112985
v2,+3V3,Ra-02,U3.3,1.10812e+07,0.114879
v2,+3V3,Ra-02,U3.3,1.11979e+07,0.116777
v2,+3V3,Ra-02,U3.3,1.13158e+07,0.118681
v2,+3V3,Ra-02,U3.3,1.1435e+07,0.120589
v2,+3V3,Ra-02,U3.3,1.15554e+07,0.122503
v2,+3V3,Ra-02,U3.3,1.16771e+07,0.124423
v2,+3V3,Ra-02,U3.3,1.18e+07,0.126351
v2,+3V3,Ra-02,U3.3,1.19243e+07,0.128286
v2,+3V3,Ra-02,U3.3,1.20499e+07,0.130229
v2,+3V3,Ra-02,U3.3,1.21768e+07,0.13218
v2,+3V3,Ra-02,U3.3,1.2305e+07,0.13414
v2,+3V3,Ra-02,U3.3,1.24346e+07,0.13611
v2,+3V3,Ra-02,U3.3,1.25655e+07,0.13809
v2,+3V3,Ra-02,U3.3,1.26979e+07,0.14008
v2,+3V3,Ra-02,U3.3,1.28316e+07,0.142081
v2,+3V3,Ra-02,U3.3,1.29667e+07,0.144093
v2,+3V3,Ra-02,U3.3,1.31033e+07,0.146117
v2,+3V3,Ra-02,U3.3,1.32413e+07,0.148153
v2,+3V3,Ra-02,U3.3,1.33807e+07,0.150201
v2,+3V3,Ra-02,U3.3,1.35216e+07,0.152262
v2,+3V3,Ra-02,U3.3,1.3664e+07,0.154337
v2,+3V3,Ra-02,U3.3,1.38079e+07,0.156425
v2,+3V3,Ra-02,U3.3,1.39533e+07,0.158527
v2,+3V3,Ra-02,U3.3,1.41002e+07,0.160644
v2,+3V3,Ra-02,U3.3,1.42487e+07,0.162775
v2,+3V3,Ra-02,U3.3,1.43988e+07,0.164922
v2,+3V3,Ra-02,U3.3,1.45504e+07,0.167084
v2,+3V3,Ra-02,U3.3,1.47036e+07,0.169262
v2,+3V3,Ra-02,U3.3,1.48585e+07,0.171456
v2,+3V3,Ra-02,U3.3,1.5015e+07,0.173666
v2,+3V3,Ra-02,U3.3,1.51731e+07,0.175894
v2,+3V3,Ra-02,U3.3,1.53329e+07,0.178139
v2,+3V3,Ra-02,U3.3,1.54943e+07,0.180401
v2,+3V3,Ra-02,U3.3,1.56575e+07,0.182682
v2,+3V3,Ra-02,U3.3,1.58224e+07,0.184981
v2,+3V3,Ra-02,U3.3,1.5989e+07,0.187298
v2,+3V3,Ra-02,U3.3,1.61574e+07,0.189634
v2,+3V3,Ra-02,U3.3,1.63275e+07,0.19199
v2,+3V3,Ra-02,U3.3,1.64995e+07,0.194365
v2,+3V3,Ra-02,U3.3,1.66732e+07,0.19676
v2,+3V3,Ra-02,U3.3,1.68488e+07,0.199176
v2,+3V3,Ra-02,U3.3,1.70263e+07,0.201612
v2,+3V3,Ra-02,U3.3,1.72056e+07,0.204069
v2,+3V3,Ra-02,U3.3,1.73867e+07,0.206548
v2,+3V3,Ra-02,U3.3,1.75698e+07,0.209048
v2,+3V3,Ra-02,U3.3,1.77549e+07,0.21157
v2,+3V3,Ra-02,U3.3,1.79418e+07,0.214115
v2,+3V3,Ra-02,U3.3,1.81308e+07,0.216682
v2,+3V3,Ra-02,U3.3,1.83217e+07,0.219272
v2,+3V3,Ra-02,U3.3,1.85147e+07,0.221885
v2,+3V3,Ra-02,U3.3,1.87096e+07,0.224523
v2,+3V3,Ra-02,U3.3,1.89067e+07,0.227184
v2,+3V3,Ra-02,U3.3,1.91058e+07,0.229869
v2,+3V3,Ra-02,U3.3,1.9307e+07,0.23258
v2,+3V3,Ra-02,U3.3,1.95103e+07,0.235315
v2,+3V3,Ra-02,U3.3,1.97158e+07,0.238076
v2,+3V3,Ra-02,U3.3,1.99234e+07,0.240862
v2,+3V3,Ra-02,U3.3,2.01332e+07,0.243675
v2,+3V3,Ra-02,U3.3,2.03452e+07,0.246514
v2,+3V3,Ra-02,U3.3,2.05595e+07,0.24938
v2,+3V3,Ra-02,U3.3,2.0776e+07,0.252273
v2,+3V3,Ra-02,U3.3,2.09948e+07,0.255194
v2,+3V3,Ra-02,U3.3,2.12159e+07,0.258143
v2,+3V3,Ra-02,U3.3,2.14393e+07,0.26112
v2,+3V3,Ra-02,U3.3,2.16651e+07,0.264126
v2,+3V3,Ra-02,U3.3,2.18932e+07,0.26716
v2,+3V3,Ra-02,U3.3,2.21238e+07,0.270224
v2,+3V3,Ra-02,U3.3,2.23567e+07,0.273318
v2,+3V3,Ra-02,U3.3,2.25922e+07,0.276442
v2,+3V3,Ra-02,U3.3,2.28301e+07,0.279597
v2,+3V3,Ra-02,U3.3,2.30705e+07,0.282782
v2,+3V3,Ra-02,U3.3,2.33135e+07,0.285999
v2,+3V3,Ra-02,U3.3,2.3559e+07,0.289248
v2,+3V3,Ra-02,U3.3,2.38071e+07,0.292529
v2,+3V3,Ra-02,U3.3,2.40578e+07,0.295842
v2,+3V3,Ra-02,U3.3,2.43111e+07,0.299188
v2,+3V3,Ra-02,U3.3,2.45672e+07,0.302568
v2,+3V3,Ra-02,U3.3,2.48259e+07,0.305982
v2,+3V3,Ra-02,U3.3,2.50873e+07,0.309429
v2,+3V3,Ra-02,U3.3,2.53515e+07,0.312912
v2,+3V3,Ra-02,U3.3,2.56185e+07,0.316429
v2,+3V3,Ra-02,U3.3,2.58883e+07,0.319982
v2,+3V3,Ra-02,U3.3,2.61609e+07,0.323571
v2,+3V3,Ra-02,U3.3,2.64364e+07,0.327196
v2,+3V3,Ra-02,U3.3,2.67148e+07,0.330858
v2,+3V3,Ra-02,U3.3,2.69961e+07,0.334557
v2,+3V3,Ra-02,U3.3,2.72804e+07,0.338294
v2,+3V3,Ra-02,U3.3,2.75677e+07,0.342069
v2,+3V3,Ra-02,U3.3,2.7858e+07,0.345883
v2,+3V3,Ra-02,U3.3,2.81514e+07,0.349736
v2,+3V3,Ra-02,U3.3,2.84478e+07,0.353628
v2,+3V3,Ra-02,U3.3,2.87474e+07,0.357561
v2,+3V3,Ra-02,U3.3,2.90501e+07,0.361534
v2,+3V3,Ra-02,U3.3,2.93561e+07,0.365549
v2,+3V3,Ra-02,U3.3,2.96652e+07,0.369605
v2,+3V3,Ra-02,U3.3,2.99776e+07,0.373703
v2,+3V3,Ra-02,U3.3,3.02933e+07,0.377843
v2,+3V3,Ra-02,U3.3,3.06123e+07,0.382027
v2,+3V3,Ra-02,U3.3,3.09347e+07,0.386254
v2,+3V3,Ra-02,U3.3,3.12605e+07,0.390526
v2,+3V3,Ra-02,U3.3,3.15897e+07,0.394842
v2,+3V3,Ra-02,U3.3,3.19223e+07,0.399204
v2,+3V3,Ra-02,U3.3,3.22585e+07,0.403611
v2,+3V3,Ra-02,U3.3,3.25982e+07,0.408065
v2,+3V3,Ra-02,U3.3,3.29415e+07,0.412566
v2,+3V3,Ra-02,U3.3,3.32884e+07,0.417114
v2,+3V3,Ra-02,U3.3,3.3639e+07,0.42171
v2,+3V3,Ra-02,U3.3,3.39932e+07,0.426355
v2,+3V3,Ra-02,U3.3,3.43512e+07,0.43105
v2,+3V3,Ra-02,U3.3,3.47129e+07,0.435794
v2,+3V3,Ra-02,U3.3,3.50785e+07,0.440589
v2,+3V3,Ra-02,U3.3,3.54479e+07,0.445435
v2,+3V3,Ra-02,U3.3,3.58212e+07,0.450332
v2,+3V3,Ra-02,U3.3,3.61984e+07,0.455283
v2,+3V3,Ra-02,U3.3,3.65796e+07,0.460286
v2,+3V3,Ra-02,U3.3,3.69648e+07,0.465343
v2,+3V3,Ra-02,U3.3,3.73541e+07,0.470454
v2,+3V3,Ra-02,U3.3,3.77475e+07,0.47562
v2,+3V3,Ra-02,U3.3,3.8145e+07,0.480842
v2,+3V3,Ra-02,U3.3,3.85467e+07,0.486121
v2,+3V3,Ra-02,U3.3,3.89526e+07,0.491456
v2,+3V3,Ra-02,U3.3,3.93628e+07,0.49685
v2,+3V3,Ra-02,U3.3,3.97774e+07,0.502302
v2,+3V3,Ra-02,U3.3,4.01963e+07,0.507813
v2,+3V3,Ra-02,U3.3,4.06196e+07,0.513384
v2,+3V3,Ra-02,U3.3,4.10473e+07,0.519017
v2,+3V3,Ra-02,U3.3,4.14796e+07,0.52471
v2,+3V3,Ra-02,U3.3,4.19164e+07,0.530467
v2,+3V3,Ra-02,U3.3,4.23578e+07,0.536286
v2,+3V3,Ra-02,U3.3,4.28039e+07,0.542169
v2,+3V3,Ra-02,U3.3,4.32546e+07,0.548117
v2,+3V3,Ra-02,U3.3,4.37102e+07,0.554131
v2,+3V3,Ra-02,U3.3,4.41705e+07,0.560211
v2,+3V3,Ra-02,U3.3,4.46356e+07,0.566359
v2,+3V3,Ra-02,U3.3,4.51057e+07,0.572574
v2,+3V3,Ra-02,U3.3,4.55807e+07,0.578859
v2,+3V3,Ra-02,U3.3,4.60607e+07,0.585214
v2,+3V3,Ra-02,U3.3,4.65457e+07,0.59164
v2,+3V3,Ra-02,U3.3,4.70359e+07,0.598137
v2,+3V3,Ra-02,U3.3,4.75312e+07,0.604707
v2,+3V3,Ra-02,U3.3,4.80318e+07,0.611351
v2,+3V3,Ra-02,U3.3,4.85376e+07,0.618069
v2,+3V3,Ra-02,U3.3,4.90487e+07,0.624864
v2,+3V3,Ra-02,U3.3,4.95653e+07,0.631734
v2,+3V3,Ra-02,U3.3,5.00872e+07,0.638683
v2,+3V3,Ra-02,U3.3,5.06147e+07,0.64571
v2,+3V3,Ra-02,U3.3,5.11477e+07,0.652817
v2,+3V3,Ra-02,U3.3,5.16863e+07,0.660005
v2,+3V3,Ra-02,U3.3,5.22306e+07,0.667275
v2,+3V3,Ra-02,U3.3,5.27807e+07,0.674628
v2,+3V3,Ra-02,U3.3,5.33365e+07,0.682065
v2,+3V3,Ra-02,U3.3,5.38982e+07,0.689588
v2,+3V3,Ra-02,U3.3,5.44658e+07,0.697197
v2,+3V3,Ra-02,U3.3,5.50394e+07,0.704894
v2,+3V3,Ra-02,U3.3,5.5619e+07,0.71268
v2,+3V3,Ra-02,U3.3,5.62047e+07,0.720556
v2,+3V3,Ra-02,U3.3,5.67966e+07,0.728523
v2,+3V3,Ra-02,U3.3,5.73947e+07,0.736583
v2,+3V3,Ra-02,U3.3,5.79991e+07,0.744738
v2,+3V3,Ra-02,U3.3,5.86099e+07,0.752987
v2,+3V3,Ra-02,U3.3,5.92271e+07,0.761334
v2,+3V3,Ra-02,U3.3,5.98508e+07,0.769778
v2,+3V3,Ra-02,U3.3,6.04811e+07,0.778323
v2,+3V3,Ra-02,U3.3,6.1118e+07,0.786968
v2,+3V3,Ra-02,U3.3,6.17616e+07,0.795715
v2,+3V3,Ra-02,U3.3,6.2412e+07,0.804567
v2,+3V3,Ra-02,U3.3,6.30693e+07,0.813524
v2,+3V3,Ra-02,U3.3,6.37335e+07,0.822588
v2,+3V3,Ra-02,U3.3,6.44046e+07,0.831761
v2,+3V3,Ra-02,U3.3,6.50829e+07,0.841045
v2,+3V3,Ra-02,U3.3,6.57683e+07,0.85044
v2,+3V3,Ra-02,U3.3,6.64609e+07,0.859948
v2,+3V3,Ra-02,U3.3,6.71608e+07,0.869573
v2,+3V3,Ra-02,U3.3,6.7868e+07,0.879314
v2,+3V3,Ra-02,U3.3,6.85827e+07,0.889174
v2,+3V3,Ra-02,U3.3,6.9305e+07,0.899155
v2,+3V3,Ra-02,U3.3,7.00348e+07,0.909259
v2,+3V3,Ra-02,U3.3,7.07723e+07,0.919487
v2,+3V3,Ra-02,U3.3,7.15176e+07,0.929842
v2,+3V3,Ra-02,U3.3,7.22708e+07,0.940325
v2,+3V3,Ra-02,U3.3,7.30318e+07,0.950939
v2,+3V3,Ra-02,U3.3,7.38009e+07,0.961685
v2,+3V3,Ra-02,U3.3,7.45781e+07,0.972567
v2,+3V3,Ra-02,U3.3,7.53635e+07,0.983585
v2,+3V3,Ra-02,U3.3,7.61571e+07,0.994743
v2,+3V3,Ra-02,U3.3,7.69591e+07,1.00604
v2,+3V3,Ra-02,U3.3,7.77696e+07,1.01749
v2,+3V3,Ra-02,U3.3,7.85886e+07,1.02908
v2,+3V3,Ra-02,U3.3,7.94162e+07,1.04081
v2,+3V3,Ra-02,U3.3,8.02525e+07,1.0527
v2,+3V3,Ra-02,U3.3,8.10976e+07,1.06475
v2,+3V3,Ra-02,U3.3,8.19517e+07,1.07695
v2,+3V3,Ra-02,U3.3,8.28147e+07,1.08931
v2,+3V3,Ra-02,U3.3,8.36868e+07,1.10183
v2,+3V3,Ra-02,U3.3,8.45681e+07,1.11452
v2,+3V3,Ra-02,U3.3,8.54587e+07,1.12737
v2,+3V3,Ra-02,U3.3,8.63586e+07,1.1404
v2,+3V3,Ra-02,U3.3,8.72681e+07,1.15359
v2,+3V3,Ra-02,U3.3,8.81871e+07,1.16697
v2,+3V3,Ra-02,U3.3,8.91158e+07,1.18053
v2,+3V3,Ra-02,U3.3,9.00542e+07,1.19427
v2,+3V3,Ra-02,U3.3,9.10026e+07,1.20819
v2,+3V3,Ra-02,U3.3,9.19609e+07,1.22231
v2,+3V3,Ra-02,U3.3,9.29293e+07,1.23662
v2,+3V3,Ra-02,U3.3,9.3908e+07,1.25113
v2,+3V3,Ra-02,U3.3,9.48969e+07,1.26584
v2,+3V3,Ra-02,U3.3,9.58963e+07,1.28076
v2,+3V3,Ra-02,U3.3,9.69061e+07,1.29589
v2,+3V3,Ra-02,U3.3,9.79266e+07,1.31123
v2,+3V3,Ra-02,U3.3,9.89579e+07,1.32679
v2,+3V3,Ra-02,U3.3,1e+08,1.34257
v2,+3V3_SW,MPU6050,U2.13,1000,0.290077
v2,+3V3_SW,MPU6050,U2.13,1010.53,0.290079
v2,+3V3_SW,MPU6050,U2.13,1021.17,0.29008
v2,+3V3_SW,MPU6050,U2.13,1031.93,0.290082
v2,+3V3_SW,MPU6050,U2.13,1042.79,0.290084
v2,+3V3_SW,MPU6050,U2.13,1053.78,0.290086
v2,+3V3_SW,MPU6050,U2.13,1064.87,0.290088
v2,+3V3_SW,MPU6050,U2.13,1076.09,0.290089
v2,+3V3_SW,MPU6050,U2.13,1087.42,0.290091
v2,+3V3_SW,MPU6050,U2.13,1098.87,0.290093
v2,+3V3_SW,MPU6050,U2.13,1110.44,0.290095
v2,+3V3_SW,MPU6050,U2.13,1122.14,0.290097
v2,+3V3_SW,MPU6050,U2.13,1133.95,0.290099
v2,+3V3_SW,MPU6050,U2.13,1145.89,0.290101
v2,+3V3_SW,MPU6050,U2.13,1157.96,0.290103
v2,+3V3_SW,MPU6050,U2.13,1170.16,0.290106
v2,+3V3_SW,MPU6050,U2.13,1182.48,0.290108
v2,+3V3_SW,MPU6050,U2.13,1194.93,0.29011
v2,+3V3_SW,MPU6050,U2.13,1207.52,0.290113
v2,+3V3_SW,MPU6050,U2.13,1220.23,0.290115
v2,+3V3_SW,MPU6050,U2.13,1233.08,0.290117
v2,+3V3_SW,MPU6050,U2.13,1246.07,0.29012
v2,+3V3_SW,MPU6050,U2.13,1259.19,0.290122
v2,+3V3_SW,MPU6050,U2.13,1272.45,0.290125
v2,+3V3_SW,MPU6050,U2.13,1285.85,0.290128
v2,+3V3_SW,MPU6050,U2.13,1299.39,0.29013
v2,+3V3_SW,MPU6050,U2.13,1313.07,0.290133
v2,+3V3_SW,MPU6050,U2.13,1326.9,0.290136
v2,+3V3_SW,MPU6050,U2.13,1340.88,0.290139
v2,+3V3_SW,MPU6050,U2.13,1355,0.290142
v2,+3V3_SW,MPU6050,U2.13,1369.27,0.290145
v2,+3V3_SW,MPU6050,U2.13,1383.69,0.290148
v2,+3V3_SW,MPU6050,U2.13,1398.26,0.290151
v2,+3V3_SW,MPU6050,U2.13,1412.98,0.290154
v2,+3V3_SW,MPU6050,U2.13,1427.86,0.290157
v2,+3V3_SW,MPU6050,U2.13,1442.9,0.290161
v2,+3V3_SW,MPU6050,U2.13,1458.09,0.290164
v2,+3V3_SW,MPU6050,U2.13,1473.45,0.290168
v2,+3V3_SW,MPU6050,U2.13,1488.96,0.290171
v2,+3V3_SW,MPU6050,U2.13,1504.64,0.290175
v2,+3V3_SW,MPU6050,U2.13,1520.49,0.290178
v2,+3V3_SW,MPU6050,U2.13,1536.5,0.290182
v2,+3V3_SW,MPU6050,U2.13,1552.68,0.290186
v2,+3V3_SW,MPU6050,U2.13,1569.03,0.29019
v2,+3V3_SW,MPU6050,U2.13,1585.56,0.290194
v2,+3V3_SW,MPU6050,U2.13,1602.25,0.290198
v2,+3V3_SW,MPU6050,U2.13,1619.13,0.290202
v2,+3V3_SW,MPU6050,U2.13,1636.18,0.290207
v2,+3V3_SW,MPU6050,U2.13,1653.41,0.290211
v2,+3V3_SW,MPU6050,U2.13,1670.82,0.290215
v2,+3V3_SW,MPU6050,U2.13,1688.42,0.29022
v2,+3V3_SW,MPU6050,U2.13,1706.2,0.290225
v2,+3V3_SW,MPU6050,U2.13,1724.16,0.290229
v2,+3V3_SW,MPU6050,U2.13,1742.32,0.290234
v2,+3V3_SW,MPU6050,U2.13,1760.67,0.290239
v2,+3V3_SW,MPU6050,U2.13,1779.21,0.290244
v2,+3V3_SW,MPU6050,U2.13,1797.95,0.29025
v2,+3V3_SW,MPU6050,U2.13,1816.88,0.290255
v2,+3V3_SW,MPU6050,U2.13,1836.02,0.29026
v2,+3V3_SW,MPU6050,U2.13,1855.35,0.290266
v2,+3V3_SW,MPU6050,U2.13,1874.89,0.290271
v2,+3V3_SW,MPU6050,U2.13,1894.63,0.290277
v2,+3V3_SW,MPU6050,U2.13,1914.58,0.290283
v2,+3V3_SW,MPU6050,U2.13,1934.75,0.290289
v2,+3V3_SW,MPU6050,U2.13,1955.12,0.290295
v2,+3V3_SW,MPU6050,U2.13,1975.71,0.290301
v2,+3V3_SW,MPU6050,U2.13,1996.52,0.290308
v2,+3V3_SW,MPU6050,U2.13,2017.54,0.290314
v2,+3V3_SW,MPU6050,U2.13,2038.79,0.290321
v2,+3V3_SW,MPU6050,U2.13,2060.26,0.290328
v2,+3V3_SW,MPU6050,U2.13,2081.95,0.290335
v2,+3V3_SW,MPU6050,U2.13,2103.88,0.290342
v2,+3V3_SW,MPU6050,U2.13,2126.04,0.290349
v2,+3V3_SW,MPU6050,U2.13,2148.42,0.290356
v2,+3V3_SW,MPU6050,U2.13,2171.05,0.290364
v2,+3V3_SW,MPU6050,U2.13,2193.91,0.290372
v2,+3V3_SW,MPU6050,U2.13,2217.02,0.290379
v2,+3V3_SW,MPU6050,U2.13,2240.36,0.290387
v2,+3V3_SW,MPU6050,U2.13,2263.96,0.290396
v2,+3V3_SW,MPU6050,U2.13,2287.8,0.290404
v2,+3V3_SW,MPU6050,U2.13,2311.89,0.290413
v2,+3V3_SW,MPU6050,U2.13,2336.24,0.290421
v2,+3V3_SW,MPU6050,U2.13,2360.84,0.29043
v2,+3V3_SW,MPU6050,U2.13,2385.7,0.290439
v2,+3V3_SW,MPU6050,U2.13,2410.82,0.290449
v2,+3V3_SW,MPU6050,U2.13,2436.21,0.290458
v2,+3V3_SW,MPU6050,U2.13,2461.87,0.290468
v2,+3V3_SW,MPU6050,U2.13,2487.79,0.290478
v2,+3V3_SW,MPU6050,U2.13,2513.99,0.290488
v2,+3V3_SW,MPU6050,U2.13,2540.47,0.290498
v2,+3V3_SW,MPU6050,U2.13,2567.22,0.290509
v2,+3V3_SW,MPU6050,U2.13,2594.26,0.29052
v2,+3V3_SW,MPU6050,U2.13,2621.58,0.290531
v2,+3V3_SW,MPU6050,U2.13,2649.18,0.290542
v2,+3V3_SW,MPU6050,U2.13,2677.08,0.290553
v2,+3V3_SW,MPU6050,U2.13,2705.27,0.290565
v2,+3V3_SW,MPU6050,U2.13,2733.76,0.290577
v2,+3V3_SW,MPU6050,U2.13,2762.55,0.290589
v2,+3V3_SW,MPU6050,U2.13,2791.64,0.290602
v2,+3V3_SW,MPU6050,U2.13,2821.04,0.290614
v2,+3V3_SW,MPU6050,U2.13,2850.75,0.290628
v2,+3V3_SW,MPU6050,U2.13,2880.77,0.290641
v2,+3V3_SW,MPU6050,U2.13,2911.11,0.290654
v2,+3V3_SW,MPU6050,U2.13,2941.76,0.290668
v2,+3V3_SW,MPU6050,U2.13,2972.74,0.290682
v2,+3V3_SW,MPU6050,U2.13,3004.05,0.290697
v2,+3V3_SW,MPU6050,U2.13,3035.68,0.290712
v2,+3V3_SW,MPU6050,U2.13,3067.65,0.290727
v2,+3V3_SW,MPU6050,U2.13,3099.96,0.290742
v2,+3V3_SW,MPU6050,U2.13,3132.6,0.290758
v2,+3V3_SW,MPU6050,U2.13,3165.59,0.290774
v2,+3V3_SW,MPU6050,U2.13,3198.93,0.29079
v2,+3V3_SW,MPU6050,U2.13,3232.62,0.290807
v2,+3V3_SW,MPU6050,U2.13,3266.66,0.290824
v2,+3V3_SW,MPU6050,U2.13,3301.06,0.290842
v2,+3V3_SW,MPU6050,U2.13,3335.82,0.290859
v2,+3V3_SW,MPU6050,U2.13,3370.95,0.290878
v2,+3V3_SW,MPU6050,U2.13,3406.45,0.290896
v2,+3V3_SW,MPU6050,U2.13,3442.32,0.290915
v2,+3V3_SW,MPU6050,U2.13,3478.57,0.290935
v2,+3V3_SW,MPU6050,U2.13,3515.21,0.290954
v2,+3V3_SW,MPU6050,U2.13,3552.22,0.290975
v2,+3V3_SW,MPU6050,U2.13,3589.63,0.290995
v2,+3V3_SW,MPU6050,U2.13,3627.43,0.291016
v2,+3V3_SW,MPU6050,U2.13,3665.64,0.291038
v2,+3V3_SW,MPU6050,U2.13,3704.24,0.29106
v2,+3V3_SW,MPU6050,U2.13,3743.25,0.291082
v2,+3V3_SW,MPU6050,U2.13,3782.67,0.291105
v2,+3V3_SW,MPU6050,U2.13,3822.5,0.291129
v2,+3V3_SW,MPU6050,U2.13,3862.76,0.291153
v2,+3V3_SW,MPU6050,U2.13,3903.43,0.291177
v2,+3V3_SW,MPU6050,U2.13,3944.54,0.291202
v2,+3V3_SW,MPU6050,U2.13,3986.08,0.291227
v2,+3V3_SW,MPU6050,U2.13,4028.06,0.291253
v2,+3V3_SW,MPU6050,U2.13,4070.48,0.29128
v2,+3V3_SW,MPU6050,U2.13,4113.34,0.291307
v2,+3V3_SW,MPU6050,U2.13,4156.66,0.291335
v2,+3V3_SW,MPU6050,U2.13,4200.43,0.291363
v2,+3V3_SW,MPU6050,U2.13,4244.67,0.291392
v2,+3V3_SW,MPU6050,U2.13,4289.37,0.291422
v2,+3V3_SW,MPU6050,U2.13,4334.54,0.291452
v2,+3V3_SW,MPU6050,U2.13,4380.18,0.291482
v2,+3V3_SW,MPU6050,U2.13,4426.31,0.291514
v2,+3V3_SW,MPU6050,U2.13,4472.92,0.291546
v2,+3V3_SW,MPU6050,U2.13,4520.03,0.291579
v2,+3V3_SW,MPU6050,U2.13,4567.63,0.291612
v2,+3V3_SW,MPU6050,U2.13,4615.73,0.291646
v2,+3V3_SW,MPU6050,U2.13,4664.34,0.291681
v2,+3V3_SW,MPU6050,U2.13,4713.46,0.291717
v2,+3V3_SW,MPU6050,U2.13,4763.09,0.291753
v2,+3V3_SW,MPU6050,U2.13,4813.25,0.29179
v2,+3V3_SW,MPU6050,U2.13,4863.94,0.291828
v2,+3V3_SW,MPU6050,U2.13,4915.16,0.291867
v2,+3V3_SW,MPU6050,U2.13,4966.92,0.291907
v2,+3V3_SW,MPU6050,U2.13,5019.23,0.291947
v2,+3V3_SW,MPU6050,U2.13,5072.09,0.291989
v2,+3V3_SW,MPU6050,U2.13,5125.5,0.292031
v2,+3V3_SW,MPU6050,U2.13,5179.47,0.292074
v2,+3V3_SW,MPU6050,U2.13,5234.02,0.292118
v2,+3V3_SW,MPU6050,U2.13,5289.14,0.292163
v2,+3V3_SW,MPU6050,U2.13,5344.84,0.292209
v2,+3V3_SW,MPU6050,U2.13,5401.12,0.292255
v2,+3V3_SW,MPU6050,U2.13,5458,0.292303
v2,+3V3_SW,MPU6050,U2.13,5515.48,0.292352
v2,+3V3_SW,MPU6050,U2.13,5573.56,0.292402
v2,+3V3_SW,MPU6050,U2.13,5632.26,0.292453
v2,+3V3_SW,MPU6050,U2.13,5691.57,0.292505
v2,+3V3_SW,MPU6050,U2.13,5751.51,0.292558
v2,+3V3_SW,MPU6050,U2.13,5812.08,0.292612
v2,+3V3_SW,MPU6050,U2.13,5873.28,0.292668
v2,+3V3_SW,MPU6050,U2.13,5935.13,0.292724
v2,+3V3_SW,MPU6050,U2.13,5997.63,0.292782
v2,+3V3_SW,MPU6050,U2.13,6060.79,0.292841
v2,+3V3_SW,MPU6050,U2.13,6124.62,0.292901
v2,+3V3_SW,MPU6050,U2.13,6189.12,0.292963
v2,+3V3_SW,MPU6050,U2.13,6254.29,0.293026
v2,+3V3_SW,MPU6050,U2.13,6320.16,0.29309
v2,+3V3_SW,MPU6050,U2.13,6386.71,0.293156
v2,+3V3_SW,MPU6050,U2.13,6453.97,0.293223
v2,+3V3_SW,MPU6050,U2.13,6521.94,0.293291
v2,+3V3_SW,MPU6050,U2.13,6590.62,0.293361
v2,+3V3_SW,MPU6050,U2.13,6660.03,0.293432
v2,+3V3_SW,MPU6050,U2.13,6730.16,0.293505
v2,+3V3_SW,MPU6050,U2.13,6801.04,0.29358
v2,+3V3_SW,MPU6050,U2.13,6872.66,0.293656
v2,+3V3_SW,MPU6050,U2.13,6945.03,0.293733
v2,+3V3_SW,MPU6050,U2.13,7018.17,0.293812
v2,+3V3_SW,MPU6050,U2.13,7092.08,0.293893
v2,+3V3_SW,MPU6050,U2.13,7166.76,0.293976
v2,+3V3_SW,MPU6050,U2.13,7242.23,0.29406
v2,+3V3_SW,MPU6050,U2.13,7318.5,0.294147
v2,+3V3_SW,MPU6050,U2.13,7395.57,0.294235
v2,+3V3_SW,MPU6050,U2.13,7473.45,0.294325
v2,+3V3_SW,MPU6050,U2.13,7552.16,0.294417
v2,+3V3_SW,MPU6050,U2.13,7631.69,0.29451
v2,+3V3_SW,MPU6050,U2.13,7712.06,0.294606
v2,+3V3_SW,MPU6050,U2.13,7793.27,0.294704
v2,+3V3_SW,MPU6050,U2.13,7875.34,0.294804
v2,+3V3_SW,MPU6050,U2.13,7958.27,0.294906
v2,+3V3_SW,MPU6050,U2.13,8042.08,0.29501
v2,+3V3_SW,MPU6050,U2.13,8126.77,0.295117
v2,+3V3_SW,MPU6050,U2.13,8212.35,0.295225
v2,+3V3_SW,MPU6050,U2.13,8298.84,0.295337
v2,+3V3_SW,MPU6050,U2.13,8386.23,0.29545
v2,+3V3_SW,MPU6050,U2.13,8474.55,0.295566
v2,+3V3_SW,MPU6050,U2.13,8563.79,0.295684
v2,+3V3_SW,MPU6050,U2.13,8653.98,0.295805
v2,+3V3_SW,MPU6050,U2.13,8745.11,0.295928
v2,+3V3_SW,MPU6050,U2.13,8837.2,0.296054
v2,+3V3_SW,MPU6050,U2.13,8930.27,0.296183
v2,+3V3_SW,MPU6050,U2.13,9024.31,0.296315
v2,+3V3_SW,MPU6050,U2.13,9119.34,0.296449
v2,+3V3_SW,MPU6050,U2.13,9215.38,0.296586
v2,+3V3_SW,MPU6050,U2.13,9312.42,0.296726
v2,+3V3_SW,MPU6050,U2.13,9410.49,0.296869
v2,+3V3_SW,MPU6050,U2.13,9509.59,0.297015
v2,+3V3_SW,MPU6050,U2.13,9609.74,0.297165
v2,+3V3_SW,MPU6050,U2.13,9710.94,0.297317
v2,+3V3_SW,MPU6050,U2.13,9813.2,0.297473
v2,+3V3_SW,MPU6050,U2.13,9916.54,0.297632
v2,+3V3_SW,MPU6050,U2.13,10021,0.297794
v2,+3V3_SW,MPU6050,U2.13,10126.5,0.29796
v2,+3V3_SW,MPU6050,U2.13,10233.1,0.298129
v2,+3V3_SW,MPU6050,U2.13,10340.9,0.298302
v2,+3V3_SW,MPU6050,U2.13,10449.8,0.298479
v2,+3V3_SW,MPU6050,U2.13,10559.9,0.29866
v2,+3V3_SW,MPU6050,U2.13,10671.1,0.298844
v2,+3V3_SW,MPU6050,U2.13,10783.4,0.299032
v2,+3V3_SW,MPU6050,U2.13,10897,0.299225
v2,+3V3_SW,MPU6050,U2.13,11011.7,0.299421
v2,+3V3_SW,MPU6050,U2.13,11127.7,0.299622
v2,+3V3_SW,MPU6050,U2.13,11244.9,0.299827
v2,+3V3_SW,MPU6050,U2.13,11363.3,0.300036
v2,+3V3_SW,MPU6050,U2.13,11483,0.30025
v2,+3V3_SW,MPU6050,U2.13,11603.9,0.300468
v2,+3V3_SW,MPU6050,U2.13,11726.1,0.300691
v2,+3V3_SW,MPU6050,U2.13,11849.6,0.300919
v2,+3V3_SW,MPU6050,U2.13,11974.4,0.301152
v2,+3V3_SW,MPU6050,U2.13,12100.5,0.301389
v2,+3V3_SW,MPU6050,U2.13,12227.9,0.301632
v2,+3V3_SW,MPU6050,U2.13,12356.7,0.30188
v2,+3V3_SW,MPU6050,U2.13,12486.8,0.302133
v2,+3V3_SW,MPU6050,U2.13,12618.3,0.302392
v2,+3V3_SW,MPU6050,U2.13,12751.2,0.302656
v2,+3V3_SW,MPU6050,U2.13,12885.5,0.302926
v2,+3V3_SW,MPU6050,U2.13,13021.2,0.303202
v2,+3V3_SW,MPU6050,U2.13,13158.3,0.303483
v2,+3V3_SW,MPU6050,U2.13,13296.9,0.303771
v2,+3V3_SW,MPU6050,U2.13,13436.9,0.304064
v2,+3V3_SW,MPU6050,U2.13,13578.4,0.304364
v2,+3V3_SW,MPU6050,U2.13,13721.4,0.304671
v2,+3V3_SW,MPU6050,U2.13,13865.9,0.304984
v2,+3V3_SW,MPU6050,U2.13,14011.9,0.305303
v2,+3V3_SW,MPU6050,U2.13,14159.5,0.30563
v2,+3V3_SW,MPU6050,U2.13,14308.6,0.305963
v2,+3V3_SW,MPU6050,U2.13,14459.2,0.306304
v2,+3V3_SW,MPU6050,U2.13,14611.5,0.306652
v2,+3V3_SW,MPU6050,U2.13,14765.4,0.307007
v2,+3V3_SW,MPU6050,U2.13,14920.9,0.30737
v2,+3V3_SW,MPU6050,U2.13,15078,0.307741
v2,+3V3_SW,MPU6050,U2.13,15236.8,0.308119
v2,+3V3_SW,MPU6050,U2.13,15397.2,0.308506
v2,+3V3_SW,MPU6050,U2.13,15559.4,0.308901
v2,+3V3_SW,MPU6050,U2.13,15723.2,0.309304
v2,+3V3_SW,MPU6050,U2.13,15888.8,0.309716
v2,+3V3_SW,MPU6050,U2.13,16056.2,0.310136
v2,+3V3_SW,MPU6050,U2.13,16225.2,0.310566
v2,+3V3_SW,MPU6050,U2.13,16396.1,0.311005
v2,+3V3_SW,MPU6050,U2.13,16568.8,0.311453
v2,+3V3_SW,MPU6050,U2.13,16743.3,0.311911
v2,+3V3_SW,MPU6050,U2.13,16919.6,0.312378
v2,+3V3_SW,MPU6050,U2.13,17097.8,0.312855
v2,+3V3_SW,MPU6050,U2.13,17277.8,0.313343
v2,+3V3_SW,MPU6050,U2.13,17459.8,0.31384
v2,+3V3_SW,MPU6050,U2.13,17643.6,0.314349
v2,+3V3_SW,MPU6050,U2.13,17829.4,0.314868
v2,+3V3_SW,MPU6050,U2.13,18017.2,0.315397
v2,+3V3_SW,MPU6050,U2.13,18206.9,0.315939
v2,+3V3_SW,MPU6050,U2.13,18398.7,0.316491
v2,+3V3_SW,MPU6050,U2.13,18592.4,0.317055
v2,+3V3_SW,MPU6050,U2.13,18788.2,0.317631
v2,+3V3_SW,MPU6050,U2.13,18986.1,0.31822
v2,+3V3_SW,MPU6050,U2.13,19186,0.31882
v2,+3V3_SW,MPU6050,U2.13,19388,0.319433
v2,+3V3_SW,MPU6050,U2.13,19592.2,0.320059
v2,+3V3_SW,MPU6050,U2.13,19798.5,0.320698
v2,+3V3_SW,MPU6050,U2.13,20007,0.32135
v2,+3V3_SW,MPU6050,U2.13,20217.7,0.322016
v2,+3V3_SW,MPU6050,U2.13,20430.6,0.322695
v2,+3V3_SW,MPU6050,U2.13,20645.8,0.323388
v2,+3V3_SW,MPU6050,U2.13,20863.2,0.324096
v2,+3V3_SW,MPU6050,U2.13,21082.9,0.324818
v2,+3V3_SW,MPU6050,U2.13,21304.9,0.325555
v2,+3V3_SW,MPU6050,U2.13,21529.3,0.326308
v2,+3V3_SW,MPU6050,U2.13,21756,0.327075
v2,+3V3_SW,MPU6050,U2.13,21985.1,0.327858
v2,+3V3_SW,MPU6050,U2.13,22216.7,0.328656
v2,+3V3_SW,MPU6050,U2.13,22450.6,0.329471
v2,+3V3_SW,MPU6050,U2.13,22687,0.330302
v2,+3V3_SW,MPU6050,U2.13,22926,0.33115
v2,+3V3_SW,MPU6050,U2.13,23167.4,0.332014
v2,+3V3_SW,MPU6050,U2.13,23411.4,0.332895
v2,+3V3_SW,MPU6050,U2.13,23657.9,0.333794
v2,+3V3_SW,MPU6050,U2.13,23907,0.334709
v2,+3V3_SW,MPU6050,U2.13,24158.8,0.335643
v2,+3V3_SW,MPU6050,U2.13,24413.2,0.336594
v2,+3V3_SW,MPU6050,U2.13,24670.3,0.337564
v2,+3V3_SW,MPU6050,U2.13,24930.1,0.338552
v2,+3V3_SW,MPU6050,U2.13,25192.7,0.339558
v2,+3V3_SW,MPU6050,U2.13,25458,0.340582
v2,+3V3_SW,MPU6050,U2.13,25726,0.341626
v2,+3V3_SW,MPU6050,U2.13,25997,0.342688
v2,+3V3_SW,MPU6050,U2.13,26270.7,0.343769
v2,+3V3_SW,MPU6050,U2.13,26547.4,0.34487
v2,+3V3_SW,MPU6050,U2.13,26827,0.345989
v2,+3V3_SW,MPU6050,U2.13,27109.5,0.347127
v2,+3V3_SW,MPU6050,U2.13,27395,0.348285
v2,+3V3_SW,MPU6050,U2.13,27683.4,0.349462
v2,+3V3_SW,MPU6050,U2.13,27975,0.350658
v2,+3V3_SW,MPU6050,U2.13,28269.6,0.351872
v2,+3V3_SW,MPU6050,U2.13,28567.3,0.353106
v2,+3V3_SW,MPU6050,U2.13,28868.1,0.354358
v2,+3V3_SW,MPU6050,U2.13,29172.1,0.355628
v2,+3V3_SW,MPU6050,U2.13,29479.3,0.356917
v2,+3V3_SW,MPU6050,U2.13,29789.8,0.358223
v2,+3V3_SW,MPU6050,U2.13,30103.5,0.359547
v2,+3V3_SW,MPU6050,U2.13,30420.5,0.360887
v2,+3V3_SW,MPU6050,U2.13,30740.9,0.362244
v2,+3V3_SW,MPU6050,U2.13,31064.6,0.363616
v2,+3V3_SW,MPU6050,U2.13,31391.7,0.365003
v2,+3V3_SW,MPU6050,U2.13,31722.3,0.366404
v2,+3V3_SW,MPU6050,U2.13,32056.4,0.367819
v2,+3V3_SW,MPU6050,U2.13,32394,0.369245
v2,+3V3_SW,MPU6050,U2.13,32735.1,0.370683
v2,+3V3_SW,MPU6050,U2.13,33079.8,0.37213
v2,+3V3_SW,MPU6050,U2.13,33428.2,0.373585
v2,+3V3_SW,MPU6050,U2.13,33780.2,0.375048
v2,+3V3_SW,MPU6050,U2.13,34136,0.376515
v2,+3V3_SW,MPU6050,U2.13,34495.4,0.377986
v2,+3V3_SW,MPU6050,U2.13,34858.7,0.379459
v2,+3V3_SW,MPU6050,U2.13,35225.8,0.38093
v2,+3V3_SW,MPU6050,U2.13,35596.8,0.382398
v2,+3V3_SW,MPU6050,U2.13,35971.6,0.383861
v2,+3V3_SW,MPU6050,U2.13,36350.4,0.385315
v2,+3V3_SW,MPU6050,U2.13,36733.2,0.386758
v2,+3V3_SW,MPU6050,U2.13,37120.1,0.388186
v2,+3V3_SW,MPU6050,U2.13,37511,0.389597
v2,+3V3_SW,MPU6050,U2.13,37906,0.390986
v2,+3V3_SW,MPU6050,U2.13,38305.2,0.39235
v2,+3V3_SW,MPU6050,U2.13,38708.6,0.393684
v2,+3V3_SW,MPU6050,U2.13,39116.2,0.394985
v2,+3V3_SW,MPU6050,U2.13,39528.1,0.396248
v2,+3V3_SW,MPU6050,U2.13,39944.4,0.397468
v2,+3V3_SW,MPU6050,U2.13,40365,0.39864
v2,+3V3_SW,MPU6050,U2.13,40790.1,0.39976
v2,+3V3_SW,MPU6050,U2.13,41219.7,0.40082
v2,+3V3_SW,MPU6050,U2.13,41653.8,0.401817
v2,+3V3_SW,MPU6050,U2.13,42092.4,0.402744
v2,+3V3_SW,MPU6050,U2.13,42535.7,0.403596
v2,+3V3_SW,MPU6050,U2.13,42983.6,0.404365
v2,+3V3_SW,MPU6050,U2.13,43436.3,0.405047
v2,+3V3_SW,MPU6050,U2.13,43893.7,0.405634
v2,+3V3_SW,MPU6050,U2.13,44355.9,0.406121
v2,+3V3_SW,MPU6050,U2.13,44823,0.4065
v2,+3V3_SW,MPU6050,U2.13,45295.1,0.406767
v2,+3V3_SW,MPU6050,U2.13,45772.1,0.406913
v2,+3V3_SW,MPU6050,U2.13,46254.1,0.406935
v2,+3V3_SW,MPU6050,U2.13,46741.2,0.406825
v2,+3V3_SW,MPU6050,U2.13,47233.4,0.406578
v2,+3V3_SW,MPU6050,U2.13,47730.8,0.406189
v2,+3V3_SW,MPU6050,U2.13,48233.5,0.405652
v2,+3V3_SW,MPU6050,U2.13,48741.4,0.404963
v2,+3V3_SW,MPU6050,U2.13,49254.7,0.404119
v2,+3V3_SW,MPU6050,U2.13,49773.4,0.403115
v2,+3V3_SW,MPU6050,U2.13,50297.6,0.401949
v2,+3V3_SW,MPU6050,U2.13,50827.2,0.400618
v2,+3V3_SW,MPU6050,U2.13,51362.5,0.39912
v2,+3V3_SW,MPU6050,U2.13,51903.4,0.397455
v2,+3V3_SW,MPU6050,U2.13,52450,0.395623
v2,+3V3_SW,MPU6050,U2.13,53002.3,0.393624
v2,+3V3_SW,MPU6050,U2.13,53560.5,0.391459
v2,+3V3_SW,MPU6050,U2.13,54124.5,0.389131
v2,+3V3_SW,MPU6050,U2.13,54694.5,0.386642
v2,+3V3_SW,MPU6050,U2.13,55270.5,0.383996
v2,+3V3_SW,MPU6050,U2.13,55852.5,0.381198
v2,+3V3_SW,MPU6050,U2.13,56440.7,0.378252
v2,+3V3_SW,MPU6050,U2.13,57035.1,0.375164
v2,+3V3_SW,MPU6050,U2.13,57635.7,0.371941
v2,+3V3_SW,MPU6050,U2.13,58242.7,0.368589
v2,+3V3_SW,MPU6050,U2.13,58856,0.365115
v2,+3V3_SW,MPU6050,U2.13,59475.8,0.361528
v2,+3V3_SW,MPU6050,U2.13,60102.1,0.357835
v2,+3V3_SW,MPU6050,U2.13,60735.1,0.354044
v2,+3V3_SW,MPU6050,U2.13,61374.7,0.350165
v2,+3V3_SW,MPU6050,U2.13,62021,0.346206
v2,+3V3_SW,MPU6050,U2.13,62674.1,0.342175
v2,+3V3_SW,MPU6050,U2.13,63334.1,0.338082
v2,+3V3_SW,MPU6050,U2.13,64001.1,0.333935
v2,+3V3_SW,MPU6050,U2.13,64675.1,0.329742
v2,+3V3_SW,MPU6050,U2.13,65356.2,0.325512
v2,+3V3_SW,MPU6050,U2.13,66044.4,0.321253
v2,+3V3_SW,MPU6050,U2.13,66739.9,0.316973
v2,+3V3_SW,MPU6050,U2.13,67442.8,0.31268
v2,+3V3_SW,MPU6050,U2.13,68153,0.308381
v2,+3V3_SW,MPU6050,U2.13,68870.7,0.304082
v2,+3V3_SW,MPU6050,U2.13,69596,0.299791
v2,+3V3_SW,MPU6050,U2.13,70328.9,0.295514
v2,+3V3_SW,MPU6050,U2.13,71069.5,0.291255
v2,+3V3_SW,MPU6050,U2.13,71817.9,0.287022
v2,+3V3_SW,MPU6050,U2.13,72574.2,0.282818
v2,+3V3_SW,MPU6050,U2.13,73338.5,0.278649
v2,+3V3_SW,MPU6050,U2.13,74110.8,0.274519
v2,+3V3_SW,MPU6050,U2.13,74891.3,0.270431
v2,+3V3_SW,MPU6050,U2.13,75680,0.266389
v2,+3V3_SW,MPU6050,U2.13,76476.9,0.262396
v2,+3V3_SW,MPU6050,U2.13,77282.3,0.258455
v2,+3V3_SW,MPU6050,U2.13,78096.2,0.254569
v2,+3V3_SW,MPU6050,U2.13,78918.6,0.25074
v2,+3V3_SW,MPU6050,U2.13,79749.7,0.246968
v2,+3V3_SW,MPU6050,U2.13,80589.5,0.243258
v2,+3V3_SW,MPU6050,U2.13,81438.2,0.239608
v2,+3V3_SW,MPU6050,U2.13,82295.8,0.236021
v2,+3V3_SW,MPU6050,U2.13,83162.4,0.232498
v2,+3V3_SW,MPU6050,U2.13,84038.2,0.229039
v2,+3V3_SW,MPU6050,U2.13,84923.2,0.225645
v2,+3V3_SW,MPU6050,U2.13,85817.5,0.222316
v2,+3V3_SW,MPU6050,U2.13,86721.3,0.219052
v2,+3V3_SW,MPU6050,U2.13,87634.5,0.215853
v2,+3V3_SW,MPU6050,U2.13,88557.4,0.212719
v2,+3V3_SW,MPU6050,U2.13,89490,0.20965
v2,+3V3_SW,MPU6050,U2.13,90432.4,0.206646
v2,+3V3_SW,MPU6050,U2.13,91384.7,0.203706
v2,+3V3_SW,MPU6050,U2.13,92347.1,0.200829
v2,+3V3_SW,MPU6050,U2.13,93319.6,0.198015
v2,+3V3_SW,MPU6050,U2.13,94302.3,0.195263
v2,+3V3_SW,MPU6050,U2.13,95295.4,0.192573
v2,+3V3_SW,MPU6050,U2.13,96298.9,0.189944
v2,+3V3_SW,MPU6050,U2.13,97313,0.187374
v2,+3V3_SW,MPU6050,U2.13,98337.8,0.184863
v2,+3V3_SW,MPU6050,U2.13,99373.4,0.18241
v2,+3V3_SW,MPU6050,U2.13,100420,0.180014
v2,+3V3_SW,MPU6050,U2.13,101477,0.177674
v2,+3V3_SW,MPU6050,U2.13,102546,0.17539
v2,+3V3_SW,MPU6050,U2.13,103626,0.173159
v2,+3V3_SW,MPU6050,U2.13,104717,0.170982
v2,+3V3_SW,MPU6050,U2.13,105820,0.168856
v2,+3V3_SW,MPU6050,U2.13,106934,0.166782
v2,+3V3_SW,MPU6050,U2.13,108060,0.164757
v2,+3V3_SW,MPU6050,U2.13,109198,0.162782
v2,+3V3_SW,MPU6050,U2.13,110348,0.160854
v2,+3V3_SW,MPU6050,U2.13,111510,0.158974
v2,+3V3_SW,MPU6050,U2.13,112685,0.157139
v2,+3V3_SW,MPU6050,U2.13,113871,0.155349
v2,+3V3_SW,MPU6050,U2.13,115071,0.153604
v2,+3V3_SW,MPU6050,U2.13,116282,0.151901
v2,+3V3_SW,MPU6050,U2.13,117507,0.15024
v2,+3V3_SW,MPU6050,U2.13,118744,0.14862
v2,+3V3_SW,MPU6050,U2.13,119995,0.147041
v2,+3V3_SW,MPU6050,U2.13,121259,0.1455
v2,+3V3_SW,MPU6050,U2.13,122536,0.143998
v2,+3V3_SW,MPU6050,U2.13,123826,0.142533
v2,+3V3_SW,MPU6050,U2.13,125130,0.141105
v2,+3V3_SW,MPU6050,U2.13,126448,0.139712
v2,+3V3_SW,MPU6050,U2.13,127779,0.138355
v2,+3V3_SW,MPU6050,U2.13,129125,0.137031
v2,+3V3_SW,MPU6050,U2.13,130485,0.13574
v2,+3V3_SW,MPU6050,U2.13,131859,0.134482
v2,+3V3_SW,MPU6050,U2.13,133247,0.133256
v2,+3V3_SW,MPU6050,U2.13,134651,0.13206
v2,+3V3_SW,MPU6050,U2.13,136069,0.130894
v2,+3V3_SW,MPU6050,U2.13,137502,0.129758
v2,+3V3_SW,MPU6050,U2.13,138950,0.128651
v2,+3V3_SW,MPU6050,U2.13,140413,0.127572
v2,+3V3_SW,MPU6050,U2.13,141891,0.12652
v2,+3V3_SW,MPU6050,U2.13,143386,0.125494
v2,+3V3_SW,MPU6050,U2.13,144896,0.124495
v2,+3V3_SW,MPU6050,U2.13,146422,0.123522
v2,+3V3_SW,MPU6050,U2.13,147964,0.122573
v2,+3V3_SW,MPU6050,U2.13,149522,0.121648
v2,+3V3_SW,MPU6050,U2.13,151096,0.120747
v2,+3V3_SW,MPU6050,U2.13,152687,0.119869
v2,+3V3_SW,MPU6050,U2.13,154295,0.119014
v2,+3V3_SW,MPU6050,U2.13,155920,0.118181
v2,+3V3_SW,MPU6050,U2.13,157562,0.117369
v2,+3V3_SW,MPU6050,U2.13,159222,0.116579
v2,+3V3_SW,MPU6050,U2.13,160898,0.115808
v2,+3V3_SW,MPU6050,U2.13,162593,0.115058
v2,+3V3_SW,MPU6050,U2.13,164305,0.114328
v2,+3V3_SW,MPU6050,U2.13,166035,0.113617
v2,+3V3_SW,MPU6050,U2.13,167784,0.112924
v2,+3V3_SW,MPU6050,U2.13,169551,0.11225
v2,+3V3_SW,MPU6050,U2.13,171336,0.111593
v2,+3V3_SW,MPU6050,U2.13,173140,0.110954
v2,+3V3_SW,MPU6050,U2.13,174964,0.110332
v2,+3V3_SW,MPU6050,U2.13,176806,0.109727
v2,+3V3_SW,MPU6050,U2.13,178668,0.109138
v2,+3V3_SW,MPU6050,U2.13,180550,0.108565
v2,+3V3_SW,MPU6050,U2.13,182451,0.108008
v2,+3V3_SW,MPU6050,U2.13,184372,0.107466
v2,+3V3_SW,MPU6050,U2.13,186314,0.106939
v2,+3V3_SW,MPU6050,U2.13,188276,0.106427
v2,+3V3_SW,MPU6050,U2.13,190259,0.105929
v2,+3V3_SW,MPU6050,U2.13,192262,0.105445
v2,+3V3_SW,MPU6050,U2.13,194287,0.104975
v2,+3V3_SW,MPU6050,U2.13,196333,0.104519
v2,+3V3_SW,MPU6050,U2.13,198401,0.104076
v2,+3V3_SW,MPU6050,U2.13,200490,0.103646
v2,+3V3_SW,MPU6050,U2.13,202601,0.103229
v2,+3V3_SW,MPU6050,U2.13,204735,0.102824
v2,+3V3_SW,MPU6050,U2.13,206891,0.102432
v2,+3V3_SW,MPU6050,U2.13,209070,0.102052
v2,+3V3_SW,MPU6050,U2.13,211271,0.101684
v2,+3V3_SW,MPU6050,U2.13,213496,0.101327
v2,+3V3_SW,MPU6050,U2.13,215745,0.100983
v2,+3V3_SW,MPU6050,U2.13,218017,0.100649
v2,+3V3_SW,MPU6050,U2.13,220312,0.100328
v2,+3V3_SW,MPU6050,U2.13,222633,0.100017
v2,+3V3_SW,MPU6050,U2.13,224977,0.0997174
v2,+3V3_SW,MPU6050,U2.13,227346,0.0994288
v2,+3V3_SW,MPU6050,U2.13,229740,0.0991512
v2,+3V3_SW,MPU6050,U2.13,232160,0.0988844
v2,+3V3_SW,MPU6050,U2.13,234605,0.0986285
v2,+3V3_SW,MPU6050,U2.13,237075,0.0983834
v2,+3V3_SW,MPU6050,U2.13,239572,0.0981492
v2,+3V3_SW,MPU6050,U2.13,242095,0.0979258
v2,+3V3_SW,MPU6050,U2.13,244644,0.0977134
v2,+3V3_SW,MPU6050,U2.13,247221,0.0975122
v2,+3V3_SW,MPU6050,U2.13,249824,0.0973222
v2,+3V3_SW,MPU6050,U2.13,252455,0.0971438
v2,+3V3_SW,MPU6050,U2.13,255113,0.0969772
v2,+3V3_SW,MPU6050,U2.13,257800,0.0968229
v2,+3V3_SW,MPU6050,U2.13,260515,0.0966815
v2,+3V3_SW,MPU6050,U2.13,263258,0.0965534
v2,+3V3_SW,MPU6050,U2.13,266031,0.0964396
v2,+3V3_SW,MPU6050,U2.13,268832,0.0963411
v2,+3V3_SW,MPU6050,U2.13,271663,0.0962591
v2,+3V3_SW,MPU6050,U2.13,274524,0.0961953
v2,+3V3_SW,MPU6050,U2.13,277415,0.0961516
v2,+3V3_SW,MPU6050,U2.13,280337,0.0961307
v2,+3V3_SW,MPU6050,U2.13,283289,0.0961357
v2,+3V3_SW,MPU6050,U2.13,286272,0.0961708
v2,+3V3_SW,MPU6050,U2.13,289287,0.0962413
v2,+3V3_SW,MPU6050,U2.13,292333,0.0963539
v2,+3V3_SW,MPU6050,U2.13,295412,0.0965171
v2,+3V3_SW,MPU6050,U2.13,298523,0.096742
v2,+3V3_SW,MPU6050,U2.13,301666,0.0970421
v2,+3V3_SW,MPU6050,U2.13,304843,0.0974341
v2,+3V3_SW,MPU6050,U2.13,308053,0.0979367
v2,+3V3_SW,MPU6050,U2.13,311297,0.0985685
v2,+3V3_SW,MPU6050,U2.13,314576,0.099342
v2,+3V3_SW,MPU6050,U2.13,317888,0.100251
v2,+3V3_SW,MPU6050,U2.13,321236,0.101252
v2,+3V3_SW,MPU6050,U2.13,324619,0.102242
v2,+3V3_SW,MPU6050,U2.13,328038,0.103058
v2,+3V3_SW,MPU6050,U2.13,331492,0.103521
v2,+3V3_SW,MPU6050,U2.13,334983,0.103525
v2,+3V3_SW,MPU6050,U2.13,338511,0.1031
v2,+3V3_SW,MPU6050,U2.13,342075,0.102384
v2,+3V3_SW,MPU6050,U2.13,345678,0.101545
v2,+3V3_SW,MPU6050,U2.13,349318,0.100713
v2,+3V3_SW,MPU6050,U2.13,352997,0.0999621
v2,+3V3_SW,MPU6050,U2.13,356714,0.099322
v2,+3V3_SW,MPU6050,U2.13,360471,0.0987957
v2,+3V3_SW,MPU6050,U2.13,364267,0.0983744
v2,+3V3_SW,MPU6050,U2.13,368103,0.0980446
v2,+3V3_SW,MPU6050,U2.13,371979,0.097793
v2,+3V3_SW,MPU6050,U2.13,375896,0.0976074
v2,+3V3_SW,MPU6050,U2.13,379855,0.0974776
v2,+3V3_SW,MPU6050,U2.13,383855,0.0973954
v2,+3V3_SW,MPU6050,U2.13,387898,0.097354
v2,+3V3_SW,MPU6050,U2.13,391982,0.0973481
v2,+3V3_SW,MPU6050,U2.13,396110,0.0973735
v2,+3V3_SW,MPU6050,U2.13,400282,0.0974268
v2,+3V3_SW,MPU6050,U2.13,404497,0.0975054
v2,+3V3_SW,MPU6050,U2.13,408757,0.0976072
v2,+3V3_SW,MPU6050,U2.13,413061,0.0977305
v2,+3V3_SW,MPU6050,U2.13,417411,0.097874
v2,+3V3_SW,MPU6050,U2.13,421807,0.0980369
v2,+3V3_SW,MPU6050,U2.13,426249,0.0982182
v2,+3V3_SW,MPU6050,U2.13,430738,0.0984175
v2,+3V3_SW,MPU6050,U2.13,435274,0.0986343
v2,+3V3_SW,MPU6050,U2.13,439858,0.0988683
v2,+3V3_SW,MPU6050,U2.13,444490,0.0991196
v2,+3V3_SW,MPU6050,U2.13,449171,0.0993879
v2,+3V3_SW,MPU6050,U2.13,453901,0.0996733
v2,+3V3_SW,MPU6050,U2.13,458681,0.099976
v2,+3V3_SW,MPU6050,U2.13,463511,0.100296
v2,+3V3_SW,MPU6050,U2.13,468392,0.100634
v2,+3V3_SW,MPU6050,U2.13,473325,0.10099
v2,+3V3_SW,MPU6050,U2.13,478309,0.101364
v2,+3V3_SW,MPU6050,U2.13,483346,0.101758
v2,+3V3_SW,MPU6050,U2.13,488436,0.10217
v2,+3V3_SW,MPU6050,U2.13,493580,0.102603
v2,+3V3_SW,MPU6050,U2.13,498778,0.103056
v2,+3V3_SW,MPU6050,U2.13,504030,0.10353
v2,+3V3_SW,MPU6050,U2.13,509338,0.104026
v2,+3V3_SW,MPU6050,U2.13,514702,0.104545
v2,+3V3_SW,MPU6050,U2.13,520122,0.105088
v2,+3V3_SW,MPU6050,U2.13,525600,0.105655
v2,+3V3_SW,MPU6050,U2.13,531135,0.106247
v2,+3V3_SW,MPU6050,U2.13,536728,0.106866
v2,+3V3_SW,MPU6050,U2.13,542380,0.107512
v2,+3V3_SW,MPU6050,U2.13,548092,0.108188
v2,+3V3_SW,MPU6050,U2.13,553864,0.108893
v2,+3V3_SW,MPU6050,U2.13,559697,0.10963
v2,+3V3_SW,MPU6050,U2.13,565591,0.110399
v2,+3V3_SW,MPU6050,U2.13,571547,0.111204
v2,+3V3_SW,MPU6050,U2.13,577566,0.112044
v2,+3V3_SW,MPU6050,U2.13,583648,0.112923
v2,+3V3_SW,MPU6050,U2.13,589794,0.113841
v2,+3V3_SW,MPU6050,U2.13,596005,0.114802
v2,+3V3_SW,MPU6050,U2.13,602282,0.115807
v2,+3V3_SW,MPU6050,U2.13,608624,0.116858
v2,+3V3_SW,MPU6050,U2.13,615034,0.117959
v2,+3V3_SW,MPU6050,U2.13,621511,0.119112
v2,+3V3_SW,MPU6050,U2.13,628056,0.12032
v2,+3V3_SW,MPU6050,U2.13,634670,0.121587
v2,+3V3_SW,MPU6050,U2.13,641353,0.122915
v2,+3V3_SW,MPU6050,U2.13,648107,0.12431
v2,+3V3_SW,MPU6050,U2.13,654933,0.125774
v2,+3V3_SW,MPU6050,U2.13,661830,0.127312
v2,+3V3_SW,MPU6050,U2.13,668799,0.12893
v2,+3V3_SW,MPU6050,U2.13,675842,0.130632
v2,+3V3_SW,MPU6050,U2.13,682959,0.132424
v2,+3V3_SW,MPU6050,U2.13,690152,0.134313
v2,+3V3_SW,MPU6050,U2.13,697419,0.136305
v2,+3V3_SW,MPU6050,U2.13,704764,0.138409
v2,+3V3_SW,MPU6050,U2.13,712186,0.140631
v2,+3V3_SW,MPU6050,U2.13,719686,0.142982
v2,+3V3_SW,MPU6050,U2.13,727265,0.145471
v2,+3V3_SW,MPU6050,U2.13,734923,0.148109
v2,+3V3_SW,MPU6050,U2.13,742663,0.150909
v2,+3V3_SW,MPU6050,U2.13,750484,0.153885
v2,+3V3_SW,MPU6050,U2.13,758387,0.15705
v2,+3V3_SW,MPU6050,U2.13,766373,0.160423
v2,+3V3_SW,MPU6050,U2.13,774444,0.164021
v2,+3V3_SW,MPU6050,U2.13,782600,0.167866
v2,+3V3_SW,MPU6050,U2.13,790841,0.171982
v2,+3V3_SW,MPU6050,U2.13,799169,0.176396
v2,+3V3_SW,MPU6050,U2.13,807585,0.181136
v2,+3V3_SW,MPU6050,U2.13,816090,0.186239
v2,+3V3_SW,MPU6050,U2.13,824684,0.191742
v2,+3V3_SW,MPU6050,U2.13,833369,0.197691
v2,+3V3_SW,MPU6050,U2.13,842145,0.204136
v2,+3V3_SW,MPU6050,U2.13,851013,0.211137
v2,+3V3_SW,MPU6050,U2.13,859975,0.218761
v2,+3V3_SW,MPU6050,U2.13,869031,0.227088
v2,+3V3_SW,MPU6050,U2.13,878183,0.23621
v2,+3V3_SW,MPU6050,U2.13,887431,0.246235
v2,+3V3_SW,MPU6050,U2.13,896777,0.257291
v2,+3V3_SW,MPU6050,U2.13,906220,0.269526
v2,+3V3_SW,MPU6050,U2.13,915764,0.283118
v2,+3V3_SW,MPU6050,U2.13,925408,0.298279
v2,+3V3_SW,MPU6050,U2.13,935153,0.315256
v2,+3V3_SW,MPU6050,U2.13,945001,0.334347
v2,+3V3_SW,MPU6050,U2.13,954953,0.355899
v2,+3V3_SW,MPU6050,U2.13,965009,0.380317
v2,+3V3_SW,MPU6050,U2.13,975171,0.408063
v2,+3V3_SW,MPU6050,U2.13,985441,0.439631
v2,+3V3_SW,MPU6050,U2.13,995818,0.475507
v2,+3V3_SW,MPU6050,U2.13,1.00631e+06,0.516053
v2,+3V3_SW,MPU6050,U2.13,1.0169e+06,0.561286
v2,+3V3_SW,MPU6050,U2.13,1.02761e+06,0.610477
v2,+3V3_SW,MPU6050,U2.13,1.03843e+06,0.661532
v2,+3V3_SW,MPU6050,U2.13,1.04937e+06,0.710266
v2,+3V3_SW,MPU6050,U2.13,1.06042e+06,0.75013
v2,+3V3_SW,MPU6050,U2.13,1.07159e+06,0.773383
v2,+3V3_SW,MPU6050,U2.13,1.08287e+06,0.774228
v2,+3V3_SW,MPU6050,U2.13,1.09428e+06,0.75214
v2,+3V3_SW,MPU6050,U2.13,1.1058e+06,0.712236
v2,+3V3_SW,MPU6050,U2.13,1.11744e+06,0.662284
v2,+3V3_SW,MPU6050,U2.13,1.12921e+06,0.60928
v2,+3V3_SW,MPU6050,U2.13,1.1411e+06,0.557877
v2,+3V3_SW,MPU6050,U2.13,1.15312e+06,0.510488
v2,+3V3_SW,MPU6050,U2.13,1.16526e+06,0.468
v2,+3V3_SW,MPU6050,U2.13,1.17753e+06,0.430449
v2,+3V3_SW,MPU6050,U2.13,1.18993e+06,0.397473
v2,+3V3_SW,MPU6050,U2.13,1.20247e+06,0.368563
v2,+3V3_SW,MPU6050,U2.13,1.21513e+06,0.343188
v2,+3V3_SW,MPU6050,U2.13,1.22793e+06,0.320858
v2,+3V3_SW,MPU6050,U2.13,1.24086e+06,0.301138
v2,+3V3_SW,MPU6050,U2.13,1.25392e+06,0.283655
v2,+3V3_SW,MPU6050,U2.13,1.26713e+06,0.268094
v2,+3V3_SW,MPU6050,U2.13,1.28047e+06,0.254189
v2,+3V3_SW,MPU6050,U2.13,1.29396e+06,0.241714
v2,+3V3_SW,MPU6050,U2.13,1.30758e+06,0.230483
v2,+3V3_SW,MPU6050,U2.13,1.32135e+06,0.220337
v2,+3V3_SW,MPU6050,U2.13,1.33527e+06,0.21114
v2,+3V3_SW,MPU6050,U2.13,1.34933e+06,0.202779
v2,+3V3_SW,MPU6050,U2.13,1.36354e+06,0.195157
v2,+3V3_SW,MPU6050,U2.13,1.3779e+06,0.18819
v2,+3V3_SW,MPU6050,U2.13,1.39241e+06,0.181806
v2,+3V3_SW,MPU6050,U2.13,1.40707e+06,0.175944
v2,+3V3_SW,MPU6050,U2.13,1.42189e+06,0.170551
v2,+3V3_SW,MPU6050,U2.13,1.43686e+06,0.165579
v2,+3V3_SW,MPU6050,U2.13,1.452e+06,0.160987
v2,+3V3_SW,MPU6050,U2.13,1.46729e+06,0.15674
v2,+3V3_SW,MPU6050,U2.13,1.48274e+06,0.152806
v2,+3V3_SW,MPU6050,U2.13,1.49835e+06,0.149158
v2,+3V3_SW,MPU6050,U2.13,1.51413e+06,0.14577
v2,+3V3_SW,MPU6050,U2.13,1.53008e+06,0.142621
v2,+3V3_SW,MPU6050,U2.13,1.54619e+06,0.139691
v2,+3V3_SW,MPU6050,U2.13,1.56247e+06,0.136963
v2,+3V3_SW,MPU6050,U2.13,1.57893e+06,0.134421
v2,+3V3_SW,MPU6050,U2.13,1.59555e+06,0.13205
v2,+3V3_SW,MPU6050,U2.13,1.61236e+06,0.129839
v2,+3V3_SW,MPU6050,U2.13,1.62934e+06,0.127776
v2,+3V3_SW,MPU6050,U2.13,1.6465e+06,0.12585
v2,+3V3_SW,MPU6050,U2.13,1.66383e+06,0.124052
v2,+3V3_SW,MPU6050,U2.13,1.68136e+06,0.122373
v2,+3V3_SW,MPU6050,U2.13,1.69906e+06,0.120807
v2,+3V3_SW,MPU6050,U2.13,1.71695e+06,0.119344
v2,+3V3_SW,MPU6050,U2.13,1.73504e+06,0.11798
v2,+3V3_SW,MPU6050,U2.13,1.75331e+06,0.116708
v2,+3V3_SW,MPU6050,U2.13,1.77177e+06,0.115523
v2,+3V3_SW,MPU6050,U2.13,1.79043e+06,0.11442
v2,+3V3_SW,MPU6050,U2.13,1.80928e+06,0.113394
v2,+3V3_SW,MPU6050,U2.13,1.82834e+06,0.112441
v2,+3V3_SW,MPU6050,U2.13,1.84759e+06,0.111558
v2,+3V3_SW,MPU6050,U2.13,1.86705e+06,0.11074
v2,+3V3_SW,MPU6050,U2.13,1.88671e+06,0.109985
v2,+3V3_SW,MPU6050,U2.13,1.90658e+06,0.109288
v2,+3V3_SW,MPU6050,U2.13,1.92666e+06,0.108649
v2,+3V3_SW,MPU6050,U2.13,1.94695e+06,0.108063
v2,+3V3_SW,MPU6050,U2.13,1.96745e+06,0.107528
v2,+3V3_SW,MPU6050,U2.13,1.98817e+06,0.107041
v2,+3V3_SW,MPU6050,U2.13,2.00911e+06,0.1066
v2,+3V3_SW,MPU6050,U2.13,2.03026e+06,0.106202
v2,+3V3_SW,MPU6050,U2.13,2.05164e+06,0.105844
v2,+3V3_SW,MPU6050,U2.13,2.07325e+06,0.105522
v2,+3V3_SW,MPU6050,U2.13,2.09508e+06,0.105231
v2,+3V3_SW,MPU6050,U2.13,2.11715e+06,0.104964
v2,+3V3_SW,MPU6050,U2.13,2.13944e+06,0.104712
v2,+3V3_SW,MPU6050,U2.13,2.16197e+06,0.104458
v2,+3V3_SW,MPU6050,U2.13,2.18474e+06,0.104175
v2,+3V3_SW,MPU6050,U2.13,2.20775e+06,0.103819
v2,+3V3_SW,MPU6050,U2.13,2.231e+06,0.103312
v2,+3V3_SW,MPU6050,U2.13,2.25449e+06,0.102556
v2,+3V3_SW,MPU6050,U2.13,2.27823e+06,0.101533
v2,+3V3_SW,MPU6050,U2.13,2.30222e+06,0.100655
v2,+3V3_SW,MPU6050,U2.13,2.32647e+06,0.100728
v2,+3V3_SW,MPU6050,U2.13,2.35097e+06,0.101725
v2,+3V3_SW,MPU6050,U2.13,2.37573e+06,0.102908
v2,+3V3_SW,MPU6050,U2.13,2.40074e+06,0.103923
v2,+3V3_SW,MPU6050,U2.13,2.42603e+06,0.104761
v2,+3V3_SW,MPU6050,U2.13,2.45157e+06,0.105489
v2,+3V3_SW,MPU6050,U2.13,2.47739e+06,0.106165
v2,+3V3_SW,MPU6050,U2.13,2.50348e+06,0.106827
v2,+3V3_SW,MPU6050,U2.13,2.52984e+06,0.107504
v2,+3V3_SW,MPU6050,U2.13,2.55649e+06,0.108214
v2,+3V3_SW,MPU6050,U2.13,2.58341e+06,0.108973
v2,+3V3_SW,MPU6050,U2.13,2.61061e+06,0.109794
v2,+3V3_SW,MPU6050,U2.13,2.63811e+06,0.110692
v2,+3V3_SW,MPU6050,U2.13,2.66589e+06,0.111681
v2,+3V3_SW,MPU6050,U2.13,2.69396e+06,0.112778
v2,+3V3_SW,MPU6050,U2.13,2.72233e+06,0.114004
v2,+3V3_SW,MPU6050,U2.13,2.751e+06,0.115382
v2,+3V3_SW,MPU6050,U2.13,2.77997e+06,0.116946
v2,+3V3_SW,MPU6050,U2.13,2.80925e+06,0.118736
v2,+3V3_SW,MPU6050,U2.13,2.83883e+06,0.120803
v2,+3V3_SW,MPU6050,U2.13,2.86872e+06,0.123215
v2,+3V3_SW,MPU6050,U2.13,2.89893e+06,0.126056
v2,+3V3_SW,MPU6050,U2.13,2.92946e+06,0.129426
v2,+3V3_SW,MPU6050,U2.13,2.96031e+06,0.133429
v2,+3V3_SW,MPU6050,U2.13,2.99149e+06,0.138122
v2,+3V3_SW,MPU6050,U2.13,3.02299e+06,0.143367
v2,+3V3_SW,MPU6050,U2.13,3.05483e+06,0.148481
v2,+3V3_SW,MPU6050,U2.13,3.087e+06,0.151686
v2,+3V3_SW,MPU6050,U2.13,3.1195e+06,0.150143
v2,+3V3_SW,MPU6050,U2.13,3.15236e+06,0.142336
v2,+3V3_SW,MPU6050,U2.13,3.18555e+06,0.130943
v2,+3V3_SW,MPU6050,U2.13,3.2191e+06,0.120454
v2,+3V3_SW,MPU6050,U2.13,3.253e+06,0.113104
v2,+3V3_SW,MPU6050,U2.13,3.28726e+06,0.108788
v2,+3V3_SW,MPU6050,U2.13,3.32187e+06,0.106629
v2,+3V3_SW,MPU6050,U2.13,3.35686e+06,0.105828
v2,+3V3_SW,MPU6050,U2.13,3.39221e+06,0.105844
v2,+3V3_SW,MPU6050,U2.13,3.42793e+06,0.106348
v2,+3V3_SW,MPU6050,U2.13,3.46403e+06,0.107143
v2,+3V3_SW,MPU6050,U2.13,3.50051e+06,0.108115
v2,+3V3_SW,MPU6050,U2.13,3.53737e+06,0.109198
v2,+3V3_SW,MPU6050,U2.13,3.57462e+06,0.110351
v2,+3V3_SW,MPU6050,U2.13,3.61227e+06,0.111552
v2,+3V3_SW,MPU6050,U2.13,3.65031e+06,0.112786
v2,+3V3_SW,MPU6050,U2.13,3.68875e+06,0.114046
v2,+3V3_SW,MPU6050,U2.13,3.72759e+06,0.115327
v2,+3V3_SW,MPU6050,U2.13,3.76685e+06,0.116628
v2,+3V3_SW,MPU6050,U2.13,3.80652e+06,0.117948
v2,+3V3_SW,MPU6050,U2.13,3.8466e+06,0.119287
v2,+3V3_SW,MPU6050,U2.13,3.88711e+06,0.120645
v2,+3V3_SW,MPU6050,U2.13,3.92805e+06,0.122024
v2,+3V3_SW,MPU6050,U2.13,3.96941e+06,0.123425
v2,+3V3_SW,MPU6050,U2.13,4.01121e+06,0.124849
v2,+3V3_SW,MPU6050,U2.13,4.05345e+06,0.126298
v2,+3V3_SW,MPU6050,U2.13,4.09614e+06,0.127772
v2,+3V3_SW,MPU6050,U2.13,4.13928e+06,0.129274
v2,+3V3_SW,MPU6050,U2.13,4.18287e+06,0.130804
v2,+3V3_SW,MPU6050,U2.13,4.22692e+06,0.132363
v2,+3V3_SW,MPU6050,U2.13,4.27143e+06,0.133953
v2,+3V3_SW,MPU6050,U2.13,4.31641e+06,0.135576
v2,+3V3_SW,MPU6050,U2.13,4.36187e+06,0.137231
v2,+3V3_SW,MPU6050,U2.13,4.4078e+06,0.13892
v2,+3V3_SW,MPU6050,U2.13,4.45422e+06,0.140644
v2,+3V3_SW,MPU6050,U2.13,4.50113e+06,0.142404
v2,+3V3_SW,MPU6050,U2.13,4.54853e+06,0.1442
v2,+3V3_SW,MPU6050,U2.13,4.59643e+06,0.146033
v2,+3V3_SW,MPU6050,U2.13,4.64483e+06,0.147903
v2,+3V3_SW,MPU6050,U2.13,4.69375e+06,0.14981
v2,+3V3_SW,MPU6050,U2.13,4.74318e+06,0.151753
v2,+3V3_SW,MPU6050,U2.13,4.79312e+06,0.153734
v2,+3V3_SW,MPU6050,U2.13,4.8436e+06,0.15575
v2,+3V3_SW,MPU6050,U2.13,4.89461e+06,0.157801
v2,+3V3_SW,MPU6050,U2.13,4.94615e+06,0.159885
v2,+3V3_SW,MPU6050,U2.13,4.99824e+06,0.162
v2,+3V3_SW,MPU6050,U2.13,5.05088e+06,0.164143
v2,+3V3_SW,MPU6050,U2.13,5.10407e+06,0.166311
v2,+3V3_SW,MPU6050,U2.13,5.15782e+06,0.168499
v2,+3V3_SW,MPU6050,U2.13,5.21213e+06,0.170703
v2,+3V3_SW,MPU6050,U2.13,5.26702e+06,0.172915
v2,+3V3_SW,MPU6050,U2.13,5.32249e+06,0.175129
v2,+3V3_SW,MPU6050,U2.13,5.37854e+06,0.177336
v2,+3V3_SW,MPU6050,U2.13,5.43518e+06,0.179525
v2,+3V3_SW,MPU6050,U2.13,5.49242e+06,0.181685
v2,+3V3_SW,MPU6050,U2.13,5.55026e+06,0.183801
v2,+3V3_SW,MPU6050,U2.13,5.60871e+06,0.185858
v2,+3V3_SW,MPU6050,U2.13,5.66777e+06,0.187838
v2,+3V3_SW,MPU6050,U2.13,5.72746e+06,0.189719
v2,+3V3_SW,MPU6050,U2.13,5.78777e+06,0.191481
v2,+3V3_SW,MPU6050,U2.13,5.84872e+06,0.193098
v2,+3V3_SW,MPU6050,U2.13,5.91031e+06,0.194542
v2,+3V3_SW,MPU6050,U2.13,5.97255e+06,0.195785
v2,+3V3_SW,MPU6050,U2.13,6.03545e+06,0.196796
v2,+3V3_SW,MPU6050,U2.13,6.09901e+06,0.197544
v2,+3V3_SW,MPU6050,U2.13,6.16324e+06,0.197994
v2,+3V3_SW,MPU6050,U2.13,6.22814e+06,0.198117
v2,+3V3_SW,MPU6050,U2.13,6.29373e+06,0.19788
v2,+3V3_SW,MPU6050,U2.13,6.36001e+06,0.197255
v2,+3V3_SW,MPU6050,U2.13,6.42698e+06,0.196217
v2,+3V3_SW,MPU6050,U2.13,6.49467e+06,0.194747
v2,+3V3_SW,MPU6050,U2.13,6.56306e+06,0.19283
v2,+3V3_SW,MPU6050,U2.13,6.63218e+06,0.190458
v2,+3V3_SW,MPU6050,U2.13,6.70202e+06,0.187632
v2,+3V3_SW,MPU6050,U2.13,6.7726e+06,0.184361
v2,+3V3_SW,MPU6050,U2.13,6.84392e+06,0.18066
v2,+3V3_SW,MPU6050,U2.13,6.91599e+06,0.176554
v2,+3V3_SW,MPU6050,U2.13,6.98882e+06,0.172073
v2,+3V3_SW,MPU6050,U2.13,7.06242e+06,0.167253
v2,+3V3_SW,MPU6050,U2.13,7.13679e+06,0.162137
v2,+3V3_SW,MPU6050,U2.13,7.21195e+06,0.156767
v2,+3V3_SW,MPU6050,U2.13,7.2879e+06,0.151189
v2,+3V3_SW,MPU6050,U2.13,7.36465e+06,0.145448
v2,+3V3_SW,MPU6050,U2.13,7.4422e+06,0.13959
v2,+3V3_SW,MPU6050,U2.13,7.52058e+06,0.133656
v2,+3V3_SW,MPU6050,U2.13,7.59977e+06,0.127686
v2,+3V3_SW,MPU6050,U2.13,7.67981e+06,0.121715
v2,+3V3_SW,MPU6050,U2.13,7.76068e+06,0.115776
v2,+3V3_SW,MPU6050,U2.13,7.84241e+06,0.109898
v2,+3V3_SW,MPU6050,U2.13,7.925e+06,0.104104
v2,+3V3_SW,MPU6050,U2.13,8.00845e+06,0.0984172
v2,+3V3_SW,MPU6050,U2.13,8.09279e+06,0.092854
v2,+3V3_SW,MPU6050,U2.13,8.17801e+06,0.0874301
v2,+3V3_SW,MPU6050,U2.13,8.26414e+06,0.0821583
v2,+3V3_SW,MPU6050,U2.13,8.35116e+06,0.0770497
v2,+3V3_SW,MPU6050,U2.13,8.43911e+06,0.072114
v2,+3V3_SW,MPU6050,U2.13,8.52798e+06,0.0673601
v2,+3V3_SW,MPU6050,U2.13,8.61779e+06,0.0627968
v2,+3V3_SW,MPU6050,U2.13,8.70854e+06,0.0584334
v2,+3V3_SW,MPU6050,U2.13,8.80025e+06,0.0542801
v2,+3V3_SW,MPU6050,U2.13,8.89292e+06,0.0503492
v2,+3V3_SW,MPU6050,U2.13,8.98657e+06,0.0466552
v2,+3V3_SW,MPU6050,U2.13,9.08121e+06,0.0432163
v2,+3V3_SW,MPU6050,U2.13,9.17684e+06,0.0400547
v2,+3V3_SW,MPU6050,U2.13,9.27348e+06,0.0371968
v2,+3V3_SW,MPU6050,U2.13,9.37114e+06,0.0346738
v2,+3V3_SW,MPU6050,U2.13,9.46983e+06,0.0325197
v2,+3V3_SW,MPU6050,U2.13,9.56955e+06,0.0307695
v2,+3V3_SW,MPU6050,U2.13,9.67033e+06,0.029454
v2,+3V3_SW,MPU6050,U2.13,9.77217e+06,0.0285941
v2,+3V3_SW,MPU6050,U2.13,9.87508e+06,0.0281953
v2,+3V3_SW,MPU6050,U2.13,9.97907e+06,0.0282442
v2,+3V3_SW,MPU6050,U2.13,1.00842e+07,0.0287088
v2,+3V3_SW,MPU6050,U2.13,1.01904e+07,0.0295431
v2,+3V3_SW,MPU6050,U2.13,1.02977e+07,0.0306943
v2,+3V3_SW,MPU6050,U2.13,1.04061e+07,0.0321082
v2,+3V3_SW,MPU6050,U2.13,1.05157e+07,0.0337347
v2,+3V3_SW,MPU6050,U2.13,1.06264e+07,0.0355299
v2,+3V3_SW,MPU6050,U2.13,1.07383e+07,0.0374569
v2,+3V3_SW,MPU6050,U2.13,1.08514e+07,0.0394855
v2,+3V3_SW,MPU6050,U2.13,1.09657e+07,0.0415917
v2,+3V3_SW,MPU6050,U2.13,1.10812e+07,0.0437563
v2,+3V3_SW,MPU6050,U2.13,1.11979e+07,0.0459645
v2,+3V3_SW,MPU6050,U2.13,1.13158e+07,0.0482044
v2,+3V3_SW,MPU6050,U2.13,1.1435e+07,0.050467
v2,+3V3_SW,MPU6050,U2.13,1.15554e+07,0.0527452
v2,+3V3_SW,MPU6050,U2.13,1.16771e+07,0.0550336
v2,+3V3_SW,MPU6050,U2.13,1.18e+07,0.0573279
v2,+3V3_SW,MPU6050,U2.13,1.19243e+07,0.0596251
v2,+3V3_SW,MPU6050,U2.13,1.20499e+07,0.0619226
v2,+3V3_SW,MPU6050,U2.13,1.21768e+07,0.0642188
v2,+3V3_SW,MPU6050,U2.13,1.2305e+07,0.0665122
v2,+3V3_SW,MPU6050,U2.13,1.24346e+07,0.0688022
v2,+3V3_SW,MPU6050,U2.13,1.25655e+07,0.071088
v2,+3V3_SW,MPU6050,U2.13,1.26979e+07,0.0733694
v2,+3V3_SW,MPU6050,U2.13,1.28316e+07,0.0756463
v2,+3V3_SW,MPU6050,U2.13,1.29667e+07,0.0779186
v2,+3V3_SW,MPU6050,U2.13,1.31033e+07,0.0801865
v2,+3V3_SW,MPU6050,U2.13,1.32413e+07,0.0824503
v2,+3V3_SW,MPU6050,U2.13,1.33807e+07,0.0847103
v2,+3V3_SW,MPU6050,U2.13,1.35216e+07,0.0869669
v2,+3V3_SW,MPU6050,U2.13,1.3664e+07,0.0892206
v2,+3V3_SW,MPU6050,U2.13,1.38079e+07,0.0914718
v2,+3V3_SW,MPU6050,U2.13,1.39533e+07,0.0937211
v2,+3V3_SW,MPU6050,U2.13,1.41002e+07,0.095969
v2,+3V3_SW,MPU6050,U2.13,1.42487e+07,0.0982161
v2,+3V3_SW,MPU6050,U2.13,1.43988e+07,0.100463
v2,+3V3_SW,MPU6050,U2.13,1.45504e+07,0.10271
v2,+3V3_SW,MPU6050,U2.13,1.47036e+07,0.104958
v2,+3V3_SW,MPU6050,U2.13,1.48585e+07,0.107207
v2,+3V3_SW,MPU6050,U2.13,1.5015e+07,0.109458
v2,+3V3_SW,MPU6050,U2.13,1.51731e+07,0.111712
v2,+3V3_SW,MPU6050,U2.13,1.53329e+07,0.113969
v2,+3V3_SW,MPU6050,U2.13,1.54943e+07,0.116229
v2,+3V3_SW,MPU6050,U2.13,1.56575e+07,0.118494
v2,+3V3_SW,MPU6050,U2.13,1.58224e+07,0.120764
v2,+3V3_SW,MPU6050,U2.13,1.5989e+07,0.123039
v2,+3V3_SW,MPU6050,U2.13,1.61574e+07,0.125319
v2,+3V3_SW,MPU6050,U2.13,1.63275e+07,0.127606
v2,+3V3_SW,MPU6050,U2.13,1.64995e+07,0.1299
v2,+3V3_SW,MPU6050,U2.13,1.66732e+07,0.132202
v2,+3V3_SW,MPU6050,U2.13,1.68488e+07,0.134511
v2,+3V3_SW,MPU6050,U2.13,1.70263e+07,0.136829
v2,+3V3_SW,MPU6050,U2.13,1.72056e+07,0.139155
v2,+3V3_SW,MPU6050,U2.13,1.73867e+07,0.141491
v2,+3V3_SW,MPU6050,U2.13,1.75698e+07,0.143837
v2,+3V3_SW,MPU6050,U2.13,1.77549e+07,0.146194
v2,+3V3_SW,MPU6050,U2.13,1.79418e+07,0.148561
v2,+3V3_SW,MPU6050,U2.13,1.81308e+07,0.150939
v2,+3V3_SW,MPU6050,U2.13,1.83217e+07,0.153329
v2,+3V3_SW,MPU6050,U2.13,1.85147e+07,0.155731
v2,+3V3_SW,MPU6050,U2.13,1.87096e+07,0.158146
v2,+3V3_SW,MPU6050,U2.13,1.89067e+07,0.160574
v2,+3V3_SW,MPU6050,U2.13,1.91058e+07,0.163015
v2,+3V3_SW,MPU6050,U2.13,1.9307e+07,0.165471
v2,+3V3_SW,MPU6050,U2.13,1.95103e+07,0.16794
v2,+3V3_SW,MPU6050,U2.13,1.97158e+07,0.170425
v2,+3V3_SW,MPU6050,U2.13,1.99234e+07,0.172925
v2,+3V3_SW,MPU6050,U2.13,2.01332e+07,0.17544
v2,+3V3_SW,MPU6050,U2.13,2.03452e+07,0.177971
v2,+3V3_SW,MPU6050,U2.13,2.05595e+07,0.180519
v2,+3V3_SW,MPU6050,U2.13,2.0776e+07,0.183084
v2,+3V3_SW,MPU6050,U2.13,2.09948e+07,0.185666
v2,+3V3_SW,MPU6050,U2.13,2.12159e+07,0.188266
v2,+3V3_SW,MPU6050,U2.13,2.14393e+07,0.190884
v2,+3V3_SW,MPU6050,U2.13,2.16651e+07,0.19352
v2,+3V3_SW,MPU6050,U2.13,2.18932e+07,0.196175
v2,+3V3_SW,MPU6050,U2.13,2.21238e+07,0.19885
v2,+3V3_SW,MPU6050,U2.13,2.23567e+07,0.201544
v2,+3V3_SW,MPU6050,U2.13,2.25922e+07,0.204259
v2,+3V3_SW,MPU6050,U2.13,2.28301e+07,0.206994
v2,+3V3_SW,MPU6050,U2.13,2.30705e+07,0.209749
v2,+3V3_SW,MPU6050,U2.13,2.33135e+07,0.212527
v2,+3V3_SW,MPU6050,U2.13,2.3559e+07,0.215325
v2,+3V3_SW,MPU6050,U2.13,2.38071e+07,0.218146
v2,+3V3_SW,MPU6050,U2.13,2.40578e+07,0.22099
v2,+3V3_SW,MPU6050,U2.13,2.43111e+07,0.223856
v2,+3V3_SW,MPU6050,U2.13,2.45672e+07,0.226746
v2,+3V3_SW,MPU6050,U2.13,2.48259e+07,0.229659
v2,+3V3_SW,MPU6050,U2.13,2.50873e+07,0.232597
v2,+3V3_SW,MPU6050,U2.13,2.53515e+07,0.235559
v2,+3V3_SW,MPU6050,U2.13,2.56185e+07,0.238545
v2,+3V3_SW,MPU6050,U2.13,2.58883e+07,0.241558
v2,+3V3_SW,MPU6050,U2.13,2.61609e+07,0.244596
v2,+3V3_SW,MPU6050,U2.13,2.64364e+07,0.24766
v2,+3V3_SW,MPU6050,U2.13,2.67148e+07,0.25075
v2,+3V3_SW,MPU6050,U2.13,2.69961e+07,0.253868
v2,+3V3_SW,MPU6050,U2.13,2.72804e+07,0.257013
v2,+3V3_SW,MPU6050,U2.13,2.75677e+07,0.260185
v2,+3V3_SW,MPU6050,U2.13,2.7858e+07,0.263386
v2,+3V3_SW,MPU6050,U2.13,2.81514e+07,0.266616
v2,+3V3_SW,MPU6050,U2.13,2.84478e+07,0.269875
v2,+3V3_SW,MPU6050,U2.13,2.87474e+07,0.273163
v2,+3V3_SW,MPU6050,U2.13,2.90501e+07,0.276481
v2,+3V3_SW,MPU6050,U2.13,2.93561e+07,0.279829
v2,+3V3_SW,MPU6050,U2.13,2.96652e+07,0.283208
v2,+3V3_SW,MPU6050,U2.13,2.99776e+07,0.286619
v2,+3V3_SW,MPU6050,U2.13,3.02933e+07,0.290061
v2,+3V3_SW,MPU6050,U2.13,3.06123e+07,0.293535
v2,+3V3_SW,MPU6050,U2.13,3.09347e+07,0.297041
v2,+3V3_SW,MPU6050,U2.13,3.12605e+07,0.300581
v2,+3V3_SW,MPU6050,U2.13,3.15897e+07,0.304154
v2,+3V3_SW,MPU6050,U2.13,3.19223e+07,0.307761
v2,+3V3_SW,MPU6050,U2.13,3.22585e+07,0.311403
v2,+3V3_SW,MPU6050,U2.13,3.25982e+07,0.315079
v2,+3V3_SW,MPU6050,U2.13,3.29415e+07,0.318791
v2,+3V3_SW,MPU6050,U2.13,3.32884e+07,0.322539
v2,+3V3_SW,MPU6050,U2.13,3.3639e+07,0.326322
v2,+3V3_SW,MPU6050,U2.13,3.39932e+07,0.330143
v2,+3V3_SW,MPU6050,U2.13,3.43512e+07,0.334001
v2,+3V3_SW,MPU6050,U2.13,3.47129e+07,0.337897
v2,+3V3_SW,MPU6050,U2.13,3.50785e+07,0.341831
v2,+3V3_SW,MPU6050,U2.13,3.54479e+07,0.345803
v2,+3V3_SW,MPU6050,U2.13,3.58212e+07,0.349816
v2,+3V3_SW,MPU6050,U2.13,3.61984e+07,0.353867
v2,+3V3_SW,MPU6050,U2.13,3.65796e+07,0.35796
v2,+3V3_SW,MPU6050,U2.13,3.69648e+07,0.362093
v2,+3V3_SW,MPU6050,U2.13,3.73541e+07,0.366268
v2,+3V3_SW,MPU6050,U2.13,3.77475e+07,0.370484
v2,+3V3_SW,MPU6050,U2.13,3.8145e+07,0.374743
v2,+3V3_SW,MPU6050,U2.13,3.85467e+07,0.379046
v2,+3V3_SW,MPU6050,U2.13,3.89526e+07,0.383391
v2,+3V3_SW,MPU6050,U2.13,3.93628e+07,0.387781
v2,+3V3_SW,MPU6050,U2.13,3.97774e+07,0.392216
v2,+3V3_SW,MPU6050,U2.13,4.01963e+07,0.396697
v2,+3V3_SW,MPU6050,U2.13,4.06196e+07,0.401223
v2,+3V3_SW,MPU6050,U2.13,4.10473e+07,0.405796
v2,+3V3_SW,MPU6050,U2.13,4.14796e+07,0.410416
v2,+3V3_SW,MPU6050,U2.13,4.19164e+07,0.415083
v2,+3V3_SW,MPU6050,U2.13,4.23578e+07,0.4198
v2,+3V3_SW,MPU6050,U2.13,4.28039e+07,0.424565
v2,+3V3_SW,MPU6050,U2.13,4.32546e+07,0.42938
v2,+3V3_SW,MPU6050,U2.13,4.37102e+07,0.434245
v2,+3V3_SW,MPU6050,U2.13,4.41705e+07,0.439161
v2,+3V3_SW,MPU6050,U2.13,4.46356e+07,0.444129
v2,+3V3_SW,MPU6050,U2.13,4.51057e+07,0.449149
v2,+3V3_SW,MPU6050,U2.13,4.55807e+07,0.454223
v2,+3V3_SW,MPU6050,U2.13,4.60607e+07,0.45935
v2,+3V3_SW,MPU6050,U2.13,4.65457e+07,0.464531
v2,+3V3_SW,MPU6050,U2.13,4.70359e+07,0.469768
v2,+3V3_SW,MPU6050,U2.13,4.75312e+07,0.47506
v2,+3V3_SW,MPU6050,U2.13,4.80318e+07,0.480409
v2,+3V3_SW,MPU6050,U2.13,4.85376e+07,0.485816
v2,+3V3_SW,MPU6050,U2.13,4.90487e+07,0.49128
v2,+3V3_SW,MPU6050,U2.13,4.95653e+07,0.496804
v2,+3V3_SW,MPU6050,U2.13,5.00872e+07,0.502387
v2,+3V3_SW,MPU6050,U2.13,5.06147e+07,0.50803
v2,+3V3_SW,MPU6050,U2.13,5.11477e+07,0.513735
v2,+3V3_SW,MPU6050,U2.13,5.16863e+07,0.519502
v2,+3V3_SW,MPU6050,U2.13,5.22306e+07,0.525331
v2,+3V3_SW,MPU6050,U2.13,5.27807e+07,0.531225
v2,+3V3_SW,MPU6050,U2.13,5.33365e+07,0.537183
v2,+3V3_SW,MPU6050,U2.13,5.38982e+07,0.543207
v2,+3V3_SW,MPU6050,U2.13,5.44658e+07,0.549297
v2,+3V3_SW,MPU6050,U2.13,5.50394e+07,0.555454
v2,+3V3_SW,MPU6050,U2.13,5.5619e+07,0.561679
v2,+3V3_SW,MPU6050,U2.13,5.62047e+07,0.567974
v2,+3V3_SW,MPU6050,U2.13,5.67966e+07,0.574338
v2,+3V3_SW,MPU6050,U2.13,5.73947e+07,0.580774
v2,+3V3_SW,MPU6050,U2.13,5.79991e+07,0.587281
v2,+3V3_SW,MPU6050,U2.13,5.86099e+07,0.593862
v2,+3V3_SW,MPU6050,U2.13,5.92271e+07,0.600516
v2,+3V3_SW,MPU6050,U2.13,5.98508e+07,0.607246
v2,+3V3_SW,MPU6050,U2.13,6.04811e+07,0.614052
v2,+3V3_SW,MPU6050,U2.13,6.1118e+07,0.620935
v2,+3V3_SW,MPU6050,U2.13,6.17616e+07,0.627896
v2,+3V3_SW,MPU6050,U2.13,6.2412e+07,0.634936
v2,+3V3_SW,MPU6050,U2.13,6.30693e+07,0.642057
v2,+3V3_SW,MPU6050,U2.13,6.37335e+07,0.649259
v2,+3V3_SW,MPU6050,U2.13,6.44046e+07,0.656544
v2,+3V3_SW,MPU6050,U2.13,6.50829e+07,0.663913
v2,+3V3_SW,MPU6050,U2.13,6.57683e+07,0.671368
v2,+3V3_SW,MPU6050,U2.13,6.64609e+07,0.678908
v2,+3V3_SW,MPU6050,U2.13,6.71608e+07,0.686537
v2,+3V3_SW,MPU6050,U2.13,6.7868e+07,0.694254
v2,+3V3_SW,MPU6050,U2.13,6.85827e+07,0.702062
v2,+3V3_SW,MPU6050,U2.13,6.9305e+07,0.709961
v2,+3V3_SW,MPU6050,U2.13,7.00348e+07,0.717953
v2,+3V3_SW,MPU6050,U2.13,7.07723e+07,0.726039
v2,+3V3_SW,MPU6050,U2.13,7.15176e+07,0.734221
v2,+3V3_SW,MPU6050,U2.13,7.22708e+07,0.7425
v2,+3V3_SW,MPU6050,U2.13,7.30318e+07,0.750878
v2,+3V3_SW,MPU6050,U2.13,7.38009e+07,0.759356
v2,+3V3_SW,MPU6050,U2.13,7.45781e+07,0.767936
v2,+3V3_SW,MPU6050,U2.13,7.53635e+07,0.776619
v2,+3V3_SW,MPU6050,U2.13,7.61571e+07,0.785406
v2,+3V3_SW,MPU6050,U2.13,7.69591e+07,0.794301
v2,+3V3_SW,MPU6050,U2.13,7.77696e+07,0.803303
v2,+3V3_SW,MPU6050,U2.13,7.85886e+07,0.812415
v2,+3V3_SW,MPU6050,U2.13,7.94162e+07,0.821639
v2,+3V3_SW,MPU6050,U2.13,8.02525e+07,0.830976
v2,+3V3_SW,MPU6050,U2.13,8.10976e+07,0.840428
v2,+3V3_SW,MPU6050,U2.13,8.19517e+07,0.849997
v2,+3V3_SW,MPU6050,U2.13,8.28147e+07,0.859685
v2,+3V3_SW,MPU6050,U2.13,8.36868e+07,0.869494
v2,+3V3_SW,MPU6050,U2.13,8.45681e+07,0.879425
v2,+3V3_SW,MPU6050,U2.13,8.54587e+07,0.889482
v2,+3V3_SW,MPU6050,U2.13,8.63586e+07,0.899665
v2,+3V3_SW,MPU6050,U2.13,8.72681e+07,0.909977
v2,+3V3_SW,MPU6050,U2.13,8.81871e+07,0.920421
v2,+3V3_SW,MPU6050,U2.13,8.91158e+07,0.930998
v2,+3V3_SW,MPU6050,U2.13,9.00542e+07,0.941711
v2,+3V3_SW,MPU6050,U2.13,9.10026e+07,0.952562
v2,+3V3_SW,MPU6050,U2.13,9.19609e+07,0.963553
v2,+3V3_SW,MPU6050,U2.13,9.29293e+07,0.974688
v2,+3V3_SW,MPU6050,U2.13,9.3908e+07,0.985967
v2,+3V3_SW,MPU6050,U2.13,9.48969e+07,0.997395
v2,+3V3_SW,MPU6050,U2.13,9.58963e+07,1.00897
v2,+3V3_SW,MPU6050,U2.13,9.69061e+07,1.0207
v2,+3V3_SW,MPU6050,U2.13,9.79266e+07,1.03259
v2,+3V3_SW,MPU6050,U2.13,9.89579e+07,1.04464
v2,+3V3_SW,MPU6050,U2.13,1e+08,1.05685
